CustomerID,frequency,recency,T,monetary_value,prob_alive,predicted_purchases_90d,predicted_clv_12m,Segment
12346,7.0,400.0,726.0,84.02000000000001,0.6189504120583468,0.5386654016247333,173.313735495823,Champions
12347,7.0,402.0,405.0,717.3985714285715,0.9892160917500017,1.4463746800175743,3928.9015968445283,Champions
12348,4.0,363.0,439.0,359.31,0.9633318410524051,0.7998739044171209,1112.1410204659055,At-Risk (High Value)
12349,2.0,571.0,590.0,1305.085,0.9650631486765896,0.35279951646548635,1869.3942576202471,Loyal Customers
12350,0.0,0.0,311.0,0.0,1.0,0.15925972497637525,,Lost / Dormant
12351,0.0,0.0,376.0,0.0,1.0,0.13591795113721514,,Lost / Dormant
12352,8.0,356.0,393.0,198.22375,0.9813852152924907,1.664370446928718,1246.8788454628743,At-Risk (High Value)
12353,1.0,204.0,409.0,89.0,0.8652386697148441,0.2729755279133257,112.88688925148945,Lost / Dormant
12354,0.0,0.0,233.0,0.0,1.0,0.20061428037243276,,Lost / Dormant
12355,1.0,353.0,568.0,459.4,0.8922699268564127,0.21104960885944932,437.6274833797062,At-Risk (High Value)
12356,5.0,402.0,425.0,939.2040000000001,0.9815113144651736,1.017691782686852,3657.9632184383095,Champions
12357,1.0,355.0,389.0,6207.67,0.9357467848574357,0.3081618356506538,8534.1675450574,At-Risk (High Value)
12358,4.0,730.0,732.0,504.31000000000006,0.9823993990174266,0.5166148561998821,1012.4958491880461,Champions
12359,9.0,677.0,735.0,908.3611111111111,0.9834201688921399,1.066950223303606,3669.7133450426986,Champions
12360,5.0,603.0,656.0,698.978,0.9783644863284933,0.6903379388146472,1855.2646536371442,At-Risk (High Value)
12361,3.0,395.0,683.0,119.01666666666667,0.8783996625009663,0.38670346233377706,183.0215295440362,Lost / Dormant
12362,9.0,292.0,296.0,478.1255555555556,0.9910194745818889,2.3757180934012987,4262.116042961622,Champions
12363,1.0,133.0,243.0,252.9,0.8876858225146782,0.4299554072797569,488.9342576525688,Lost / Dormant
12364,3.0,105.0,113.0,209.7266666666667,0.9732853300296813,1.7864893884419597,1451.7132252983351,Loyal Customers
12365,0.0,0.0,292.0,0.0,1.0,0.16767824458553326,,Lost / Dormant
12366,0.0,0.0,634.0,0.0,1.0,0.08593832788480282,,Lost / Dormant
12367,0.0,0.0,5.0,0.0,1.0,0.8395138470884979,,Loyal Customers
12368,0.0,0.0,629.0,0.0,1.0,0.08655506738791939,,Lost / Dormant
12369,2.0,228.0,642.0,601.415,0.7386450605802003,0.25022954936618386,612.5210931222658,At-Risk (High Value)
12370,5.0,617.0,669.0,711.47,0.9787073450362571,0.6783838915199835,1856.0154759826323,At-Risk (High Value)
12371,2.0,586.0,646.0,1429.85,0.9593622787233944,0.323178892450904,1877.5678195845676,At-Risk (High Value)
12372,2.0,225.0,297.0,416.40999999999997,0.9428405310421775,0.6220347720749185,1046.6079796881918,At-Risk (High Value)
12373,2.0,362.0,674.0,284.875,0.8732045078925706,0.2830436800235006,329.4505226960805,At-Risk (High Value)
12374,2.0,563.0,589.0,640.34,0.9640451466571823,0.35296441706217246,918.9788408809235,Loyal Customers
12375,1.0,88.0,99.0,187.20000000000002,0.9365554783278125,0.8475377696417992,708.5259709005087,Loyal Customers
12376,1.0,28.0,418.0,30.599999999999998,0.5099790614526648,0.15790996539097552,24.16732310301079,Lost / Dormant
12377,3.0,274.0,590.0,685.12,0.7927904485951414,0.39840625786113615,1074.7788879414827,At-Risk (High Value)
12378,1.0,433.0,563.0,4008.62,0.9183894816385931,0.2189507810090525,3933.236648662927,At-Risk (High Value)
12379,3.0,453.0,535.0,382.58,0.9617603768399041,0.5274666300569764,794.9425594777913,At-Risk (High Value)
12380,6.0,641.0,663.0,950.3333333333334,0.9854371510641876,0.8101406300805214,2941.777810957835,Champions
12381,2.0,115.0,120.0,223.035,0.96523487891046,1.2401889931393042,1108.7157941047933,Loyal Customers
12383,4.0,168.0,353.0,268.21,0.7847770816778881,0.7850440638924493,813.4602313941426,At-Risk (High Value)
12384,1.0,93.0,122.0,212.58,0.925907569173267,0.7357632343768401,698.7177705756616,Loyal Customers
12385,0.0,0.0,380.0,0.0,1.0,0.13470313472888507,,Lost / Dormant
12386,1.0,29.0,367.0,143.0,0.56091707343653,0.19408137865397826,126.85016659790266,Lost / Dormant
12387,0.0,0.0,416.0,0.0,1.0,0.12467465232005752,,Lost / Dormant
12388,7.0,567.0,583.0,491.3557142857143,0.987580320173665,1.048546980778602,1958.847479061315,Champions
12389,2.0,253.0,656.0,634.24,0.7695874268528722,0.25566521857364155,660.0139682823909,At-Risk (High Value)
12390,0.0,0.0,80.0,0.0,1.0,0.40937514551575477,,Lost / Dormant
12391,4.0,641.0,663.0,515.2574999999999,0.9799695652375108,0.564037106045219,1128.4010334470554,Champions
12392,0.0,0.0,592.0,0.0,1.0,0.09140957103614991,,Lost / Dormant
12393,5.0,356.0,429.0,419.13,0.9656485699789019,0.9931696308819159,1594.7910713893114,At-Risk (High Value)
12394,1.0,154.0,218.0,729.4,0.9151819951587675,0.48215431366013,1564.1888308798,Loyal Customers
12395,13.0,583.0,603.0,270.4484615384615,0.9914643253774846,1.820267457418904,1850.8078621832572,Champions
12396,0.0,0.0,675.0,0.0,1.0,0.08119435170939887,,Lost / Dormant
12397,1.0,100.0,136.0,1105.09,0.9225189577939494,0.6824530871173916,3327.328566139212,Loyal Customers
12398,0.0,0.0,46.0,0.0,1.0,0.5329400204051814,,Loyal Customers
12399,6.0,525.0,645.0,275.22,0.9601670059162544,0.8093192960812878,852.2264009492947,At-Risk (High Value)
12400,0.0,0.0,415.0,0.0,1.0,0.12493300714980636,,Lost / Dormant
12401,0.0,0.0,304.0,0.0,1.0,0.16226101018450273,,Lost / Dormant
12402,5.0,347.0,671.0,192.04000000000002,0.7207292676284883,0.49821461724871274,368.9665162225391,At-Risk (High Value)
12403,1.0,472.0,522.0,391.70000000000005,0.934616878346763,0.23832110128070624,421.55543757216964,Loyal Customers
12405,0.0,0.0,149.0,0.0,1.0,0.2785578579114382,,Lost / Dormant
12406,4.0,675.0,698.0,1377.29,0.9799769380027047,0.5382403741491663,2876.381282131238,Champions
12407,4.0,215.0,265.0,323.955,0.9631538404912813,1.2189311673599215,1519.3192884570115,At-Risk (High Value)
12408,6.0,466.0,499.0,621.1116666666667,0.9823045411239313,1.0415388404781076,2465.9129466227982,Champions
12409,6.0,487.0,566.0,2769.4683333333337,0.9714083733965124,0.9209720118048812,9727.230868973433,Champions
12410,1.0,194.0,503.0,533.33,0.8165397106374236,0.21514876350686307,516.6761927476566,At-Risk (High Value)
12411,0.0,0.0,410.0,0.0,1.0,0.12624101826876008,,Lost / Dormant
12412,5.0,465.0,540.0,354.01,0.9704928700126139,0.8156310030703783,1109.254329339074,At-Risk (High Value)
12413,3.0,336.0,403.0,228.70000000000002,0.9607123373566859,0.6748428037243243,607.4234459412163,At-Risk (High Value)
12414,3.0,246.0,464.0,147.47,0.8593603318640066,0.5343120369635189,311.5181690221177,At-Risk (High Value)
12415,18.0,503.0,528.0,6598.852777777778,0.9908571279261493,2.7978007157285703,68996.49771990719,Champions
12416,0.0,0.0,657.0,0.0,1.0,0.08321096061995487,,Lost / Dormant
12417,19.0,730.0,734.0,302.0426315789474,0.9957046397577944,2.200284032225863,2491.3504743936955,Champions
12418,3.0,518.0,631.0,559.0866666666667,0.9574648848267467,0.452904711575375,998.0853750750542,At-Risk (High Value)
12419,1.0,28.0,414.0,152.1,0.5134581652701709,0.1603086894112457,111.43806306973973,Lost / Dormant
12420,0.0,0.0,64.0,0.0,1.0,0.45948311220653343,,Loyal Customers
12421,5.0,490.0,506.0,164.95999999999998,0.9834343883454664,0.8755455865358108,555.8133914427034,Loyal Customers
12422,11.0,626.0,722.0,324.03181818181815,0.9703140620468924,1.2914166809703,1579.5708053434614,At-Risk (High Value)
12423,9.0,465.0,466.0,226.51000000000002,0.9917847380082023,1.6190732674307045,1384.5231925331643,Champions
12424,2.0,386.0,549.0,1446.385,0.9290169477311514,0.3622188822672811,2125.268316188739,At-Risk (High Value)
12425,1.0,370.0,449.0,777.2,0.9261812100431371,0.26956241139046,940.1179625856979,At-Risk (High Value)
12426,1.0,468.0,663.0,510.73,0.9078064477295409,0.18679494745154737,430.93390337207563,At-Risk (High Value)
12427,2.0,350.0,372.0,225.15,0.9629981196991445,0.5268026224092546,482.38787248100283,Loyal Customers
12428,6.0,258.0,284.0,331.20666666666665,0.9801866638613688,1.6760319318695576,2104.2478586089665,Champions
12429,5.0,537.0,547.0,1114.51,0.9845049450497642,0.8179750933523983,3497.708314046773,Champions
12430,0.0,0.0,44.0,0.0,1.0,0.5425848245350299,,Loyal Customers
12431,23.0,658.0,694.0,397.14000000000004,0.9898647294422828,2.7705739795784297,4115.338756216553,Champions
12432,1.0,130.0,173.0,1042.66,0.9223133901897416,0.5770411598966982,2663.584522300071,At-Risk (High Value)
12433,8.0,476.0,477.0,2553.6075,0.9908181106010773,1.4208739667166868,13712.202659082379,Champions
12434,2.0,297.0,382.0,403.07,0.9444088482255351,0.5051294661539525,825.3393269153073,At-Risk (High Value)
12435,5.0,658.0,738.0,2462.8360000000002,0.9746480617324867,0.6176728288316469,5850.532414324219,At-Risk (High Value)
12436,0.0,0.0,100.0,0.0,1.0,0.3602974026073814,,Lost / Dormant
12437,33.0,736.0,738.0,326.00363636363636,0.9975452742250134,3.7546216206376632,4569.749196201102,Champions
12438,1.0,126.0,141.0,1696.78,0.9359469056564165,0.6757259526095485,5055.042274249047,Loyal Customers
12439,1.0,43.0,726.0,76.52000000000001,0.36986084309023126,0.07006139579969836,25.225312444466827,Lost / Dormant
12440,1.0,255.0,718.0,250.69,0.7876244404916913,0.1507165198709537,172.06962055777453,Lost / Dormant
12441,0.0,0.0,367.0,0.0,1.0,0.13873310730427635,,Lost / Dormant
12442,0.0,0.0,4.0,0.0,1.0,0.8514989375406841,,Loyal Customers
12443,0.0,0.0,733.0,0.0,1.0,0.07531324641733567,,Lost / Dormant
12444,4.0,150.0,172.0,553.815,0.9727856189521549,1.7106296887916215,3620.486353953394,Champions
12445,1.0,398.0,421.0,77.4,0.9386417465648266,0.2888553151270987,104.54119031512226,Loyal Customers
12446,0.0,0.0,58.0,0.0,1.0,0.48160151503726156,,Loyal Customers
12447,0.0,0.0,244.0,0.0,1.0,0.1935261061789998,,Lost / Dormant
12448,0.0,0.0,45.0,0.0,1.0,0.5377189860623989,,Loyal Customers
12449,4.0,416.0,439.0,899.0725,0.9784405578031998,0.8124189774056646,2822.113007559021,Champions
12450,4.0,318.0,475.0,134.945,0.918728920296164,0.7121747171695946,373.79263866893973,At-Risk (High Value)
12451,6.0,519.0,530.0,1746.4350000000002,0.9865457185214128,0.9917211054453914,6601.811929762194,Champions
12452,0.0,0.0,17.0,0.0,1.0,0.7183343615935712,,Loyal Customers
12453,0.0,0.0,135.0,0.0,1.0,0.2978575486594275,,Lost / Dormant
12454,3.0,365.0,422.0,2729.106666666667,0.9646799585068464,0.651303464937614,6964.915544705444,At-Risk (High Value)
12455,8.0,648.0,722.0,505.175,0.978955014264768,0.9679480015739645,1856.5912432480893,At-Risk (High Value)
12456,2.0,210.0,255.0,900.435,0.9521701538094273,0.710133941247982,2572.5270369499876,At-Risk (High Value)
12457,6.0,369.0,436.0,340.53833333333336,0.9695158708722162,1.1567327668083756,1500.601036705883,At-Risk (High Value)
12458,3.0,416.0,488.0,385.6266666666667,0.9627541012895174,0.5727168283797613,869.1577226453634,At-Risk (High Value)
12459,0.0,0.0,606.0,0.0,1.0,0.08951000683859436,,Lost / Dormant
12460,0.0,0.0,457.0,0.0,1.0,0.11493053557613965,,Lost / Dormant
12461,0.0,0.0,155.0,0.0,1.0,0.2710327286277401,,Lost / Dormant
12462,1.0,285.0,304.0,343.48,0.9382136703928945,0.3797291807125094,585.9768639948427,Loyal Customers
12463,3.0,188.0,242.0,295.40333333333336,0.9548824104647553,1.020284183048352,1177.3832715625113,At-Risk (High Value)
12464,6.0,299.0,310.0,131.35833333333332,0.9855200427350899,1.5688894828066462,784.2523433572466,Loyal Customers
12465,1.0,152.0,170.0,271.25,0.9355400580850496,0.5927289156382091,718.7559644112844,Loyal Customers
12467,0.0,0.0,424.0,0.0,1.0,0.12264567161102308,,Lost / Dormant
12468,4.0,495.0,683.0,708.3775,0.9358027206931483,0.5242557766788806,1441.5967382166104,At-Risk (High Value)
12469,1.0,14.0,537.0,1113.7,0.3531799024752658,0.08782318567998856,439.14504209680035,At-Risk (High Value)
12470,0.0,0.0,690.0,0.0,1.0,0.07958704723939594,,Lost / Dormant
12471,44.0,730.0,733.0,727.7809090909091,0.9979921627853764,5.014676909334423,13603.733617495378,Champions
12472,18.0,693.0,726.0,849.8977777777777,0.9909381839234437,2.0993879732063334,6688.8666976847,Champions
12473,2.0,138.0,192.0,998.02,0.9407138400356946,0.8723209147172047,3488.7786366767564,At-Risk (High Value)
12474,27.0,649.0,667.0,415.6203703703704,0.994526235677367,3.3737505114455586,5236.466417636353,Champions
12475,1.0,356.0,410.0,669.38,0.9312965832785642,0.29320059242042434,880.4361544713915,Loyal Customers
12476,15.0,486.0,502.0,749.7113333333333,0.9923267675032243,2.4591499849781115,6901.8311453993065,Champions
12477,8.0,601.0,624.0,2271.2125,0.9879009817092854,1.1153140919744449,9598.6025365582,Champions
12478,0.0,0.0,4.0,0.0,1.0,0.8514989375406841,,Loyal Customers
12479,0.0,0.0,12.0,0.0,1.0,0.7642721777299901,,Loyal Customers
12480,6.0,479.0,508.0,735.4516666666667,0.9832499940023721,1.0262237668429346,2877.0108644926936,Champions
12481,11.0,585.0,608.0,747.4354545454546,0.9900582943729126,1.5402296844045467,4336.390585525879,Champions
12482,4.0,77.0,654.0,3858.63,0.027303611771167538,0.015911157432693064,237.97866019225305,Champions
12483,17.0,660.0,678.0,227.69882352941178,0.9933139076081788,2.1200198395951846,1810.9057186477316,Champions
12484,8.0,646.0,682.0,625.98125,0.9861891992117907,1.0271709822602364,2439.6980602345875,Champions
12485,0.0,0.0,530.0,0.0,1.0,0.10089193838373219,,Lost / Dormant
12486,0.0,0.0,432.0,0.0,1.0,0.12068170169840425,,Lost / Dormant
12487,0.0,0.0,731.0,0.0,1.0,0.07550182244882571,,Lost / Dormant
12488,2.0,66.0,76.0,345.635,0.9608053937788524,1.6156118947107918,2219.5004902709275,Loyal Customers
12489,0.0,0.0,337.0,0.0,1.0,0.14902222663193718,,Lost / Dormant
12490,19.0,733.0,739.0,433.3,0.9954912746772594,2.1861663608555073,3550.5813038067113,Champions
12491,0.0,0.0,39.0,0.0,1.0,0.5683042828276013,,Loyal Customers
12492,2.0,340.0,404.0,113.60500000000002,0.9527797545681812,0.4858087198548105,226.4741412258226,Loyal Customers
12493,1.0,32.0,198.0,183.24,0.7558154580836712,0.42824889442662484,353.80697287098315,Lost / Dormant
12494,8.0,561.0,577.0,164.0,0.9887726786192276,1.197763107462928,745.7312499146975,Champions
12495,0.0,0.0,641.0,0.0,1.0,0.08508951571141754,,Lost / Dormant
12496,0.0,0.0,621.0,0.0,1.0,0.08756048142603508,,Lost / Dormant
12497,2.0,563.0,645.0,2439.69,0.955600464627855,0.3223636218453762,3193.7750824747823,At-Risk (High Value)
12498,1.0,36.0,58.0,138.45,0.9224549739980432,1.1096491890646576,686.5820109808351,Loyal Customers
12499,0.0,0.0,561.0,0.0,1.0,0.09591689979656949,,Lost / Dormant
12500,16.0,650.0,674.0,308.06624999999997,0.9920300034253043,2.0082307588212887,2321.7631533272925,Champions
12501,0.0,0.0,337.0,0.0,1.0,0.14902222663193718,,At-Risk (High Value)
12502,4.0,214.0,310.0,622.655,0.9338654058132568,1.0407517485379951,2494.789241380588,At-Risk (High Value)
12503,0.0,0.0,585.0,0.0,1.0,0.09238991981261929,,Lost / Dormant
12504,3.0,578.0,597.0,190.88333333333333,0.9748721344872889,0.48474548334311135,366.0766079417563,Loyal Customers
12505,0.0,0.0,409.0,0.0,1.0,0.12650591562856064,,Lost / Dormant
12506,0.0,0.0,233.0,0.0,1.0,0.20061428037243276,,Lost / Dormant
12507,3.0,450.0,585.0,350.93666666666667,0.9482988619714741,0.48020864178457623,664.6465943170186,At-Risk (High Value)
12508,1.0,3.0,30.0,123.08,0.9039553061824546,1.4036053720468455,770.2503745718882,Loyal Customers
12509,0.0,0.0,285.0,0.0,1.0,0.17100879625304957,,Lost / Dormant
12510,6.0,593.0,736.0,452.52500000000003,0.9571286753427228,0.715343000174617,1238.8978592486194,At-Risk (High Value)
12511,0.0,0.0,429.0,0.0,1.0,0.12141077157673207,,At-Risk (High Value)
12512,0.0,0.0,67.0,0.0,1.0,0.4491712276175015,,Lost / Dormant
12513,0.0,0.0,113.0,0.0,1.0,0.3342637044341831,,Lost / Dormant
12514,1.0,374.0,642.0,1017.68,0.8819731738997578,0.18685171638739378,855.5967694531848,At-Risk (High Value)
12515,0.0,0.0,354.0,0.0,1.0,0.14301179642953,,Lost / Dormant
12516,3.0,522.0,600.0,593.0533333333334,0.9646553587931302,0.47750838711370336,1115.5600419920029,At-Risk (High Value)
12517,3.0,162.0,191.0,518.63,0.9651741833504827,1.2352838594944697,2490.5086137851663,Loyal Customers
12518,4.0,110.0,111.0,388.015,0.9821374294043427,2.320280042715806,3423.804091010231,Loyal Customers
12519,1.0,413.0,477.0,286.84,0.9307661685706639,0.2569609198803413,333.6535891751288,Loyal Customers
12520,4.0,194.0,274.0,362.21,0.9411234966938067,1.1596027590824638,1616.2441320403102,At-Risk (High Value)
12521,0.0,0.0,143.0,0.0,1.0,0.2865135813090967,,Lost / Dormant
12522,1.0,12.0,52.0,85.32,0.8910161498213891,1.1261542020669117,435.88596250534306,Loyal Customers
12523,22.0,713.0,733.0,179.79954545454547,0.9940200252669645,2.534756053358198,1706.848733759658,Champions
12524,15.0,660.0,670.0,612.2246666666667,0.993920955626476,1.9016160298057916,4370.528088085847,Champions
12525,2.0,149.0,648.0,203.64999999999998,0.5432249415301509,0.18248365147868084,152.1759585615492,At-Risk (High Value)
12526,2.0,94.0,95.0,344.18,0.9670905348002807,1.4348352778709392,1968.0091775310739,Loyal Customers
12527,4.0,448.0,530.0,103.92750000000001,0.9657689780933416,0.6796766100736966,275.6102826877706,At-Risk (High Value)
12528,5.0,303.0,313.0,241.19,0.9835800929555633,1.3204665378453693,1217.2924097175587,Loyal Customers
12529,0.0,0.0,529.0,0.0,1.0,0.10106103324270435,,Lost / Dormant
12530,8.0,583.0,643.0,382.5325,0.9807009885255419,1.0775584543493826,1563.929032372424,At-Risk (High Value)
12531,1.0,672.0,687.0,125.22,0.9413195860244048,0.1875287734699036,108.45423477008589,Loyal Customers
12532,0.0,0.0,31.0,0.0,1.0,0.6149735233383807,,Loyal Customers
12533,1.0,111.0,739.0,401.97,0.5653145202730678,0.10535917634293315,191.86934279449034,Lost / Dormant
12534,0.0,0.0,131.0,0.0,1.0,0.3038738883847922,,Lost / Dormant
12535,1.0,95.0,187.0,344.9,0.8855030691829149,0.523464116345147,805.8399421666021,Loyal Customers
12536,0.0,0.0,60.0,0.0,1.0,0.4739949674675321,,At-Risk (High Value)
12537,0.0,0.0,409.0,0.0,1.0,0.12650591562856064,,Lost / Dormant
12538,1.0,349.0,379.0,363.95,0.9365357593230761,0.3153335121014155,516.7240974166826,Loyal Customers
12539,5.0,694.0,717.0,1207.538,0.9833029074530216,0.639846756552664,2971.7081035377587,Champions
12540,30.0,713.0,733.0,630.7296666666666,0.9946065142588423,3.43131062635214,8082.484864930238,Champions
12541,2.0,251.0,281.0,278.39,0.9590795138497956,0.6618406823426733,745.5906706395979,Loyal Customers
12542,1.0,156.0,641.0,117.09,0.7032443448291984,0.1491971794762027,80.79024097733367,Lost / Dormant
12543,0.0,0.0,449.0,0.0,1.0,0.1167103214445388,,Lost / Dormant
12544,0.0,0.0,37.0,0.0,1.0,0.5792914380517176,,Loyal Customers
12545,1.0,184.0,260.0,288.24,0.9138916731040329,0.4196400608054932,543.4165577099959,Loyal Customers
12546,1.0,31.0,78.0,345.3,0.8943929698800259,0.9269438625623108,1412.650933885301,Loyal Customers
12547,2.0,303.0,501.0,75.9,0.9042016948061222,0.3823258668566691,120.31311322835772,Lost / Dormant
12548,0.0,0.0,167.0,0.0,1.0,0.2571414310492955,,Lost / Dormant
12549,3.0,122.0,698.0,337.42,0.19572991689843458,0.08447829048882492,112.62295841564138,At-Risk (High Value)
12550,0.0,0.0,80.0,0.0,1.0,0.40937514551575477,,Loyal Customers
12551,0.0,0.0,358.0,0.0,1.0,0.14166741508365432,,Lost / Dormant
12552,0.0,0.0,40.0,0.0,1.0,0.5629662472850953,,Loyal Customers
12553,11.0,415.0,424.0,329.15999999999997,0.9917580387783752,2.1211033255766103,2621.8492801933075,Champions
12554,0.0,0.0,449.0,0.0,1.0,0.1167103214445388,,Lost / Dormant
12556,1.0,101.0,152.0,290.81,0.913613750194781,0.626443457755783,812.4515068448192,Loyal Customers
12557,7.0,706.0,723.0,1252.5571428571427,0.9878782407236257,0.8630035047287287,4115.1718555032385,Champions
12558,0.0,0.0,8.0,0.0,1.0,0.805514329869177,,Loyal Customers
12559,1.0,9.0,320.0,75.60000000000001,0.5081131347084938,0.19715262466066963,69.53425783062623,Lost / Dormant
12560,1.0,138.0,144.0,625.7,0.9404727906885074,0.669330555524,1853.8333027986682,Loyal Customers
12561,0.0,0.0,303.0,0.0,1.0,0.16269903120501986,,Lost / Dormant
12562,8.0,427.0,436.0,504.615,0.9894372030478645,1.5345578124630315,2925.804435700893,Champions
12563,0.0,0.0,409.0,0.0,1.0,0.12650591562856064,,Lost / Dormant
12564,0.0,0.0,262.0,0.0,1.0,0.1829495377236273,,Lost / Dormant
12565,0.0,0.0,289.0,0.0,1.0,0.16908959221530812,,Lost / Dormant
12566,0.0,0.0,87.0,0.0,1.0,0.39074207219712753,,Lost / Dormant
12567,13.0,644.0,667.0,921.66,0.9912860512045297,1.6612547862710418,5757.343380215221,Champions
12568,0.0,0.0,645.0,0.0,1.0,0.08461196788583425,,Lost / Dormant
12569,25.0,250.0,253.0,117.2004,0.9962111011891379,7.193296515402522,3120.120421342313,Champions
12571,1.0,82.0,122.0,271.26,0.917130586407033,0.728788692378096,879.872901377499,Loyal Customers
12572,1.0,43.0,52.0,433.68,0.9354604771653787,1.182327332044976,2248.5225577473448,Loyal Customers
12573,4.0,238.0,466.0,141.34750000000003,0.8030988453277081,0.6330522760853892,347.85044976282205,At-Risk (High Value)
12574,0.0,0.0,316.0,0.0,1.0,0.15718308554652216,,Lost / Dormant
12575,1.0,69.0,527.0,263.02,0.5783346282807443,0.1462308251008273,174.49898900437302,Lost / Dormant
12576,7.0,491.0,527.0,252.56714285714287,0.9834695105959377,1.142619550166237,1097.253212866969,At-Risk (High Value)
12577,4.0,701.0,737.0,359.8125,0.9785217789948891,0.5113762707276275,715.6322491319088,At-Risk (High Value)
12578,3.0,422.0,444.0,1042.1966666666667,0.9734767089185951,0.6289501574845116,2571.8213900838546,Loyal Customers
12579,0.0,0.0,79.0,0.0,1.0,0.41218353577027816,,Lost / Dormant
12580,1.0,330.0,577.0,379.7,0.8803459895613744,0.20532076671667138,352.5334953752429,At-Risk (High Value)
12581,0.0,0.0,40.0,0.0,1.0,0.5629662472850953,,Loyal Customers
12582,3.0,339.0,578.0,327.7633333333334,0.8865233680047581,0.45379711012646,586.6921415868316,At-Risk (High Value)
12583,26.0,731.0,734.0,482.6923076923077,0.9968414881661111,2.9867524494403246,5389.431718591854,Champions
12584,8.0,277.0,281.0,234.315,0.9900104566761089,2.21957701070567,1957.1019836849957,Champions
12585,1.0,117.0,352.0,669.25,0.8050163751645414,0.28850845682876686,864.5739506095016,At-Risk (High Value)
12586,3.0,706.0,724.0,546.7733333333333,0.9754113322269399,0.40715929509539933,878.6536208845556,Loyal Customers
12587,0.0,0.0,8.0,0.0,1.0,0.805514329869177,,Loyal Customers
12588,2.0,558.0,598.0,234.94,0.9619816628136209,0.34744380076583764,333.59696449886803,Loyal Customers
12589,4.0,661.0,690.0,658.3525,0.9791758916910492,0.5434827901743269,1389.1929878871783,At-Risk (High Value)
12590,0.0,0.0,212.0,0.0,1.0,0.2156983255512196,,At-Risk (High Value)
12591,2.0,91.0,409.0,271.0,0.602547963960707,0.3040041266850984,334.97274576659726,At-Risk (High Value)
12592,2.0,427.0,520.0,200.8,0.9495049494175168,0.38849050294244125,318.77402118912147,At-Risk (High Value)
12593,2.0,110.0,219.0,91.05,0.8906592425409385,0.7478964255229421,278.3944122661768,Lost / Dormant
12594,13.0,609.0,647.0,366.9976923076923,0.9881106201401707,1.702316929784681,2349.6544624166645,Champions
12595,0.0,0.0,505.0,0.0,1.0,0.10529653903049795,,Lost / Dormant
12596,1.0,191.0,243.0,236.32,0.9240509163031585,0.447569036239494,476.0772943735967,Loyal Customers
12597,3.0,249.0,269.0,921.0233333333332,0.9717481684589048,0.9548412126782849,3430.3943122434453,Loyal Customers
12598,9.0,639.0,649.0,401.85555555555555,0.9907620802645588,1.2040161815454717,1831.0887245180852,Champions
12599,12.0,548.0,578.0,130.27,0.9888621612988303,1.747889649046971,857.7884008924002,Champions
12600,19.0,704.0,733.0,220.76052631578952,0.9919622046859591,2.194754049926546,1816.741426982481,Champions
12601,5.0,215.0,405.0,97.412,0.7855954263991352,0.8490702332362953,318.51369003548103,At-Risk (High Value)
12602,0.0,0.0,59.0,0.0,1.0,0.47776785231206115,,Lost / Dormant
12603,0.0,0.0,22.0,0.0,1.0,0.6776348089748967,,Loyal Customers
12604,1.0,182.0,262.0,75.68,0.9119986979273479,0.41622568960005646,146.56588874042816,Lost / Dormant
12605,2.0,82.0,459.0,451.98,0.49693438093606235,0.22689234322342,416.3767231495847,At-Risk (High Value)
12607,0.0,0.0,61.0,0.0,1.0,0.47028142245978793,,Loyal Customers
12608,0.0,0.0,405.0,0.0,1.0,0.12757672149601484,,Lost / Dormant
12609,8.0,641.0,720.0,340.9075,0.9776042255446166,0.9690686209529679,1254.8576234286888,At-Risk (High Value)
12610,3.0,104.0,127.0,304.2633333333333,0.9642215508139872,1.6418486423037941,1934.9143457630726,Loyal Customers
12611,0.0,0.0,53.0,0.0,1.0,0.5017352264068761,,Loyal Customers
12612,0.0,0.0,75.0,0.0,1.0,0.4238145858150126,,Loyal Customers
12613,7.0,668.0,726.0,724.3228571428572,0.9817124586263793,0.8543730248880311,2356.7111191829536,Champions
12614,0.0,0.0,278.0,0.0,1.0,0.17447444893954844,,Lost / Dormant
12615,6.0,629.0,632.0,701.25,0.9877609916666702,0.8480607009386587,2271.8740515887907,Champions
12616,2.0,293.0,389.0,320.65,0.9405408564623904,0.4953398531288784,644.7420188085764,At-Risk (High Value)
12617,0.0,0.0,30.0,0.0,1.0,0.621354670464213,,Loyal Customers
12618,0.0,0.0,22.0,0.0,1.0,0.6776348089748967,,Loyal Customers
12619,8.0,544.0,561.0,368.195,0.988549142788335,1.2280007303112377,1713.3623493729679,Champions
12620,2.0,190.0,205.0,370.875,0.9624596996322188,0.8498056791200538,1268.0547620484356,Loyal Customers
12621,31.0,667.0,669.0,713.3035483870967,0.9973821494027668,3.8620493449697593,10277.90105026693,Champions
12622,0.0,0.0,233.0,0.0,1.0,0.20061428037243276,,Lost / Dormant
12623,6.0,420.0,697.0,319.3533333333333,0.8021956673917403,0.6301496396666907,770.2584988899357,At-Risk (High Value)
12624,1.0,71.0,178.0,305.19,0.8621173307322106,0.5283674848535406,720.2495849517708,Lost / Dormant
12625,3.0,385.0,597.0,1266.3966666666665,0.9125770399096604,0.45376986647739903,2261.119379376185,At-Risk (High Value)
12626,8.0,303.0,327.0,625.31,0.9844472872471134,1.9493147105937547,4589.679635218793,Champions
12627,5.0,130.0,141.0,677.302,0.9807761700516919,2.406910086218179,6155.6236230076765,Champions
12628,2.0,60.0,65.0,208.41,0.964142374834701,1.7569455407347403,1458.0013955348481,Loyal Customers
12629,1.0,38.0,424.0,613.86,0.5478364753088266,0.16756031026467436,461.8367869608558,At-Risk (High Value)
12630,1.0,34.0,44.0,449.09000000000003,0.9337822646346629,1.2657822564639483,2488.246124764569,Loyal Customers
12631,4.0,636.0,694.0,645.8475,0.9749608133710045,0.5382994196505494,1349.9145268420668,At-Risk (High Value)
12632,1.0,44.0,565.0,374.56,0.46592789670415585,0.11072929485532913,187.53119752291363,Lost / Dormant
12633,6.0,467.0,526.0,519.9616666666667,0.9762610972574071,0.9880019765504032,1959.6493827760373,At-Risk (High Value)
12634,0.0,0.0,549.0,0.0,1.0,0.09778336747732715,,Lost / Dormant
12635,3.0,367.0,457.0,655.0266666666666,0.9555997816141112,0.6020852569684537,1548.932162304048,At-Risk (High Value)
12637,10.0,476.0,544.0,744.447,0.9746298505717892,1.5314968097498953,4297.0121049724,Champions
12638,1.0,606.0,640.0,511.69,0.9385540775918184,0.1994009302592743,460.71584389117504,Loyal Customers
12639,2.0,389.0,628.0,429.395,0.9059922811759036,0.31310191228527484,547.7623033771231,At-Risk (High Value)
12640,2.0,58.0,82.0,159.995,0.9486889642093903,1.5307595244833048,980.3044673486763,Loyal Customers
12641,0.0,0.0,116.0,0.0,1.0,0.32878259835739704,,Lost / Dormant
12642,2.0,82.0,108.0,287.40500000000003,0.9506989342141505,1.305464501942818,1499.135449324456,Loyal Customers
12643,9.0,483.0,612.0,493.52666666666676,0.9406724548873746,1.2054342530103668,2249.8117831589016,At-Risk (High Value)
12644,3.0,565.0,695.0,409.52000000000004,0.9558786388478979,0.41418721824165267,669.7115212476913,At-Risk (High Value)
12645,7.0,635.0,669.0,411.09285714285716,0.9852797923997455,0.9238784222042825,1446.1506136279677,Champions
12646,1.0,45.0,50.0,615.28,0.9389943818919585,1.2071935331874593,3247.8348134027806,Loyal Customers
12647,31.0,673.0,696.0,435.511935483871,0.9936683412059697,3.7115097878353702,6033.330684262052,Champions
12648,3.0,547.0,702.0,278.0833333333333,0.9495683824626312,0.4077085522105516,448.327070011098,At-Risk (High Value)
12649,6.0,589.0,697.0,304.39166666666665,0.967655652947097,0.7601236030215037,885.6852889463669,At-Risk (High Value)
12650,0.0,0.0,4.0,0.0,1.0,0.8514989375406841,,Loyal Customers
12651,3.0,131.0,466.0,92.91666666666667,0.523321210167353,0.32415712864166724,119.66356748495143,Lost / Dormant
12652,1.0,103.0,435.0,793.98,0.7269822306963013,0.2174837542674313,774.5048986613491,Lost / Dormant
12653,2.0,378.0,527.0,1082.365,0.932225727852174,0.3769272958895497,1654.9797411814418,At-Risk (High Value)
12654,3.0,285.0,296.0,127.12666666666667,0.9747030252578592,0.8864922484428658,443.7977215539961,Loyal Customers
12655,0.0,0.0,424.0,0.0,1.0,0.12264567161102308,,Lost / Dormant
12656,7.0,545.0,563.0,700.6899999999999,0.9871896559476494,1.0814044310216342,2879.0254589392084,Champions
12657,2.0,67.0,79.0,440.37,0.9594191988099715,1.5800028795259888,2763.5583072558857,Loyal Customers
12658,0.0,0.0,19.0,0.0,1.0,0.7014781217202624,,Loyal Customers
12659,0.0,0.0,30.0,0.0,1.0,0.621354670464213,,Loyal Customers
12660,0.0,0.0,12.0,0.0,1.0,0.7642721777299901,,Loyal Customers
12661,0.0,0.0,437.0,0.0,1.0,0.11948585868187359,,Lost / Dormant
12662,18.0,617.0,618.0,329.6477777777778,0.9957814203979483,2.4422648504889213,3015.0201847404405,Champions
12663,1.0,44.0,669.0,67.65,0.40320235115985403,0.08228901299650915,26.331461963502722,Lost / Dormant
12664,10.0,718.0,727.0,495.096,0.9917750674932495,1.1992615923996053,2244.2779788357557,Champions
12665,2.0,345.0,670.0,54.4,0.8623940016865733,0.2810561685954804,64.1729976197426,Lost / Dormant
12666,0.0,0.0,395.0,0.0,1.0,0.13033479965911096,,Lost / Dormant
12667,0.0,0.0,59.0,0.0,1.0,0.47776785231206115,,Loyal Customers
12668,8.0,666.0,678.0,1055.7425,0.9896046049225062,1.0362619791141088,4149.6045410438355,Champions
12669,1.0,106.0,257.0,399.43,0.8514898312182763,0.3946059083962922,705.5138122312877,At-Risk (High Value)
12670,6.0,656.0,667.0,538.115,0.9868548656252261,0.8068853807818733,1659.9665163241407,Champions
12671,0.0,0.0,607.0,0.0,1.0,0.08937734097616304,,At-Risk (High Value)
12672,1.0,266.0,596.0,225.9,0.8389844254217593,0.1900695713678888,195.497669675294,Lost / Dormant
12673,2.0,396.0,402.0,287.26,0.9665208819738343,0.49491617685279826,577.715683807336,Loyal Customers
12674,3.0,169.0,208.0,431.2866666666667,0.9607195082341976,1.1535129867420386,1937.0735412361762,At-Risk (High Value)
12675,1.0,25.0,579.0,12.75,0.37822440624277776,0.08793932346179188,6.477304318719976,Lost / Dormant
12676,8.0,459.0,484.0,234.8825,0.9865117196013972,1.3967250766340715,1242.2237923122073,Champions
12677,1.0,111.0,667.0,186.4,0.603411721042852,0.12348484644647623,105.27743975814337,Lost / Dormant
12678,14.0,659.0,702.0,1996.06,0.9878263453875992,1.6957122688670618,12718.699303105435,Champions
12679,3.0,225.0,284.0,76.32000000000001,0.9561924654775744,0.8993944588784096,271.89652818902863,At-Risk (High Value)
12680,3.0,113.0,114.0,171.67666666666665,0.9769034502232471,1.7831989769971126,1187.8115619902615,Loyal Customers
12681,41.0,712.0,727.0,657.4570731707317,0.9959661458567678,4.703668411008053,11529.822247783522,Champions
12682,46.0,735.0,739.0,461.7445652173913,0.997950854280182,5.199986225737283,8949.511732456982,Champions
12683,16.0,722.0,727.0,698.655,0.9948807365080268,1.8795684975041669,4929.240448165843,Champions
12684,5.0,206.0,214.0,324.106,0.9833660571133647,1.7855899945883638,2199.6850219697717,Loyal Customers
12685,5.0,65.0,94.0,415.968,0.9566381715909282,3.0351536096287917,4746.608251740656,At-Risk (High Value)
12686,0.0,0.0,372.0,0.0,1.0,0.13715489062787023,,Lost / Dormant
12687,0.0,0.0,481.0,0.0,1.0,0.10990273628676535,,Lost / Dormant
12688,0.0,0.0,114.0,0.0,1.0,0.33241642956997586,,At-Risk (High Value)
12689,1.0,102.0,128.0,664.58,0.9286140368513708,0.7151787829249662,2099.896923425428,Loyal Customers
12690,0.0,0.0,206.0,0.0,1.0,0.22043435228763567,,Lost / Dormant
12691,5.0,392.0,421.0,185.56,0.9800714399087196,1.024528507712847,729.8125365781591,Loyal Customers
12692,0.0,0.0,638.0,0.0,1.0,0.08545122999185162,,Lost / Dormant
12693,6.0,395.0,523.0,154.27833333333334,0.9414930373990975,0.9576603762039995,565.1415753326322,At-Risk (High Value)
12694,2.0,351.0,422.0,380.83500000000004,0.9514554530813417,0.4672801939615504,722.4064575909756,At-Risk (High Value)
12695,6.0,658.0,666.0,146.24333333333334,0.9872086512376522,0.8082757114273708,453.2846202092861,Loyal Customers
12696,1.0,74.0,509.0,454.76,0.6057170122163495,0.15793783023946817,323.8356179753808,Lost / Dormant
12697,2.0,141.0,170.0,223.545,0.9545136464444384,0.9673483820138966,870.7155041728158,Loyal Customers
12698,0.0,0.0,591.0,0.0,1.0,0.09154834481612645,,Lost / Dormant
12699,0.0,0.0,418.0,0.0,1.0,0.12416113650495203,,Lost / Dormant
12700,3.0,208.0,216.0,1180.52,0.9748870925485955,1.137412650606353,5221.283009631671,Champions
12701,5.0,554.0,634.0,347.418,0.9722067867830143,0.7075189715198588,945.8004703974135,At-Risk (High Value)
12702,0.0,0.0,20.0,0.0,1.0,0.6933449636292132,,Loyal Customers
12703,3.0,613.0,685.0,131.66666666666666,0.9675279266554092,0.42480842797060225,222.21276299848736,At-Risk (High Value)
12704,6.0,162.0,170.0,241.88,0.9850415694557864,2.495408429141014,2274.6234298003646,Champions
12705,11.0,518.0,534.0,869.93,0.9909056240752622,1.7313578126513947,5665.963587745913,Champions
12707,0.0,0.0,292.0,0.0,1.0,0.16767824458553326,,Lost / Dormant
12708,17.0,692.0,722.0,267.6841176470588,0.9913991674197505,1.99793630650792,2007.1077036157385,Champions
12709,28.0,715.0,731.0,1006.47,0.9952524256005992,3.217673015340615,12098.312129073893,Champions
12710,2.0,105.0,202.0,188.03000000000003,0.8989024261669,0.8025439872634378,609.9456757082871,At-Risk (High Value)
12711,1.0,65.0,677.0,735.75,0.471773962779727,0.09524893615154252,315.91928904438856,Lost / Dormant
12712,20.0,702.0,731.0,305.19300000000004,0.9920542492498046,2.3123336200901683,2644.1360407848424,Champions
12713,0.0,0.0,1.0,0.0,1.0,0.8896168826309232,,Loyal Customers
12714,11.0,726.0,736.0,1114.46,0.9923147191751749,1.2976734584992418,5455.892216288413,Champions
12715,0.0,0.0,107.0,0.0,1.0,0.34579447006692915,,Lost / Dormant
12716,1.0,130.0,134.0,339.59000000000003,0.9412966894631545,0.7032807751365301,1061.3905728797172,Loyal Customers
12717,2.0,439.0,591.0,415.49,0.9365591693199616,0.34185912050263795,578.4451744433053,At-Risk (High Value)
12718,0.0,0.0,72.0,0.0,1.0,0.43297944281078143,,Lost / Dormant
12719,1.0,60.0,66.0,325.35,0.9387646894509354,1.0610503656184638,1521.7663963330494,Loyal Customers
12720,24.0,504.0,507.0,270.09083333333336,0.9964797988968304,3.8540241262632673,3881.3865858929616,Champions
12721,7.0,440.0,472.0,422.2185714285714,0.9836293968264054,1.2594183918973096,2017.8102449215155,Champions
12722,3.0,65.0,151.0,225.57000000000002,0.8685703340593421,1.3158791584033538,1153.8733417881308,At-Risk (High Value)
12723,2.0,62.0,66.0,203.82999999999998,0.9648999775367043,1.7450425179386972,1416.8077854054732,Loyal Customers
12724,6.0,530.0,536.0,261.02,0.9872899916547262,0.9825944992244011,979.6904327847805,Champions
12725,2.0,213.0,585.0,634.8050000000001,0.7545216103643299,0.2779460924187789,717.3752098132417,At-Risk (High Value)
12726,10.0,596.0,625.0,334.524,0.988518751636668,1.371503515743254,1732.5110144458276,Champions
12727,8.0,644.0,655.0,529.52625,0.9896834709551852,1.0693557411737495,2148.0503034886974,Champions
12728,4.0,312.0,384.0,182.08249999999998,0.9614020065820646,0.8956198211168063,631.6701293998256,At-Risk (High Value)
12729,0.0,0.0,114.0,0.0,1.0,0.33241642956997586,,Lost / Dormant
12730,0.0,0.0,522.0,0.0,1.0,0.10226076144903028,,Lost / Dormant
12731,15.0,624.0,648.0,1556.2259999999999,0.9916272136018829,1.9556032069559721,11418.774410856511,Champions
12732,0.0,0.0,180.0,0.0,1.0,0.24361699442634763,,Lost / Dormant
12733,3.0,455.0,690.0,431.26666666666665,0.9163837614874348,0.3996958954459196,680.4523283983974,At-Risk (High Value)
12734,2.0,40.0,393.0,236.65,0.3637526529947432,0.18990641449565518,182.82360294243054,Lost / Dormant
12735,1.0,22.0,338.0,405.8,0.5573218166508213,0.2066390215212613,376.6215719794777,Lost / Dormant
12736,0.0,0.0,333.0,0.0,1.0,0.15051064767541,,Lost / Dormant
12737,0.0,0.0,499.0,0.0,1.0,0.10641149487595519,,Lost / Dormant
12738,0.0,0.0,373.0,0.0,1.0,0.1368435487257945,,Lost / Dormant
12739,1.0,295.0,395.0,975.54,0.9166952553809392,0.297969072451065,1301.1700274235259,At-Risk (High Value)
12740,0.0,0.0,64.0,0.0,1.0,0.45948311220653343,,Loyal Customers
12741,0.0,0.0,534.0,0.0,1.0,0.1002211816620622,,Lost / Dormant
12742,0.0,0.0,626.0,0.0,1.0,0.08692937950979793,,Lost / Dormant
12743,0.0,0.0,135.0,0.0,1.0,0.2978575486594275,,Lost / Dormant
12744,5.0,535.0,592.0,2301.938,0.97656113164946,0.7559759487944693,6679.55013965394,Champions
12745,1.0,88.0,575.0,266.93,0.6008008938148063,0.14055948597400297,170.34692775249982,Lost / Dormant
12746,0.0,0.0,541.0,0.0,1.0,0.0990685778051008,,Lost / Dormant
12747,25.0,730.0,733.0,352.7828,0.9967287081456965,2.878026437095541,3796.994404798303,Champions
12748,195.0,735.0,736.0,263.56,0.9995081529276684,21.917616471932,21467.040660821775,Champions
12749,6.0,518.0,522.0,1010.7433333333333,0.98755522949269,1.006218925956429,3877.0334642882185,Champions
12750,0.0,0.0,129.0,0.0,1.0,0.306974317877798,,Lost / Dormant
12751,0.0,0.0,445.0,0.0,1.0,0.11762105538033417,,Lost / Dormant
12752,0.0,0.0,82.0,0.0,1.0,0.4038719700405125,,At-Risk (High Value)
12753,5.0,340.0,363.0,3506.1520000000005,0.9807558706720672,1.163543916507048,15575.769436642746,Champions
12754,2.0,73.0,309.0,1420.665,0.6727276033727603,0.42966471177296656,2459.954246057739,At-Risk (High Value)
12755,9.0,413.0,694.0,227.71888888888893,0.5821035951258677,0.6655693001308058,574.3748562962579,At-Risk (High Value)
12756,0.0,0.0,87.0,0.0,1.0,0.39074207219712753,,Lost / Dormant
12757,7.0,196.0,212.0,513.7671428571429,0.9838525014762391,2.434265878101871,4699.764515882407,Champions
12758,6.0,622.0,739.0,1231.1066666666668,0.9667200964213275,0.7198225899676629,3388.762280002797,At-Risk (High Value)
12759,7.0,683.0,736.0,594.9257142857142,0.9827442138100627,0.8446211867174049,1914.1257952051628,Champions
12760,0.0,0.0,456.0,0.0,1.0,0.11515003339736607,,Lost / Dormant
12761,0.0,0.0,465.0,0.0,1.0,0.11320423716999325,,Lost / Dormant
12762,1.0,18.0,26.0,1296.93,0.9341989397202933,1.513525409003585,8513.046267302176,Loyal Customers
12763,1.0,231.0,370.0,174.0,0.8969435033254467,0.30821942848436484,244.04485394194285,At-Risk (High Value)
12764,0.0,0.0,317.0,0.0,1.0,0.15677424391865277,,Lost / Dormant
12765,5.0,169.0,642.0,233.516,0.11468199909255068,0.08251770977249948,74.22883810377306,At-Risk (High Value)
12766,8.0,404.0,408.0,1040.74,0.9902773333764576,1.6264072352747725,6387.827039635687,Champions
12767,0.0,0.0,376.0,0.0,1.0,0.13591795113721514,,Lost / Dormant
12768,0.0,0.0,451.0,0.0,1.0,0.11626022505480266,,Lost / Dormant
12769,0.0,0.0,239.0,0.0,1.0,0.1966848335972686,,Lost / Dormant
12770,1.0,246.0,457.0,1338.73,0.8744975934298654,0.25063629779333163,1502.9752435649887,At-Risk (High Value)
12771,0.0,0.0,486.0,0.0,1.0,0.10891016680401412,,Lost / Dormant
12772,0.0,0.0,60.0,0.0,1.0,0.4739949674675321,,Loyal Customers
12773,0.0,0.0,565.0,0.0,1.0,0.0953104823885446,,Lost / Dormant
12774,0.0,0.0,536.0,0.0,1.0,0.09988913778575943,,Lost / Dormant
12775,6.0,392.0,410.0,232.33333333333334,0.9846518427492112,1.238830522925257,1096.631872398192,Loyal Customers
12776,0.0,0.0,668.0,0.0,1.0,0.08196686073892907,,Lost / Dormant
12777,0.0,0.0,458.0,0.0,1.0,0.11471187330483677,,Lost / Dormant
12778,8.0,583.0,603.0,149.135,0.9882642886907118,1.1506927614929001,651.9424352003753,Champions
12779,13.0,699.0,737.0,488.49615384615385,0.9890850543530788,1.5132558838323344,2782.7777316385914,Champions
12780,0.0,0.0,599.0,0.0,1.0,0.09044981411027239,,Lost / Dormant
12781,1.0,221.0,285.0,237.48,0.9220347324618848,0.39331731664103525,421.2796817780705,Loyal Customers
12782,10.0,515.0,520.0,363.014,0.9920190080146726,1.6225569674424285,2220.099727421779,Champions
12783,3.0,73.0,76.0,337.6166666666667,0.9755361708277407,2.2556760815933194,2930.3628066803503,Loyal Customers
12784,1.0,514.0,530.0,518.42,0.940657979704365,0.23664906211441675,552.8441595462799,Loyal Customers
12785,2.0,367.0,732.0,296.75,0.8530467091111328,0.25644434384901793,311.08496616391653,At-Risk (High Value)
12786,0.0,0.0,610.0,0.0,1.0,0.08898169308046101,,Lost / Dormant
12787,3.0,404.0,414.0,139.5533333333333,0.975583472559624,0.6696186074303021,369.1541027638632,Loyal Customers
12788,3.0,65.0,529.0,79.60000000000001,0.1373644456231205,0.07609423549217485,24.149494640420812,Lost / Dormant
12789,2.0,628.0,694.0,75.55,0.959069369077245,0.30270883325199033,95.13646643351726,Loyal Customers
12790,1.0,218.0,411.0,294.92,0.8740834990115088,0.27461275436194577,365.8606847848706,Lost / Dormant
12791,4.0,251.0,625.0,175.6875,0.5931588296685721,0.3601459902183619,246.38519713793366,At-Risk (High Value)
12792,1.0,278.0,535.0,344.53999999999996,0.8667364525720447,0.2162419386106431,336.96786390661384,Lost / Dormant
12793,2.0,67.0,402.0,282.64,0.5015275785331436,0.25681194931552914,294.9861230661095,At-Risk (High Value)
12794,1.0,45.0,99.0,543.41,0.8943351331616356,0.8093303831028422,1939.082563369567,Loyal Customers
12795,0.0,0.0,19.0,0.0,1.0,0.7014781217202624,,Loyal Customers
12796,0.0,0.0,629.0,0.0,1.0,0.08655506738791939,,Lost / Dormant
12797,1.0,59.0,425.0,452.06,0.6228667082390418,0.19012191494700975,386.73880049226716,Lost / Dormant
12798,3.0,411.0,422.0,632.64,0.9754298375558216,0.658561243448007,1634.9850673085562,Champions
12799,0.0,0.0,530.0,0.0,1.0,0.10089193838373219,,Lost / Dormant
12800,1.0,206.0,677.0,152.92,0.7543433488916831,0.1522983613838645,106.98976661916062,Lost / Dormant
12801,0.0,0.0,501.0,0.0,1.0,0.10603722770211033,,Lost / Dormant
12802,4.0,377.0,564.0,368.0425,0.9154684966202546,0.6095663535195733,870.3540875701023,At-Risk (High Value)
12803,0.0,0.0,394.0,0.0,1.0,0.1306171839397936,,Lost / Dormant
12804,1.0,35.0,501.0,147.09,0.4743183881847333,0.12541722684729967,84.56384968785015,Lost / Dormant
12805,3.0,293.0,675.0,331.48333333333335,0.7491479658776578,0.33335708530016117,436.4952095997455,At-Risk (High Value)
12806,1.0,16.0,589.0,1489.46,0.3315147246078085,0.07590470615333102,507.6743555408369,At-Risk (High Value)
12807,0.0,0.0,384.0,0.0,1.0,0.13350985286646788,,Lost / Dormant
12808,4.0,426.0,463.0,165.1125,0.9757246519800776,0.773479805121082,495.9723442606165,Loyal Customers
12809,2.0,470.0,648.0,435.13,0.9327039071135408,0.3133199558898832,555.5994040760852,At-Risk (High Value)
12810,1.0,142.0,677.0,375.33,0.6614300589966942,0.13353960673641987,227.03299703695077,Lost / Dormant
12811,3.0,166.0,428.0,222.3166666666667,0.7257054679502366,0.48402172254965325,423.8595764932809,At-Risk (High Value)
12812,0.0,0.0,45.0,0.0,1.0,0.5377189860623989,,Loyal Customers
12813,2.0,192.0,694.0,697.8,0.621880242601212,0.19628261388579046,557.6376506259021,At-Risk (High Value)
12814,0.0,0.0,102.0,0.0,1.0,0.3560307310056984,,Lost / Dormant
12815,1.0,51.0,199.0,368.1,0.806226160867739,0.45509422558259116,747.8460705506392,At-Risk (High Value)
12816,1.0,81.0,177.0,213.55,0.8764707903289168,0.5393666735496768,517.0728820375202,Lost / Dormant
12817,2.0,153.0,435.0,207.69,0.763605777146391,0.365313985230364,309.3456829412616,Lost / Dormant
12818,0.0,0.0,262.0,0.0,1.0,0.1829495377236273,,Lost / Dormant
12819,0.0,0.0,459.0,0.0,1.0,0.11449404181981125,,Lost / Dormant
12820,10.0,731.0,735.0,254.122,0.9923159350941133,1.187947221103151,1141.9834231319912,Champions
12821,1.0,397.0,612.0,92.72,0.8974595820370264,0.19852854630058914,85.77380107502708,Lost / Dormant
12822,1.0,17.0,88.0,257.98,0.8526758487783155,0.8265305980787727,945.7982499154124,Loyal Customers
12823,14.0,605.0,680.0,327.07714285714286,0.975511441125684,1.723889060389449,2119.582064861518,Champions
12824,0.0,0.0,60.0,0.0,1.0,0.4739949674675321,,Loyal Customers
12825,1.0,120.0,642.0,303.8,0.6368429953786977,0.13491930398477558,185.99469702748667,Lost / Dormant
12826,11.0,719.0,722.0,227.05,0.993056123599017,1.3216846929437756,1133.2521737581058,Champions
12827,2.0,39.0,45.0,106.2,0.9625269470210176,2.069196422445045,879.2784668821471,Loyal Customers
12828,5.0,128.0,131.0,158.342,0.9845901462129745,2.5385692988070527,1521.7952740023525,Loyal Customers
12829,2.0,214.0,551.0,146.5,0.7818079186613784,0.3038366932936107,182.61781363174686,Lost / Dormant
12830,4.0,134.0,172.0,1012.1200000000001,0.9613265784287947,1.6904791288507366,6533.716377464912,Champions
12831,1.0,201.0,464.0,215.05,0.8398199073903738,0.2375261175182236,232.1374107096703,Lost / Dormant
12832,1.0,66.0,99.0,115.23,0.9191277006144444,0.8317664670390172,433.1905215111208,Loyal Customers
12833,0.0,0.0,146.0,0.0,1.0,0.2824796145745952,,Lost / Dormant
12834,0.0,0.0,283.0,0.0,1.0,0.17198484230318148,,Lost / Dormant
12835,36.0,309.0,737.0,159.95055555555555,3.2127323845857775e-10,1.3186116226488478e-09,7.873037839119677e-07,Champions
12836,13.0,679.0,739.0,473.9807692307692,0.9838467381122546,1.501506585416721,2679.233035777839,Champions
12837,1.0,396.0,570.0,134.1,0.9066032663225128,0.2137669758933869,131.89959457628225,Lost / Dormant
12838,9.0,559.0,593.0,352.27000000000004,0.9865836848842264,1.3006619914333064,1732.8022514605632,Champions
12839,25.0,730.0,733.0,389.0292,0.9967287081456965,2.878026437095541,4186.950256916303,Champions
12840,6.0,531.0,675.0,648.6616666666666,0.951364088014352,0.769481225398646,1908.051783361072,At-Risk (High Value)
12841,38.0,515.0,520.0,189.35736842105263,0.9972649155404083,5.9121281703195825,4164.1813124396085,Champions
12842,3.0,667.0,738.0,506.93,0.9684800647030912,0.39723709603102586,795.047371660753,At-Risk (High Value)
12843,26.0,661.0,727.0,245.28307692307692,0.9715487958185303,2.9366334465629382,2693.270180123253,Champions
12844,3.0,564.0,594.0,175.19000000000003,0.9732493966962231,0.4861344673218561,337.1197139241568,Loyal Customers
12845,3.0,23.0,291.0,96.33333333333333,0.19752892131492295,0.18216207674634818,69.30208324195392,Lost / Dormant
12847,1.0,365.0,388.0,871.54,0.9382902486187303,0.3096782366764275,1208.4197288994117,Loyal Customers
12848,0.0,0.0,676.0,0.0,1.0,0.08108518060507319,,Lost / Dormant
12849,5.0,560.0,592.0,520.126,0.9813221536481668,0.7596615533163535,1518.2795521319676,At-Risk (High Value)
12850,0.0,0.0,446.0,0.0,1.0,0.11739204141407238,,Lost / Dormant
12851,1.0,381.0,478.0,135.18,0.9226850810763916,0.25426279484121245,157.81562032475736,Lost / Dormant
12852,0.0,0.0,295.0,0.0,1.0,0.16629027995263762,,Lost / Dormant
12853,6.0,538.0,673.0,582.4166666666666,0.9556235856291833,0.7750151273375238,1725.6522349321049,At-Risk (High Value)
12854,6.0,650.0,729.0,411.44666666666666,0.9763274205763556,0.7361078708363145,1159.1971304861677,At-Risk (High Value)
12855,2.0,30.0,403.0,133.81,0.2916445484729287,0.149021687220817,81.6263406421551,At-Risk (High Value)
12856,5.0,56.0,64.0,357.238,0.979741267531906,3.8239056314684348,5115.371742245593,Loyal Customers
12857,5.0,473.0,684.0,696.392,0.9141590455919602,0.6209886082442967,1663.345931102337,At-Risk (High Value)
12858,0.0,0.0,384.0,0.0,1.0,0.13350985286646788,,Lost / Dormant
12859,0.0,0.0,459.0,0.0,1.0,0.11449404181981125,,Lost / Dormant
12860,0.0,0.0,694.0,0.0,1.0,0.07916912580897491,,Lost / Dormant
12861,0.0,0.0,620.0,0.0,1.0,0.08768780330181689,,Lost / Dormant
12862,1.0,70.0,496.0,497.64,0.6031217888515403,0.16089038869072936,360.6419745787651,Lost / Dormant
12863,5.0,537.0,590.0,404.552,0.9773761556853111,0.7589098121162565,1180.183564407225,At-Risk (High Value)
12864,1.0,370.0,509.0,147.12,0.9125079366395198,0.23793210473286713,160.4879506877486,Lost / Dormant
12865,3.0,450.0,477.0,760.1066666666667,0.9728125359396391,0.5903998463451023,1762.8877428446833,Loyal Customers
12866,2.0,219.0,503.0,389.76,0.8235991360934054,0.34702296064419125,550.0686683044571,At-Risk (High Value)
12867,12.0,697.0,724.0,634.8041666666667,0.9905372591693683,1.427691143744409,3414.731741018418,Champions
12868,7.0,207.0,393.0,278.0014285714286,0.6359209211598301,0.9540660899554584,1005.1101597758527,At-Risk (High Value)
12869,0.0,0.0,682.0,0.0,1.0,0.08043627100629441,,Lost / Dormant
12870,2.0,249.0,625.0,733.825,0.7840799061150661,0.2721445280026365,812.1731961138298,At-Risk (High Value)
12871,2.0,355.0,440.0,190.32,0.9480432959258245,0.4490784398983416,348.7981887592943,At-Risk (High Value)
12872,11.0,410.0,737.0,298.02454545454543,0.24653376332208857,0.32199707335115535,362.3291364090074,At-Risk (High Value)
12873,2.0,399.0,682.0,767.45,0.8931462796625175,0.28641654490256824,894.5691999474575,At-Risk (High Value)
12874,1.0,169.0,555.0,414.15999999999997,0.7642478729671576,0.18454444170696618,345.20053180396246,Lost / Dormant
12875,4.0,554.0,698.0,262.9275,0.9550119884025355,0.5245286802384949,536.639375489793,At-Risk (High Value)
12876,3.0,533.0,591.0,985.4166666666666,0.9684769049453656,0.4859556562937396,1884.570427952664,At-Risk (High Value)
12877,19.0,687.0,691.0,139.7726315789474,0.9956804186311435,2.3250439237313247,1218.5523359026636,Champions
12878,1.0,30.0,267.0,539.81,0.6690584843846812,0.3007805320285333,725.3951010849838,Lost / Dormant
12879,2.0,47.0,92.0,216.35999999999996,0.9232482253603443,1.3957121575059026,1206.73850989125,Loyal Customers
12880,1.0,193.0,575.0,302.95,0.7836145866398513,0.18332939353745326,251.75257256323704,Lost / Dormant
12881,0.0,0.0,276.0,0.0,1.0,0.17549060783934137,,Lost / Dormant
12882,1.0,24.0,34.0,991.1999999999999,0.9326887337181109,1.3904056275707721,5993.1559789603925,Loyal Customers
12883,1.0,65.0,90.0,411.84000000000003,0.9250215602176294,0.8852054206227664,1608.9602171401905,Loyal Customers
12884,0.0,0.0,89.0,0.0,1.0,0.38572674258734957,,Lost / Dormant
12885,1.0,60.0,124.0,529.87,0.8921529619448998,0.7015066847976665,1643.8674203119363,At-Risk (High Value)
12886,1.0,152.0,220.0,603.4,0.9130451216759227,0.47767638601730733,1283.4739799501901,Loyal Customers
12887,0.0,0.0,384.0,0.0,1.0,0.13350985286646788,,Lost / Dormant
12888,1.0,41.0,256.0,81.36,0.7202305494479252,0.3348095770017727,126.294349672191,Lost / Dormant
12889,3.0,121.0,503.0,95.35000000000001,0.41391160018005224,0.23974662096000357,90.86454624104938,Lost / Dormant
12890,1.0,363.0,388.0,380.47,0.937836586796994,0.3095285077485084,530.1538459576677,Loyal Customers
12891,10.0,474.0,660.0,81.95,0.8513390025647962,1.124312641922302,349.2820255671369,At-Risk (High Value)
12892,0.0,0.0,397.0,0.0,1.0,0.12977368009257645,,Lost / Dormant
12893,0.0,0.0,31.0,0.0,1.0,0.6149735233383807,,Loyal Customers
12894,0.0,0.0,576.0,0.0,1.0,0.09368170736263506,,Lost / Dormant
12895,1.0,44.0,87.0,105.0,0.9045008232828269,0.8824753959676698,419.4053410803313,Loyal Customers
12897,3.0,339.0,544.0,136.70000000000002,0.9051222655402199,0.48909364945920536,264.94353814507576,At-Risk (High Value)
12898,1.0,196.0,660.0,152.64000000000001,0.7498114960337334,0.15492141452551178,108.61135604624036,Lost / Dormant
12899,0.0,0.0,414.0,0.0,1.0,0.12519243544506692,,Lost / Dormant
12900,0.0,0.0,423.0,0.0,1.0,0.12289567364138206,,Lost / Dormant
12901,22.0,262.0,271.0,461.5427272727273,0.993768515399824,5.999222932588851,10256.608250167614,Champions
12902,0.0,0.0,265.0,0.0,1.0,0.18129825343344677,,Lost / Dormant
12903,0.0,0.0,429.0,0.0,1.0,0.12141077157673207,,Lost / Dormant
12904,1.0,154.0,173.0,264.89,0.9351841409304584,0.5850936863103466,693.2497781075795,Loyal Customers
12905,1.0,106.0,683.0,424.76,0.5829898513700379,0.11676177171786777,224.4156780720765,Lost / Dormant
12906,1.0,67.0,79.0,983.22,0.9347642839249323,0.9621275513439875,4147.028042765684,Loyal Customers
12907,1.0,99.0,495.0,180.48000000000002,0.6789858084214279,0.18145019482670188,149.4166450282208,Lost / Dormant
12908,4.0,454.0,631.0,305.28000000000003,0.934663043731333,0.5626184902473393,667.3912920782112,At-Risk (High Value)
12909,6.0,614.0,654.0,469.84666666666664,0.9826587914956191,0.8179395376367316,1469.2139248877634,At-Risk (High Value)
12910,9.0,598.0,622.0,530.9511111111111,0.9886520734393213,1.2485311951626996,2507.179707279712,Champions
12911,0.0,0.0,552.0,0.0,1.0,0.09730997151204959,,Lost / Dormant
12912,4.0,38.0,41.0,336.06,0.9801244084817321,3.825954768947107,4840.588676540224,Loyal Customers
12913,12.0,734.0,739.0,479.455,0.9933968276066091,1.4051675017986116,2539.2257131004385,Champions
12914,0.0,0.0,401.0,0.0,1.0,0.12866581867527388,,Lost / Dormant
12915,3.0,441.0,590.0,322.81666666666666,0.9435426367131429,0.47416475777608974,603.9287810179012,At-Risk (High Value)
12916,6.0,546.0,685.0,712.4483333333333,0.9547817366024041,0.761977499780634,2075.3390318303627,At-Risk (High Value)
12917,4.0,602.0,731.0,701.575,0.9610865679639741,0.5060402828351418,1378.9846828234931,At-Risk (High Value)
12919,5.0,161.0,170.0,225.798,0.9824093671382611,2.1154416654219785,1811.951289267679,Loyal Customers
12920,2.0,708.0,726.0,174.595,0.9656380669662694,0.292487389084436,209.64241802110558,Loyal Customers
12921,49.0,729.0,739.0,727.7559183673469,0.9971615539662083,5.529877963121596,14995.701688819372,Champions
12922,0.0,0.0,162.0,0.0,1.0,0.26275236403792457,,Lost / Dormant
12923,2.0,511.0,576.0,181.20999999999998,0.9573578195169259,0.3576001952029325,265.34000185581965,Loyal Customers
12924,10.0,642.0,731.0,197.758,0.9746003337727992,1.1725869559467472,877.5247757537425,At-Risk (High Value)
12925,2.0,588.0,593.0,347.025,0.9669777557384875,0.35189317496805284,497.7598730587575,Loyal Customers
12926,3.0,314.0,726.0,385.8066666666667,0.7424942633327078,0.30915283708161995,471.2015442228752,At-Risk (High Value)
12927,0.0,0.0,395.0,0.0,1.0,0.13033479965911096,,Lost / Dormant
12928,10.0,514.0,550.0,382.01000000000005,0.9862048112150109,1.5346151782985087,2210.761607964724,Champions
12929,0.0,0.0,312.0,0.0,1.0,0.1588400158639287,,Lost / Dormant
12930,1.0,93.0,172.0,194.24,0.8935419058072768,0.5613805576488281,490.15036156384315,Loyal Customers
12931,42.0,717.0,739.0,1234.3988095238096,0.9942069615187004,4.736458273051643,21797.890837762912,Champions
12932,6.0,128.0,668.0,212.3066666666667,0.010857951797760395,0.008865745495326134,7.208727577494254,At-Risk (High Value)
12933,6.0,705.0,730.0,255.20666666666668,0.9853157153355947,0.7419526716452408,725.3922747897866,Champions
12934,0.0,0.0,737.0,0.0,1.0,0.07493890679114275,,Lost / Dormant
12935,12.0,605.0,608.0,313.76666666666665,0.9935424853161852,1.6781104765662156,1981.7796128515565,Champions
12936,2.0,61.0,79.0,132.72,0.95424658260778,1.5714844461818545,836.4248139806502,Loyal Customers
12937,8.0,721.0,737.0,365.94375,0.9892534041204836,0.9598836072457115,1334.3869450458976,Champions
12938,0.0,0.0,26.0,0.0,1.0,0.6482687534940593,,Loyal Customers
12939,15.0,632.0,697.0,1245.52,0.9803986539860807,1.809456396831108,8461.725245966605,Champions
12940,1.0,33.0,88.0,552.27,0.8867007206969131,0.8595121792701776,2089.658938815586,Loyal Customers
12941,0.0,0.0,725.0,0.0,1.0,0.07607326059205143,,Lost / Dormant
12942,2.0,234.0,366.0,212.575,0.9181689395247782,0.5092377289324185,440.38662053549996,At-Risk (High Value)
12943,1.0,47.0,606.0,180.64999999999998,0.451117431429022,0.1006816434195821,83.16147855779822,Lost / Dormant
12944,1.0,319.0,355.0,317.56,0.9345491962552471,0.3325515571684592,475.79496016513133,Loyal Customers
12945,1.0,368.0,657.0,462.95,0.8757818548230316,0.18169801773929412,380.20886539006113,Lost / Dormant
12946,0.0,0.0,437.0,0.0,1.0,0.11948585868187359,,Lost / Dormant
12947,5.0,230.0,374.0,259.99,0.8790675624911125,1.016886897481133,1012.4117721859818,At-Risk (High Value)
12948,8.0,721.0,738.0,273.61875,0.9891377636476891,0.9585792524833457,996.8101804936783,Champions
12949,15.0,706.0,737.0,915.4666666666667,0.9909254335968853,1.7378984345776793,5976.7146116392905,Champions
12950,2.0,22.0,25.0,765.7,0.9646217389190558,2.5287446685453028,7600.553616112363,Loyal Customers
12951,14.0,690.0,699.0,217.53,0.9937560401954822,1.712572068184673,1401.3236119102403,Champions
12952,2.0,73.0,79.0,328.125,0.9638335432193004,1.5872725661099243,2071.5926188685403,Loyal Customers
12953,1.0,513.0,523.0,329.85,0.9415950612027999,0.23969376381163188,357.6691685667673,Loyal Customers
12954,0.0,0.0,639.0,0.0,1.0,0.08533031727045376,,Lost / Dormant
12955,10.0,266.0,268.0,428.334,0.9922320256790654,2.844172341545005,4556.833636805767,Champions
12956,3.0,418.0,725.0,156.29666666666665,0.8761071362406385,0.36524578862320234,226.5786711945853,At-Risk (High Value)
12957,10.0,719.0,729.0,759.902,0.99166576272193,1.1961167423551953,3434.8010145752214,Champions
12958,1.0,183.0,584.0,372.6,0.7680176570987187,0.1771977194385786,298.64939165148786,Lost / Dormant
12959,0.0,0.0,485.0,0.0,1.0,0.10910724330326803,,Lost / Dormant
12960,3.0,248.0,662.0,302.8,0.6602585073471962,0.2990408686304598,357.7417345521992,At-Risk (High Value)
12961,0.0,0.0,380.0,0.0,1.0,0.13470313472888507,,Lost / Dormant
12962,1.0,106.0,114.0,95.85000000000001,0.9388882877958138,0.7791060540929697,340.24825860234677,Loyal Customers
12963,10.0,511.0,520.0,288.55100000000004,0.9914113190916125,1.6215630248988053,1764.0852413094603,Champions
12964,0.0,0.0,438.0,0.0,1.0,0.11924952958999675,,Lost / Dormant
12965,0.0,0.0,90.0,0.0,1.0,0.3832671840906217,,Lost / Dormant
12966,0.0,0.0,10.0,0.0,1.0,0.7843477337234258,,Loyal Customers
12967,2.0,25.0,384.0,1514.65,0.28440598343110574,0.15144383336335426,926.7929098227116,At-Risk (High Value)
12968,0.0,0.0,113.0,0.0,1.0,0.3342637044341831,,Lost / Dormant
12969,0.0,0.0,603.0,0.0,1.0,0.08991037865297224,,Lost / Dormant
12970,4.0,728.0,736.0,316.0825,0.9817803718634919,0.5137180388599125,631.7528276517879,Champions
12971,98.0,721.0,725.0,162.36061224489796,0.9987373138823975,11.197142590261219,6762.083713684587,Champions
12972,3.0,248.0,662.0,230.56333333333336,0.6602585073471962,0.2990408686304598,272.74392802701715,At-Risk (High Value)
12973,0.0,0.0,414.0,0.0,1.0,0.12519243544506692,,Lost / Dormant
12974,1.0,368.0,566.0,144.8,0.8983008883094311,0.21314708252067613,141.7191082323967,Lost / Dormant
12975,4.0,297.0,734.0,414.615,0.581247727197852,0.304897982617569,491.48509706932276,At-Risk (High Value)
12976,6.0,454.0,666.0,463.1266666666667,0.8938390207312061,0.7318294561917683,1295.9750421664385,At-Risk (High Value)
12977,2.0,355.0,512.0,146.34,0.9273922208325316,0.3846841020022159,230.7845537431253,At-Risk (High Value)
12978,4.0,344.0,730.0,389.31,0.7157022240836514,0.37731095095504286,571.147276120673,At-Risk (High Value)
12979,0.0,0.0,730.0,0.0,1.0,0.07559646510504095,,Lost / Dormant
12980,20.0,580.0,738.0,509.86500000000007,0.7424936317166416,1.7155954486556877,3276.8579472702336,Champions
12981,1.0,104.0,134.0,185.04,0.9265029394421254,0.6922277669846592,574.3740146720343,Loyal Customers
12982,7.0,364.0,607.0,291.8342857142857,0.7536121469175255,0.771645533077967,857.146627377484,At-Risk (High Value)
12983,0.0,0.0,599.0,0.0,1.0,0.09044981411027239,,Lost / Dormant
12984,0.0,0.0,19.0,0.0,1.0,0.7014781217202624,,Loyal Customers
12985,1.0,28.0,29.0,485.0,0.9421760334664333,1.4783235853008831,3126.4891761841636,Loyal Customers
12986,6.0,259.0,688.0,404.3283333333334,0.22802060120775675,0.18125217737964078,280.3583600283819,At-Risk (High Value)
12987,4.0,615.0,689.0,257.47,0.9720931807715328,0.5402651493256844,541.2440324727226,At-Risk (High Value)
12988,0.0,0.0,293.0,0.0,1.0,0.16721302047304,,Lost / Dormant
12989,27.0,726.0,730.0,403.93296296296296,0.9968354522868269,3.1142794008256995,4701.464856340509,Champions
12990,6.0,588.0,620.0,139.75,0.9836966858339452,0.8593220068637496,460.3034522032311,Loyal Customers
12991,2.0,366.0,390.0,251.88,0.9627560760134007,0.5059303430605662,518.1171825823362,Loyal Customers
12992,0.0,0.0,726.0,0.0,1.0,0.0759774208574309,,Lost / Dormant
12993,6.0,636.0,660.0,181.67999999999998,0.9851488119845548,0.8132452998670974,566.0740928217866,Loyal Customers
12994,2.0,264.0,269.0,310.90999999999997,0.9663326045447086,0.6906635206318845,867.8646497607992,Loyal Customers
12995,0.0,0.0,86.0,0.0,1.0,0.39329910904887333,,Lost / Dormant
12996,0.0,0.0,376.0,0.0,1.0,0.13591795113721514,,Lost / Dormant
12997,7.0,590.0,613.0,301.13714285714286,0.9866514559318093,1.0013478769547663,1147.7991603175817,Champions
12998,2.0,161.0,654.0,309.94,0.5738061119748334,0.1911531545907706,241.87606144862565,At-Risk (High Value)
12999,2.0,49.0,246.0,67.8,0.6681373082843421,0.5126315285774016,143.2813564272891,Lost / Dormant
13000,3.0,619.0,726.0,178.28333333333333,0.9619882992558999,0.4005437168219842,283.15931396202785,At-Risk (High Value)
13001,32.0,732.0,737.0,724.4040625,0.9971461039663947,3.646177245171145,9860.71464266128,Champions
13002,2.0,116.0,435.0,116.875,0.6621506986039012,0.31677721380529505,151.98623198913555,Lost / Dormant
13003,2.0,109.0,215.0,45.0,0.8928436146467493,0.7603696256740671,142.70007512592628,Lost / Dormant
13004,34.0,713.0,725.0,333.6561764705882,0.9962770971317573,3.9246016885997252,4887.202184153749,Champions
13005,3.0,284.0,458.0,256.65000000000003,0.9069191183778618,0.5703252826872031,576.5720242279868,At-Risk (High Value)
13006,0.0,0.0,57.0,0.0,1.0,0.48549744064181644,,Lost / Dormant
13007,0.0,0.0,580.0,0.0,1.0,0.09310314622067963,,Lost / Dormant
13008,2.0,400.0,724.0,211.40999999999997,0.8789752756034206,0.26691055575785233,231.22131411388204,Lost / Dormant
13009,0.0,0.0,673.0,0.0,1.0,0.0814135784009815,,Lost / Dormant
13010,1.0,274.0,649.0,153.0,0.8265935528796478,0.17340803893781798,121.8319038833598,Lost / Dormant
13011,0.0,0.0,373.0,0.0,1.0,0.1368435487257945,,Lost / Dormant
13012,10.0,583.0,593.0,259.094,0.9914289133916084,1.4422324010290248,1410.8222915237757,Champions
13013,26.0,724.0,726.0,456.51,0.9969432644119358,3.0171915331523524,5148.661848031369,Champions
13014,10.0,422.0,433.0,346.628,0.9907656705835568,1.9025013265771522,2481.026208340077,Champions
13015,8.0,550.0,604.0,731.3475000000001,0.98140851150574,1.1410072768654258,3162.42327424856,Champions
13016,1.0,50.0,124.0,364.64,0.8778536020030031,0.6902629889120411,1116.6210358064004,Loyal Customers
13017,0.0,0.0,8.0,0.0,1.0,0.805514329869177,,Loyal Customers
13018,23.0,632.0,649.0,388.8895652173913,0.994303764961462,2.957910098818685,4299.85325657417,Champions
13019,5.0,354.0,734.0,194.99,0.6404830551945143,0.40792594887694894,306.96451058903546,At-Risk (High Value)
13020,1.0,97.0,660.0,170.95000000000002,0.5735503565942336,0.11850342788181638,92.80987007963074,Lost / Dormant
13021,15.0,730.0,735.0,310.2353333333333,0.994586503363966,1.7486690297820386,2038.9783526620572,Champions
13022,0.0,0.0,430.0,0.0,1.0,0.12116677104331693,,Lost / Dormant
13023,2.0,464.0,529.0,299.95000000000005,0.9563652282578741,0.38539044608174533,471.0372644010921,At-Risk (High Value)
13024,1.0,112.0,583.0,308.04,0.6532065425639181,0.15094012935520545,210.7453868769096,Lost / Dormant
13025,0.0,0.0,732.0,0.0,1.0,0.07540741651532151,,Lost / Dormant
13026,8.0,725.0,727.0,174.63750000000002,0.9907642017710139,0.9734560666612597,646.6246270042574,Champions
13027,18.0,575.0,689.0,821.7333333333333,0.9187636689342017,2.041742766088943,6286.891486822176,Champions
13028,1.0,23.0,46.0,305.38,0.9180636867830274,1.2223132393716412,1640.8162298062962,Loyal Customers
13029,4.0,493.0,524.0,339.64,0.9777036786435164,0.6950604502254433,915.3538907127977,Loyal Customers
13030,1.0,357.0,369.0,371.74,0.9405830570886852,0.32395638777920366,541.9250782198878,Loyal Customers
13031,4.0,147.0,555.0,610.2574999999999,0.2698680072979285,0.18229174447266266,431.07819789138915,At-Risk (High Value)
13032,5.0,408.0,461.0,460.01599999999996,0.9744581794852555,0.9414895602829193,1660.3169506225229,At-Risk (High Value)
13033,1.0,72.0,430.0,190.55,0.6576396070149803,0.19871746197411808,172.30643108545203,Lost / Dormant
13034,2.0,347.0,402.0,404.315,0.955293207629521,0.4891669398057023,802.1945788633766,Loyal Customers
13035,2.0,358.0,432.0,460.94,0.9510044505543565,0.45770125982737825,855.942990188618,At-Risk (High Value)
13036,0.0,0.0,685.0,0.0,1.0,0.08011569631915338,,Lost / Dormant
13037,10.0,598.0,737.0,360.17600000000004,0.9468602699283342,1.1307106213634444,1539.9645376838635,At-Risk (High Value)
13038,2.0,210.0,291.0,256.68000000000006,0.9373453262789926,0.6287736959566546,653.755192327842,At-Risk (High Value)
13039,3.0,138.0,723.0,282.6433333333334,0.2264371897434812,0.09463974575515884,105.79488680482197,At-Risk (High Value)
13040,1.0,25.0,34.0,373.74,0.9338664725927969,1.392161341669134,2276.5107557928827,Loyal Customers
13041,3.0,139.0,590.0,180.99,0.37033460075674657,0.18610671042448468,133.2935916582471,At-Risk (High Value)
13042,2.0,134.0,733.0,444.22,0.41993063931252067,0.12608251315081095,228.48623016820267,At-Risk (High Value)
13043,0.0,0.0,274.0,0.0,1.0,0.17651868254847383,,Lost / Dormant
13044,10.0,409.0,701.0,467.65500000000003,0.4459058161445117,0.5574452328583046,985.1115834099402,At-Risk (High Value)
13045,2.0,387.0,487.0,241.74,0.9459579276879466,0.41008640254212075,404.19224660745635,At-Risk (High Value)
13046,2.0,426.0,457.0,314.65500000000003,0.962076876431346,0.44094512707259215,564.308800686348,Loyal Customers
13047,17.0,667.0,724.0,499.0535294117647,0.9838249169372949,1.9776591974415352,3702.641242584757,Champions
13048,8.0,667.0,682.0,461.20125,0.9892409251864869,1.0303495248456989,1803.5222455469734,Champions
13049,3.0,337.0,402.0,386.89333333333326,0.9613504458686946,0.6767307520849758,1028.1699918436045,At-Risk (High Value)
13050,33.0,710.0,725.0,360.83,0.9957004374398355,3.809193169215152,5130.5166679398335,Champions
13051,1.0,41.0,620.0,80.8,0.41977768993970954,0.09177897493579047,34.755120534222314,Lost / Dormant
13052,5.0,442.0,655.0,521.342,0.9048653794206154,0.6393608603659974,1282.034445374238,At-Risk (High Value)
13053,0.0,0.0,622.0,0.0,1.0,0.08743352884482357,,Lost / Dormant
13055,2.0,351.0,430.0,607.2049999999999,0.9494009099983785,0.45876775968005035,1129.0306155188614,At-Risk (High Value)
13056,0.0,0.0,552.0,0.0,1.0,0.09730997151204959,,Lost / Dormant
13057,2.0,101.0,632.0,184.29999999999998,0.38971905266384893,0.13391257250250954,101.13254753228632,Lost / Dormant
13058,2.0,127.0,152.0,111.925,0.9555804080673216,1.0481162923228384,475.50944436500424,Loyal Customers
13059,8.0,369.0,619.0,209.635,0.6779626131166404,0.7709802686730921,613.6147258024421,At-Risk (High Value)
13060,0.0,0.0,254.0,0.0,1.0,0.187503822691251,,Lost / Dormant
13061,0.0,0.0,73.0,0.0,1.0,0.4298806199521016,,Lost / Dormant
13062,0.0,0.0,192.0,0.0,1.0,0.23233868939705582,,Lost / Dormant
13063,0.0,0.0,481.0,0.0,1.0,0.10990273628676535,,Lost / Dormant
13064,5.0,579.0,592.0,288.218,0.9841979708906681,0.761887782272228,844.7551826602613,Loyal Customers
13065,4.0,174.0,548.0,268.33500000000004,0.40628935650469117,0.277565559226309,289.1344842180302,At-Risk (High Value)
13066,1.0,8.0,33.0,318.99,0.9096963725174942,1.3697989719450143,1914.6011441346147,Loyal Customers
13067,2.0,364.0,447.0,128.555,0.9490162144768074,0.4434188727215237,233.7490571731961,Loyal Customers
13068,1.0,309.0,320.0,179.0,0.9404932589742263,0.3649201365141094,296.53089812167514,Loyal Customers
13069,31.0,543.0,544.0,286.76129032258063,0.9974704604914464,4.652626454393638,4969.5100781036035,Champions
13070,3.0,540.0,733.0,199.16666666666666,0.9397687413254316,0.3878692115798827,306.1228861055567,At-Risk (High Value)
13071,0.0,0.0,613.0,0.0,1.0,0.08858953345996057,,Lost / Dormant
13072,0.0,0.0,267.0,0.0,1.0,0.18021387283407242,,Lost / Dormant
13073,1.0,26.0,438.0,115.2,0.48380655848833715,0.14387604138074345,76.37708858846656,Lost / Dormant
13074,3.0,212.0,724.0,355.1466666666667,0.47834632922885345,0.19967284343071182,280.2201441213838,At-Risk (High Value)
13075,0.0,0.0,130.0,0.0,1.0,0.305416219001215,,Lost / Dormant
13076,0.0,0.0,458.0,0.0,1.0,0.11471187330483677,,Lost / Dormant
13077,9.0,727.0,729.0,316.2477777777778,0.9917344271719508,1.0840803457040011,1299.1395543704634,Champions
13078,54.0,735.0,739.0,535.2244444444444,0.9981814024314069,6.09277721550811,12147.483978911647,Champions
13079,5.0,413.0,418.0,44.02,0.9850217876455026,1.0360728769510363,177.3027055988002,Loyal Customers
13080,3.0,430.0,610.0,70.14333333333333,0.9324348445046016,0.4547429996536252,127.61487396274195,Lost / Dormant
13081,24.0,720.0,732.0,2371.64875,0.9955076477764886,2.765974366240774,24530.27737688467,Champions
13082,15.0,591.0,718.0,420.03800000000007,0.9264919996739585,1.6642214789407457,2626.2629302848945,Champions
13083,2.0,421.0,426.0,151.875,0.9667537301305964,0.4709422323259002,292.49522206432385,Loyal Customers
13084,0.0,0.0,492.0,0.0,1.0,0.10774250361469907,,Lost / Dormant
13085,4.0,581.0,739.0,445.545,0.9530363076103431,0.49682191550099786,860.5207523429838,At-Risk (High Value)
13086,0.0,0.0,383.0,0.0,1.0,0.13380618586701648,,Lost / Dormant
13087,0.0,0.0,727.0,0.0,1.0,0.07588182234889457,,Lost / Dormant
13088,0.0,0.0,418.0,0.0,1.0,0.12416113650495203,,Lost / Dormant
13089,131.0,735.0,738.0,859.1706870229008,0.9990620677399759,14.705522041800158,46971.91290009617,Champions
13090,21.0,486.0,495.0,572.7780952380953,0.9949924339146218,3.4524584958709843,7377.395674478982,Champions
13091,1.0,701.0,730.0,345.82,0.9397279990171548,0.17711632590484747,277.8700713926935,Loyal Customers
13092,11.0,597.0,668.0,153.8390909090909,0.9784704420985676,1.3979443885296943,812.1714778665753,At-Risk (High Value)
13093,42.0,460.0,736.0,1235.7452380952382,8.056028553955592e-06,3.85227628718015e-05,0.17747495407800515,Champions
13094,12.0,368.0,390.0,179.25,0.988604949173486,2.4663895535395985,1657.6476947264655,Champions
13095,0.0,0.0,71.0,0.0,1.0,0.43612341795500065,,Lost / Dormant
13096,0.0,0.0,395.0,0.0,1.0,0.13033479965911096,,Lost / Dormant
13097,21.0,706.0,739.0,596.6261904761905,0.9912857665007798,2.398288032888836,5357.819157314211,Champions
13098,25.0,316.0,318.0,1111.8256,0.9966024757649297,5.980406535262885,24648.799432243595,Champions
13099,0.0,0.0,100.0,0.0,1.0,0.3602974026073814,,Lost / Dormant
13101,3.0,447.0,682.0,175.61666666666667,0.9150037776597183,0.4033555963299349,280.75515347679124,At-Risk (High Value)
13102,32.0,581.0,583.0,344.53999999999996,0.997425849338848,4.511341995714963,5791.833073827754,Champions
13103,2.0,538.0,578.0,293.15,0.9617852156126505,0.35814036478381195,428.25595822441494,Loyal Customers
13104,8.0,650.0,654.0,201.555,0.9905185816383597,1.07174238094683,820.5942555773153,Champions
13105,0.0,0.0,437.0,0.0,1.0,0.11948585868187359,,Lost / Dormant
13106,1.0,280.0,414.0,76.5,0.9054387558024463,0.2826904119997087,101.15458679231277,Lost / Dormant
13107,8.0,629.0,674.0,580.84625,0.9845065291276388,1.0364881356467033,2284.216816012558,Champions
13108,1.0,63.0,436.0,700.12,0.6267029433380705,0.18711170116780054,587.9528997446648,At-Risk (High Value)
13109,2.0,492.0,552.0,393.27,0.9578585790684695,0.37165468337001656,594.9701051679242,Loyal Customers
13110,10.0,707.0,739.0,259.469,0.9887983931327899,1.1778620105628794,1156.1308622706092,Champions
13111,0.0,0.0,719.0,0.0,1.0,0.07665341627705168,,Lost / Dormant
13112,0.0,0.0,542.0,0.0,1.0,0.09890608140746088,,Lost / Dormant
13113,35.0,621.0,622.0,476.0674285714286,0.9977570939320252,4.648339467099539,8246.059385440933,Champions
13114,0.0,0.0,731.0,0.0,1.0,0.07550182244882571,,Lost / Dormant
13115,9.0,588.0,600.0,526.6888888888889,0.9903907092933046,1.2919786018739385,2572.7565000157933,Champions
13116,0.0,0.0,139.0,0.0,1.0,0.29207525177806104,,Lost / Dormant
13117,17.0,602.0,624.0,147.9758823529412,0.9923140307434778,2.2833942109659673,1267.2720254476694,Champions
13118,7.0,420.0,440.0,313.4342857142857,0.9860386192738816,1.3421917760957303,1595.8697411893213,Champions
13119,0.0,0.0,669.0,0.0,1.0,0.08185560334527035,,Lost / Dormant
13120,0.0,0.0,239.0,0.0,1.0,0.1966848335972686,,Lost / Dormant
13121,0.0,0.0,270.0,0.0,1.0,0.17861142836466384,,Lost / Dormant
13122,1.0,146.0,241.0,18.72,0.8989012240942693,0.43821446300725386,43.52960851715999,At-Risk (High Value)
13123,1.0,57.0,530.0,151.31,0.5372578936552405,0.13516238568139124,93.74249282023302,Lost / Dormant
13124,3.0,296.0,386.0,1288.7766666666666,0.9500754047833174,0.6924137063340473,3494.8780889111495,At-Risk (High Value)
13125,0.0,0.0,524.0,0.0,1.0,0.10191508424684814,,Lost / Dormant
13126,11.0,643.0,648.0,321.21818181818185,0.9927917936690237,1.4580795465469403,1766.2882452521326,Champions
13127,0.0,0.0,78.0,0.0,1.0,0.41503084653523603,,Lost / Dormant
13128,0.0,0.0,632.0,0.0,1.0,0.08618396573563773,,Lost / Dormant
13129,1.0,77.0,530.0,124.5,0.5999307611357427,0.15092951425446013,86.57273684563364,Lost / Dormant
13130,0.0,0.0,95.0,0.0,1.0,0.371426557202531,,Lost / Dormant
13131,5.0,645.0,669.0,532.472,0.9829834336539733,0.6813478313041108,1395.6182918236593,Champions
13132,0.0,0.0,262.0,0.0,1.0,0.1829495377236273,,Lost / Dormant
13133,2.0,186.0,460.0,54.900000000000006,0.8053829458540568,0.36702749056488654,84.22421413938685,Lost / Dormant
13134,5.0,331.0,417.0,440.276,0.9580248947033176,1.0097588444224508,1702.5557651426734,At-Risk (High Value)
13135,1.0,295.0,492.0,305.28000000000003,0.8887402014277987,0.23877827536301965,329.83615182724674,At-Risk (High Value)
13136,8.0,675.0,732.0,715.68375,0.9829259737109333,0.959711817439105,2607.46360771707,Champions
13137,15.0,492.0,503.0,458.1433333333333,0.9933384865440834,2.457338064221522,4215.519020472862,Champions
13138,6.0,374.0,397.0,192.60333333333332,0.9833427429891999,1.271849341719584,933.5060777499616,Loyal Customers
13139,6.0,421.0,438.0,844.1566666666666,0.9850759826335364,1.170642746524146,3760.6859905832644,Champions
13140,4.0,383.0,492.0,240.845,0.9532176324330651,0.7164404541684779,669.3689471473679,At-Risk (High Value)
13141,14.0,646.0,731.0,522.6521428571428,0.9730040861018784,1.6095714289080985,3163.372948390982,Champions
13142,0.0,0.0,20.0,0.0,1.0,0.6933449636292132,,Loyal Customers
13143,0.0,0.0,585.0,0.0,1.0,0.09238991981261929,,Lost / Dormant
13144,1.0,99.0,432.0,110.95,0.7208942041354662,0.21695834653755924,111.03837400451835,Lost / Dormant
13145,6.0,560.0,600.0,220.13333333333333,0.982103252818281,0.8836525426860181,744.1727322879074,At-Risk (High Value)
13146,0.0,0.0,27.0,0.0,1.0,0.6413227930370341,,Loyal Customers
13147,3.0,89.0,100.0,198.0,0.9709787833580232,1.9213934327570699,1472.3265859173098,Loyal Customers
13148,17.0,703.0,733.0,487.1123529411765,0.991481315300137,1.9706286645549238,3601.60778129985,Champions
13149,3.0,275.0,290.0,433.10666666666674,0.9735683927446329,0.9003446315521436,1524.7921807387752,Loyal Customers
13150,1.0,146.0,631.0,273.45,0.691873889779767,0.14888667210568626,184.9599059320885,Lost / Dormant
13151,2.0,332.0,628.0,779.6850000000001,0.8706148207345271,0.3008758141759014,953.935088374635,At-Risk (High Value)
13152,6.0,277.0,695.0,277.65166666666664,0.2850793582757319,0.22452639177856532,238.67322817174633,At-Risk (High Value)
13153,0.0,0.0,6.0,0.0,1.0,0.8278638742686899,,Loyal Customers
13154,2.0,336.0,736.0,643.87,0.8243215136998155,0.24657493888014922,646.86182580085,At-Risk (High Value)
13155,5.0,458.0,492.0,302.896,0.9799111205481104,0.8942566549934837,1039.9630056389155,At-Risk (High Value)
13156,2.0,291.0,677.0,396.31,0.8071629703213747,0.26058211612788623,421.2035039241023,At-Risk (High Value)
13157,7.0,592.0,642.0,784.88,0.9820935972552243,0.9559567244245356,2854.131361678353,Champions
13158,4.0,294.0,389.0,300.265,0.9495072410624258,0.874839837004285,1015.6221277152106,At-Risk (High Value)
13159,3.0,107.0,116.0,326.84666666666664,0.9727994457566498,1.756253675765467,2220.192935157071,Loyal Customers
13160,0.0,0.0,23.0,0.0,1.0,0.6700452272176218,,Loyal Customers
13161,1.0,187.0,501.0,112.75,0.8104603846914092,0.21429844688628047,111.58624128517484,Lost / Dormant
13162,15.0,613.0,736.0,572.086,0.9367397784856528,1.6449127344855774,3535.615440511978,Champions
13163,0.0,0.0,611.0,0.0,1.0,0.08885058790621478,,Lost / Dormant
13164,1.0,98.0,668.0,96.4,0.5715913127342006,0.11681391477300601,52.440579454890624,Lost / Dormant
13165,2.0,367.0,414.0,510.74,0.9577469731968927,0.47819127782823057,990.0106316232777,Loyal Customers
13166,1.0,131.0,415.0,417.2,0.7869909554173309,0.24519987417350173,460.4967240991455,Lost / Dormant
13167,4.0,372.0,391.0,194.83249999999998,0.9788455155182116,0.8979326470674134,677.5635968150367,Loyal Customers
13168,4.0,506.0,543.0,329.7975,0.9767970517132346,0.6727895437483795,860.7278363489077,At-Risk (High Value)
13169,2.0,499.0,563.0,356.44000000000005,0.9572956769920026,0.36495303523753736,529.8893991916474,Loyal Customers
13170,0.0,0.0,27.0,0.0,1.0,0.6413227930370341,,Loyal Customers
13171,2.0,278.0,300.0,164.02999999999997,0.96197844444177,0.6294730611270776,420.0940985527466,Loyal Customers
13172,0.0,0.0,401.0,0.0,1.0,0.12866581867527388,,Lost / Dormant
13173,9.0,725.0,730.0,258.51666666666665,0.9914282873128302,1.0823860286095512,1060.6409159590814,Champions
13174,10.0,719.0,736.0,885.655,0.9908536889386306,1.1847195983067031,3965.111681204391,Champions
13175,1.0,153.0,736.0,512.3,0.6521833153077936,0.12200301732552743,282.59552513739095,Lost / Dormant
13176,0.0,0.0,47.0,0.0,1.0,0.5282456142148394,,Loyal Customers
13177,1.0,366.0,431.0,282.45,0.929147306923968,0.2801948487038858,357.9089254784868,Loyal Customers
13178,20.0,697.0,724.0,672.02,0.9924197002190729,2.3336557705795924,5873.532490273108,Champions
13179,0.0,0.0,619.0,0.0,1.0,0.08781549608626135,,Lost / Dormant
13180,0.0,0.0,608.0,0.0,1.0,0.08924506788870204,,Lost / Dormant
13181,0.0,0.0,382.0,0.0,1.0,0.13410383794351885,,Lost / Dormant
13182,0.0,0.0,46.0,0.0,1.0,0.5329400204051814,,Lost / Dormant
13183,14.0,628.0,636.0,467.33857142857147,0.9937897316458087,1.8661061686493594,3275.6406228044457,Champions
13184,8.0,276.0,291.0,185.97125,0.9869112338257612,2.15079161603572,1506.592007219026,Champions
13185,0.0,0.0,268.0,0.0,1.0,0.17967653664212788,,Lost / Dormant
13186,2.0,89.0,129.0,293.77500000000003,0.9413948564920465,1.1539149723643713,1357.3473484742126,Loyal Customers
13187,1.0,287.0,625.0,236.02,0.843162393418929,0.18301530868601726,196.63308771505842,Lost / Dormant
13188,0.0,0.0,12.0,0.0,1.0,0.7642721777299901,,Loyal Customers
13189,1.0,97.0,116.0,133.68,0.9322865683631835,0.7651591581092245,461.24821356323514,Loyal Customers
13190,2.0,188.0,733.0,211.78,0.5796780589257383,0.1740460439071415,151.05209774551875,Lost / Dormant
13191,0.0,0.0,659.0,0.0,1.0,0.08298195869999798,,Lost / Dormant
13192,4.0,591.0,687.0,458.41499999999996,0.9675445867481839,0.5391632364644923,960.1652322272621,At-Risk (High Value)
13193,0.0,0.0,62.0,0.0,1.0,0.46662582435527233,,Lost / Dormant
13194,1.0,286.0,422.0,60.7,0.9055383194771078,0.27809856962931634,79.92419156583699,Lost / Dormant
13195,0.0,0.0,415.0,0.0,1.0,0.12493300714980636,,Lost / Dormant
13196,5.0,606.0,618.0,573.774,0.9843964724168818,0.7331208624086191,1616.8077975487802,Champions
13197,0.0,0.0,610.0,0.0,1.0,0.08898169308046101,,Lost / Dormant
13198,7.0,424.0,435.0,593.1985714285714,0.9878362633182205,1.3580325304776286,3053.1507522087973,Champions
13199,55.0,731.0,735.0,292.12309090909093,0.9982028322225585,6.2353041270620535,6785.135396088411,Champions
13200,3.0,107.0,127.0,183.59,0.9663986532645349,1.645555749554789,1173.2498324392673,Loyal Customers
13201,3.0,140.0,643.0,307.9533333333333,0.31028112845388506,0.14429066543678878,175.49297673654343,At-Risk (High Value)
13202,6.0,336.0,731.0,210.01666666666668,0.45919609233537134,0.34534603921797913,277.9988516924502,At-Risk (High Value)
13203,9.0,713.0,723.0,256.48333333333335,0.990879695044952,1.0913717863655141,1060.9615047791226,Champions
13204,0.0,0.0,732.0,0.0,1.0,0.07540741651532151,,Lost / Dormant
13205,0.0,0.0,444.0,0.0,1.0,0.11785096501055846,,At-Risk (High Value)
13206,11.0,332.0,733.0,664.5909090909091,0.04078101593342746,0.053530276468995164,134.234308911018,At-Risk (High Value)
13207,3.0,597.0,613.0,107.22000000000001,0.9753398390456361,0.4735694827539355,201.9428001384643,Loyal Customers
13208,7.0,677.0,737.0,271.84285714285716,0.9814897037874936,0.8424939315386352,873.3593287651955,At-Risk (High Value)
13209,10.0,654.0,685.0,825.2209999999999,0.9886072040913952,1.2621927314309407,3933.8529291726145,Champions
13210,0.0,0.0,94.0,0.0,1.0,0.3737356313699825,,Lost / Dormant
13211,8.0,723.0,734.0,311.685,0.9898187091205505,0.9640289066148869,1141.6560020100276,Champions
13212,1.0,42.0,62.0,496.61,0.9255125567431489,1.0786488299617074,2350.6273542812437,Loyal Customers
13213,9.0,512.0,569.0,395.1077777777778,0.9801399151187591,1.34092677759282,2002.645364142919,Champions
13214,6.0,229.0,647.0,269.43333333333334,0.18301056877521835,0.1538265162907681,158.5881349977034,At-Risk (High Value)
13215,0.0,0.0,403.0,0.0,1.0,0.128118954491169,,Lost / Dormant
13216,0.0,0.0,268.0,0.0,1.0,0.17967653664212788,,Lost / Dormant
13217,3.0,533.0,656.0,177.99333333333334,0.9559611862205798,0.43656120157568234,307.8421394821134,At-Risk (High Value)
13218,0.0,0.0,128.0,0.0,1.0,0.3085484284856391,,Lost / Dormant
13219,0.0,0.0,619.0,0.0,1.0,0.08781549608626135,,Lost / Dormant
13220,4.0,497.0,576.0,204.8225,0.968272542551952,0.6326957016447029,503.85457074051874,At-Risk (High Value)
13221,1.0,119.0,360.0,346.7,0.8028956499796225,0.2823597947811918,440.7037629796415,Lost / Dormant
13222,0.0,0.0,578.0,0.0,1.0,0.09339153050564514,,Lost / Dormant
13223,5.0,465.0,666.0,150.50400000000002,0.9182289273501937,0.6390682284291324,371.2823498438087,At-Risk (High Value)
13224,1.0,91.0,152.0,940.69,0.9049977032219186,0.6205356370200341,2580.6973219849124,At-Risk (High Value)
13225,14.0,719.0,723.0,1011.5007142857143,0.9943431881441384,1.6615274467589234,6317.642918342744,Champions
13226,1.0,120.0,394.0,108.21000000000001,0.7832510492244674,0.2551454159086137,127.32260068785928,Lost / Dormant
13227,0.0,0.0,202.0,0.0,1.0,0.22370910795373258,,Lost / Dormant
13228,0.0,0.0,82.0,0.0,1.0,0.4038719700405125,,Lost / Dormant
13229,0.0,0.0,226.0,0.0,1.0,0.2054020324604138,,Lost / Dormant
13230,28.0,627.0,632.0,217.0635714285714,0.9967363370490919,3.6788814618120846,2980.891802791529,Champions
13232,6.0,231.0,244.0,206.595,0.9841997169679099,1.899473964400623,1486.378472466681,Loyal Customers
13233,3.0,620.0,695.0,295.27666666666664,0.9671829348444538,0.41908542887499933,489.16055280945034,At-Risk (High Value)
13234,1.0,60.0,733.0,118.10000000000001,0.42534672748735675,0.07986724465911015,43.66521138043516,Lost / Dormant
13235,0.0,0.0,213.0,0.0,1.0,0.2149287253801689,,Lost / Dormant
13236,1.0,82.0,107.0,305.62,0.9272080225431213,0.8004231720099049,1085.2869050930376,Loyal Customers
13237,0.0,0.0,388.0,0.0,1.0,0.13233753771451878,,Lost / Dormant
13238,5.0,573.0,591.0,177.926,0.9834904161989027,0.7624969602787778,522.7301053944236,Loyal Customers
13239,4.0,241.0,503.0,328.74,0.7570735678135866,0.5580383477793929,711.083356729076,At-Risk (High Value)
13240,6.0,556.0,653.0,260.46999999999997,0.9692250470144055,0.807878008722771,805.3081710354561,At-Risk (High Value)
13241,0.0,0.0,412.0,0.0,1.0,0.1257145393168938,,Lost / Dormant
13242,5.0,556.0,669.0,116.47999999999999,0.9642776954700134,0.6683820846717315,300.96945294580064,At-Risk (High Value)
13243,2.0,428.0,632.0,492.69000000000005,0.9220745228602263,0.3168368868579336,635.6911724848733,At-Risk (High Value)
13244,0.0,0.0,93.0,0.0,1.0,0.3760736742735771,,Lost / Dormant
13245,1.0,382.0,433.0,430.5,0.9326403186140237,0.28012380240209417,542.9797686637431,Loyal Customers
13246,10.0,507.0,526.0,323.026,0.9896980890712468,1.6023815979993272,1951.4479420145626,Champions
13247,3.0,65.0,83.0,65.35000000000001,0.963922111955156,2.1243919238714524,542.830437234971,Loyal Customers
13248,1.0,65.0,190.0,78.21000000000001,0.8423808195548745,0.49215799119858317,178.05578274431932,Lost / Dormant
13249,8.0,592.0,685.0,191.56625000000003,0.9720107962652637,1.0083648740219477,734.1947293740986,At-Risk (High Value)
13250,1.0,42.0,503.0,120.0,0.5014003490439489,0.13211318900155278,73.07818749078153,Lost / Dormant
13251,0.0,0.0,403.0,0.0,1.0,0.128118954491169,,Lost / Dormant
13252,1.0,231.0,626.0,52.4,0.8004405937785527,0.17349161666122823,43.62074418793454,Lost / Dormant
13253,3.0,547.0,704.0,658.9066666666668,0.9491079837104198,0.4064540460101712,1056.3499099092421,At-Risk (High Value)
13254,0.0,0.0,377.0,0.0,1.0,0.13561219634841495,,Lost / Dormant
13255,2.0,503.0,513.0,312.605,0.9661277543070582,0.4000609472768298,509.30723906077026,Loyal Customers
13257,0.0,0.0,437.0,0.0,1.0,0.11948585868187359,,Lost / Dormant
13258,4.0,389.0,401.0,224.745,0.9803852064265615,0.8801282068507899,765.830788779469,Loyal Customers
13259,6.0,637.0,699.0,212.92999999999998,0.9792488327425612,0.7672222243295143,625.9043842584509,At-Risk (High Value)
13260,0.0,0.0,62.0,0.0,1.0,0.46662582435527233,,Loyal Customers
13261,1.0,17.0,286.0,99.0,0.5894038440593325,0.2507131370455349,114.35241023138317,Lost / Dormant
13262,2.0,337.0,601.0,170.52,0.885565877635059,0.3184083891008364,222.5566407541454,Lost / Dormant
13263,36.0,412.0,414.0,230.65611111111113,0.9975857446216658,6.844325311768597,5859.390801962727,Champions
13264,0.0,0.0,443.0,0.0,1.0,0.11808177557143663,,Lost / Dormant
13265,4.0,220.0,274.0,450.055,0.9615933049658136,1.184824577721034,2050.884230588744,At-Risk (High Value)
13266,18.0,711.0,723.0,324.4161111111111,0.9945381467284443,2.115015955552721,2573.1438369079597,Champions
13267,26.0,730.0,733.0,363.5273076923077,0.9968410903625103,2.990484678847253,4064.33040866925,Champions
13268,9.0,250.0,268.0,282.12,0.9862439401000123,2.5619977360799537,2710.3795635982933,Champions
13269,20.0,736.0,738.0,434.44300000000004,0.9961036463606842,2.301583217804483,3746.0566112271053,Champions
13270,0.0,0.0,367.0,0.0,1.0,0.13873310730427635,,Lost / Dormant
13271,0.0,0.0,38.0,0.0,1.0,0.573745012029573,,Loyal Customers
13272,1.0,58.0,90.0,135.6,0.9182864833990301,0.8787602448943951,535.4302453331964,Loyal Customers
13273,0.0,0.0,114.0,0.0,1.0,0.33241642956997586,,Lost / Dormant
13274,0.0,0.0,410.0,0.0,1.0,0.12624101826876008,,Lost / Dormant
13275,1.0,249.0,633.0,61.5,0.8132355612525217,0.17450315909092454,50.99811255656637,Lost / Dormant
13276,4.0,579.0,643.0,385.6075,0.9731573196498206,0.5758911520471439,862.4955201790247,At-Risk (High Value)
13277,6.0,524.0,540.0,86.06666666666666,0.9858040218005644,0.9746506267714738,321.9813796774747,Loyal Customers
13278,3.0,570.0,611.0,379.3866666666667,0.9716769462795525,0.4731823699439208,708.1276822605003,Loyal Customers
13279,0.0,0.0,79.0,0.0,1.0,0.41218353577027816,,Lost / Dormant
13280,5.0,522.0,645.0,368.826,0.9594769171104313,0.687468720170556,975.6605365511097,At-Risk (High Value)
13281,0.0,0.0,440.0,0.0,1.0,0.11877966612819088,,Lost / Dormant
13282,3.0,388.0,407.0,377.38000000000005,0.9737686087211355,0.6782423502808849,1005.3506684415748,Loyal Customers
13283,3.0,581.0,641.0,81.85333333333334,0.9688970223821864,0.4518406341167371,147.67276715361646,Loyal Customers
13284,0.0,0.0,331.0,0.0,1.0,0.1512660710811124,,Lost / Dormant
13285,5.0,601.0,625.0,604.858,0.9827768469512319,0.7245118852482764,1684.4487824571231,Champions
13286,0.0,0.0,601.0,0.0,1.0,0.09017928947985465,,Lost / Dormant
13287,2.0,101.0,705.0,258.605,0.32851831754375044,0.10221254227300577,108.11514909865818,Lost / Dormant
13288,4.0,223.0,667.0,140.4625,0.417167357412094,0.23879908285234747,130.8633406661807,At-Risk (High Value)
13289,0.0,0.0,724.0,0.0,1.0,0.07616934246711214,,Lost / Dormant
13291,10.0,511.0,667.0,314.14700000000005,0.9131233895909351,1.1944076782224473,1417.8243384735824,At-Risk (High Value)
13292,4.0,488.0,527.0,196.015,0.9762209338337252,0.6905017393280365,525.8835818864055,Loyal Customers
13293,5.0,276.0,669.0,191.268,0.47193949949227987,0.32712143814114886,241.2821589262892,At-Risk (High Value)
13294,2.0,457.0,647.0,436.87,0.9287010967437302,0.3124120940658724,556.1873246040162,At-Risk (High Value)
13295,3.0,217.0,577.0,265.1566666666667,0.6763965288185209,0.34677405791969707,363.006005765399,At-Risk (High Value)
13296,5.0,440.0,578.0,134.23200000000003,0.9464697810205338,0.7485828735472916,387.6034079550613,At-Risk (High Value)
13297,5.0,535.0,543.0,742.41,0.9847823673711998,0.8235703462230801,2346.478737967068,Champions
13298,0.0,0.0,2.0,0.0,1.0,0.8765343499178195,,Loyal Customers
13299,2.0,260.0,529.0,433.76,0.8560258016919308,0.34495625292911797,608.5520057269467,At-Risk (High Value)
13300,2.0,405.0,575.0,485.265,0.9289852826588729,0.3475425694057974,686.1925117380534,At-Risk (High Value)
13301,3.0,189.0,293.0,142.09333333333333,0.9241955834712264,0.8475615674169036,473.72236299312846,At-Risk (High Value)
13302,1.0,371.0,527.0,63.75,0.9086130850111146,0.22974111288056037,69.32705863008556,Lost / Dormant
13303,0.0,0.0,401.0,0.0,1.0,0.12866581867527388,,Lost / Dormant
13304,3.0,318.0,670.0,303.38000000000005,0.7969830009932858,0.3570481804883067,427.9976639634292,At-Risk (High Value)
13305,15.0,635.0,640.0,222.59533333333331,0.9945142646660725,1.983489636301988,1657.9658780184893,Champions
13306,0.0,0.0,431.0,0.0,1.0,0.12092374971221938,,Lost / Dormant
13307,2.0,472.0,593.0,22.799999999999997,0.9455096622804252,0.344080714420086,34.38655755002006,Lost / Dormant
13308,3.0,574.0,597.0,461.83666666666664,0.9743038764754561,0.4844629226924734,881.8644789594432,Loyal Customers
13309,5.0,385.0,393.0,291.358,0.9844042217940713,1.0916991636792985,1218.34821328365,Loyal Customers
13310,4.0,374.0,403.0,322.9375,0.9766670747236469,0.8730593007491002,1090.2910233718005,Loyal Customers
13311,1.0,146.0,151.0,108.46000000000001,0.9410078084948162,0.6481889642337546,320.1168217264449,Loyal Customers
13312,0.0,0.0,452.0,0.0,1.0,0.11603647673936761,,Lost / Dormant
13313,10.0,715.0,738.0,306.14300000000003,0.9900866002342614,1.1808615123992334,1367.26055336986,Champions
13314,2.0,72.0,74.0,138.16,0.9663776095028506,1.648125808785736,912.0093408085756,Loyal Customers
13315,0.0,0.0,690.0,0.0,1.0,0.07958704723939594,,Lost / Dormant
13316,9.0,602.0,640.0,1197.8722222222223,0.9862794349978727,1.213825448729254,5498.248132788927,Champions
13317,14.0,660.0,727.0,433.51928571428573,0.9810208547111028,1.6310081500252132,2658.992470167733,Champions
13318,2.0,36.0,38.0,168.89999999999998,0.9659216714918886,2.21598682984771,1485.9990557020567,Loyal Customers
13319,39.0,728.0,734.0,550.1512820512821,0.9974210936904302,4.445255457852165,9120.957645164555,Champions
13320,4.0,400.0,479.0,480.375,0.9644034783429533,0.7421041993528993,1379.882096854484,At-Risk (High Value)
13321,1.0,14.0,87.0,308.32,0.8460037631672854,0.8254027930914806,1126.0534262570018,Loyal Customers
13322,0.0,0.0,18.0,0.0,1.0,0.7098055618822706,,Loyal Customers
13323,4.0,81.0,85.0,166.8875,0.9802869015675509,2.7134836484656786,1722.0565300174567,Loyal Customers
13324,11.0,527.0,564.0,915.7336363636364,0.9865956185377217,1.6418682610128734,5658.911526172331,Champions
13325,0.0,0.0,82.0,0.0,1.0,0.4038719700405125,,Lost / Dormant
13326,0.0,0.0,433.0,0.0,1.0,0.12044062116391707,,Lost / Dormant
13327,17.0,683.0,722.0,522.5711764705882,0.9893930505768394,1.9938934408214573,3908.7857033270957,Champions
13328,0.0,0.0,317.0,0.0,1.0,0.15677424391865277,,Lost / Dormant
13329,5.0,704.0,736.0,955.5200000000001,0.9822540286547915,0.6240431963727061,2294.306055116461,Champions
13330,5.0,562.0,655.0,433.52199999999993,0.9695163083025704,0.6850419909004584,1142.5726773020458,At-Risk (High Value)
13331,0.0,0.0,402.0,0.0,1.0,0.12839180398259112,,Lost / Dormant
13332,0.0,0.0,15.0,0.0,1.0,0.7360261172082512,,Loyal Customers
13333,2.0,247.0,659.0,426.78000000000003,0.7583805454078142,0.2509014501917917,436.4823445818548,At-Risk (High Value)
13334,4.0,570.0,653.0,1268.0325,0.9695010941478946,0.565760512335845,2782.098087836394,At-Risk (High Value)
13336,0.0,0.0,78.0,0.0,1.0,0.41503084653523603,,Loyal Customers
13337,0.0,0.0,547.0,0.0,1.0,0.09810153276396659,,Lost / Dormant
13338,3.0,546.0,704.0,562.84,0.9488167234808793,0.40632931426123386,902.3476616729631,At-Risk (High Value)
13339,0.0,0.0,201.0,0.0,1.0,0.22454307560484252,,Lost / Dormant
13340,8.0,610.0,656.0,1957.6075,0.9840900037118009,1.0618413968845957,7880.425160440685,Champions
13341,0.0,0.0,261.0,0.0,1.0,0.18350667667535667,,Lost / Dormant
13343,0.0,0.0,178.0,0.0,1.0,0.24560418989761038,,Lost / Dormant
13344,1.0,210.0,278.0,887.57,0.9197084347473063,0.400282800347031,1583.8915705721618,At-Risk (High Value)
13345,0.0,0.0,288.0,0.0,1.0,0.16956534013718197,,Lost / Dormant
13346,4.0,134.0,597.0,63.375,0.1680877464640793,0.10636004835100624,26.479620316228328,Lost / Dormant
13347,0.0,0.0,71.0,0.0,1.0,0.43612341795500065,,Lost / Dormant
13348,0.0,0.0,65.0,0.0,1.0,0.45599342242816304,,Lost / Dormant
13349,0.0,0.0,11.0,0.0,1.0,0.7741789419333209,,Loyal Customers
13350,1.0,63.0,80.0,332.55,0.9307818297756328,0.9514906858657166,1397.4924122575603,Loyal Customers
13351,0.0,0.0,67.0,0.0,1.0,0.4491712276175015,,Lost / Dormant
13352,0.0,0.0,61.0,0.0,1.0,0.47028142245978793,,Loyal Customers
13354,0.0,0.0,72.0,0.0,1.0,0.43297944281078143,,Loyal Customers
13355,0.0,0.0,123.0,0.0,1.0,0.3166680396594055,,Lost / Dormant
13356,0.0,0.0,81.0,0.0,1.0,0.4066048812674311,,Loyal Customers
13357,3.0,370.0,628.0,755.0966666666667,0.8861990629790479,0.4210032338704573,1252.2821395201893,At-Risk (High Value)
13358,0.0,0.0,269.0,0.0,1.0,0.1791423979784229,,Lost / Dormant
13359,1.0,340.0,404.0,439.56,0.9284528740785855,0.2960270288732824,585.3005593790735,Loyal Customers
13360,3.0,269.0,701.0,283.7,0.6707474653675435,0.2883683498201103,323.46974018616123,At-Risk (High Value)
13361,1.0,145.0,618.0,633.25,0.6968750372263314,0.1528073483328111,436.1838275609048,At-Risk (High Value)
13362,6.0,416.0,426.0,764.2683333333334,0.986373840284013,1.200718431852608,3491.4680149282144,Champions
13363,2.0,392.0,410.0,496.25,0.9642217193934209,0.48546012587094695,976.5390119639541,Loyal Customers
13364,0.0,0.0,72.0,0.0,1.0,0.43297944281078143,,Lost / Dormant
13365,1.0,184.0,218.0,1524.77,0.9304835069410234,0.4902157593074038,3315.7756415068575,Loyal Customers
13366,0.0,0.0,51.0,0.0,1.0,0.5102700998122855,,Lost / Dormant
13367,0.0,0.0,432.0,0.0,1.0,0.12068170169840425,,Lost / Dormant
13368,3.0,167.0,424.0,219.6,0.7347486848161101,0.494045030475115,427.3344652434184,At-Risk (High Value)
13369,0.0,0.0,366.0,0.0,1.0,0.139053121600562,,Lost / Dormant
13370,0.0,0.0,372.0,0.0,1.0,0.13715489062787023,,Lost / Dormant
13371,1.0,127.0,633.0,1108.65,0.656006572824652,0.14076514210224772,701.8770562714733,At-Risk (High Value)
13372,0.0,0.0,90.0,0.0,1.0,0.3832671840906217,,Lost / Dormant
13373,5.0,673.0,734.0,1367.7540000000001,0.9779943607495654,0.6228881066711607,3277.2054188474563,At-Risk (High Value)
13374,1.0,35.0,450.0,123.2,0.5138079880863556,0.1492532597225915,84.58910408544988,Lost / Dormant
13375,1.0,356.0,445.0,778.65,0.9232782168859645,0.2708157385770576,946.1453511191941,At-Risk (High Value)
13376,2.0,135.0,235.0,321.88,0.9096516033953856,0.7233624540277697,939.1840862166255,At-Risk (High Value)
13377,1.0,249.0,646.0,737.56,0.8085010083779286,0.17032574447588383,566.058643236071,At-Risk (High Value)
13379,2.0,110.0,137.0,218.135,0.9531055050610366,1.1223805249386483,983.2127710913574,Loyal Customers
13380,0.0,0.0,433.0,0.0,1.0,0.12044062116391707,,Lost / Dormant
13381,11.0,707.0,739.0,746.0881818181817,0.9893644979062289,1.2889999974391795,3628.760691710981,Champions
13382,4.0,451.0,732.0,283.135,0.8807591703761166,0.46316525906436706,510.36210991186334,At-Risk (High Value)
13383,0.0,0.0,544.0,0.0,1.0,0.09858268306771975,,Lost / Dormant
13384,9.0,470.0,501.0,633.7355555555555,0.9861551714234372,1.5106768755960995,3612.8175408502257,Champions
13385,0.0,0.0,330.0,0.0,1.0,0.15164663543295862,,Lost / Dormant
13386,1.0,23.0,438.0,521.76,0.4696517378755686,0.13966663263981416,327.6684795010367,Lost / Dormant
13387,0.0,0.0,418.0,0.0,1.0,0.12416113650495203,,Lost / Dormant
13388,1.0,472.0,604.0,677.1,0.9199052081126708,0.20591861494067792,628.1093223491135,At-Risk (High Value)
13389,2.0,221.0,233.0,270.03499999999997,0.9639870317422413,0.7716824011119782,841.3690777874249,Loyal Customers
13390,0.0,0.0,75.0,0.0,1.0,0.4238145858150126,,Lost / Dormant
13391,0.0,0.0,204.0,0.0,1.0,0.22205964262767885,,Lost / Dormant
13392,0.0,0.0,678.0,0.0,1.0,0.08086771694662305,,Lost / Dormant
13393,3.0,149.0,733.0,374.1766666666667,0.2534869619045415,0.10462125812040302,154.68196877869457,At-Risk (High Value)
13394,18.0,737.0,739.0,350.9538888888889,0.9957001348054288,2.075453566844791,2731.9292967909814,Champions
13395,2.0,236.0,422.0,333.67499999999995,0.8917326377792789,0.4379490375444019,593.6233799443728,At-Risk (High Value)
13396,1.0,290.0,320.0,973.72,0.9354113262547978,0.362948299327576,1577.8514518504235,Loyal Customers
13397,9.0,616.0,689.0,318.7633333333333,0.978656256872624,1.1263823489296785,1359.8988765473803,At-Risk (High Value)
13398,1.0,256.0,449.0,457.34000000000003,0.8829057206000293,0.2569672030641723,529.1058846129555,Lost / Dormant
13399,2.0,55.0,520.0,87.75,0.29864598564142086,0.12219117892408138,44.330148832866044,Lost / Dormant
13400,0.0,0.0,583.0,0.0,1.0,0.09267389468875226,,Lost / Dormant
13402,3.0,437.0,565.0,414.8433333333333,0.9493121512273086,0.4959309334498829,810.6887521739578,At-Risk (High Value)
13403,2.0,706.0,724.0,75.45,0.9656328206308762,0.2932250769348109,92.07192947650437,Loyal Customers
13404,1.0,211.0,213.0,34.68,0.942501107935946,0.5054143077038896,85.80642412325257,Loyal Customers
13405,5.0,650.0,725.0,213.47020000000003,0.9753666558506889,0.6282726261884697,517.3589731248844,At-Risk (High Value)
13406,1.0,204.0,632.0,428.76,0.7710332268107124,0.16568399454506222,321.17527090525,Lost / Dormant
13407,2.0,83.0,662.0,430.34000000000003,0.29524741946527444,0.09727736856915593,170.6420090904255,At-Risk (High Value)
13408,75.0,734.0,736.0,682.9613333333333,0.9987933629803448,8.46989703195733,21527.03613795533,Champions
13410,8.0,707.0,732.0,265.015,0.9881159551580307,0.9647792250163657,971.697123844952,Champions
13411,0.0,0.0,108.0,0.0,1.0,0.34381761408562755,,Lost / Dormant
13412,0.0,0.0,621.0,0.0,1.0,0.08756048142603508,,Lost / Dormant
13413,3.0,48.0,688.0,137.31666666666666,0.03809188209107225,0.01665840330349764,9.084647008750734,At-Risk (High Value)
13414,5.0,470.0,604.0,395.624,0.9514452766405554,0.7233628988303367,1100.3700177845737,At-Risk (High Value)
13415,2.0,256.0,729.0,158.625,0.7257600235966876,0.21900120260025868,142.76838394997785,At-Risk (High Value)
13416,2.0,693.0,737.0,356.25,0.9625471699717909,0.28756366177188625,418.3704148232296,Loyal Customers
13417,4.0,665.0,670.0,266.34749999999997,0.9820470719810066,0.5598652976822012,580.0040364108997,Loyal Customers
13418,24.0,717.0,729.0,475.91,0.9955012513670022,2.7763809755303575,4942.029681502635,Champions
13419,0.0,0.0,64.0,0.0,1.0,0.45948311220653343,,Lost / Dormant
13420,1.0,21.0,171.0,104.05,0.751750731849041,0.47428358786288005,225.39963868453657,Lost / Dormant
13421,5.0,623.0,664.0,654.626,0.9804769703376196,0.6842583042392159,1722.5531831922497,Champions
13422,0.0,0.0,65.0,0.0,1.0,0.45599342242816304,,Loyal Customers
13423,0.0,0.0,429.0,0.0,1.0,0.12141077157673207,,Lost / Dormant
13424,0.0,0.0,450.0,0.0,1.0,0.11648483828097393,,Lost / Dormant
13425,4.0,471.0,580.0,641.7675,0.9595937496252486,0.6231488627350528,1550.24837246695,At-Risk (High Value)
13426,20.0,730.0,731.0,378.28900000000004,0.9962017549173007,2.3220008502862166,3290.74346015012,Champions
13427,5.0,703.0,723.0,182.106,0.9836850199310326,0.6352346886100955,446.4911156232057,Loyal Customers
13428,1.0,504.0,515.0,218.47,0.9414111551520266,0.24293925271062825,241.4194007216073,Loyal Customers
13429,3.0,65.0,76.0,225.4,0.9696647717781458,2.2420999838557814,1948.1177983933724,Loyal Customers
13430,1.0,68.0,87.0,343.14,0.929822741889242,0.9071807025562851,1375.7327758160393,Loyal Customers
13431,6.0,592.0,660.0,503.79833333333335,0.977280779256482,0.8067501992716697,1553.820772944184,At-Risk (High Value)
13432,1.0,41.0,613.0,308.8,0.42396920752752176,0.09364909532046299,131.1402020067277,Lost / Dormant
13433,3.0,195.0,697.0,187.70666666666662,0.45210488916916697,0.1953867194631828,145.3244536532269,At-Risk (High Value)
13434,4.0,581.0,656.0,331.92,0.9712499376613659,0.5644297139346515,728.0513835549594,At-Risk (High Value)
13435,8.0,495.0,501.0,518.9225,0.990094867323225,1.3598416824080564,2670.0313255247875,Champions
13436,0.0,0.0,2.0,0.0,1.0,0.8765343499178195,,Loyal Customers
13437,6.0,176.0,191.0,327.86,0.9822757820940134,2.2855964958890804,2826.320592277329,Champions
13438,0.0,0.0,548.0,0.0,1.0,0.09794219165362378,,Lost / Dormant
13439,2.0,271.0,527.0,351.16499999999996,0.8677136512705332,0.350843095623846,501.56170447937,At-Risk (High Value)
13440,2.0,28.0,452.0,25.275,0.2294380374082926,0.1061702690818268,11.642506922575258,At-Risk (High Value)
13441,1.0,340.0,432.0,296.64,0.9217288689808476,0.27740099757056835,371.921944379298,Loyal Customers
13442,2.0,71.0,739.0,110.935,0.20310962126840965,0.060529050501900154,27.73599509033347,Lost / Dormant
13443,5.0,229.0,678.0,209.32000000000002,0.2639256404695986,0.18072847908346742,145.8541801278534,At-Risk (High Value)
13444,1.0,132.0,507.0,496.39,0.7353401842113808,0.19240416209196584,430.3097598453456,Lost / Dormant
13445,0.0,0.0,627.0,0.0,1.0,0.08680424951507873,,Lost / Dormant
13446,10.0,233.0,664.0,334.07,0.009412954081694472,0.012363107726341811,15.604659132771575,At-Risk (High Value)
13447,2.0,12.0,36.0,452.71500000000003,0.9348059786105622,2.186584575246185,3901.869554007668,Loyal Customers
13448,10.0,717.0,734.0,794.7810000000001,0.9908484228326265,1.1876711753482123,3567.2190906579863,Champions
13449,0.0,0.0,24.0,0.0,1.0,0.662624723082406,,Loyal Customers
13450,12.0,577.0,604.0,323.3666666666666,0.9897464861595557,1.6816643538833007,2046.554756573917,Champions
13451,10.0,602.0,629.0,631.684,0.9889071535117957,1.3641573608047708,3252.4893046819852,Champions
13452,2.0,213.0,473.0,295.0,0.836014950305446,0.37181782461958474,446.4607624095092,At-Risk (High Value)
13453,2.0,237.0,403.0,178.49,0.9023826735357054,0.4610906983629246,335.74442411214324,At-Risk (High Value)
13454,0.0,0.0,642.0,0.0,1.0,0.08496962398715283,,Lost / Dormant
13455,5.0,706.0,731.0,522.1160000000001,0.9831100240723782,0.6284998439553382,1263.3464355648102,At-Risk (High Value)
13456,5.0,190.0,208.0,311.812,0.9793000476778831,1.8170397649029806,2152.922479124905,Loyal Customers
13457,1.0,49.0,738.0,35.72,0.38539408608398157,0.07191610466117752,12.725183166198914,Lost / Dormant
13458,15.0,381.0,389.0,709.1293333333334,0.9935197589558517,3.0723574680839865,8134.144387637477,Champions
13459,1.0,58.0,683.0,529.62,0.4452642841837125,0.08917796181494628,213.3478754867893,Lost / Dormant
13460,1.0,20.0,50.0,75.98,0.9086965905086087,1.168241971247176,404.58190321955686,Loyal Customers
13461,5.0,559.0,598.0,764.68,0.9801757245690198,0.7519288384842484,2208.635656594971,At-Risk (High Value)
13462,4.0,473.0,726.0,245.5075,0.9029477860886345,0.4784255661227403,457.3131494524456,At-Risk (High Value)
13464,4.0,560.0,619.0,699.5749999999999,0.9737058876168384,0.5963712324875338,1618.086079567334,At-Risk (High Value)
13465,1.0,140.0,587.0,319.62,0.7046835153639671,0.16183981093584196,234.373990389772,Lost / Dormant
13466,3.0,444.0,629.0,250.34666666666666,0.9324692757976267,0.44234833151319863,437.6744126154079,At-Risk (High Value)
13467,1.0,26.0,37.0,301.25,0.9318778996672804,1.3488243512663056,1783.1844397412488,Loyal Customers
13468,69.0,735.0,737.0,189.51144927536234,0.9987087547219525,7.787935470318019,5494.781248043309,Champions
13469,0.0,0.0,654.0,0.0,1.0,0.08355684376405209,,Lost / Dormant
13470,1.0,16.0,116.0,49.5,0.8103404368619648,0.6650738383368175,155.24726196152452,Lost / Dormant
13471,3.0,46.0,48.0,529.97,0.9758531439563184,2.8091873261443014,5694.5962459894035,Loyal Customers
13472,1.0,92.0,556.0,330.06,0.6230872770249996,0.15021674016118639,224.4396799659656,Lost / Dormant
13473,6.0,664.0,725.0,378.05,0.9798219748798546,0.7424731394387435,1074.4080441713488,At-Risk (High Value)
13474,2.0,259.0,496.0,149.37,0.8729556529101647,0.37239108782799063,227.90056351715518,At-Risk (High Value)
13475,3.0,107.0,299.0,371.5533333333333,0.7311583256043744,0.6595367956098224,959.040248333893,At-Risk (High Value)
13476,4.0,466.0,645.0,455.1675,0.9355024708016885,0.5520531233640786,975.6112910007706,At-Risk (High Value)
13477,9.0,646.0,684.0,267.94111111111107,0.9867112984140312,1.1432136989256527,1160.3729695263369,Champions
13478,3.0,208.0,678.0,609.8633333333333,0.5201210082846528,0.23051253917372153,554.393176966433,At-Risk (High Value)
13479,3.0,277.0,478.0,154.67,0.8873466124316113,0.5375426299098737,328.68155508160885,At-Risk (High Value)
13480,1.0,263.0,680.0,133.88,0.8077226827290663,0.16242082140187492,100.23370870305888,Lost / Dormant
13481,8.0,690.0,736.0,439.955,0.9849879052818987,0.9569348490199251,1598.9776816697888,Champions
13482,1.0,395.0,628.0,184.64,0.8931152084064071,0.19302162941861212,162.94176958005679,Lost / Dormant
13483,0.0,0.0,66.0,0.0,1.0,0.4525565249597049,,Lost / Dormant
13484,2.0,398.0,640.0,312.47,0.9065556566869252,0.30798081462741494,392.7859990181434,At-Risk (High Value)
13485,8.0,503.0,737.0,356.24,0.8456539478900553,0.8205474538689793,1110.4785602329275,At-Risk (High Value)
13486,2.0,77.0,156.0,460.125,0.9009834075848306,0.9704849894510994,1788.3966204988594,At-Risk (High Value)
13487,4.0,677.0,735.0,185.73000000000002,0.9754402470335313,0.511036841302958,370.0315881733732,At-Risk (High Value)
13488,18.0,666.0,684.0,846.5083333333333,0.9935457238548155,2.2226286423931634,7049.717660051237,Champions
13489,3.0,189.0,295.0,124.08,0.9227457715345501,0.8415558554072695,411.28439655661435,At-Risk (High Value)
13490,0.0,0.0,655.0,0.0,1.0,0.08344123025685847,,Lost / Dormant
13491,26.0,681.0,733.0,167.10230769230768,0.982961052009555,2.9488451011476315,1843.0806055554754,Champions
13492,2.0,78.0,215.0,477.27,0.830925615912987,0.7076385933327477,1358.1878103598387,At-Risk (High Value)
13493,1.0,12.0,288.0,359.28,0.5610191112510527,0.23729517520570184,382.57725287481384,Lost / Dormant
13494,0.0,0.0,312.0,0.0,1.0,0.1588400158639287,,Lost / Dormant
13495,9.0,725.0,733.0,546.9000000000001,0.9911126718739823,1.0779841330522344,2232.901227564313,Champions
13496,1.0,349.0,360.0,152.32,0.9407526771205217,0.33084091669739274,229.9185754289985,Loyal Customers
13497,5.0,387.0,670.0,220.67600000000002,0.814973283618364,0.5641264531376212,479.8310745453453,At-Risk (High Value)
13498,0.0,0.0,731.0,0.0,1.0,0.07550182244882571,,Lost / Dormant
13499,4.0,252.0,270.0,250.22,0.9775758954021591,1.2188199350861173,1174.6621523412541,Loyal Customers
13500,3.0,378.0,402.0,388.92333333333335,0.9726486415827494,0.6846839771712415,1045.694281968829,Loyal Customers
13501,2.0,282.0,571.0,1144.97,0.8551286618170959,0.321917114616693,1496.2914329894625,At-Risk (High Value)
13502,4.0,532.0,549.0,118.15,0.9802068667055371,0.6685630656119412,307.98646240231636,Loyal Customers
13503,3.0,590.0,662.0,297.72333333333336,0.9671362844545193,0.4380303644239641,515.2645853230001,At-Risk (High Value)
13504,0.0,0.0,65.0,0.0,1.0,0.45599342242816304,,Lost / Dormant
13505,3.0,160.0,233.0,927.98,0.9387343789252316,1.0331353922765858,3732.7840327122976,At-Risk (High Value)
13506,4.0,144.0,461.0,302.97,0.42732961640798667,0.34003725702326,399.05534937155545,At-Risk (High Value)
13507,3.0,142.0,146.0,412.26,0.9757491965476407,1.513010236204023,2417.762553680411,Loyal Customers
13508,1.0,399.0,643.0,110.97,0.8910620049408159,0.18851150294391344,96.90977754189372,Lost / Dormant
13509,6.0,499.0,508.0,160.78666666666666,0.9867942910030513,1.0299229703425874,633.1365081620511,Loyal Customers
13510,9.0,717.0,719.0,476.84333333333336,0.9917318657454548,1.097868772368537,1982.6792125521038,Champions
13511,0.0,0.0,677.0,0.0,1.0,0.08097630274420455,,Lost / Dormant
13512,3.0,323.0,584.0,186.6966666666667,0.8667818082562401,0.43960333865383305,324.68113801398357,At-Risk (High Value)
13513,2.0,529.0,656.0,262.475,0.9468021849242829,0.31453786679514645,337.4212735660212,At-Risk (High Value)
13514,3.0,609.0,683.0,156.53333333333333,0.9671507068938235,0.42577489828440146,264.3840850564187,At-Risk (High Value)
13515,5.0,572.0,645.0,215.544,0.9741418961773496,0.6979762313057113,579.7199540117936,At-Risk (High Value)
13516,3.0,396.0,418.0,463.1366666666667,0.9732438565443255,0.6625039903992578,1204.8165674615884,Loyal Customers
13517,2.0,120.0,180.0,513.28,0.9335839229400166,0.9077994690292206,1868.905353715139,At-Risk (High Value)
13518,0.0,0.0,86.0,0.0,1.0,0.39329910904887333,,Lost / Dormant
13519,1.0,364.0,443.0,122.75,0.9259343739251829,0.2726593536707683,153.95357545894066,Loyal Customers
13520,10.0,664.0,723.0,520.0,0.9834184927638918,1.1951773920844562,2348.947300452606,Champions
13521,2.0,9.0,11.0,402.255,0.9652778764785511,2.990650034652024,4715.343129761119,Loyal Customers
13522,0.0,0.0,31.0,0.0,1.0,0.6149735233383807,,Loyal Customers
13523,4.0,369.0,403.0,1132.9575,0.9754128559204632,0.8719381332400964,3812.348242331175,Champions
13524,4.0,179.0,220.0,130.245,0.964604629399126,1.4122936074018164,709.0395913993315,Loyal Customers
13525,1.0,234.0,249.0,345.9,0.9385900818658808,0.445980612037035,691.1954083313774,Loyal Customers
13526,0.0,0.0,739.0,0.0,1.0,0.0747531292470527,,Lost / Dormant
13527,10.0,654.0,688.0,446.494,0.988116532276699,1.2565537129877087,2119.826343369625,Champions
13529,1.0,126.0,205.0,126.66000000000001,0.9027072532467143,0.49831361146096914,287.2210484965161,Lost / Dormant
13530,0.0,0.0,635.0,0.0,1.0,0.08581603341595907,,Lost / Dormant
13531,4.0,531.0,737.0,356.705,0.9337006571976275,0.48795271633514814,676.9704535051815,At-Risk (High Value)
13532,0.0,0.0,34.0,0.0,1.0,0.5965967432839169,,Loyal Customers
13533,1.0,85.0,268.0,124.15,0.8129870455574106,0.3643940255768686,206.72926925960485,Lost / Dormant
13534,25.0,518.0,521.0,301.12080000000003,0.9966119290025341,3.9152818418873383,4395.671908251906,Champions
13535,0.0,0.0,403.0,0.0,1.0,0.128118954491169,,Lost / Dormant
13536,6.0,74.0,76.0,498.8533333333333,0.9869202607426827,4.1496833872779595,7714.443716631418,Champions
13537,1.0,26.0,452.0,302.0,0.47233931575389315,0.1366787972502028,186.61839029469812,Lost / Dormant
13538,11.0,632.0,676.0,226.2681818181818,0.9865067969987866,1.3942510843560205,1190.6878546989064,Champions
13539,6.0,505.0,591.0,205.97833333333335,0.9701270316001465,0.8848148299905033,697.2706491269627,At-Risk (High Value)
13540,1.0,188.0,656.0,263.14,0.741662086507209,0.1540849684540322,184.36700867642887,Lost / Dormant
13541,1.0,143.0,571.0,474.9,0.7182266748252075,0.16908457491266868,362.36465216644064,Lost / Dormant
13542,16.0,353.0,730.0,239.26624999999999,0.004660917823814135,0.008772448197083808,7.884094765646441,At-Risk (High Value)
13543,1.0,53.0,688.0,851.16,0.4253191241863265,0.0846194944866833,324.51845593336355,At-Risk (High Value)
13544,4.0,605.0,645.0,158.67000000000002,0.977302352139749,0.5767198193581033,356.6364060765352,Loyal Customers
13545,1.0,154.0,545.0,250.5,0.7487743144666572,0.1837607622239518,209.06548185425473,Lost / Dormant
13546,4.0,412.0,425.0,224.9325,0.9803133079939781,0.8371346669366875,729.5016159714069,Loyal Customers
13547,0.0,0.0,409.0,0.0,1.0,0.12650591562856064,,Lost / Dormant
13548,2.0,375.0,472.0,341.205,0.9460439755550701,0.42153364004276817,584.9278666538935,At-Risk (High Value)
13549,7.0,362.0,388.0,131.17142857142858,0.983912502360216,1.4923785375926142,743.3004857183699,Loyal Customers
13550,0.0,0.0,384.0,0.0,1.0,0.13350985286646788,,Lost / Dormant
13551,1.0,347.0,667.0,91.80000000000001,0.8637505720930923,0.1767617416821721,75.70481570714108,Lost / Dormant
13552,13.0,592.0,659.0,480.45846153846156,0.9789883971209477,1.6587239817123265,2997.2422259313216,Champions
13553,0.0,0.0,675.0,0.0,1.0,0.08119435170939887,,Lost / Dormant
13554,5.0,66.0,447.0,306.366,0.02867538562386529,0.028459819828917533,33.44109563400747,At-Risk (High Value)
13555,8.0,616.0,690.0,1022.83875,0.9781502732418085,1.0080321925022726,3911.412101821155,Champions
13556,1.0,6.0,436.0,93.6,0.3825128463851688,0.11420503153286957,49.609520471159925,Lost / Dormant
13557,11.0,703.0,732.0,250.88727272727274,0.989792271583504,1.3008543642559716,1232.4626765272662,Champions
13558,3.0,63.0,69.0,134.35666666666665,0.973292208191139,2.366866746752681,1229.0737215518504,Loyal Customers
13559,1.0,31.0,544.0,305.28000000000003,0.42693011867341163,0.10494662174145386,145.12605793373586,Lost / Dormant
13560,0.0,0.0,8.0,0.0,1.0,0.805514329869177,,Loyal Customers
13561,9.0,434.0,650.0,180.13555555555556,0.7902844073269668,0.9590478167210637,654.6335537905813,At-Risk (High Value)
13562,6.0,613.0,695.0,649.7966666666667,0.9748351440004774,0.7677729414897375,1907.6349273708165,At-Risk (High Value)
13563,1.0,56.0,141.0,466.65,0.8713941829360302,0.6291207982037217,1301.7739960914691,Loyal Customers
13564,24.0,383.0,738.0,687.985,0.00017510428049898036,0.00048289336805532116,1.2426032926853467,Champions
13565,2.0,392.0,412.0,120.11,0.963831665722953,0.4832380931906153,238.0224193295419,Loyal Customers
13566,4.0,599.0,640.0,354.25,0.9771012786480218,0.5806782132281912,799.078573951317,At-Risk (High Value)
13567,2.0,113.0,542.0,333.9,0.5272309022820016,0.20792661188333394,282.79436723618926,At-Risk (High Value)
13568,0.0,0.0,174.0,0.0,1.0,0.24967759854129995,,Lost / Dormant
13569,3.0,411.0,429.0,217.92666666666665,0.9741395231874824,0.6484093336723992,556.678321635092,Loyal Customers
13570,0.0,0.0,244.0,0.0,1.0,0.1935261061789998,,Lost / Dormant
13571,25.0,719.0,732.0,177.412,0.9954737448892487,2.878000243560353,1910.2336971446362,Champions
13572,0.0,0.0,206.0,0.0,1.0,0.22043435228763567,,Lost / Dormant
13573,4.0,587.0,638.0,208.655,0.9754328550591005,0.581330891711721,472.03205347572526,At-Risk (High Value)
13574,0.0,0.0,412.0,0.0,1.0,0.1257145393168938,,Lost / Dormant
13575,4.0,153.0,177.0,160.88,0.9719004890658822,1.6740076018465035,1033.7881662521977,Loyal Customers
13576,27.0,721.0,732.0,415.6644444444445,0.995959027674838,3.1037527334696784,4821.720333279284,Champions
13577,10.0,700.0,726.0,338.942,0.9896184477394521,1.1981627085451998,1535.5314148911434,Champions
13578,0.0,0.0,410.0,0.0,1.0,0.12624101826876008,,Lost / Dormant
13579,4.0,645.0,660.0,288.8725,0.9808480963605546,0.5668719318392187,636.6688997892609,Loyal Customers
13580,0.0,0.0,407.0,0.0,1.0,0.12703906108252877,,Lost / Dormant
13581,1.0,105.0,415.0,118.0,0.7441439544806417,0.23185019186004127,125.89741633150406,Lost / Dormant
13582,1.0,228.0,618.0,164.18,0.8008236881344265,0.1756006998801133,132.11092238890882,Lost / Dormant
13583,1.0,524.0,680.0,781.03,0.9180199399769958,0.18459993250477766,649.796559925508,At-Risk (High Value)
13584,2.0,369.0,676.0,195.575,0.8771706447934763,0.2835641895584714,227.26651788998473,Lost / Dormant
13585,2.0,208.0,739.0,335.895,0.6237515547792348,0.1858852826571798,255.074372462135,Lost / Dormant
13586,0.0,0.0,542.0,0.0,1.0,0.09890608140746088,,Lost / Dormant
13587,2.0,600.0,664.0,552.6,0.958972538788784,0.31509567350515516,709.1153265693547,At-Risk (High Value)
13588,8.0,240.0,256.0,295.70625,0.9859688781969672,2.381717858229667,2646.1473604177063,Champions
13589,5.0,719.0,734.0,170.318,0.9842895509873916,0.6268975358516818,412.2770645304142,Loyal Customers
13590,16.0,727.0,739.0,373.89437499999997,0.994084740631183,1.8501042899248152,2597.694620397358,Champions
13591,6.0,661.0,726.0,340.12333333333333,0.9790977527125951,0.7409888819726211,964.8755002079504,At-Risk (High Value)
13592,3.0,229.0,265.0,57.080000000000005,0.9657698090789512,0.960403575691162,218.11831553056672,Loyal Customers
13593,12.0,539.0,648.0,420.24500000000006,0.9519755373453404,1.5179518270936965,2401.775298459129,Champions
13594,1.0,433.0,486.0,396.97,0.9333658850628483,0.2534872035734094,454.002055876713,Loyal Customers
13595,2.0,130.0,647.0,135.265,0.4818483501836435,0.1620922518890889,90.18812341864847,At-Risk (High Value)
13596,1.0,7.0,13.0,285.44,0.9354165009469717,1.7646737343022876,2199.1851943030933,Loyal Customers
13597,1.0,2.0,403.0,16.5,0.386187865322446,0.12339362002175187,11.11605584264663,Lost / Dormant
13598,3.0,604.0,652.0,173.74,0.9709892777123943,0.44589039713792755,306.9415279722401,Loyal Customers
13599,22.0,737.0,739.0,433.0081818181818,0.9964352212149947,2.5220000728669745,4087.9313546954895,Champions
13600,1.0,322.0,635.0,219.51999999999998,0.8601713564579632,0.184049017182144,184.16170289932182,Lost / Dormant
13601,3.0,501.0,547.0,325.8533333333333,0.9700563835092989,0.5216209858828269,670.0947064325402,Loyal Customers
13602,3.0,496.0,561.0,285.2633333333333,0.9665030181492255,0.5081269001444244,571.8999540091257,At-Risk (High Value)
13603,0.0,0.0,27.0,0.0,1.0,0.6413227930370341,,Loyal Customers
13604,0.0,0.0,659.0,0.0,1.0,0.08298195869999798,,Lost / Dormant
13605,1.0,184.0,572.0,352.78,0.7747159346913046,0.18209798479889455,290.6807586879198,Lost / Dormant
13606,2.0,282.0,312.0,105.26,0.9598922453856067,0.6082214831747261,262.22757404157716,Loyal Customers
13607,1.0,362.0,403.0,678.01,0.9343394032362589,0.2985374001796331,907.76986336719,Loyal Customers
13608,0.0,0.0,541.0,0.0,1.0,0.0990685778051008,,Lost / Dormant
13609,0.0,0.0,594.0,0.0,1.0,0.0911332821564542,,Lost / Dormant
13610,13.0,691.0,704.0,140.60615384615386,0.9928805954792204,1.5840782593759226,839.3495387281456,Champions
13611,9.0,647.0,737.0,331.28888888888895,0.9748863610597047,1.05506071244037,1324.5411254558187,At-Risk (High Value)
13612,0.0,0.0,633.0,0.0,1.0,0.0860609714921599,,Lost / Dormant
13613,2.0,208.0,661.0,285.925,0.6853399280662281,0.2261141181629199,264.1029023228463,At-Risk (High Value)
13614,5.0,527.0,552.0,410.86800000000005,0.9821934249739844,0.8094635108338046,1277.5887129045357,At-Risk (High Value)
13615,7.0,362.0,681.0,780.6257142857143,0.569396740008399,0.5253480497665617,1560.8215547180837,At-Risk (High Value)
13616,1.0,123.0,692.0,105.85,0.6164273744522051,0.12199550144806942,59.95732496439413,Lost / Dormant
13617,7.0,455.0,496.0,166.65,0.9817415879579723,1.2034159760175858,762.8675481326798,At-Risk (High Value)
13618,0.0,0.0,174.0,0.0,1.0,0.24967759854129995,,Lost / Dormant
13619,1.0,130.0,675.0,128.95,0.6396509291980975,0.12949041166593597,77.04255675243606,Lost / Dormant
13620,0.0,0.0,529.0,0.0,1.0,0.10106103324270435,,Lost / Dormant
13621,0.0,0.0,117.0,0.0,1.0,0.32699537917183424,,Lost / Dormant
13622,0.0,0.0,697.0,0.0,1.0,0.07885855437356444,,Lost / Dormant
13623,9.0,707.0,738.0,214.38333333333333,0.9882314558350247,1.0681748386579641,868.3855287261106,Champions
13624,0.0,0.0,389.0,0.0,1.0,0.13204767032933687,,Lost / Dormant
13625,0.0,0.0,597.0,0.0,1.0,0.09072196711881027,,Lost / Dormant
13626,1.0,127.0,380.0,257.23,0.8020271771232417,0.2694403644586116,313.36679559936937,Lost / Dormant
13627,6.0,581.0,641.0,323.5833333333333,0.9786717867694642,0.8295769036481141,1026.6638038660024,At-Risk (High Value)
13628,0.0,0.0,677.0,0.0,1.0,0.08097630274420455,,Lost / Dormant
13629,18.0,643.0,667.0,684.29,0.9923699558098591,2.271415052497485,5822.910796695215,Champions
13630,6.0,280.0,286.0,288.7733333333333,0.9866688579942821,1.6775528735802654,1836.9820484044617,Champions
13631,6.0,168.0,268.0,313.0566666666667,0.8836420304289404,1.5831506669507576,1877.5641680672086,At-Risk (High Value)
13632,7.0,587.0,612.0,468.8514285714286,0.9863325304727522,1.0024983544868562,1787.956144626241,Champions
13634,13.0,665.0,699.0,364.4353846153846,0.9895216997019801,1.589023921826682,2179.4539338450954,Champions
13635,3.0,671.0,739.0,872.2633333333333,0.9689485761079744,0.39693630131182417,1365.6123935829469,At-Risk (High Value)
13636,4.0,249.0,286.0,198.655,0.9710191426254713,1.1557527105055534,885.8157662523622,Loyal Customers
13637,2.0,174.0,227.0,193.95,0.9458411181128781,0.772613555349101,606.4399628677613,Loyal Customers
13638,0.0,0.0,16.0,0.0,1.0,0.7270719474876653,,Loyal Customers
13639,1.0,362.0,437.0,1033.34,0.9267575354079786,0.2761488520086808,1278.5889851077395,At-Risk (High Value)
13640,0.0,0.0,612.0,0.0,1.0,0.08871986859985583,,Lost / Dormant
13641,2.0,94.0,735.0,359.135,0.2823162457361487,0.08455302679944834,124.00253119774258,At-Risk (High Value)
13642,1.0,217.0,433.0,354.8,0.8648265582241795,0.25975555535502504,415.71634951016887,At-Risk (High Value)
13643,9.0,700.0,732.0,204.99666666666667,0.988048816694123,1.0759966151291411,836.4600134819486,Champions
13644,3.0,89.0,106.0,591.0566666666667,0.9670177532844262,1.846999622503356,4210.544705182152,Loyal Customers
13645,0.0,0.0,121.0,0.0,1.0,0.32003707640632023,,Lost / Dormant
13646,0.0,0.0,400.0,0.0,1.0,0.1289410060525241,,Lost / Dormant
13647,6.0,594.0,604.0,459.3633333333334,0.9868616693444049,0.8826412495591267,1548.9681018515228,Champions
13648,6.0,338.0,739.0,249.33,0.4508844597167763,0.335729877521909,320.7295854916482,At-Risk (High Value)
13649,5.0,271.0,528.0,273.694,0.7340601668942651,0.6293670088913151,662.0010122108322,At-Risk (High Value)
13650,8.0,666.0,683.0,347.85875,0.9889880244993152,1.0287127789832151,1358.597182695623,Champions
13651,2.0,346.0,382.0,47.099999999999994,0.9597888085398956,0.5133556397626168,101.3954403954159,Loyal Customers
13652,4.0,607.0,653.0,544.2225,0.9764331290799504,0.5698057595855521,1203.7414159650764,At-Risk (High Value)
13653,0.0,0.0,488.0,0.0,1.0,0.10851814271920425,,Lost / Dormant
13654,9.0,694.0,738.0,683.1133333333333,0.9861565579543925,1.0659320910751082,2757.6001839939786,Champions
13655,5.0,477.0,592.0,351.486,0.9589866215182792,0.7423711609932419,1003.3392898775809,At-Risk (High Value)
13656,3.0,431.0,596.0,251.23333333333335,0.9375669200587563,0.4668988312078007,463.3546764565328,At-Risk (High Value)
13657,1.0,191.0,202.0,229.8,0.9392487686032096,0.5242684054269164,541.162752426792,Loyal Customers
13658,6.0,663.0,673.0,840.54,0.9869841360279448,0.8004486780850899,2571.3442632482556,Champions
13659,10.0,455.0,661.0,447.38500000000005,0.793577584168548,1.0465910484960874,1768.5141665990984,At-Risk (High Value)
13660,0.0,0.0,401.0,0.0,1.0,0.12866581867527388,,Lost / Dormant
13661,0.0,0.0,604.0,0.0,1.0,0.08977652390879798,,Lost / Dormant
13662,6.0,573.0,659.0,324.94,0.9727395934203481,0.8041073623783017,999.5586640759865,At-Risk (High Value)
13663,4.0,467.0,647.0,375.515,0.935239353524624,0.550352206700673,802.7710601607528,At-Risk (High Value)
13665,2.0,118.0,505.0,539.425,0.5870473854484325,0.24648744101358142,540.0532181418235,At-Risk (High Value)
13666,3.0,675.0,736.0,35.85,0.9699456531974054,0.39882885503830834,58.24823068318488,Loyal Customers
13667,0.0,0.0,150.0,0.0,1.0,0.2772747346072256,,Lost / Dormant
13668,34.0,726.0,729.0,366.9011764705882,0.9975015051203056,3.90967894459412,5353.807765093209,Champions
13669,2.0,357.0,408.0,109.27499999999999,0.95655898817328,0.4836294415814682,217.02728623102706,Loyal Customers
13670,0.0,0.0,76.0,0.0,1.0,0.420845519774723,,Lost / Dormant
13671,0.0,0.0,395.0,0.0,1.0,0.13033479965911096,,Lost / Dormant
13672,2.0,429.0,731.0,93.19500000000001,0.8929358535900735,0.26877215484391936,103.77652052736914,Lost / Dormant
13673,1.0,14.0,33.0,183.32,0.9201190221091101,1.3854931476357764,1122.341695378696,Loyal Customers
13674,0.0,0.0,433.0,0.0,1.0,0.12044062116391707,,Lost / Dormant
13675,1.0,133.0,285.0,178.38000000000002,0.8644824547577127,0.36876693189279,298.1936489000636,Lost / Dormant
13676,1.0,80.0,620.0,115.60000000000001,0.5509933279311228,0.12046758092656454,64.40722695901593,Lost / Dormant
13677,1.0,116.0,521.0,282.23,0.6982629757941425,0.17835506936215284,228.13414112643773,Lost / Dormant
13678,0.0,0.0,152.0,0.0,1.0,0.2747436870399268,,Lost / Dormant
13679,2.0,242.0,736.0,77.23,0.6964004196762195,0.20831057792858443,66.92496746103473,Lost / Dormant
13680,11.0,734.0,736.0,983.0663636363636,0.993161649336113,1.2987810091279028,4816.950003301937,Champions
13681,3.0,138.0,156.0,208.12333333333333,0.9692856556144442,1.4354894800726257,1162.422571130967,Loyal Customers
13682,0.0,0.0,188.0,0.0,1.0,0.2359801177741616,,Lost / Dormant
13683,0.0,0.0,458.0,0.0,1.0,0.11471187330483677,,Lost / Dormant
13684,3.0,336.0,622.0,135.48333333333332,0.8563017178027337,0.410341676342922,220.61248962857522,At-Risk (High Value)
13685,5.0,58.0,61.0,151.56800000000004,0.9838134943663929,3.930317894754815,2235.887634978028,Champions
13686,2.0,219.0,402.0,91.80000000000001,0.8874492451775053,0.4544267959086298,171.8247799497712,Lost / Dormant
13687,0.0,0.0,439.0,0.0,1.0,0.11901413391251314,,At-Risk (High Value)
13688,0.0,0.0,636.0,0.0,1.0,0.08569408659654026,,Lost / Dormant
13689,1.0,381.0,445.0,910.0,0.929848145809658,0.27274282850653725,1112.8589127559003,Loyal Customers
13690,0.0,0.0,60.0,0.0,1.0,0.4739949674675321,,Lost / Dormant
13691,0.0,0.0,397.0,0.0,1.0,0.12977368009257645,,Lost / Dormant
13692,4.0,396.0,421.0,497.33000000000004,0.9778291619492822,0.8418574559659413,1618.2359235257857,At-Risk (High Value)
13693,8.0,358.0,733.0,229.78375,0.30630246201708156,0.29869459429804013,260.91561847790524,At-Risk (High Value)
13694,82.0,732.0,736.0,2224.9556097560976,0.9986177105077598,9.251805591220949,76586.20356844827,Champions
13695,14.0,546.0,578.0,178.86642857142857,0.98894421774504,2.0239961311333015,1359.8104854512444,Champions
13696,2.0,245.0,667.0,637.34,0.7497335858368118,0.24533819846228022,636.5398842358973,At-Risk (High Value)
13697,0.0,0.0,39.0,0.0,1.0,0.5683042828276013,,Loyal Customers
13698,1.0,85.0,682.0,281.23,0.5291692113929933,0.10612394575907312,135.63945148316753,Lost / Dormant
13699,1.0,395.0,551.0,308.58000000000004,0.9105237677794734,0.22128827107221744,309.31997063267755,Lost / Dormant
13700,10.0,644.0,671.0,255.916,0.9891748997006452,1.2868739981930548,1244.8282454296673,Champions
13701,0.0,0.0,447.0,0.0,1.0,0.11716391788606567,,Lost / Dormant
13702,0.0,0.0,446.0,0.0,1.0,0.11739204141407238,,Lost / Dormant
13703,1.0,97.0,416.0,99.5,0.7277118867515748,0.22626133354743577,104.18831159214922,Lost / Dormant
13704,8.0,83.0,89.0,277.4375,0.9872582211866495,4.945066936893397,5087.212299782425,Champions
13705,6.0,617.0,625.0,297.48,0.9871529462466585,0.8561111176930777,973.9683451288466,Champions
13706,1.0,324.0,627.0,330.79,0.8634895790829511,0.1868876446863718,280.1845361184875,Lost / Dormant
13707,3.0,269.0,537.0,881.7866666666667,0.8316507910914369,0.45459952079128685,1576.2948643793309,At-Risk (High Value)
13708,0.0,0.0,272.0,0.0,1.0,0.17755888405587072,,Lost / Dormant
13709,11.0,694.0,698.0,662.2736363636363,0.9929393194276818,1.3629866496484482,3404.54493436428,Champions
13710,2.0,581.0,613.0,140.76,0.9633169279687982,0.340253836718541,196.80240845025955,Loyal Customers
13711,7.0,506.0,725.0,237.96571428571428,0.8883071095870907,0.7740594348515786,702.5163352604152,At-Risk (High Value)
13712,1.0,364.0,611.0,228.84,0.8857125388612792,0.19621878888373356,204.45824273630012,Lost / Dormant
13713,2.0,175.0,584.0,246.39,0.6753971247639361,0.2491807433643755,250.760237455611,At-Risk (High Value)
13714,0.0,0.0,466.0,0.0,1.0,0.11299209080116618,,Lost / Dormant
13715,15.0,357.0,639.0,509.01733333333334,0.061483089903696594,0.1227974410289287,234.57139325944482,At-Risk (High Value)
13716,0.0,0.0,270.0,0.0,1.0,0.17861142836466384,,Lost / Dormant
13717,7.0,453.0,486.0,226.19,0.9835901918030506,1.2274847648707614,1055.030256880056,At-Risk (High Value)
13718,1.0,49.0,296.0,192.5,0.7050841805912302,0.2916601814769839,254.25817917960256,Lost / Dormant
13719,10.0,556.0,572.0,241.26399999999998,0.9904584056657021,1.488171052239443,1355.2592305307103,Champions
13720,3.0,138.0,255.0,177.9,0.8896446392059117,0.9121858104839522,636.0959178045636,At-Risk (High Value)
13721,1.0,359.0,396.0,524.14,0.9351583096122593,0.30331423863400186,713.9712370712027,Loyal Customers
13722,5.0,515.0,647.0,994.174,0.9560759985390468,0.6831133645352666,2610.026447442274,At-Risk (High Value)
13723,4.0,394.0,612.0,222.2425,0.901584764253927,0.5578905585911428,482.1797743893443,At-Risk (High Value)
13724,0.0,0.0,638.0,0.0,1.0,0.08545122999185162,,Lost / Dormant
13725,7.0,259.0,309.0,147.55857142857144,0.9696324697283643,1.7798163059152408,994.1105253178692,At-Risk (High Value)
13726,1.0,62.0,101.0,786.98,0.9135588670784947,0.816863759775327,2829.144292195547,Loyal Customers
13727,5.0,702.0,731.0,189.89000000000001,0.9826124594059615,0.628181752075952,460.3739828623739,Loyal Customers
13728,15.0,694.0,731.0,181.34466666666668,0.9896955119323624,1.7487915892948531,1192.5642066902667,Champions
13729,2.0,249.0,685.0,183.425,0.7439471161000084,0.2376195419558077,178.7448735001987,Lost / Dormant
13730,1.0,26.0,162.0,445.84999999999997,0.7805587630690957,0.5118235841981069,1014.1183891152461,Lost / Dormant
13731,1.0,27.0,247.0,302.47,0.6800066913707363,0.32516978899079724,441.3050779545606,Lost / Dormant
13732,0.0,0.0,29.0,0.0,1.0,0.627870354986633,,Loyal Customers
13733,1.0,325.0,736.0,337.93,0.8326016630779237,0.15575362438982193,238.85685737955805,Lost / Dormant
13734,2.0,94.0,603.0,523.44,0.3891917930928057,0.1395177317888449,297.19393449128455,At-Risk (High Value)
13735,11.0,702.0,727.0,847.2590909090909,0.9903650375697683,1.309803150917266,4186.534071929977,Champions
13736,5.0,728.0,734.0,409.084,0.9852610511180804,0.6275162877599972,988.7183980480934,Champions
13737,0.0,0.0,201.0,0.0,1.0,0.22454307560484252,,Lost / Dormant
13738,0.0,0.0,397.0,0.0,1.0,0.12977368009257645,,Lost / Dormant
13739,1.0,509.0,528.0,216.9,0.9401602930546819,0.2373184577799831,234.23033200487697,Loyal Customers
13740,4.0,497.0,738.0,321.52,0.9140609123473262,0.4770956862537199,596.7935266771572,At-Risk (High Value)
13741,2.0,146.0,218.0,252.735,0.9314766684365849,0.7849168470972903,800.6424337934853,Loyal Customers
13742,10.0,304.0,321.0,266.184,0.9882529982352427,2.445624290816421,2441.6108969050156,Champions
13743,6.0,257.0,260.0,199.98000000000002,0.9873522510820186,1.812261924350572,1373.9610547822265,Loyal Customers
13744,1.0,197.0,293.0,263.2,0.907661881846173,0.3785848042440383,448.9056890331357,At-Risk (High Value)
13745,1.0,384.0,547.0,300.04,0.908080305281927,0.2221313866994829,301.9838548305144,Lost / Dormant
13746,0.0,0.0,414.0,0.0,1.0,0.12519243544506692,,Lost / Dormant
13747,1.0,51.0,425.0,159.2,0.5960964753845919,0.18195065155061693,132.28733074617597,Lost / Dormant
13748,7.0,643.0,739.0,299.32142857142856,0.973175446889583,0.8332845040140738,950.9813003801947,At-Risk (High Value)
13750,10.0,564.0,618.0,322.86,0.9826049032110801,1.3772295300794675,1678.9772363875416,Champions
13751,0.0,0.0,289.0,0.0,1.0,0.16908959221530812,,Lost / Dormant
13752,6.0,403.0,528.0,197.71333333333337,0.9446443621008795,0.9527917043972619,720.0068892001327,At-Risk (High Value)
13753,3.0,449.0,737.0,484.1233333333333,0.8937391062400672,0.36703676386097117,701.6253959196891,At-Risk (High Value)
13754,2.0,286.0,438.0,141.3,0.9193758346189973,0.43722322701898286,252.95159871763718,Lost / Dormant
13755,7.0,60.0,64.0,237.9557142857143,0.9869290741887786,5.211905563537051,4598.789776481865,Champions
13756,20.0,722.0,725.0,446.27049999999997,0.9959968821757177,2.3391103335737284,3910.1613777861535,Champions
13757,0.0,0.0,675.0,0.0,1.0,0.08119435170939887,,Lost / Dormant
13758,13.0,727.0,739.0,639.8492307692309,0.9930727727186756,1.51558698146032,3650.173761466627,Champions
13759,1.0,38.0,72.0,99.0,0.9111375764317464,0.9852030167051534,441.4171586192062,Loyal Customers
13760,4.0,539.0,594.0,266.33000000000004,0.9740689195707303,0.619153660637738,640.6633484131944,At-Risk (High Value)
13761,4.0,606.0,657.0,410.0675,0.9756627362947201,0.5662111617783362,901.8383538378201,At-Risk (High Value)
13762,4.0,480.0,699.0,506.28,0.9208074211667915,0.5050821299592345,993.3533803051572,At-Risk (High Value)
13763,2.0,372.0,436.0,1010.48,0.9539779554734882,0.45548219021876457,1863.4526786896756,At-Risk (High Value)
13764,4.0,572.0,643.0,499.255,0.9717887138651987,0.5750812439818294,1114.515642391699,At-Risk (High Value)
13765,0.0,0.0,654.0,0.0,1.0,0.08355684376405209,,Lost / Dormant
13766,0.0,0.0,496.0,0.0,1.0,0.10697787753534031,,Lost / Dormant
13767,58.0,736.0,739.0,585.6112068965518,0.9983940530976091,6.53996505048245,14263.181505872586,Champions
13768,1.0,4.0,731.0,356.55,0.2137914967079519,0.040244132238443565,65.0763632094293,Lost / Dormant
13769,17.0,721.0,724.0,328.59823529411767,0.9953566087629517,2.0008399036916544,2467.111190912656,Champions
13770,3.0,308.0,731.0,203.67999999999998,0.7265238165196166,0.3006083118139304,242.59045245771745,At-Risk (High Value)
13771,6.0,588.0,653.0,809.8766666666667,0.9778078872579374,0.815032062269457,2522.065742870936,Champions
13772,6.0,621.0,655.0,425.27,0.9836400385605752,0.8176224195661587,1329.5076128486164,Champions
13773,1.0,263.0,660.0,210.14000000000001,0.8146941111040799,0.16832705922152236,161.41321501408535,Lost / Dormant
13774,0.0,0.0,82.0,0.0,1.0,0.4038719700405125,,Lost / Dormant
13775,0.0,0.0,591.0,0.0,1.0,0.09154834481612645,,Lost / Dormant
13777,45.0,737.0,738.0,887.3351111111111,0.9982432698417092,5.096377423786118,16855.453799911164,Champions
13778,3.0,462.0,566.0,257.26,0.9570166423308752,0.4991662015276878,506.9452125549549,At-Risk (High Value)
13779,0.0,0.0,516.0,0.0,1.0,0.10331201208434142,,Lost / Dormant
13780,2.0,400.0,408.0,180.00500000000002,0.9661615886343562,0.48848444828376153,358.73057878927557,Loyal Customers
13781,2.0,471.0,722.0,232.195,0.914502050912295,0.27840233430362976,264.6759883193485,At-Risk (High Value)
13782,12.0,721.0,734.0,138.44333333333333,0.9924944701353479,1.4126539919695151,738.2355462852265,Champions
13783,3.0,186.0,674.0,351.06999999999994,0.44783881359622457,0.19954891296059102,276.66586280758713,At-Risk (High Value)
13784,13.0,441.0,451.0,193.92615384615385,0.9926309482482216,2.357212662721159,1714.363077821228,Champions
13785,2.0,32.0,461.0,231.13,0.24162332897935332,0.10990361117795155,103.54361863444956,At-Risk (High Value)
13786,5.0,369.0,737.0,527.17,0.6805239437153664,0.43181112599338606,876.4339589405347,At-Risk (High Value)
13787,5.0,619.0,695.0,211.632,0.9745884383039866,0.6524827888192575,532.4888013721182,At-Risk (High Value)
13788,0.0,0.0,506.0,0.0,1.0,0.10511298141965515,,Lost / Dormant
13789,0.0,0.0,389.0,0.0,1.0,0.13204767032933687,,Lost / Dormant
13790,0.0,0.0,5.0,0.0,1.0,0.8395138470884979,,Loyal Customers
13791,1.0,41.0,169.0,579.0,0.8139540745002303,0.5178820729806641,1330.8086907119937,At-Risk (High Value)
13792,2.0,356.0,423.0,97.775,0.9526650268883137,0.4669196449516652,187.92283417406898,Loyal Customers
13793,0.0,0.0,647.0,0.0,1.0,0.08437519891330678,,Lost / Dormant
13794,0.0,0.0,547.0,0.0,1.0,0.09810153276396659,,Lost / Dormant
13795,3.0,249.0,638.0,204.6,0.6898914287275391,0.32309638570881427,261.5869369973775,At-Risk (High Value)
13796,0.0,0.0,500.0,0.0,1.0,0.1062240315044401,,Lost / Dormant
13797,2.0,211.0,648.0,412.48,0.701836698341651,0.23576554326531662,396.4046826762022,At-Risk (High Value)
13798,98.0,730.0,732.0,754.9274489795919,0.9990196179485643,11.102179198955483,31171.763397533825,Champions
13799,8.0,528.0,645.0,303.15875,0.9582423006236981,1.04992433688705,1208.051203619529,At-Risk (High Value)
13800,2.0,427.0,737.0,600.4300000000001,0.8899417323980183,0.2658725840308587,650.5721544914466,At-Risk (High Value)
13801,0.0,0.0,67.0,0.0,1.0,0.4491712276175015,,Lost / Dormant
13802,17.0,523.0,662.0,1473.2288235294118,0.8427191375080025,1.8380823446494106,10148.202903402635,Champions
13803,2.0,363.0,619.0,452.69000000000005,0.8949864637109648,0.31335484929875657,577.7374341230881,At-Risk (High Value)
13804,7.0,406.0,437.0,380.82714285714286,0.9833406180640667,1.346487222148841,1944.4871009840756,Champions
13805,1.0,77.0,130.0,424.36,0.9068104480779748,0.6912876105397697,1300.3962545141953,Loyal Customers
13806,0.0,0.0,64.0,0.0,1.0,0.45948311220653343,,Lost / Dormant
13807,2.0,368.0,736.0,213.425,0.8521422362207564,0.254896804609958,222.93284605334907,Lost / Dormant
13808,4.0,91.0,97.0,293.55,0.9792903747362809,2.511681187283162,2801.460282875406,Loyal Customers
13809,2.0,155.0,461.0,276.325,0.7429566591965212,0.3379376492299781,380.1438104847231,At-Risk (High Value)
13810,1.0,28.0,57.0,228.01,0.9129663042211424,1.1071347416356676,1116.4342318734493,Loyal Customers
13811,1.0,56.0,240.0,297.0,0.7781189193441704,0.3805685317821868,507.06696207005325,Lost / Dormant
13812,2.0,63.0,106.0,112.13,0.9319928013141355,1.2946095619476141,585.6759584927447,Loyal Customers
13813,7.0,694.0,734.0,305.76000000000005,0.9848361188918233,0.8485322457070874,989.1198360992114,At-Risk (High Value)
13814,2.0,435.0,528.0,789.56,0.9498314501472791,0.38340058191136145,1228.8031775771544,At-Risk (High Value)
13815,7.0,643.0,666.0,864.6971428571429,0.9869067645927477,0.9291911084707454,3057.1593546632666,Champions
13816,1.0,41.0,65.0,181.98000000000002,0.9216151052839946,1.0495910691839379,849.2998397714751,Loyal Customers
13817,1.0,322.0,352.0,218.28,0.9360645704693011,0.33547459784651107,331.6117006682382,Loyal Customers
13818,0.0,0.0,430.0,0.0,1.0,0.12116677104331693,,Lost / Dormant
13819,5.0,437.0,739.0,404.05,0.8277099854330991,0.5239016840178445,815.3703020182185,At-Risk (High Value)
13820,2.0,262.0,681.0,212.76500000000001,0.7666723159041932,0.24618710822614082,214.50486499799263,Lost / Dormant
13821,5.0,560.0,705.0,220.30599999999998,0.9552187252703851,0.6312322567778321,536.2538295950728,At-Risk (High Value)
13822,1.0,35.0,41.0,163.62,0.9376387786732175,1.3065500870127944,948.5141866053203,Loyal Customers
13823,6.0,706.0,725.0,501.98333333333335,0.9860331262881975,0.7471797220669268,1435.0900350168558,Champions
13824,11.0,605.0,638.0,292.52727272727276,0.9884047328485559,1.47222637250868,1624.0707186147336,Champions
13825,1.0,109.0,731.0,112.22999999999999,0.5647020330596465,0.10629956590282409,55.31404703041714,Lost / Dormant
13826,0.0,0.0,177.0,0.0,1.0,0.24661001237133195,,Lost / Dormant
13827,2.0,86.0,144.0,149.655,0.9257759516565599,1.0539769357058066,636.2881163118623,Loyal Customers
13828,0.0,0.0,23.0,0.0,1.0,0.6700452272176218,,Loyal Customers
13829,0.0,0.0,422.0,0.0,1.0,0.12314669742831268,,Lost / Dormant
13830,0.0,0.0,582.0,0.0,1.0,0.09281653794419487,,Lost / Dormant
13831,17.0,713.0,730.0,355.59294117647056,0.9936475462275416,1.982367856109972,2645.1888786329173,Champions
13832,1.0,403.0,423.0,52.199999999999996,0.9392785118552429,0.28787208249310214,71.81473885693273,Loyal Customers
13833,1.0,245.0,405.0,384.8,0.8920266648701467,0.2838106672924041,491.8368914035892,Lost / Dormant
13834,1.0,93.0,670.0,121.74,0.5575841003276145,0.11364224852915644,63.93374229282311,Lost / Dormant
13835,6.0,620.0,646.0,161.8033333333333,0.984793647592719,0.8289128776244443,513.9690739721015,Loyal Customers
13836,1.0,15.0,415.0,299.5,0.4490121143676754,0.13989705115092285,189.2621529623048,Lost / Dormant
13837,1.0,106.0,318.0,157.54000000000002,0.8108574244873836,0.31625396755863433,226.78093786873944,Lost / Dormant
13838,5.0,574.0,580.0,345.13,0.9851109179902929,0.7767367563286843,1030.639056420002,Champions
13839,0.0,0.0,487.0,0.0,1.0,0.10871380122303526,,Lost / Dormant
13840,0.0,0.0,417.0,0.0,1.0,0.12441736430406866,,Lost / Dormant
13841,0.0,0.0,253.0,0.0,1.0,0.18808911612199913,,Lost / Dormant
13842,15.0,603.0,662.0,351.0513333333333,0.9817155655128492,1.898875799287296,2502.9466373758896,Champions
13843,0.0,0.0,382.0,0.0,1.0,0.13410383794351885,,Lost / Dormant
13844,0.0,0.0,12.0,0.0,1.0,0.7642721777299901,,Loyal Customers
13845,0.0,0.0,65.0,0.0,1.0,0.45599342242816304,,Lost / Dormant
13846,3.0,375.0,400.0,288.3533333333333,0.9724024387312915,0.6874419150703388,779.2285870423607,Loyal Customers
13847,0.0,0.0,720.0,0.0,1.0,0.07655610982145496,,Lost / Dormant
13848,7.0,638.0,731.0,368.1771428571429,0.9737531446251471,0.8421369017092469,1181.673249862939,At-Risk (High Value)
13849,4.0,573.0,625.0,739.9124999999999,0.9750892857276228,0.5920412523504183,1698.9910951003887,At-Risk (High Value)
13850,0.0,0.0,130.0,0.0,1.0,0.305416219001215,,At-Risk (High Value)
13851,6.0,584.0,680.0,637.4066666666668,0.9706275558041582,0.7798077485413168,1900.2631527868048,At-Risk (High Value)
13852,0.0,0.0,611.0,0.0,1.0,0.08885058790621478,,Lost / Dormant
13853,0.0,0.0,58.0,0.0,1.0,0.48160151503726156,,Loyal Customers
13854,37.0,692.0,701.0,323.78837837837835,0.9968558349753062,4.400022206810226,5313.409991312445,Champions
13855,3.0,231.0,732.0,332.2966666666667,0.5301524201875872,0.21908272228118733,287.7740481278841,At-Risk (High Value)
13856,10.0,451.0,620.0,103.44500000000001,0.8682259516167552,1.2133721827679298,475.10860923001815,At-Risk (High Value)
13857,4.0,178.0,572.0,196.565,0.3819861384484305,0.25116235748004073,191.97547765107453,At-Risk (High Value)
13858,0.0,0.0,58.0,0.0,1.0,0.48160151503726156,,Lost / Dormant
13859,1.0,203.0,530.0,201.16,0.8134621440943932,0.20464935993635236,187.58184479966698,Lost / Dormant
13860,3.0,85.0,87.0,280.00666666666666,0.9762562240803497,2.09548141144088,2262.909273651714,Loyal Customers
13861,1.0,101.0,531.0,144.82999999999998,0.6604345582823461,0.16587325934956568,110.2350914015895,Lost / Dormant
13862,8.0,371.0,390.0,276.17,0.986958903206644,1.6848129591142378,1757.212132080972,Champions
13863,3.0,346.0,594.0,311.6766666666667,0.8837641274027628,0.4414369068930493,542.9514633083021,At-Risk (High Value)
13864,0.0,0.0,387.0,0.0,1.0,0.13262868117432405,,Lost / Dormant
13865,3.0,231.0,290.0,126.08666666666666,0.9567210902560946,0.8847644437967372,439.2316404748625,Loyal Customers
13866,0.0,0.0,75.0,0.0,1.0,0.4238145858150126,,Lost / Dormant
13867,2.0,187.0,219.0,438.22,0.9559237966641494,0.802699794096142,1415.4173224964215,Loyal Customers
13868,1.0,31.0,39.0,305.28000000000003,0.9354495299981189,1.3282649967213593,1779.9590611357587,Loyal Customers
13869,9.0,568.0,692.0,761.4655555555556,0.9560123406180222,1.0959715941425037,3158.590595754705,At-Risk (High Value)
13870,11.0,667.0,670.0,463.68545454545455,0.9930342319032999,1.4149018158974833,2474.1118171065573,Champions
13871,15.0,697.0,720.0,488.79,0.9921947131184395,1.7777116464341183,3264.3482550609892,Champions
13872,2.0,198.0,726.0,333.725,0.6104023631298742,0.18488810620704652,252.03636592395213,At-Risk (High Value)
13873,7.0,527.0,647.0,127.05285714285716,0.9589004273531292,0.9268450906891881,449.53539138041475,At-Risk (High Value)
13874,6.0,315.0,674.0,316.4666666666667,0.4932270524923728,0.3994696509533767,483.7403377479797,At-Risk (High Value)
13875,12.0,669.0,723.0,387.4816666666666,0.9851073039766022,1.421661990875921,2076.1534249101214,Champions
13876,0.0,0.0,64.0,0.0,1.0,0.45948311220653343,,Lost / Dormant
13877,2.0,603.0,690.0,147.425,0.9556354437165663,0.30321822597478326,183.78285470891228,Loyal Customers
13878,3.0,550.0,605.0,615.2933333333334,0.9692444160415371,0.47621104279110965,1154.2558397629837,At-Risk (High Value)
13879,0.0,0.0,646.0,0.0,1.0,0.08449341749221209,,Lost / Dormant
13880,13.0,541.0,563.0,320.46846153846155,0.9908317357002323,1.9346071067179724,2328.987734312208,Champions
13881,31.0,642.0,646.0,1300.96,0.9971293929473805,3.9856255509151466,19337.770287548174,Champions
13882,4.0,62.0,65.0,249.5925,0.980616485475484,3.127719480144743,2954.4885908145125,Loyal Customers
13883,10.0,639.0,650.0,611.402,0.9914118469481852,1.3275584379826226,3064.5688998655664,Champions
13884,7.0,463.0,471.0,233.44,0.9884846933175403,1.2679875638460125,1124.32546565576,Champions
13885,1.0,11.0,201.0,107.65,0.6676546124660142,0.37406116661531014,184.11281552210426,Lost / Dormant
13886,0.0,0.0,72.0,0.0,1.0,0.43297944281078143,,Lost / Dormant
13887,0.0,0.0,205.0,0.0,1.0,0.22124400895879368,,Lost / Dormant
13888,4.0,456.0,576.0,470.2825,0.9553734179077428,0.6242670616092632,1138.569050326172,At-Risk (High Value)
13889,5.0,594.0,687.0,334.37,0.9705567755925439,0.6566767996942907,845.5501543477678,At-Risk (High Value)
13890,12.0,732.0,734.0,226.14416666666668,0.9937003159783012,1.4143703168408421,1206.3172506955711,Champions
13891,2.0,204.0,583.0,232.58,0.7394010873120566,0.27321387998969254,259.64549348166787,At-Risk (High Value)
13892,5.0,549.0,576.0,148.482,0.9820268214119512,0.7791212873997394,445.9925236432537,Loyal Customers
13893,0.0,0.0,298.0,0.0,1.0,0.16492512159667808,,Lost / Dormant
13894,1.0,287.0,311.0,403.77000000000004,0.9369296027958653,0.3721896520428544,674.2788210719392,Loyal Customers
13895,5.0,708.0,737.0,635.504,0.9826399207778553,0.6235120079986634,1525.22563639312,Champions
13896,0.0,0.0,626.0,0.0,1.0,0.08692937950979793,,Lost / Dormant
13897,2.0,627.0,678.0,339.025,0.9611044599406381,0.309863794841916,428.8064786418256,Loyal Customers
13898,1.0,86.0,412.0,155.93,0.7065488163598175,0.22151482893297755,157.76173894747893,Lost / Dormant
13899,1.0,258.0,275.0,90.02,0.9383646301583913,0.41198396549256333,171.3901632153005,Loyal Customers
13900,5.0,441.0,625.0,270.01800000000003,0.9229416416733797,0.6804008365248977,707.2507213791362,At-Risk (High Value)
13901,11.0,631.0,704.0,490.65727272727275,0.9789928802864688,1.3333852970372537,2468.157427894259,Champions
13902,4.0,92.0,725.0,3609.2500000000005,0.02817340864404039,0.01494648371213617,209.2978787821344,At-Risk (High Value)
13903,0.0,0.0,401.0,0.0,1.0,0.12866581867527388,,Lost / Dormant
13904,1.0,257.0,295.0,131.52,0.9322585030280898,0.3866964379303747,232.32045356692453,Loyal Customers
13905,0.0,0.0,733.0,0.0,1.0,0.07531324641733567,,Lost / Dormant
13906,0.0,0.0,410.0,0.0,1.0,0.12624101826876008,,Lost / Dormant
13907,0.0,0.0,692.0,0.0,1.0,0.07937753632789463,,Lost / Dormant
13908,3.0,197.0,277.0,624.5166666666668,0.941777325118467,0.9038654706011514,2204.076370428113,At-Risk (High Value)
13909,1.0,98.0,522.0,174.14,0.6592633925224989,0.16810778981216182,133.74214000083109,Lost / Dormant
13911,18.0,591.0,649.0,227.43055555555554,0.9802932583269781,2.3001808940425787,1960.5190043329098,Champions
13912,0.0,0.0,424.0,0.0,1.0,0.12264567161102308,,Lost / Dormant
13913,0.0,0.0,507.0,0.0,1.0,0.10493006288398078,,Lost / Dormant
13914,1.0,25.0,37.0,305.38,0.9306810408005689,1.3470919865594853,1805.0134851448993,Loyal Customers
13915,0.0,0.0,395.0,0.0,1.0,0.13033479965911096,,Lost / Dormant
13916,3.0,212.0,676.0,303.77,0.5359514821887627,0.2381676658805933,285.88300213718344,At-Risk (High Value)
13917,1.0,142.0,192.0,206.66,0.9202419183012253,0.533495335484614,495.77101547740057,Loyal Customers
13918,1.0,204.0,254.0,1014.64,0.9257371906903239,0.43302304187256424,1955.3974425000774,Loyal Customers
13919,3.0,481.0,541.0,223.8033333333333,0.9671356049999132,0.5251813749206562,464.1215162170633,At-Risk (High Value)
13920,3.0,131.0,563.0,417.01,0.3719863573473348,0.19494647609703963,320.32340613551946,At-Risk (High Value)
13921,3.0,319.0,722.0,209.3166666666667,0.7550744684019236,0.31598432673195975,261.98494316972074,At-Risk (High Value)
13922,2.0,116.0,468.0,221.0,0.6228906502848844,0.27961904101156887,252.025239599684,At-Risk (High Value)
13923,0.0,0.0,54.0,0.0,1.0,0.49757439037601214,,Loyal Customers
13924,5.0,71.0,73.0,231.964,0.9846581901013828,3.594787194529777,3130.3773938599693,Loyal Customers
13925,2.0,42.0,135.0,149.065,0.8472584455923419,1.0076288860571463,605.4282014455187,At-Risk (High Value)
13926,0.0,0.0,24.0,0.0,1.0,0.662624723082406,,Loyal Customers
13927,1.0,363.0,438.0,348.99,0.9267973119268293,0.2756141397069562,434.00587673639933,Loyal Customers
13928,3.0,123.0,134.0,120.12333333333333,0.9722239231175478,1.5977089060831888,748.4792516978796,Loyal Customers
13929,8.0,525.0,695.0,381.17,0.9240124805439248,0.9459927535876511,1369.0389742259413,At-Risk (High Value)
13930,1.0,79.0,137.0,127.33999999999999,0.9037490504524724,0.6652868678318764,383.3705642541081,Loyal Customers
13931,7.0,641.0,737.0,577.3828571428572,0.9731074308920903,0.8352987322210812,1837.249538084952,At-Risk (High Value)
13932,0.0,0.0,295.0,0.0,1.0,0.16629027995263762,,Lost / Dormant
13933,1.0,39.0,149.0,307.8,0.8311438193609904,0.5778172756103451,792.4065624851236,Lost / Dormant
13934,0.0,0.0,264.0,0.0,1.0,0.18184535653065262,,Lost / Dormant
13935,2.0,56.0,653.0,1898.4450000000002,0.2011058523252761,0.06708780262899768,517.3798922892023,At-Risk (High Value)
13936,2.0,235.0,415.0,265.74,0.8945794653397748,0.44572608713140915,481.7444658351455,At-Risk (High Value)
13937,1.0,233.0,403.0,158.85,0.8862054883095435,0.28315779211331715,205.29858003249376,At-Risk (High Value)
13938,0.0,0.0,36.0,0.0,1.0,0.5849466826369887,,Lost / Dormant
13939,6.0,589.0,613.0,232.59666666666666,0.9849143134731675,0.86924170395759,773.5225531740073,Loyal Customers
13940,3.0,127.0,145.0,206.84,0.968766840140144,1.5092806194297699,1213.5277952053198,Loyal Customers
13941,13.0,702.0,724.0,739.6123076923076,0.9917072183576359,1.5422026381945186,4292.399273232736,Champions
13942,0.0,0.0,535.0,0.0,1.0,0.10005488415698227,,Lost / Dormant
13943,0.0,0.0,578.0,0.0,1.0,0.09339153050564514,,Lost / Dormant
13944,0.0,0.0,654.0,0.0,1.0,0.08355684376405209,,Lost / Dormant
13945,1.0,85.0,480.0,338.5,0.6557437982102613,0.18004188303198146,275.3642960508636,Lost / Dormant
13946,5.0,656.0,736.0,319.206,0.9746091970324596,0.6191863008831914,761.654690457639,At-Risk (High Value)
13947,0.0,0.0,66.0,0.0,1.0,0.4525565249597049,,Lost / Dormant
13948,3.0,375.0,736.0,131.03666666666666,0.8266598947407314,0.33991164168703586,177.07380278935486,At-Risk (High Value)
13949,5.0,92.0,95.0,377.884,0.9842815763334453,3.1035125406438606,4410.491521675295,Champions
13950,3.0,235.0,247.0,188.58333333333334,0.9739385939825368,1.0240678260813347,756.394604185072,Loyal Customers
13951,2.0,118.0,295.0,230.945,0.8295002444481411,0.5502825280699396,515.2807872417585,At-Risk (High Value)
13952,10.0,506.0,724.0,1159.673,0.811194228671837,0.9846219118158568,4313.973431116827,Champions
13953,11.0,721.0,729.0,319.38181818181823,0.9925288486380457,1.3093669365967573,1578.695803137652,Champions
13954,1.0,69.0,71.0,212.51,0.9418005754710274,1.025765350738666,967.4242918046676,Loyal Customers
13955,2.0,221.0,376.0,161.48,0.903534491745558,0.4898113012415184,322.7537537064189,At-Risk (High Value)
13956,4.0,266.0,272.0,226.675,0.9811019540897912,1.2159967396968505,1062.169230632568,Loyal Customers
13957,2.0,241.0,659.0,177.70499999999998,0.7487148816586662,0.2477036769018356,180.51301531847494,Lost / Dormant
13958,4.0,355.0,735.0,974.4200000000001,0.7346258638539411,0.3848732735245337,1456.2118847807367,At-Risk (High Value)
13959,5.0,432.0,512.0,206.586,0.9676117590794063,0.8525324081045254,677.2441704121036,At-Risk (High Value)
13960,1.0,50.0,72.0,102.12,0.9250971521454574,1.0002973520292793,461.79617691895174,Loyal Customers
13961,0.0,0.0,393.0,0.0,1.0,0.13090079512637745,,Lost / Dormant
13962,2.0,414.0,436.0,84.775,0.9636382710604302,0.46009456273376775,161.06732339289906,Loyal Customers
13963,16.0,289.0,598.0,169.15875,0.0059934523421052936,0.013519566542355756,8.578603599903973,At-Risk (High Value)
13964,1.0,43.0,431.0,133.25,0.5617365819056576,0.16939800116255763,103.5579266493838,Lost / Dormant
13965,2.0,227.0,704.0,204.14999999999998,0.6910321324510978,0.21528093396764303,180.10100171292774,At-Risk (High Value)
13966,0.0,0.0,436.0,0.0,1.0,0.11972312675328242,,Lost / Dormant
13967,1.0,251.0,397.0,80.7,0.8977526331587975,0.29055464948679355,109.35896495513606,Lost / Dormant
13968,0.0,0.0,424.0,0.0,1.0,0.12264567161102308,,Lost / Dormant
13969,32.0,617.0,625.0,406.40375,0.9965952501213976,4.2339860537644185,6415.537964672958,Champions
13970,1.0,51.0,438.0,558.0,0.5854984852869985,0.1741175327608658,436.6660736214016,Lost / Dormant
13971,13.0,664.0,683.0,338.4884615384616,0.9919892656841129,1.6269690112574784,2072.3305142584577,Champions
13972,1.0,131.0,202.0,44.349999999999994,0.9080326662109256,0.5068442503234885,107.65418441557289,Lost / Dormant
13973,0.0,0.0,288.0,0.0,1.0,0.16956534013718197,,Lost / Dormant
13974,1.0,533.0,583.0,413.59000000000003,0.9355055102221567,0.21617254807520925,404.01783881520385,Loyal Customers
13975,10.0,644.0,676.0,480.51800000000003,0.9883720103321735,1.2771769722627817,2318.3134935952853,Champions
13976,3.0,462.0,669.0,305.65000000000003,0.9273774257167775,0.41602919810884403,502.4083682343622,At-Risk (High Value)
13977,0.0,0.0,412.0,0.0,1.0,0.1257145393168938,,Lost / Dormant
13978,1.0,31.0,46.0,37.800000000000004,0.9284793777355222,1.2361807271415248,222.7952287097808,Loyal Customers
13979,5.0,663.0,737.0,641.23,0.9757653784265216,0.6191499221369787,1528.1857124443823,At-Risk (High Value)
13980,4.0,596.0,657.0,145.755,0.9739377094922089,0.5652100684767124,321.2887773654796,At-Risk (High Value)
13981,0.0,0.0,416.0,0.0,1.0,0.12467465232005752,,Lost / Dormant
13982,8.0,649.0,689.0,451.2675,0.9855708042865897,1.017022794705199,1742.045797106905,Champions
13983,18.0,701.0,731.0,385.1388888888889,0.9916165933681147,2.0876624737619838,3015.2425537753847,Champions
13984,10.0,706.0,733.0,166.19,0.9895083400594237,1.1875473731172097,747.1364931984616,Champions
13985,21.0,664.0,669.0,466.5004761904762,0.9959106696735719,2.6386385433193955,4605.5864847916155,Champions
13986,0.0,0.0,18.0,0.0,1.0,0.7098055618822706,,Loyal Customers
13987,1.0,21.0,401.0,305.08,0.49186417003948174,0.15783028337490446,217.36440588597685,Lost / Dormant
13988,7.0,606.0,626.0,635.3714285714285,0.9871619945343987,0.9830734290941466,2375.8253563097237,Champions
13989,4.0,498.0,564.0,416.095,0.971113697821271,0.6466178113383744,1043.4977926660017,At-Risk (High Value)
13990,0.0,0.0,214.0,0.0,1.0,0.2141646037837844,,Lost / Dormant
13991,4.0,131.0,144.0,182.15499999999997,0.9766177986562106,1.9456406807361741,1355.8799721979778,Loyal Customers
13992,2.0,433.0,464.0,71.8,0.962158532111136,0.4351709134772973,129.61330462331415,Loyal Customers
13993,17.0,694.0,737.0,365.8211764705882,0.9885679167604834,1.9550630718348714,2683.959562474458,Champions
13994,5.0,145.0,149.0,404.914,0.9842900187694349,2.325901828831142,3561.317590663514,Champions
13995,13.0,706.0,722.0,289.10076923076923,0.9925347865009655,1.5474019356752948,1684.4449807432457,Champions
13996,1.0,13.0,400.0,403.38,0.4515436389182861,0.14520226149395238,263.6272235791984,Lost / Dormant
13997,1.0,31.0,551.0,238.76,0.4222575024502152,0.10262294733102655,111.37523183142108,Lost / Dormant
13998,2.0,130.0,577.0,151.32500000000002,0.5508707268446308,0.2054463773538512,127.55710788849439,Lost / Dormant
13999,28.0,724.0,735.0,326.8467857142858,0.9960530353593295,3.204200272352615,3913.667732902894,Champions
14000,4.0,526.0,738.0,463.58500000000004,0.9308437856340411,0.48585553621543875,875.5189282328163,At-Risk (High Value)
14001,7.0,448.0,494.0,575.6457142857142,0.9803138930099735,1.205949949218644,2634.624597703371,Champions
14002,1.0,22.0,157.0,304.94,0.7738581625477301,0.5187637876819556,705.3861170353752,Lost / Dormant
14003,0.0,0.0,733.0,0.0,1.0,0.07531324641733567,,Lost / Dormant
14004,8.0,392.0,436.0,677.1625,0.9801278546055369,1.5201195708675987,3888.403100128532,Champions
14005,4.0,206.0,216.0,671.89,0.9794444246794513,1.454304975129514,3744.2188330742456,Loyal Customers
14006,6.0,537.0,653.0,311.00166666666667,0.9623890277332877,0.8021799825920681,954.3915797261004,At-Risk (High Value)
14007,0.0,0.0,513.0,0.0,1.0,0.10384578722244309,,Lost / Dormant
14008,0.0,0.0,433.0,0.0,1.0,0.12044062116391707,,Lost / Dormant
14009,2.0,264.0,463.0,347.805,0.8938445105452234,0.4050359872012926,572.7273047316053,At-Risk (High Value)
14010,0.0,0.0,566.0,0.0,1.0,0.09516007460106479,,Lost / Dormant
14011,1.0,127.0,608.0,165.48000000000002,0.6696435855027167,0.14901033447657924,112.95563202133346,Lost / Dormant
14012,0.0,0.0,278.0,0.0,1.0,0.17447444893954844,,Lost / Dormant
14013,4.0,513.0,624.0,227.5925,0.961278061931782,0.5845000465547874,517.38348088649,At-Risk (High Value)
14014,2.0,499.0,577.0,835.775,0.9548182654301351,0.35609798107721174,1209.0419090470937,At-Risk (High Value)
14015,0.0,0.0,53.0,0.0,1.0,0.5017352264068761,,Loyal Customers
14016,10.0,539.0,701.0,1021.2950000000001,0.9148751139890626,1.1437230744454336,4412.083642798781,At-Risk (High Value)
14017,0.0,0.0,572.0,0.0,1.0,0.09426750608340104,,Lost / Dormant
14018,0.0,0.0,646.0,0.0,1.0,0.08449341749221209,,Lost / Dormant
14019,2.0,92.0,139.0,518.66,0.9366382134824399,1.0922636194978792,2264.4091839187035,Loyal Customers
14020,3.0,513.0,530.0,314.77666666666664,0.9748836001693296,0.5391408842360399,668.9317636525981,Loyal Customers
14021,6.0,437.0,593.0,235.915,0.9315584066563727,0.8470634679645721,764.2730295190393,At-Risk (High Value)
14022,1.0,261.0,487.0,440.0,0.8728897807627524,0.2366351843190281,469.3469462408454,Lost / Dormant
14023,1.0,243.0,251.0,310.93,0.9408045222070643,0.44422178314312205,619.6682952475259,Loyal Customers
14024,2.0,269.0,391.0,163.85,0.9284729087146621,0.4868493884282872,325.6072628416224,At-Risk (High Value)
14025,7.0,119.0,584.0,546.35,0.00584716185339613,0.00619859112872674,12.874809792272067,At-Risk (High Value)
14026,1.0,155.0,626.0,326.58,0.7091190534497978,0.1536981156934194,227.5224800848644,Lost / Dormant
14027,0.0,0.0,61.0,0.0,1.0,0.47028142245978793,,Lost / Dormant
14028,0.0,0.0,551.0,0.0,1.0,0.09746725989440297,,At-Risk (High Value)
14029,1.0,81.0,145.0,302.46000000000004,0.9000313634204232,0.6375243896264913,858.9863774572565,Loyal Customers
14030,15.0,711.0,730.0,501.0093333333333,0.9928409473299783,1.7565506855951916,3306.4674232300986,Champions
14031,38.0,729.0,737.0,948.6986842105264,0.9971088784402515,4.315676364593959,15271.210299910803,Champions
14032,15.0,723.0,726.0,302.73133333333334,0.9947912352881343,1.7688785434649676,2012.4865992742818,Champions
14033,0.0,0.0,556.0,0.0,1.0,0.09668586340513509,,Lost / Dormant
14034,1.0,135.0,158.0,177.91,0.9325187829260421,0.6223433819232783,497.9763730104499,Loyal Customers
14035,8.0,584.0,613.0,330.29875,0.9868441768214493,1.132142488334958,1418.4319169249359,Champions
14036,0.0,0.0,285.0,0.0,1.0,0.17100879625304957,,Lost / Dormant
14037,5.0,556.0,733.0,123.724,0.9437914724230184,0.6018554235617749,287.9913594993995,At-Risk (High Value)
14038,4.0,595.0,674.0,591.3325,0.9708270886015884,0.5504816637112955,1263.7777198485626,At-Risk (High Value)
14039,1.0,542.0,576.0,152.2,0.9380619149274791,0.21912176521560317,152.97964384663618,Loyal Customers
14040,31.0,698.0,739.0,387.4916129032258,0.9874963064466872,3.491675974565877,5052.838665607136,Champions
14041,0.0,0.0,267.0,0.0,1.0,0.18021387283407242,,Lost / Dormant
14042,0.0,0.0,726.0,0.0,1.0,0.0759774208574309,,Lost / Dormant
14043,1.0,238.0,730.0,139.94,0.7674020129788085,0.14463698556704324,93.25236811752077,Lost / Dormant
14044,8.0,658.0,685.0,359.2725,0.9876166854944787,1.024554437540256,1397.4796038839809,Champions
14045,13.0,591.0,701.0,619.3592307692307,0.9547166047514238,1.5291397585791064,3563.344095425327,Champions
14046,0.0,0.0,285.0,0.0,1.0,0.17100879625304957,,Lost / Dormant
14047,11.0,668.0,677.0,338.7990909090909,0.9923465619461858,1.4006195449757015,1790.1421169378323,Champions
14048,1.0,77.0,383.0,409.93,0.7068701635734252,0.2358900662927212,434.942212579718,At-Risk (High Value)
14049,9.0,601.0,618.0,1374.9144444444444,0.9897239571596403,1.257183120158382,6533.920473301035,Champions
14050,1.0,75.0,107.0,260.38,0.9214634679790377,0.7954641180822261,920.8146049785933,Loyal Customers
14051,34.0,736.0,737.0,631.444705882353,0.9977117695354153,3.8715923573408033,9123.947839275323,Champions
14052,1.0,371.0,391.0,225.36,0.9389902809203287,0.30788030961604157,314.44650013668576,Loyal Customers
14053,3.0,362.0,487.0,133.83333333333334,0.9437841597531431,0.5624453423776369,298.00359112287765,At-Risk (High Value)
14054,0.0,0.0,66.0,0.0,1.0,0.4525565249597049,,Lost / Dormant
14055,2.0,617.0,724.0,568.46,0.9529170403995675,0.28936378974888494,670.3630084352636,At-Risk (High Value)
14056,22.0,283.0,285.0,346.1677272727273,0.9961631871113035,5.774328482464788,7409.763770455795,Champions
14057,18.0,713.0,737.0,455.99666666666667,0.9927777152516285,2.0745095628614507,3547.441366723214,Champions
14058,1.0,68.0,531.0,147.95999999999998,0.5724971836676336,0.1437871059781817,97.57094378489056,Lost / Dormant
14059,0.0,0.0,267.0,0.0,1.0,0.18021387283407242,,Lost / Dormant
14060,27.0,634.0,639.0,346.34555555555556,0.9966478648517992,3.515040409554834,4544.987277542792,Champions
14061,2.0,231.0,739.0,242.14000000000001,0.6731352341891599,0.20060219860781728,198.85649057494803,At-Risk (High Value)
14062,21.0,720.0,730.0,1146.4814285714285,0.9953624269582287,2.43534423567135,10452.164309167109,Champions
14063,6.0,45.0,732.0,977.9033333333333,0.00014299178766905007,0.00010740477160814653,0.40166192509971294,At-Risk (High Value)
14064,13.0,658.0,688.0,224.19307692307692,0.9901905107425946,1.6132641103375132,1361.685477104649,Champions
14065,2.0,42.0,432.0,290.075,0.32587177662718686,0.1568361984189519,185.0100969284502,At-Risk (High Value)
14066,0.0,0.0,267.0,0.0,1.0,0.18021387283407242,,Lost / Dormant
14067,1.0,33.0,97.0,150.03,0.8766713453600232,0.80304233704105,540.4758845081273,Loyal Customers
14068,3.0,357.0,678.0,346.8666666666666,0.8435269661221261,0.37384289372118873,512.1603501119463,At-Risk (High Value)
14069,1.0,47.0,562.0,110.44,0.47934430809630896,0.11446077961278474,58.49004879976699,Lost / Dormant
14070,0.0,0.0,685.0,0.0,1.0,0.08011569631915338,,Lost / Dormant
14071,6.0,261.0,265.0,199.76666666666665,0.9871056995928947,1.7845076238656412,1351.8029974823442,Champions
14072,0.0,0.0,667.0,0.0,1.0,0.082078421050313,,Lost / Dormant
14073,0.0,0.0,33.0,0.0,1.0,0.6025984508820994,,Loyal Customers
14074,0.0,0.0,624.0,0.0,1.0,0.08718072515644305,,Lost / Dormant
14075,4.0,466.0,471.0,341.37,0.9818353955072235,0.7667513620233565,1013.7671885773852,Loyal Customers
14076,0.0,0.0,130.0,0.0,1.0,0.305416219001215,,Lost / Dormant
14077,5.0,355.0,396.0,99.884,0.9762384879190911,1.0756279618875457,413.56048822539213,Loyal Customers
14078,8.0,520.0,622.0,166.01999999999998,0.964470591879895,1.0920223146943444,688.7329568011875,At-Risk (High Value)
14079,0.0,0.0,125.0,0.0,1.0,0.31336934188543747,,Lost / Dormant
14080,4.0,705.0,738.0,220.2025,0.9789078642167466,0.5109426657992658,438.3059534932437,Loyal Customers
14081,7.0,427.0,730.0,654.0114285714286,0.7068940060872039,0.6121144520464568,1524.7508180355237,At-Risk (High Value)
14082,1.0,28.0,393.0,182.25,0.5321841622989071,0.1737366139079149,144.05499768089783,Lost / Dormant
14083,9.0,717.0,722.0,149.23222222222225,0.991422982323856,1.093354054765926,619.1342565843842,Champions
14084,0.0,0.0,513.0,0.0,1.0,0.10384578722244309,,Lost / Dormant
14085,29.0,729.0,732.0,334.07344827586206,0.9971316010998221,3.33202054145754,4158.657518118384,Champions
14086,0.0,0.0,463.0,0.0,1.0,0.11363092972781798,,Lost / Dormant
14087,2.0,733.0,736.0,304.765,0.9673073034698357,0.2893455226721812,360.4352464459295,Loyal Customers
14088,13.0,411.0,422.0,3892.5900000000006,0.9922948727685357,2.496185763307477,36363.788598089785,Champions
14089,0.0,0.0,57.0,0.0,1.0,0.48549744064181644,,Lost / Dormant
14090,0.0,0.0,325.0,0.0,1.0,0.15357856587596508,,Lost / Dormant
14091,1.0,44.0,699.0,2529.6000000000004,0.38718676541815383,0.07592722102691703,863.0265399357907,At-Risk (High Value)
14092,21.0,716.0,724.0,337.7738095238095,0.9956031472266207,2.4544103289842027,3104.4287743840123,Champions
14093,0.0,0.0,13.0,0.0,1.0,0.7546173966945696,,Loyal Customers
14094,0.0,0.0,440.0,0.0,1.0,0.11877966612819088,,Lost / Dormant
14095,0.0,0.0,723.0,0.0,1.0,0.0762656674015958,,Lost / Dormant
14096,16.0,97.0,102.0,3327.985,0.9923465450632355,8.821382364597985,107700.1720872572,Champions
14097,1.0,164.0,646.0,290.86,0.7131426708589252,0.1502367406755142,198.4072229064788,Lost / Dormant
14098,0.0,0.0,37.0,0.0,1.0,0.5792914380517176,,Loyal Customers
14099,19.0,713.0,730.0,282.9089473684211,0.9940533087416669,2.207659251457533,2341.346740620755,Champions
14100,0.0,0.0,138.0,0.0,1.0,0.29349963617046115,,Lost / Dormant
14101,12.0,548.0,622.0,710.6208333333334,0.9745699221562232,1.6126188544656628,4311.720817771448,Champions
14102,4.0,39.0,45.0,234.795,0.9774434358141584,3.6781791897389144,3257.7568049414417,Loyal Customers
14104,4.0,406.0,561.0,152.5275,0.9371588867624268,0.6269894097618671,372.30321532170086,At-Risk (High Value)
14105,4.0,482.0,722.0,1335.6325000000002,0.9114749668365117,0.48539157605132627,2516.2955214532776,At-Risk (High Value)
14106,0.0,0.0,738.0,0.0,1.0,0.07484590271689621,,Lost / Dormant
14107,10.0,679.0,731.0,471.404,0.9851160970542846,1.185238959469012,2112.072514528619,Champions
14108,3.0,708.0,739.0,264.21999999999997,0.9739380684260625,0.3989802803990538,417.14179626107256,Loyal Customers
14109,0.0,0.0,73.0,0.0,1.0,0.4298806199521016,,Lost / Dormant
14110,31.0,735.0,739.0,407.81967741935483,0.99718827709554,3.5259456936927958,5370.0252311555,Champions
14111,3.0,227.0,242.0,199.55000000000004,0.9729017442362554,1.0395376963968512,811.9681381190549,Loyal Customers
14112,9.0,632.0,655.0,533.4488888888889,0.9889836962017443,1.1918678631103192,2405.7718746307282,Champions
14113,14.0,728.0,732.0,435.39785714285716,0.9943479545266815,1.6428204839425782,2690.0026375335347,Champions
14114,6.0,333.0,607.0,175.0566666666667,0.7145461839670754,0.6362401203335311,426.44750012203434,At-Risk (High Value)
14115,1.0,165.0,667.0,504.87,0.7046031210452394,0.14419310260928844,328.88162121459715,Lost / Dormant
14116,4.0,102.0,122.0,265.6925,0.970743395459424,2.159551202024314,2187.010198365687,Loyal Customers
14117,0.0,0.0,144.0,0.0,1.0,0.28515616162759605,,Lost / Dormant
14118,0.0,0.0,429.0,0.0,1.0,0.12141077157673207,,Lost / Dormant
14119,1.0,343.0,719.0,116.89,0.8475675798176034,0.16198075089644495,87.66317164904596,Lost / Dormant
14121,3.0,56.0,60.0,849.0166666666668,0.9745402954331794,2.538755883645109,8254.970555655995,Loyal Customers
14122,2.0,331.0,738.0,136.36,0.8184129655756904,0.2441995393640518,137.12254694192887,Lost / Dormant
14123,0.0,0.0,734.0,0.0,1.0,0.07521931127210389,,Lost / Dormant
14124,0.0,0.0,85.0,0.0,1.0,0.3958899324141183,,Lost / Dormant
14125,2.0,68.0,79.0,722.5,0.9602035901400816,1.5812946407934165,4530.376386541211,Loyal Customers
14126,2.0,437.0,445.0,353.06500000000005,0.966270847306028,0.45324403633186044,650.2489949043285,Loyal Customers
14127,5.0,303.0,426.0,283.392,0.9312168565219554,0.9635848303304124,1046.9880517943757,At-Risk (High Value)
14128,2.0,491.0,552.0,318.75,0.9576640522123525,0.3715792058217678,482.65966708121607,Loyal Customers
14129,7.0,578.0,580.0,311.63142857142856,0.9894834626262554,1.0554385820060126,1251.23342044805,Champions
14130,3.0,409.0,729.0,508.1166666666666,0.8662614558052693,0.359326845083584,720.7747042834999,At-Risk (High Value)
14131,0.0,0.0,649.0,0.0,1.0,0.08413975164164131,,Lost / Dormant
14132,10.0,181.0,184.0,327.91700000000003,0.9917109335462334,3.7951286943907845,4634.025559248784,Champions
14133,2.0,604.0,734.0,302.82,0.9489453705649167,0.28456151501625837,352.2187638564266,At-Risk (High Value)
14134,10.0,347.0,730.0,1046.219,0.10772619847037611,0.12977300729983746,513.0085609291314,At-Risk (High Value)
14135,22.0,736.0,738.0,391.7681818181818,0.9964349703821761,2.5251323114347906,3703.2972554731673,Champions
14136,4.0,331.0,732.0,317.00750000000005,0.6813949061480546,0.35832547516528457,441.92148213033687,At-Risk (High Value)
14137,0.0,0.0,696.0,0.0,1.0,0.07896180703446606,,Lost / Dormant
14138,1.0,62.0,64.0,344.17,0.9417249898216506,1.0807151042219871,1638.0841932312012,Loyal Customers
14139,3.0,496.0,543.0,247.49333333333334,0.9698078714686221,0.5249061982858755,512.7310468053041,Loyal Customers
14140,1.0,28.0,32.0,394.06,0.9392122756699022,1.4286447624072134,2460.852694597692,Loyal Customers
14141,3.0,103.0,106.0,209.99,0.9758725769189438,1.8639122963966113,1515.3150862321331,Loyal Customers
14142,1.0,273.0,647.0,623.62,0.8265564654488382,0.1738857132957884,489.068627000601,Lost / Dormant
14143,0.0,0.0,134.0,0.0,1.0,0.29933914441807924,,Lost / Dormant
14144,0.0,0.0,487.0,0.0,1.0,0.10871380122303526,,Lost / Dormant
14145,6.0,564.0,611.0,843.5949999999999,0.9808869372130496,0.8682407192552373,2796.7782544759048,Champions
14146,8.0,687.0,696.0,1087.67375,0.9899892259229479,1.0122106976886713,4176.789463456329,Champions
14147,6.0,562.0,641.0,340.8933333333334,0.9740847369283745,0.8256886638362647,1076.4116102775818,At-Risk (High Value)
14148,1.0,181.0,415.0,157.2,0.8440214375567665,0.2629686514998285,188.79120108874474,Lost / Dormant
14149,0.0,0.0,221.0,0.0,1.0,0.2089643534918262,,Lost / Dormant
14150,1.0,324.0,360.0,352.46000000000004,0.9346623898460489,0.32869910379179007,521.4630425315892,Loyal Customers
14151,1.0,43.0,717.0,327.4,0.37433307944723426,0.07172213124629717,106.57403683223006,Lost / Dormant
14152,5.0,584.0,660.0,339.206,0.9738194810717947,0.6833508748432459,892.274001558973,At-Risk (High Value)
14153,0.0,0.0,484.0,0.0,1.0,0.10930503458980538,,Lost / Dormant
14154,5.0,456.0,696.0,1186.072,0.8901982975973046,0.5952029652494899,2714.5497371423253,At-Risk (High Value)
14155,0.0,0.0,267.0,0.0,1.0,0.18021387283407242,,Lost / Dormant
14156,116.0,729.0,739.0,2071.2139655172414,0.9972149534106963,12.990009350317845,100042.24883119795,Champions
14157,4.0,627.0,647.0,212.48250000000002,0.9801699354630748,0.5767921173235324,476.96166960553234,Loyal Customers
14158,0.0,0.0,41.0,0.0,1.0,0.5577280152350635,,Loyal Customers
14159,18.0,717.0,737.0,418.50777777777773,0.9934337656469858,2.0758804465930045,3258.0781787721407,Champions
14160,6.0,88.0,699.0,794.515,0.001745976642207927,0.0013679384016322884,4.1552815319497975,At-Risk (High Value)
14161,6.0,511.0,727.0,468.9583333333333,0.9081878850204681,0.686458203553701,1231.8585265701834,At-Risk (High Value)
14162,1.0,119.0,293.0,111.68,0.8444747590719759,0.3522295226301877,180.54788476511754,Lost / Dormant
14163,4.0,375.0,463.0,611.4775,0.9600831650292645,0.7610804317384713,1799.9955100776747,At-Risk (High Value)
14164,1.0,10.0,81.0,305.28000000000003,0.8433350934315593,0.8562552696874147,1155.788859533392,At-Risk (High Value)
14165,0.0,0.0,276.0,0.0,1.0,0.17549060783934137,,Lost / Dormant
14166,1.0,121.0,627.0,144.9,0.6471713242474332,0.14006923468099447,93.29030092024477,Lost / Dormant
14167,7.0,642.0,682.0,163.50571428571428,0.9844079392643308,0.907041365460585,565.8947095280181,At-Risk (High Value)
14168,1.0,144.0,565.0,67.5,0.7230417941511725,0.17183325699883398,54.77608769251899,Lost / Dormant
14169,1.0,14.0,445.0,145.2,0.41885077682123967,0.12285720642364995,81.69024597177732,Lost / Dormant
14170,2.0,20.0,396.0,217.68,0.2408441706097287,0.12492434736666617,110.70915460897501,Lost / Dormant
14171,1.0,632.0,731.0,363.79,0.9300006501587122,0.17506341329352598,288.7737519846672,Lost / Dormant
14172,2.0,37.0,643.0,136.20999999999998,0.14149153744709123,0.047865363403945115,26.814263004045824,Lost / Dormant
14173,4.0,720.0,731.0,140.6,0.9814530772841328,0.5167638476838017,283.6947080134384,Loyal Customers
14174,0.0,0.0,34.0,0.0,1.0,0.5965967432839169,,Loyal Customers
14175,7.0,568.0,628.0,975.2742857142857,0.9796124873382195,0.972748061580232,3607.5723824259358,Champions
14176,3.0,84.0,382.0,245.48333333333335,0.4288807450012904,0.31535210648961653,304.37808415535267,At-Risk (High Value)
14177,8.0,565.0,652.0,219.45,0.9727163822417683,1.055407790455206,879.644950955351,At-Risk (High Value)
14178,6.0,174.0,183.0,233.92666666666665,0.9848106450751766,2.364915704079209,2086.9653861979186,Loyal Customers
14179,1.0,12.0,53.0,168.1,0.8896138162048821,1.1149621061960802,833.0252085755444,Loyal Customers
14180,31.0,538.0,549.0,202.17580645161289,0.9957462198670326,4.606880280589502,3470.122644955836,Champions
14181,1.0,152.0,563.0,94.45,0.7365304662572275,0.17559425935089543,77.16031737011897,Lost / Dormant
14182,3.0,153.0,597.0,173.82333333333335,0.4194888413369224,0.20858665865739692,143.53509386121027,At-Risk (High Value)
14183,1.0,70.0,482.0,146.71,0.613201710263053,0.16774846403927435,112.7727201871707,Lost / Dormant
14184,0.0,0.0,67.0,0.0,1.0,0.4491712276175015,,Loyal Customers
14185,0.0,0.0,332.0,0.0,1.0,0.1508874132617145,,Lost / Dormant
14186,4.0,217.0,645.0,336.5725,0.42790610746459823,0.2525133930752311,330.21569414762473,At-Risk (High Value)
14187,0.0,0.0,474.0,0.0,1.0,0.1113231323887291,,Lost / Dormant
14188,5.0,280.0,311.0,331.27200000000005,0.9771503550365458,1.3187774529284144,1668.2826088714528,At-Risk (High Value)
14189,14.0,386.0,389.0,354.6657142857143,0.9942137899385974,2.8782767521550428,3815.884643738372,Champions
14190,0.0,0.0,667.0,0.0,1.0,0.082078421050313,,Lost / Dormant
14191,14.0,727.0,729.0,342.98285714285714,0.9945514271034805,1.649349201874667,2127.7340733480314,Champions
14192,0.0,0.0,389.0,0.0,1.0,0.13204767032933687,,Lost / Dormant
14193,2.0,329.0,397.0,426.695,0.9512499647116911,0.49234420520554517,851.769808535817,At-Risk (High Value)
14194,24.0,698.0,703.0,749.19875,0.9963679605621288,2.872627481017069,8046.260264303432,Champions
14195,4.0,433.0,635.0,423.44000000000005,0.9198615878603692,0.5505543184571831,905.1485726223518,At-Risk (High Value)
14196,0.0,0.0,107.0,0.0,1.0,0.34579447006692915,,Lost / Dormant
14197,0.0,0.0,411.0,0.0,1.0,0.1259772284764706,,Lost / Dormant
14198,8.0,685.0,704.0,179.31,0.9887946394125202,1.0005000450704011,682.1357804004841,Champions
14199,3.0,312.0,531.0,290.34999999999997,0.8889624744121991,0.49080189495182974,561.8959594446893,At-Risk (High Value)
14200,0.0,0.0,618.0,0.0,1.0,0.08794356140288409,,Lost / Dormant
14201,9.0,528.0,589.0,112.39888888888889,0.9794297791559443,1.2991037819584055,553.5605034194901,At-Risk (High Value)
14202,2.0,243.0,625.0,303.28,0.775196051823732,0.26906105103287403,333.04075328306703,At-Risk (High Value)
14203,0.0,0.0,398.0,0.0,1.0,0.12949492911587054,,Lost / Dormant
14204,3.0,735.0,738.0,230.56333333333336,0.9770595586968143,0.4007561083511473,365.8693834826708,Loyal Customers
14205,7.0,626.0,643.0,311.65,0.9876462086911267,0.9600076482032238,1139.2619872298792,Champions
14206,2.0,163.0,403.0,321.28,0.8130572694517485,0.41544807449777077,542.0336096163242,At-Risk (High Value)
14207,0.0,0.0,688.0,0.0,1.0,0.07979766728324929,,Lost / Dormant
14208,1.0,457.0,552.0,151.74,0.9261521643059799,0.22472307278794756,156.35774524053397,Loyal Customers
14209,14.0,676.0,687.0,338.3085714285714,0.9934873278517877,1.7393566242631913,2212.174144840474,Champions
14210,14.0,597.0,703.0,373.82928571428573,0.955274694151443,1.6377042026261608,2301.866906066923,Champions
14211,15.0,677.0,731.0,280.966,0.9853604822120196,1.7411315934447387,1838.7185741592446,Champions
14212,1.0,356.0,446.0,1070.48,0.9230455971640582,0.27022001368911547,1296.251257595369,At-Risk (High Value)
14213,0.0,0.0,405.0,0.0,1.0,0.12757672149601484,,Lost / Dormant
14214,4.0,247.0,278.0,91.4325,0.973137692327558,1.1851419294877144,420.1922759152261,Loyal Customers
14215,8.0,720.0,732.0,373.8425,0.989703595579362,0.966329369498196,1372.2279600283186,Champions
14216,4.0,411.0,415.0,459.825,0.9819188281389084,0.855901498288594,1521.146405056816,Loyal Customers
14217,21.0,526.0,528.0,142.8709523809524,0.9962050523345102,3.2649296724349726,1742.9582955438216,Champions
14218,0.0,0.0,43.0,0.0,1.0,0.547539934556465,,Loyal Customers
14219,2.0,489.0,494.0,119.095,0.9668613956713046,0.41391995777574153,202.59145717571036,Loyal Customers
14220,3.0,322.0,570.0,402.36666666666673,0.8747346328423318,0.45338474283200075,718.9780042975426,At-Risk (High Value)
14221,13.0,570.0,613.0,467.08384615384614,0.9862637927072698,1.7840912795695585,3132.04104238263,Champions
14222,0.0,0.0,178.0,0.0,1.0,0.24560418989761038,,Lost / Dormant
14223,2.0,172.0,265.0,343.115,0.9248169171654103,0.6689557568609966,926.9645534872571,At-Risk (High Value)
14224,8.0,434.0,545.0,191.78375,0.9503640720026467,1.211430112321674,881.1718558184682,At-Risk (High Value)
14225,3.0,262.0,697.0,464.50666666666666,0.6576397931401387,0.2842129887297424,521.0852142806948,At-Risk (High Value)
14226,5.0,413.0,442.0,446.438,0.980361504241053,0.9825494827423036,1680.9012716568893,At-Risk (High Value)
14227,9.0,643.0,670.0,658.6811111111111,0.9884478179657278,1.166978827286964,2908.6776527356797,Champions
14228,2.0,109.0,547.0,332.225,0.5064947025493984,0.19812269524857987,268.14141045441255,Lost / Dormant
14229,5.0,420.0,472.0,440.87999999999994,0.9750680726446836,0.9228533585738082,1560.252556839661,At-Risk (High Value)
14230,1.0,113.0,549.0,504.3,0.6754249720372071,0.1646839274488297,374.4600192165379,At-Risk (High Value)
14231,3.0,267.0,451.0,308.57,0.8949404382617855,0.5703964665020878,692.6243772577627,At-Risk (High Value)
14232,4.0,222.0,265.0,338.7225,0.9670503061533823,1.2238623873150432,1594.8063365650949,At-Risk (High Value)
14233,6.0,595.0,645.0,413.1616666666667,0.9807666776071977,0.8266826419260148,1305.839959213389,At-Risk (High Value)
14234,3.0,35.0,58.0,135.22666666666666,0.9524541680598346,2.521147911746325,1315.2287476459567,Loyal Customers
14235,6.0,544.0,620.0,723.9683333333332,0.9742632384295798,0.8510812868614345,2353.3477188368975,At-Risk (High Value)
14236,4.0,425.0,506.0,360.72749999999996,0.9650322040464111,0.7076007352245601,989.2139940584683,At-Risk (High Value)
14237,1.0,217.0,591.0,322.0,0.8013509559817881,0.18292257420456517,266.8743027008868,Lost / Dormant
14238,2.0,408.0,735.0,137.565,0.8798912454656013,0.2635252812478402,149.2590881566129,Lost / Dormant
14239,20.0,691.0,735.0,206.321,0.9881594852895805,2.2917681394522784,1772.2234130366792,Champions
14240,2.0,393.0,424.0,445.17,0.9616566406627371,0.47036692863240187,849.4742882340664,Loyal Customers
14241,1.0,513.0,697.0,213.70000000000002,0.9126514380162452,0.17943896611169513,175.02434009242523,Lost / Dormant
14242,1.0,91.0,326.0,142.2,0.7801414099369676,0.2980825757287901,193.4755216610365,Lost / Dormant
14243,16.0,468.0,477.0,304.415625,0.9939135827743795,2.740714500749314,3120.78516139443,Champions
14244,0.0,0.0,661.0,0.0,1.0,0.08275421405469349,,Lost / Dormant
14245,1.0,44.0,264.0,688.35,0.7214118084002021,0.3272550972955399,1004.7938269296006,At-Risk (High Value)
14246,2.0,135.0,246.0,512.21,0.9013980602120225,0.6916019502783732,1426.7320102111962,At-Risk (High Value)
14247,4.0,273.0,552.0,147.0775,0.7713067899118734,0.5235307223412726,299.78098300802134,At-Risk (High Value)
14248,2.0,197.0,516.0,360.485,0.7797362446412417,0.321217710607068,471.22897722362956,At-Risk (High Value)
14249,7.0,269.0,680.0,756.7871428571428,0.16792286631175118,0.15513969214428913,446.8518611032929,At-Risk (High Value)
14250,1.0,82.0,90.0,675.22,0.9381773591756217,0.8977949483171245,2666.1558944710546,Loyal Customers
14251,4.0,56.0,58.0,405.06,0.9812291087185081,3.305961658144656,5055.01155007807,Champions
14252,0.0,0.0,382.0,0.0,1.0,0.13410383794351885,,Lost / Dormant
14253,1.0,130.0,624.0,158.05,0.6667044532892935,0.1449229798663453,105.05980261974888,Lost / Dormant
14254,0.0,0.0,433.0,0.0,1.0,0.12044062116391707,,Lost / Dormant
14256,3.0,434.0,695.0,506.83,0.9018792869188649,0.3907890163639589,781.5745551386049,At-Risk (High Value)
14257,8.0,584.0,649.0,595.6387500000001,0.979534127164802,1.06725789515956,2411.0660868281084,Champions
14258,21.0,726.0,736.0,1444.469523809524,0.9953719906179113,2.4171708905037255,13071.045674576055,Champions
14259,0.0,0.0,142.0,0.0,1.0,0.28788401012178516,,Lost / Dormant
14260,1.0,77.0,549.0,285.48,0.5872411643595272,0.14318271504628827,185.3306213391626,At-Risk (High Value)
14261,1.0,28.0,79.0,219.7,0.8880503204850031,0.9140461344232261,891.8022409159224,Loyal Customers
14262,7.0,232.0,241.0,339.7471428571429,0.9871084916923358,2.2121703376760657,2830.444422324236,Champions
14263,0.0,0.0,424.0,0.0,1.0,0.12264567161102308,,Lost / Dormant
14264,5.0,457.0,612.0,206.95600000000005,0.9409202495872292,0.7069336256483632,563.5705947832148,At-Risk (High Value)
14265,3.0,503.0,613.0,373.60999999999996,0.9574840201058404,0.4648997139195761,685.194779996518,At-Risk (High Value)
14266,0.0,0.0,429.0,0.0,1.0,0.12141077157673207,,Lost / Dormant
14267,1.0,98.0,261.0,679.88,0.838219101883114,0.3837195928616993,1163.5649621008167,At-Risk (High Value)
14268,0.0,0.0,471.0,0.0,1.0,0.11194317970412548,,Lost / Dormant
14269,0.0,0.0,440.0,0.0,1.0,0.11877966612819088,,Lost / Dormant
14270,0.0,0.0,332.0,0.0,1.0,0.1508874132617145,,Lost / Dormant
14271,1.0,184.0,410.0,112.32,0.8489431149603149,0.2672732067386443,138.33883866065935,Lost / Dormant
14272,3.0,509.0,583.0,248.74,0.9650909759614759,0.49021537243888275,481.58608117773065,At-Risk (High Value)
14273,3.0,191.0,243.0,149.05666666666667,0.9562196196818872,1.0184156988866153,595.4544284919884,Loyal Customers
14274,0.0,0.0,687.0,0.0,1.0,0.0799033959863315,,Lost / Dormant
14275,4.0,212.0,608.0,252.945,0.46905828593171167,0.29196770389335136,287.04395883890044,At-Risk (High Value)
14276,5.0,562.0,661.0,358.95799999999997,0.9680920425323066,0.6783987914688429,937.2892331845226,At-Risk (High Value)
14277,6.0,711.0,727.0,2142.3300000000004,0.9863906397717048,0.7455681338059358,6105.776110664452,Champions
14278,0.0,0.0,410.0,0.0,1.0,0.12624101826876008,,Lost / Dormant
14279,1.0,161.0,682.0,81.36,0.6912401680157828,0.1386269883387453,52.892669596095985,Lost / Dormant
14280,0.0,0.0,197.0,0.0,1.0,0.2279421475854881,,Lost / Dormant
14281,0.0,0.0,409.0,0.0,1.0,0.12650591562856064,,Lost / Dormant
14282,24.0,659.0,663.0,289.69416666666666,0.996458171965153,3.0303077544163255,3281.454255699421,Champions
14283,3.0,106.0,570.0,131.79666666666668,0.2556779755717602,0.13252075412372907,69.26734839601234,At-Risk (High Value)
14284,2.0,623.0,654.0,297.625,0.9637193684950696,0.3210457218624703,390.1904181119675,Loyal Customers
14285,7.0,710.0,732.0,447.6028571428572,0.9872962214644244,0.8527809157563786,1454.3965677522067,Champions
14286,5.0,712.0,736.0,1373.848,0.9832500023524944,0.624675955915234,3301.3239369733824,Champions
14287,1.0,190.0,199.0,93.35,0.9399519193320611,0.5305790255588958,227.58095560518234,Loyal Customers
14288,0.0,0.0,214.0,0.0,1.0,0.2141646037837844,,Lost / Dormant
14289,5.0,281.0,290.0,117.804,0.9836833054177346,1.405714736491369,634.3773711625679,Loyal Customers
14290,7.0,720.0,732.0,520.8471428571429,0.9884740184771623,0.8537982424646768,1694.1274729664808,Champions
14291,13.0,729.0,731.0,576.5838461538461,0.9941577548905524,1.5324525598644447,3325.724624104488,Champions
14292,10.0,623.0,631.0,847.655,0.9917633305948873,1.364177428946216,4364.046373927803,Champions
14293,7.0,726.0,730.0,361.4614285714286,0.9893274552641892,0.8566795417117299,1180.1705116394053,Champions
14294,0.0,0.0,408.0,0.0,1.0,0.12677192754907524,,Lost / Dormant
14295,3.0,690.0,731.0,588.0200000000001,0.9726423184843238,0.402442918883259,933.9215602156919,At-Risk (High Value)
14296,1.0,153.0,575.0,288.15,0.73185625438869,0.17122034934162786,223.77608906416768,Lost / Dormant
14297,3.0,257.0,275.0,357.57666666666665,0.9724828879665016,0.9387944245163551,1312.5524701240333,Loyal Customers
14298,44.0,720.0,729.0,2012.1013636363639,0.9971771743236746,5.035760958756207,37763.98584657229,Champions
14299,24.0,729.0,738.0,513.0004166666666,0.9959186272277972,2.746491969474522,5270.253402548173,Champions
14300,0.0,0.0,19.0,0.0,1.0,0.7014781217202624,,Loyal Customers
14301,3.0,549.0,667.0,561.6433333333333,0.9576730534268006,0.4307904010901201,954.1745868397875,At-Risk (High Value)
14302,2.0,307.0,738.0,314.15000000000003,0.7921886647996644,0.23637468511685011,303.4698887462318,Lost / Dormant
14303,1.0,27.0,435.0,115.34,0.49092938924956,0.14686626735284616,78.05003488566162,Lost / Dormant
14304,2.0,348.0,571.0,526.52,0.9039427749677627,0.3402934118450468,728.7319417709602,At-Risk (High Value)
14305,2.0,64.0,136.0,407.38,0.9006325416364528,1.0658209558505958,1736.705334171958,At-Risk (High Value)
14306,5.0,626.0,678.0,569.864,0.9788165190427076,0.6702646263303826,1469.3691668233175,At-Risk (High Value)
14307,8.0,644.0,733.0,603.61625,0.9751670363422238,0.9509460693685812,2179.3655874757205,At-Risk (High Value)
14309,10.0,542.0,551.0,311.65700000000004,0.9914827239952786,1.5403315262131503,1810.7614226655253,Champions
14310,0.0,0.0,433.0,0.0,1.0,0.12044062116391707,,Lost / Dormant
14311,1.0,325.0,568.0,310.26,0.8805861964127056,0.20828604296313907,292.80482952631803,Lost / Dormant
14312,10.0,458.0,505.0,230.496,0.9819114828011792,1.648142896999883,1432.2979461436666,Champions
14314,1.0,324.0,431.0,120.0,0.9169735146691103,0.27652370436155865,152.6911771793238,Lost / Dormant
14315,7.0,590.0,635.0,404.6271428571428,0.9830026038701821,0.9663818817850353,1488.2201426540678,At-Risk (High Value)
14316,3.0,208.0,631.0,328.32,0.5795097426037445,0.2741225260460192,355.2994618750966,At-Risk (High Value)
14317,0.0,0.0,65.0,0.0,1.0,0.45599342242816304,,Loyal Customers
14318,0.0,0.0,461.0,0.0,1.0,0.11406085233444016,,Lost / Dormant
14319,0.0,0.0,425.0,0.0,1.0,0.12239668510897406,,Lost / Dormant
14320,4.0,481.0,688.0,282.6325,0.9262036684387805,0.5154425732023469,566.6540490856456,At-Risk (High Value)
14321,6.0,463.0,474.0,306.8233333333333,0.9863704322382801,1.0941786546822903,1280.3167479233643,Champions
14322,3.0,230.0,660.0,118.63333333333333,0.6121452557396804,0.2780121956170411,131.11898250545266,Lost / Dormant
14323,1.0,124.0,239.0,305.24,0.8819530199291213,0.432762011740029,592.3769021061405,Lost / Dormant
14324,1.0,284.0,694.0,339.8,0.8187872757886318,0.16161836349757042,249.07174282018892,Lost / Dormant
14325,0.0,0.0,570.0,0.0,1.0,0.09456316212056605,,Lost / Dormant
14326,2.0,290.0,533.0,316.765,0.8809335436078944,0.35262757902187997,455.04228725093117,At-Risk (High Value)
14327,5.0,537.0,701.0,313.262,0.9466832696657316,0.6288495967453481,758.8510916884051,At-Risk (High Value)
14329,13.0,706.0,724.0,738.9669230769231,0.9922728611280164,1.543082268549737,4291.101303425356,Champions
14330,0.0,0.0,624.0,0.0,1.0,0.08718072515644305,,Lost / Dormant
14331,1.0,11.0,136.0,79.0,0.7627850328805432,0.5642865071749987,205.1928822989016,Lost / Dormant
14332,4.0,394.0,417.0,345.50250000000005,0.9782231730266964,0.8491567599742199,1134.7631534932302,Loyal Customers
14333,0.0,0.0,68.0,0.0,1.0,0.4458363739210862,,Lost / Dormant
14334,11.0,552.0,569.0,349.23545454545456,0.9908948173353697,1.6360587127436501,2151.9776998179586,Champions
14335,1.0,80.0,97.0,109.00999999999999,0.9322809254593867,0.853981434573119,421.392349242724,Loyal Customers
14336,3.0,260.0,277.0,360.16333333333336,0.9728170149529083,0.9336556376727485,1314.8986439825164,Loyal Customers
14338,2.0,375.0,537.0,294.11,0.9281345569478328,0.36906200172050896,442.42037568041343,At-Risk (High Value)
14339,1.0,186.0,429.0,309.52,0.8421207387189192,0.2549744639592446,356.48533645180754,Lost / Dormant
14340,0.0,0.0,219.0,0.0,1.0,0.21042416074020848,,Lost / Dormant
14341,11.0,693.0,739.0,380.5,0.9868611167151756,1.285738450905333,1846.7596167604133,Champions
14342,5.0,451.0,473.0,151.43200000000002,0.9821534815698632,0.9278380075095707,540.5412532375324,Loyal Customers
14343,3.0,269.0,691.0,279.58666666666664,0.6813261366039465,0.2967796866850781,328.0568807183761,At-Risk (High Value)
14344,19.0,499.0,627.0,156.74105263157895,0.8196381166003698,2.0904673196107573,1227.3811657944836,Champions
14345,0.0,0.0,39.0,0.0,1.0,0.5683042828276013,,Lost / Dormant
14346,3.0,377.0,498.0,547.6066666666667,0.9466063059038639,0.5531462308060751,1191.1983485716369,At-Risk (High Value)
14347,0.0,0.0,737.0,0.0,1.0,0.07493890679114275,,Lost / Dormant
14348,0.0,0.0,261.0,0.0,1.0,0.18350667667535667,,Lost / Dormant
14349,0.0,0.0,11.0,0.0,1.0,0.7741789419333209,,Loyal Customers
14350,2.0,156.0,431.0,294.19,0.7739488926699654,0.37323538413151297,446.4776027498415,At-Risk (High Value)
14351,0.0,0.0,165.0,0.0,1.0,0.25935675466148383,,Lost / Dormant
14352,2.0,116.0,274.0,423.83,0.8473017066376778,0.5967086264572979,1020.7589199801,At-Risk (High Value)
14353,2.0,216.0,432.0,95.72999999999999,0.866436084673942,0.4170000332637745,164.42570700993483,Lost / Dormant
14354,1.0,25.0,31.0,75.84,0.9370082984971718,1.4399569519140278,495.86443942153875,Loyal Customers
14355,2.0,262.0,628.0,356.65500000000003,0.8000690046881223,0.27649588250674184,402.1294569669733,At-Risk (High Value)
14356,1.0,2.0,82.0,356.2,0.8145943665304611,0.8215064644602219,1291.8156185821954,Loyal Customers
14357,0.0,0.0,44.0,0.0,1.0,0.5425848245350299,,Loyal Customers
14358,1.0,39.0,429.0,150.6,0.5476613445683609,0.16581904629844954,114.20654605924906,Lost / Dormant
14359,2.0,68.0,88.0,214.39499999999998,0.9534773819732594,1.4787290886861315,1266.3334266682375,Loyal Customers
14360,2.0,63.0,95.0,496.77,0.9424886975088006,1.3983344718181256,2763.7116536245558,Loyal Customers
14361,0.0,0.0,579.0,0.0,1.0,0.09324711533168688,,Lost / Dormant
14362,0.0,0.0,23.0,0.0,1.0,0.6700452272176218,,Loyal Customers
14363,1.0,49.0,452.0,149.32,0.5671114056157939,0.1641025894757941,112.15449390945582,Lost / Dormant
14364,6.0,103.0,212.0,499.70000000000005,0.7437286397433784,1.6001457407547586,3017.9139874686593,At-Risk (High Value)
14365,1.0,287.0,682.0,310.18,0.8247919507055964,0.16541056122442385,232.89588402941126,Lost / Dormant
14366,0.0,0.0,526.0,0.0,1.0,0.10157173693838716,,Lost / Dormant
14367,12.0,268.0,277.0,689.8633333333333,0.9914534853918685,3.28641051992639,8455.82690775881,Champions
14368,0.0,0.0,320.0,0.0,1.0,0.15556038983059978,,Lost / Dormant
14369,1.0,19.0,662.0,299.44,0.3064525541667801,0.06314371393744471,85.83893066173103,Lost / Dormant
14370,4.0,226.0,677.0,229.6825,0.4135551826121977,0.23355009434831328,208.77914804940508,At-Risk (High Value)
14371,0.0,0.0,296.0,0.0,1.0,0.16583272106686342,,Lost / Dormant
14372,1.0,156.0,600.0,269.73,0.7237011618427185,0.16296977979689448,199.63693089308532,Lost / Dormant
14373,0.0,0.0,359.0,0.0,1.0,0.14133526207794125,,Lost / Dormant
14374,0.0,0.0,542.0,0.0,1.0,0.09890608140746088,,Lost / Dormant
14375,2.0,356.0,542.0,393.995,0.9181938042503778,0.3621125505802273,580.6490641525249,At-Risk (High Value)
14376,0.0,0.0,684.0,0.0,1.0,0.08022227019240685,,Lost / Dormant
14377,1.0,71.0,263.0,302.45,0.7908192985397928,0.3598273586553262,488.71651636354517,Lost / Dormant
14378,0.0,0.0,622.0,0.0,1.0,0.08743352884482357,,Lost / Dormant
14379,3.0,436.0,481.0,316.05,0.9692012181996424,0.5839154105878472,726.6660834662853,Loyal Customers
14381,1.0,399.0,452.0,202.68,0.9326290847874992,0.269870868966008,248.7591994843927,Loyal Customers
14382,1.0,364.0,391.0,626.0699999999999,0.9374187421084058,0.3073650264807207,863.0900317947626,Loyal Customers
14383,2.0,125.0,164.0,502.8,0.9476486395985112,0.9853611743936765,1984.8592577614202,Loyal Customers
14384,0.0,0.0,501.0,0.0,1.0,0.10603722770211033,,Lost / Dormant
14385,2.0,14.0,24.0,73.475,0.9558305736693881,2.5335229596391473,747.109467783099,Loyal Customers
14386,0.0,0.0,297.0,0.0,1.0,0.16537767516812582,,Lost / Dormant
14387,2.0,77.0,110.0,664.9000000000001,0.9445472592958477,1.2823270192620735,3395.1412817184823,Loyal Customers
14388,15.0,678.0,689.0,425.24733333333336,0.9938256809637575,1.8536472374017803,2960.4065325770935,Champions
14389,4.0,525.0,591.0,417.40250000000003,0.9717400861966708,0.6204890353169773,1004.9291761310299,At-Risk (High Value)
14390,10.0,415.0,426.0,571.9399999999999,0.990734021865311,1.9294568975116135,4149.2475030107835,Champions
14391,0.0,0.0,577.0,0.0,1.0,0.09353639381938082,,Lost / Dormant
14392,0.0,0.0,433.0,0.0,1.0,0.12044062116391707,,Lost / Dormant
14393,0.0,0.0,219.0,0.0,1.0,0.21042416074020848,,Lost / Dormant
14394,0.0,0.0,565.0,0.0,1.0,0.0953104823885446,,Lost / Dormant
14395,18.0,598.0,601.0,422.85055555555556,0.9955349119470309,2.5038001771652794,3963.3551790644474,Champions
14396,5.0,672.0,738.0,321.392,0.9772048015097233,0.6192931354354326,767.0086623718978,At-Risk (High Value)
14397,18.0,211.0,214.0,135.97333333333333,0.9949771382489361,5.9510280678142715,2997.142099355152,Champions
14398,1.0,126.0,528.0,261.3,0.7129110130005697,0.17995542184615573,213.36247287137525,Lost / Dormant
14399,7.0,280.0,675.0,236.3942857142857,0.21428810827079836,0.19930930192964438,179.58467956044828,At-Risk (High Value)
14400,2.0,482.0,632.0,538.11,0.9398598564273656,0.32294816049085284,707.4627008440141,At-Risk (High Value)
14401,21.0,721.0,726.0,294.1061904761905,0.9959541830927658,2.4490834248449724,2697.4903101169475,Champions
14402,0.0,0.0,653.0,0.0,1.0,0.08367277816898502,,Lost / Dormant
14403,5.0,509.0,640.0,340.822,0.9559511804375832,0.6897858387047494,904.704077380642,At-Risk (High Value)
14404,11.0,686.0,720.0,241.8381818181818,0.9889041676857695,1.3195032977946493,1204.9335865450062,Champions
14405,0.0,0.0,387.0,0.0,1.0,0.13262868117432405,,Lost / Dormant
14406,0.0,0.0,120.0,0.0,1.0,0.3217486799994224,,Lost / Dormant
14407,4.0,169.0,277.0,446.3875,0.9049927183403885,1.1053562081394488,1898.0270063668418,At-Risk (High Value)
14408,10.0,722.0,733.0,378.87700000000007,0.9915585870904237,1.1900079541728068,1704.7111744996678,Champions
14409,7.0,496.0,568.0,443.56,0.9744208685993869,1.0590125766745113,1785.7131412616127,At-Risk (High Value)
14410,8.0,345.0,438.0,273.74625000000003,0.9488357026978517,1.465758673403291,1517.2912790547164,At-Risk (High Value)
14411,0.0,0.0,311.0,0.0,1.0,0.15925972497637525,,Lost / Dormant
14412,2.0,382.0,425.0,385.015,0.9589686433192013,0.4680990635339788,731.6360839858385,Loyal Customers
14413,2.0,327.0,690.0,152.435,0.837980362373295,0.26588687197740424,166.5648547856977,Lost / Dormant
14414,7.0,283.0,375.0,213.8542857142857,0.9406639478056191,1.4687515183834314,1190.3381682114846,At-Risk (High Value)
14415,22.0,722.0,724.0,526.0031818181818,0.9964313898591741,2.5698151442881474,5058.8163051595475,Champions
14416,1.0,20.0,43.0,129.22,0.9171202920465701,1.2545707964485104,723.8168489069367,Loyal Customers
14417,0.0,0.0,388.0,0.0,1.0,0.13233753771451878,,Lost / Dormant
14418,2.0,105.0,109.0,893.405,0.9656057035094199,1.318382199953406,4686.350281348118,Loyal Customers
14419,6.0,372.0,383.0,176.34333333333333,0.985982938616317,1.314943942826031,883.5579744395868,Loyal Customers
14420,3.0,592.0,692.0,412.78999999999996,0.962476047704741,0.41869389430006554,682.361619733898,At-Risk (High Value)
14421,5.0,634.0,692.0,298.87399999999997,0.9779573846193843,0.6573257828327336,756.782000403157,At-Risk (High Value)
14422,18.0,722.0,723.0,547.2838888888889,0.9957967646308482,2.117692571783366,4345.219087927104,Champions
14423,2.0,476.0,695.0,335.905,0.9233030989793283,0.29103770081300245,399.1581754109938,At-Risk (High Value)
14424,0.0,0.0,18.0,0.0,1.0,0.7098055618822706,,Loyal Customers
14425,2.0,303.0,738.0,219.14499999999998,0.7873806231893397,0.234940052974068,210.94346166823266,Lost / Dormant
14426,13.0,622.0,646.0,868.5153846153846,0.9909957284356656,1.7096818682836457,5582.038901841718,Champions
14427,3.0,581.0,632.0,222.80666666666664,0.9702874590570637,0.4583136589177576,403.8482985008787,At-Risk (High Value)
14428,4.0,318.0,326.0,260.32,0.9808660758095822,1.0486194059680216,1053.7198734183935,Loyal Customers
14429,0.0,0.0,404.0,0.0,1.0,0.12784726278126235,,Lost / Dormant
14430,1.0,96.0,608.0,585.4000000000001,0.6011965510590237,0.13377937323511857,353.12369513726907,At-Risk (High Value)
14431,3.0,385.0,688.0,692.3166666666666,0.8666885893669944,0.37902165153447914,1034.6960327803586,At-Risk (High Value)
14432,5.0,80.0,90.0,400.152,0.9794480205212589,3.186994464951407,4792.445032070824,Loyal Customers
14433,0.0,0.0,466.0,0.0,1.0,0.11299209080116618,,Lost / Dormant
14434,5.0,51.0,73.0,212.4,0.9627137350093857,3.514672443087429,2803.29863640959,Loyal Customers
14435,0.0,0.0,502.0,0.0,1.0,0.10585107999303085,,Lost / Dormant
14436,1.0,455.0,554.0,89.06,0.9253381421184889,0.2238028419958672,92.92775322149357,Lost / Dormant
14437,4.0,218.0,584.0,148.34,0.5365538584106726,0.3462911950117725,200.09340147317386,At-Risk (High Value)
14438,0.0,0.0,307.0,0.0,1.0,0.160960994787707,,Lost / Dormant
14439,4.0,368.0,688.0,1733.995,0.8091014616984237,0.45027390153031016,3028.6834591620172,At-Risk (High Value)
14440,11.0,729.0,738.0,518.52,0.9924290077972749,1.2945987143773479,2533.3595761004403,Champions
14441,10.0,690.0,691.0,424.225,0.9926107478513486,1.2572733561024252,2015.416606548333,Champions
14442,5.0,486.0,691.0,905.6539999999999,0.9204413375932942,0.6194829161098581,2157.5928762925387,At-Risk (High Value)
14443,4.0,326.0,380.0,430.925,0.968565604510438,0.9103677161230442,1514.942917932537,At-Risk (High Value)
14444,0.0,0.0,457.0,0.0,1.0,0.11493053557613965,,Lost / Dormant
14445,0.0,0.0,456.0,0.0,1.0,0.11515003339736607,,Lost / Dormant
14446,4.0,386.0,387.0,258.695,0.9824232557404519,0.9091549954798779,909.7315639321995,Loyal Customers
14447,4.0,382.0,401.0,290.8075,0.9789359896512521,0.8788271911342836,988.557014928846,Loyal Customers
14448,1.0,355.0,365.0,273.0,0.9410036444257411,0.327100758003881,403.221136577563,Loyal Customers
14449,6.0,418.0,437.0,371.16499999999996,0.98465722558923,1.1724669197107354,1657.600659038194,Champions
14450,6.0,430.0,611.0,155.39333333333335,0.911867153349953,0.8071472491409339,480.47462993866196,At-Risk (High Value)
14451,11.0,631.0,692.0,290.49454545454546,0.9824586274782029,1.3592603558672136,1490.1160308683334,Champions
14452,3.0,511.0,522.0,179.42999999999998,0.9757746391865766,0.5469616082846667,387.91493846036053,Loyal Customers
14453,0.0,0.0,191.0,0.0,1.0,0.23323845584040134,,Lost / Dormant
14454,4.0,357.0,734.0,212.84,0.7400676423790419,0.3882081952384178,321.91664285382717,At-Risk (High Value)
14455,3.0,63.0,496.0,133.95,0.1564911058514291,0.09176984161279382,48.674370886042695,At-Risk (High Value)
14456,7.0,137.0,143.0,416.72285714285715,0.9871601087809979,3.2463518369581164,5059.244094149313,Champions
14457,0.0,0.0,311.0,0.0,1.0,0.15925972497637525,,Lost / Dormant
14458,0.0,0.0,381.0,0.0,1.0,0.13440281792733808,,Lost / Dormant
14459,1.0,496.0,652.0,1837.92,0.9166986064190796,0.19150886699520714,1581.3930395339269,At-Risk (High Value)
14460,8.0,614.0,725.0,117.27,0.967150879350978,0.9526546655555622,425.4719682666395,At-Risk (High Value)
14461,11.0,542.0,691.0,582.2472727272727,0.9199215775370775,1.2744175027803684,2798.605488947846,At-Risk (High Value)
14462,9.0,366.0,433.0,222.11333333333334,0.9680436391352792,1.6846280850766124,1411.563760082152,At-Risk (High Value)
14463,3.0,401.0,500.0,176.54,0.9550719622498153,0.5561249048031387,387.930368906494,At-Risk (High Value)
14464,1.0,59.0,628.0,51.0,0.48041080231933886,0.10382722741833036,25.454429997401604,Lost / Dormant
14465,9.0,455.0,702.0,406.83444444444444,0.740048977931942,0.8373598048467209,1290.1242184518835,At-Risk (High Value)
14466,12.0,697.0,727.0,369.0916666666667,0.9900750447862652,1.4216334377654318,1977.7488980405496,Champions
14467,11.0,720.0,738.0,191.9227272727273,0.991359293868018,1.2932032994240494,937.7083164809811,Champions
14468,0.0,0.0,734.0,0.0,1.0,0.07521931127210389,,Lost / Dormant
14469,3.0,263.0,680.0,557.6866666666666,0.6785206329969412,0.29990878097882884,659.7262509001729,At-Risk (High Value)
14470,2.0,419.0,431.0,230.595,0.9655052122189843,0.46561305556024474,437.3318932535447,Loyal Customers
14471,1.0,141.0,733.0,192.12,0.6317719192211907,0.11862764935153815,104.27185870613012,Lost / Dormant
14472,8.0,586.0,690.0,242.105,0.968020493060993,0.9975929534563216,917.5739489953598,At-Risk (High Value)
14473,1.0,208.0,283.0,149.34,0.9169714896617532,0.3933919623470382,267.34564193157513,Lost / Dormant
14474,1.0,533.0,580.0,547.66,0.935972415088642,0.21728273694604264,536.537760396693,Loyal Customers
14475,3.0,337.0,409.0,308.6166666666667,0.9592642055999601,0.6653328262900093,807.1442358948545,At-Risk (High Value)
14476,0.0,0.0,258.0,0.0,1.0,0.18519865996168788,,Lost / Dormant
14477,6.0,685.0,705.0,300.76666666666665,0.9858503631559623,0.7663920871604284,882.463782812658,Champions
14478,3.0,356.0,739.0,331.46,0.7999427591359558,0.32770193166290207,429.4054634100502,At-Risk (High Value)
14479,3.0,480.0,734.0,314.66,0.9136243898105207,0.376608056970431,468.5423850436677,At-Risk (High Value)
14480,3.0,707.0,719.0,331.89000000000004,0.9760771200306236,0.410028385253999,537.8479302559494,Loyal Customers
14481,4.0,513.0,678.0,473.79249999999996,0.9457758439208257,0.5333982313864235,981.5830217850362,At-Risk (High Value)
14482,9.0,452.0,471.0,424.5788888888889,0.9885921410292481,1.5988615568047813,2560.9277360672795,Champions
14483,1.0,455.0,737.0,137.1,0.8893248343928953,0.16615793380490418,105.01867192155152,Lost / Dormant
14484,3.0,672.0,723.0,211.84333333333333,0.9712359922416864,0.40592946537687186,340.60209349553423,Loyal Customers
14485,0.0,0.0,39.0,0.0,1.0,0.5683042828276013,,Loyal Customers
14486,1.0,42.0,554.0,78.0,0.46548010221695046,0.11258129869171722,41.17231271653068,Lost / Dormant
14487,5.0,353.0,380.0,264.286,0.9799509142015737,1.1183691585126225,1132.0007855216397,Loyal Customers
14488,0.0,0.0,68.0,0.0,1.0,0.4458363739210862,,Loyal Customers
14489,3.0,405.0,613.0,374.6933333333333,0.9181687306473383,0.4458104482627951,658.9589421784043,At-Risk (High Value)
14490,1.0,22.0,429.0,796.39,0.4723614495990117,0.14301999923400527,510.7801023313791,At-Risk (High Value)
14491,1.0,197.0,373.0,213.73,0.8751778228060166,0.2986904985679948,289.40601595344776,Lost / Dormant
14492,6.0,189.0,620.0,284.6333333333333,0.09818610354912836,0.08577184488167704,93.367472727295,At-Risk (High Value)
14493,9.0,634.0,642.0,508.4944444444444,0.9910005244567694,1.2161954880587056,2339.7056932541273,Champions
14494,2.0,706.0,732.0,143.57999999999998,0.9647261705299172,0.29001761234541024,171.34517392846536,Loyal Customers
14495,2.0,609.0,660.0,61.9,0.9609206112236839,0.31747235578419936,82.14164451201711,Loyal Customers
14496,6.0,322.0,634.0,318.995,0.6146346012490728,0.5262006287367382,641.9317846822322,At-Risk (High Value)
14497,1.0,364.0,674.0,475.37,0.8697329584321842,0.17630551244322734,378.8371447452779,Lost / Dormant
14498,9.0,508.0,551.0,400.2888888888889,0.9838670349302897,1.3852301385734151,2095.259773783146,Champions
14499,6.0,443.0,470.0,296.9766666666667,0.9832657634682104,1.098859303960054,1244.5010806253426,At-Risk (High Value)
14500,2.0,101.0,190.0,36.0,0.9041671022616617,0.8449603778868521,127.90181648725033,Loyal Customers
14501,1.0,136.0,320.0,184.28,0.8479471243612874,0.3290113750694595,275.0783190327993,Lost / Dormant
14502,8.0,294.0,314.0,289.0525,0.9855964921114224,2.0182053721263298,2197.402840246176,Champions
14503,5.0,175.0,179.0,589.238,0.9844959580153398,2.0422727824388085,4558.750246274281,Champions
14504,3.0,231.0,279.0,175.34333333333333,0.9612746627960816,0.9172438339613139,631.2153237263466,Loyal Customers
14505,15.0,713.0,731.0,740.1673333333333,0.9929863721410501,1.754606538019094,4878.691650080672,Champions
14506,6.0,582.0,600.0,483.195,0.9857446434422772,0.8869289029613492,1637.032334742985,Champions
14507,9.0,706.0,730.0,345.8811111111111,0.9891738080032284,1.079924714021568,1415.2850908080873,Champions
14508,3.0,518.0,541.0,188.77666666666667,0.9739947626022113,0.5289060871551651,394.66055444532634,Loyal Customers
14509,0.0,0.0,535.0,0.0,1.0,0.10005488415698227,,Lost / Dormant
14510,1.0,61.0,437.0,505.75,0.6196840496957171,0.1846492015370878,419.99076351745725,At-Risk (High Value)
14511,4.0,122.0,134.0,294.1625,0.9768319564378768,2.0430788192512077,2292.72845641701,Loyal Customers
14512,6.0,545.0,733.0,178.365,0.9324285136294712,0.6994954449363815,478.48104509081816,At-Risk (High Value)
14513,5.0,468.0,569.0,103.30999999999999,0.9630042509458759,0.7724373148276125,308.2779921110777,At-Risk (High Value)
14514,8.0,665.0,727.0,467.775,0.9818267834580708,0.9646747803960999,1713.5528898525888,Champions
14515,9.0,533.0,551.0,394.79555555555555,0.9892754329366662,1.3928448625694925,2077.8950274833715,Champions
14516,0.0,0.0,517.0,0.0,1.0,0.10313530475135264,,Lost / Dormant
14517,1.0,108.0,142.0,78.0,0.9246518895468075,0.6643741031670991,238.80379175910008,Loyal Customers
14518,0.0,0.0,65.0,0.0,1.0,0.45599342242816304,,Lost / Dormant
14519,1.0,45.0,729.0,83.14,0.37562494685599196,0.07088524213127598,27.629218044101265,Lost / Dormant
14520,1.0,289.0,291.0,105.60000000000001,0.9426456371050663,0.3953722815998769,191.96546982779986,Loyal Customers
14521,0.0,0.0,492.0,0.0,1.0,0.10774250361469907,,Lost / Dormant
14522,7.0,660.0,685.0,222.6314285714286,0.9867136871657353,0.9055392698177638,768.6252505900413,Champions
14523,0.0,0.0,109.0,0.0,1.0,0.3418632857156135,,Lost / Dormant
14524,7.0,385.0,417.0,314.71857142857147,0.9827039412544418,1.4012244562102776,1671.894967816562,Champions
14525,16.0,707.0,727.0,488.23562499999997,0.9929547002812713,1.875929752794356,3438.4837991387076,Champions
14526,0.0,0.0,390.0,0.0,1.0,0.13175907064372394,,Lost / Dormant
14527,119.0,735.0,738.0,225.3170588235294,0.999013138835699,13.364639776509732,11197.796010039914,Champions
14528,0.0,0.0,38.0,0.0,1.0,0.573745012029573,,Loyal Customers
14529,2.0,50.0,111.0,242.4,0.9047719449650785,1.2214109304367682,1184.7857050345015,Loyal Customers
14530,15.0,662.0,688.0,399.858,0.9915097030733501,1.851776948209999,2780.914631122626,Champions
14531,0.0,0.0,480.0,0.0,1.0,0.11010342597907788,,Lost / Dormant
14532,10.0,462.0,699.0,358.323,0.7199851999505925,0.9024331043498691,1222.1972705455069,At-Risk (High Value)
14533,10.0,586.0,611.0,299.091,0.9891388612510702,1.4007009354778903,1581.8555412201765,Champions
14534,25.0,632.0,635.0,235.7924,0.9966840342519941,3.2796608375307734,2889.011130745277,Champions
14535,8.0,593.0,654.0,689.22375,0.9806844368111894,1.061101823579179,2773.692727672137,Champions
14536,0.0,0.0,260.0,0.0,1.0,0.18406722238901138,,Lost / Dormant
14537,1.0,566.0,624.0,355.56,0.934731248108091,0.20318454028869778,327.159521568691,Loyal Customers
14538,4.0,619.0,684.0,229.56,0.9736386683744591,0.5447260850408953,486.73717582303163,At-Risk (High Value)
14539,1.0,29.0,45.0,465.35,0.9271175008191553,1.2454567686370042,2536.7115660025243,Loyal Customers
14540,10.0,723.0,733.0,363.884,0.9916714159351918,1.1901433644495998,1637.5040503762511,Champions
14541,12.0,643.0,702.0,191.4125,0.9833234853019989,1.4578384990165842,1052.2916256738433,Champions
14542,0.0,0.0,186.0,0.0,1.0,0.23784403317646227,,Lost / Dormant
14543,35.0,710.0,739.0,395.95914285714287,0.9921348387259353,3.951171527135476,5838.779111764652,Champions
14544,2.0,446.0,471.0,1012.225,0.9633698652311017,0.4300512546448275,1763.9568326957537,Loyal Customers
14545,0.0,0.0,675.0,0.0,1.0,0.08119435170939887,,Lost / Dormant
14546,10.0,728.0,734.0,465.017,0.9921074175448474,1.1891802575601473,2090.478786531472,Champions
14547,7.0,51.0,55.0,502.4771428571429,0.9866843823070608,5.597480498778994,10401.550137236185,Champions
14548,5.0,583.0,734.0,380.994,0.9550194536134792,0.6082553061343824,892.6822951485855,At-Risk (High Value)
14549,3.0,426.0,738.0,200.11,0.8761555508414774,0.3593687669703682,284.9810585595152,At-Risk (High Value)
14550,3.0,473.0,484.0,354.6000000000001,0.97565912573049,0.5846062925093659,815.9748877640458,Loyal Customers
14551,4.0,663.0,682.0,182.7975,0.9804166479318496,0.5499825780451705,391.717683605844,Loyal Customers
14552,2.0,441.0,593.0,168.78,0.9367049895752366,0.3408766032454529,235.82485212343016,Lost / Dormant
14553,6.0,490.0,510.0,225.33833333333334,0.9849764047067506,1.0244624112654068,881.6900725803688,Champions
14554,3.0,42.0,53.0,676.4033333333333,0.9677794621736284,2.6691129759663514,6908.503993637356,Loyal Customers
14555,5.0,664.0,722.0,404.996,0.9783413276327485,0.6325845023123721,986.622360117203,At-Risk (High Value)
14556,2.0,92.0,689.0,243.315,0.30817033171569413,0.09791016069820543,97.46417433318365,At-Risk (High Value)
14557,0.0,0.0,86.0,0.0,1.0,0.39329910904887333,,Loyal Customers
14558,2.0,77.0,732.0,174.52499999999998,0.22665257154945834,0.06813667923677696,48.82164156947381,Lost / Dormant
14559,0.0,0.0,391.0,0.0,1.0,0.13147173035578513,,Lost / Dormant
14560,37.0,730.0,738.0,158.03864864864866,0.9970624474207738,4.1986524736471775,2476.6089247146215,Champions
14561,2.0,109.0,185.0,429.345,0.9186470184852678,0.875537887726771,1509.3397713002378,At-Risk (High Value)
14562,23.0,667.0,671.0,286.94347826086954,0.9963318533248152,2.875585745019251,3085.7165867619337,Champions
14563,1.0,83.0,593.0,149.65,0.5760196151778058,0.13108846925891338,90.04920135813036,Lost / Dormant
14564,1.0,301.0,736.0,1616.44,0.8172404755804825,0.1528800286071599,1111.8603700828858,At-Risk (High Value)
14565,4.0,378.0,474.0,774.78,0.957528808102437,0.743623246463167,2228.2435617625324,At-Risk (High Value)
14566,3.0,423.0,534.0,970.8400000000001,0.9530928624700997,0.5235825832690336,1998.4689322259637,At-Risk (High Value)
14567,1.0,74.0,131.0,729.6,0.90297555996227,0.6848833988176372,2207.272410426103,Loyal Customers
14568,0.0,0.0,436.0,0.0,1.0,0.11972312675328242,,Lost / Dormant
14569,3.0,602.0,604.0,138.51,0.9771211103414661,0.48079633598187527,264.139509624517,Loyal Customers
14570,1.0,163.0,444.0,217.21,0.8119436507241917,0.23862492837350013,235.39542123552752,Lost / Dormant
14571,0.0,0.0,426.0,0.0,1.0,0.12214870795751027,,Lost / Dormant
14572,9.0,618.0,622.0,581.7933333333334,0.9914667488822438,1.2520857419938434,2754.894709495388,Champions
14573,10.0,521.0,701.0,238.462,0.8860687114035547,1.107711003699345,998.9249293066331,At-Risk (High Value)
14574,0.0,0.0,733.0,0.0,1.0,0.07531324641733567,,Lost / Dormant
14575,0.0,0.0,489.0,0.0,1.0,0.10832318747902472,,Lost / Dormant
14576,0.0,0.0,373.0,0.0,1.0,0.1368435487257945,,Lost / Dormant
14577,6.0,716.0,729.0,192.81833333333336,0.9867360481174376,0.7439555175336398,549.9626787346712,Loyal Customers
14578,0.0,0.0,4.0,0.0,1.0,0.8514989375406841,,Loyal Customers
14579,0.0,0.0,433.0,0.0,1.0,0.12044062116391707,,Lost / Dormant
14580,0.0,0.0,519.0,0.0,1.0,0.10278369796172042,,Lost / Dormant
14581,1.0,528.0,545.0,138.6,0.940564091558074,0.2308289307550585,147.0092259844406,Loyal Customers
14582,0.0,0.0,41.0,0.0,1.0,0.5577280152350635,,Lost / Dormant
14583,7.0,616.0,622.0,217.74285714285716,0.9890206426322712,0.9906419202477367,821.7259581585472,Champions
14584,7.0,491.0,661.0,221.89714285714285,0.9253918540486666,0.8772571341586236,741.93451838747,At-Risk (High Value)
14585,4.0,366.0,417.0,230.405,0.9709751379746537,0.8428650280559001,752.1326789475785,At-Risk (High Value)
14586,0.0,0.0,277.0,0.0,1.0,0.17498105190821006,,Lost / Dormant
14587,8.0,313.0,332.0,172.53625,0.9862222505864028,1.9283494342961156,1255.4226906846118,Champions
14588,0.0,0.0,579.0,0.0,1.0,0.09324711533168688,,Lost / Dormant
14589,0.0,0.0,372.0,0.0,1.0,0.13715489062787023,,Lost / Dormant
14590,18.0,308.0,733.0,161.01222222222225,0.00016007956478630123,0.00033617493092576715,0.20314245581860332,At-Risk (High Value)
14591,1.0,198.0,214.0,1196.92,0.9376028970340342,0.5009982890567755,2661.177001988399,Loyal Customers
14592,2.0,29.0,65.0,153.25,0.925678665300848,1.6868535660331767,1032.5971362122134,Loyal Customers
14593,7.0,709.0,731.0,467.3514285714286,0.9872927797010196,0.8538464673173338,1520.3697696073239,Champions
14594,1.0,366.0,374.0,124.83,0.9414798062581032,0.320590518424281,183.62482640976748,Loyal Customers
14595,7.0,669.0,689.0,280.3,0.9874023439432875,0.9013771977728399,962.8557454130337,Champions
14596,0.0,0.0,627.0,0.0,1.0,0.08680424951507873,,Lost / Dormant
14597,4.0,426.0,438.0,525.26,0.9805597580316756,0.8157907344482211,1656.7581147025485,Loyal Customers
14598,1.0,525.0,570.0,221.97,0.9361881936451266,0.22074277300410566,223.05815779377542,Loyal Customers
14599,1.0,119.0,510.0,288.9,0.7106189423604884,0.18496955728778536,242.05779173182103,Lost / Dormant
14600,1.0,88.0,394.0,393.33000000000004,0.7241702436439553,0.2358997388974161,417.64670887835024,Lost / Dormant
14601,0.0,0.0,11.0,0.0,1.0,0.7741789419333209,,Loyal Customers
14602,0.0,0.0,657.0,0.0,1.0,0.08321096061995487,,Lost / Dormant
14603,0.0,0.0,275.0,0.0,1.0,0.17600314264673173,,Lost / Dormant
14604,0.0,0.0,634.0,0.0,1.0,0.08593832788480282,,Lost / Dormant
14605,2.0,357.0,732.0,360.03,0.8450099184540175,0.25402831025472233,373.45925568245724,At-Risk (High Value)
14606,179.0,735.0,737.0,169.9354189944134,0.9993428011275042,20.097037654030636,12693.335515064242,Champions
14607,12.0,709.0,725.0,1403.9925,0.9921010619242843,1.4281397066110566,7552.79442990521,Champions
14608,9.0,729.0,734.0,347.9244444444445,0.9914308985892831,1.0769841331424181,1419.8249235287515,Champions
14609,9.0,596.0,669.0,159.21333333333334,0.9780552749478396,1.1562780077898054,697.9777599373436,At-Risk (High Value)
14610,1.0,119.0,515.0,10.9,0.7076299996386011,0.18261001302885804,11.92263680879762,Lost / Dormant
14611,1.0,155.0,599.0,312.93,0.7226806456463029,0.16298419206423823,231.19507194048433,Lost / Dormant
14612,0.0,0.0,416.0,0.0,1.0,0.12467465232005752,,Lost / Dormant
14613,0.0,0.0,681.0,0.0,1.0,0.0805437002265406,,Lost / Dormant
14614,0.0,0.0,387.0,0.0,1.0,0.13262868117432405,,Lost / Dormant
14615,4.0,154.0,549.0,162.0275,0.3106182252522929,0.21186127129223506,133.56174681156244,At-Risk (High Value)
14616,4.0,306.0,549.0,121.32000000000001,0.8422468124272883,0.5744655848115297,271.6838717400736,At-Risk (High Value)
14617,1.0,13.0,416.0,109.0,0.43755728155556983,0.13604600368710384,68.4131941424842,Lost / Dormant
14618,5.0,537.0,547.0,219.31800000000004,0.9845049450497642,0.8179750933523983,690.1562818658125,Loyal Customers
14619,1.0,296.0,542.0,394.44,0.8742106435566777,0.2156010630043388,384.1646046080865,At-Risk (High Value)
14620,1.0,78.0,284.0,177.43,0.7875807788641551,0.3369194341094503,271.0070806937446,Lost / Dormant
14621,8.0,682.0,684.0,310.27750000000003,0.9907526269902602,1.0291761384623193,1212.576030045305,Champions
14622,0.0,0.0,185.0,0.0,1.0,0.2387870917019617,,Lost / Dormant
14623,9.0,570.0,603.0,199.0688888888889,0.9868871077342504,1.281643783689144,965.9102607586711,Champions
14624,5.0,547.0,605.0,112.708,0.9765887214944271,0.7413741677913315,322.7955618521742,At-Risk (High Value)
14625,9.0,527.0,724.0,434.8644444444444,0.8838134263722984,0.9722166172906989,1601.4185499791274,At-Risk (High Value)
14626,10.0,706.0,730.0,497.45199999999994,0.9899180649400402,1.1925106992709087,2242.333949465764,Champions
14627,0.0,0.0,380.0,0.0,1.0,0.13470313472888507,,Lost / Dormant
14628,4.0,592.0,684.0,404.7175,0.9683458226893424,0.5417648724243167,851.9785500407195,At-Risk (High Value)
14629,1.0,43.0,48.0,354.18,0.9389156570498842,1.2282065822285597,1909.7799749673388,Loyal Customers
14630,0.0,0.0,485.0,0.0,1.0,0.10910724330326803,,Lost / Dormant
14631,5.0,437.0,488.0,341.548,0.975762899428784,0.8968884760624084,1175.6977936380345,At-Risk (High Value)
14632,0.0,0.0,263.0,0.0,1.0,0.18239577454626604,,Lost / Dormant
14633,0.0,0.0,267.0,0.0,1.0,0.18021387283407242,,Lost / Dormant
14634,3.0,104.0,542.0,148.04,0.2796480261563404,0.1516073102695114,88.87477349381697,At-Risk (High Value)
14635,0.0,0.0,454.0,0.0,1.0,0.11559155492703192,,Lost / Dormant
14636,1.0,232.0,269.0,309.66,0.9316324019820036,0.41633034152646836,578.9482823192116,Loyal Customers
14637,0.0,0.0,678.0,0.0,1.0,0.08086771694662305,,Lost / Dormant
14638,0.0,0.0,51.0,0.0,1.0,0.5102700998122855,,Loyal Customers
14639,6.0,609.0,662.0,705.5816666666666,0.9804274574250469,0.8071276218981233,2176.480078083692,Champions
14640,9.0,662.0,687.0,375.65333333333336,0.9888412021510354,1.1411233253649866,1623.2170894181709,Champions
14641,0.0,0.0,22.0,0.0,1.0,0.6776348089748967,,Loyal Customers
14642,0.0,0.0,59.0,0.0,1.0,0.47776785231206115,,Lost / Dormant
14643,4.0,558.0,729.0,332.3025,0.9478063341299843,0.500301488518392,646.6805743032207,At-Risk (High Value)
14644,5.0,669.0,737.0,372.82000000000005,0.9768436360646653,0.6198341062118193,890.227663458101,At-Risk (High Value)
14645,2.0,478.0,635.0,298.545,0.9380760651997733,0.3209582020821867,391.17303470224846,At-Risk (High Value)
14646,90.0,736.0,738.0,5142.580444444445,0.9989558359469062,10.1253340477933,193694.27367378262,Champions
14647,1.0,322.0,524.0,243.22,0.8914482838116229,0.22654456577791984,250.25407136595175,Lost / Dormant
14648,12.0,313.0,730.0,359.93666666666667,0.012768635596881276,0.018265277554813292,24.7814016068387,At-Risk (High Value)
14649,7.0,684.0,689.0,463.75714285714287,0.9891960935753296,0.9030146711156508,1594.7543339294452,Champions
14650,0.0,0.0,590.0,0.0,1.0,0.09168754070920555,,Lost / Dormant
14651,7.0,564.0,632.0,236.75285714285715,0.9776712546812455,0.9652654007417236,870.53798376689,At-Risk (High Value)
14652,0.0,0.0,78.0,0.0,1.0,0.41503084653523603,,Lost / Dormant
14653,9.0,736.0,738.0,343.6233333333333,0.9917366771109996,1.0719636162250181,1395.8200952781408,Champions
14654,0.0,0.0,739.0,0.0,1.0,0.0747531292470527,,Lost / Dormant
14655,6.0,588.0,597.0,484.3283333333334,0.9869799975222495,0.8920522796082109,1650.2673770173817,Champions
14656,4.0,434.0,604.0,167.55,0.9347328222560797,0.5852970048226668,381.8439926662446,At-Risk (High Value)
14657,5.0,418.0,436.0,245.58800000000002,0.9826599391052157,0.9966007855117995,939.0248837777408,Loyal Customers
14658,1.0,112.0,118.0,124.00999999999999,0.9400731275928846,0.7631957408510546,427.7749896788154,Loyal Customers
14659,8.0,307.0,316.0,242.095,0.9888975005083535,2.014386445938871,1837.6537925335806,Champions
14660,1.0,14.0,101.0,156.79,0.8256814210105811,0.7382876509099509,519.004337824175,Lost / Dormant
14661,0.0,0.0,27.0,0.0,1.0,0.6413227930370341,,Loyal Customers
14662,6.0,708.0,737.0,217.60500000000002,0.9848367317506762,0.7351362037587235,613.1366313038839,At-Risk (High Value)
14663,0.0,0.0,431.0,0.0,1.0,0.12092374971221938,,Lost / Dormant
14664,1.0,14.0,34.0,248.85,0.9188483090593799,1.369773016027632,1498.7398823518931,Loyal Customers
14665,5.0,532.0,593.0,494.01000000000005,0.9756963098698056,0.7541622087454778,1431.7366100959593,At-Risk (High Value)
14666,0.0,0.0,25.0,0.0,1.0,0.6553676864757532,,Loyal Customers
14667,49.0,727.0,738.0,441.63714285714286,0.9969758754288892,5.535716497902927,9110.22838971076,Champions
14668,0.0,0.0,446.0,0.0,1.0,0.11739204141407238,,Lost / Dormant
14669,4.0,496.0,738.0,604.9375,0.9134038976839877,0.47675275630512454,1120.5488285876436,At-Risk (High Value)
14670,1.0,452.0,733.0,411.53,0.8891946013858867,0.16696383959027283,311.1997664019811,Lost / Dormant
14671,1.0,19.0,569.0,183.5,0.35715375426909085,0.0843452244108793,70.69925910460526,Lost / Dormant
14672,3.0,446.0,681.0,319.0933333333333,0.9148272459040334,0.40381678229535417,509.1051833892302,At-Risk (High Value)
14673,6.0,406.0,410.0,476.19166666666666,0.9874211889465616,1.2423147499879372,2250.9314507161516,Champions
14674,0.0,0.0,510.0,0.0,1.0,0.10438510851584881,,Lost / Dormant
14675,1.0,372.0,389.0,604.75,0.9396286288865168,0.30944021159708407,839.4491141564563,Loyal Customers
14676,11.0,608.0,640.0,700.079090909091,0.9886207104149831,1.4683825664987202,3874.113757518446,Champions
14677,0.0,0.0,593.0,0.0,1.0,0.09127121745161292,,Lost / Dormant
14678,0.0,0.0,580.0,0.0,1.0,0.09310314622067963,,Lost / Dormant
14679,2.0,350.0,732.0,425.35,0.8390525601944586,0.252237399143257,437.76149705803266,At-Risk (High Value)
14680,50.0,710.0,736.0,1106.5362,0.9920752228696245,5.633406397411555,23224.225720713355,Champions
14681,4.0,582.0,654.0,190.495,0.9718095186501459,0.566321202316558,420.09480846506153,At-Risk (High Value)
14682,5.0,485.0,673.0,225.558,0.9292281442485962,0.6406067040614107,556.9196114235535,At-Risk (High Value)
14683,0.0,0.0,589.0,0.0,1.0,0.09182716064473959,,Lost / Dormant
14684,5.0,365.0,391.0,247.256,0.9803808363500067,1.0919853579279506,1034.608441737327,Loyal Customers
14685,4.0,150.0,727.0,829.845,0.11157857600094995,0.05904530228531886,190.27148173524375,At-Risk (High Value)
14686,1.0,245.0,660.0,568.86,0.7999819971182834,0.16528733320852237,424.3860452090934,At-Risk (High Value)
14687,2.0,445.0,552.0,545.2,0.9472375229119283,0.36753365198900273,814.6126900651067,At-Risk (High Value)
14688,26.0,449.0,457.0,282.8573076923077,0.9956883535204715,4.560500877885538,4801.898462427463,Champions
14689,0.0,0.0,209.0,0.0,1.0,0.21804059373946055,,Lost / Dormant
14690,3.0,366.0,411.0,184.07000000000002,0.9677030930470296,0.6683779138371833,484.9411290556945,Loyal Customers
14691,3.0,182.0,213.0,558.2433333333333,0.9654264294964546,1.1384509863658727,2473.7105663594043,At-Risk (High Value)
14692,11.0,480.0,618.0,143.17909090909092,0.9143798309033672,1.4017309578256207,757.5333225542438,At-Risk (High Value)
14693,6.0,261.0,526.0,177.26,0.608361707112903,0.615678091418044,417.2595134262154,At-Risk (High Value)
14694,0.0,0.0,618.0,0.0,1.0,0.08794356140288409,,Lost / Dormant
14695,1.0,213.0,733.0,636.04,0.7394246817201853,0.13884158063420413,398.70567255917246,At-Risk (High Value)
14696,7.0,417.0,422.0,339.0814285714286,0.9888901028413961,1.3956261261004914,1794.141401258003,Champions
14697,0.0,0.0,219.0,0.0,1.0,0.21042416074020848,,Lost / Dormant
14698,4.0,50.0,52.0,188.18,0.9811545357655965,3.4734677113837247,2471.2828664414724,Loyal Customers
14699,3.0,311.0,526.0,153.38,0.8910382164593648,0.4960950110095009,301.1307698854204,At-Risk (High Value)
14700,4.0,453.0,486.0,693.7225,0.9769042744863733,0.7422089920015406,1992.1348581881696,At-Risk (High Value)
14701,10.0,674.0,685.0,404.259,0.991478031624794,1.2658580270416258,1933.6119200248334,Champions
14702,28.0,728.0,730.0,219.95428571428573,0.9971457138298915,3.2278389666762455,2653.5362952535756,Champions
14703,0.0,0.0,15.0,0.0,1.0,0.7360261172082512,,Loyal Customers
14704,10.0,613.0,625.0,169.13899999999998,0.9912240831266247,1.375256981869803,879.3219287692383,Champions
14705,0.0,0.0,199.0,0.0,1.0,0.2262298285549648,,Lost / Dormant
14706,0.0,0.0,619.0,0.0,1.0,0.08781549608626135,,Lost / Dormant
14707,1.0,141.0,577.0,69.6,0.711717288824943,0.16599194085027444,54.48665399476304,Lost / Dormant
14708,4.0,453.0,456.0,476.71750000000003,0.9821332426245812,0.7889796931264416,1455.12803393941,Loyal Customers
14709,22.0,719.0,735.0,392.2786363636364,0.9946799577459932,2.5301136824199006,3715.310284784568,Champions
14710,12.0,722.0,737.0,156.94916666666666,0.9922567542536691,1.4070460955435409,833.4038886368494,Champions
14711,10.0,252.0,263.0,266.82800000000003,0.9895342525678923,2.87944519772447,2874.6840677190426,Champions
14712,3.0,389.0,419.0,305.69,0.9715282162058493,0.6599755099337886,793.2994691838577,Loyal Customers
14713,20.0,727.0,737.0,262.889,0.9952065097016369,2.3023703387669743,2268.182941650264,Champions
14714,3.0,663.0,688.0,252.41333333333333,0.9744511631383209,0.4261485540753859,425.46117976130097,Loyal Customers
14715,7.0,665.0,690.0,219.73142857142855,0.9867367020062989,0.8995797489626731,753.6921261871421,Champions
14716,2.0,401.0,445.0,164.84,0.9591400935988608,0.4498992478583847,303.14171899337333,Loyal Customers
14717,0.0,0.0,734.0,0.0,1.0,0.07521931127210389,,Lost / Dormant
14718,0.0,0.0,411.0,0.0,1.0,0.1259772284764706,,Lost / Dormant
14719,4.0,248.0,250.0,344.6675,0.982083542273958,1.3017275113093916,1724.6871358061096,Loyal Customers
14720,2.0,121.0,127.0,254.005,0.9648410800517662,1.1948683427109512,1216.19170507652,Loyal Customers
14721,0.0,0.0,380.0,0.0,1.0,0.13470313472888507,,Lost / Dormant
14722,2.0,339.0,487.0,153.985,0.9283634756521427,0.4024589538693264,253.76869817609543,Lost / Dormant
14723,9.0,725.0,736.0,216.4477777777778,0.9907867946950406,1.0736040103992572,881.1679095133114,Champions
14724,0.0,0.0,591.0,0.0,1.0,0.09154834481612645,,Lost / Dormant
14725,2.0,510.0,535.0,524.215,0.9638592620494292,0.38454041245597653,819.3481120851941,Loyal Customers
14726,0.0,0.0,655.0,0.0,1.0,0.08344123025685847,,Lost / Dormant
14727,1.0,272.0,547.0,268.58,0.8593241001083624,0.2102048165465866,256.1708169826023,Lost / Dormant
14728,0.0,0.0,414.0,0.0,1.0,0.12519243544506692,,Lost / Dormant
14729,1.0,252.0,626.0,626.98,0.8181670551644982,0.17733374119543366,501.2750070816414,At-Risk (High Value)
14730,6.0,275.0,277.0,287.9816666666666,0.9876341622674323,1.7231473641143034,1881.003745027498,Champions
14731,2.0,165.0,213.0,126.17999999999999,0.9472940278376882,0.8125060615756221,416.66259381567215,Loyal Customers
14732,17.0,722.0,731.0,311.61882352941177,0.9946953006806524,1.9819714466787228,2317.8364818098953,Champions
14733,14.0,386.0,403.0,969.3592857142858,0.990984637962167,2.783449297482326,10085.028160265985,Champions
14734,3.0,126.0,552.0,286.02000000000004,0.3649011453162578,0.1946309038472354,219.60124316434744,At-Risk (High Value)
14735,38.0,732.0,736.0,311.9292105263158,0.9976183737677411,4.323258790450216,5030.945379938219,Champions
14736,0.0,0.0,486.0,0.0,1.0,0.10891016680401412,,Lost / Dormant
14737,3.0,397.0,401.0,388.18333333333334,0.9766534534485881,0.6889720005090882,1050.2175361977131,Loyal Customers
14738,8.0,690.0,733.0,188.8375,0.9854621543695662,0.9609854797023315,690.1562338067143,At-Risk (High Value)
14739,24.0,733.0,738.0,486.21125,0.9963934453231731,2.747801397825652,4997.501943343109,Champions
14740,10.0,455.0,653.0,404.581,0.8123042933924586,1.0831909720315782,1655.2036348914683,At-Risk (High Value)
14741,6.0,406.0,418.0,264.14000000000004,0.9859557729350934,1.2200080882547202,1227.6910068539105,Champions
14742,0.0,0.0,436.0,0.0,1.0,0.11972312675328242,,Lost / Dormant
14743,0.0,0.0,593.0,0.0,1.0,0.09127121745161292,,Lost / Dormant
14744,11.0,554.0,571.0,337.72,0.9909039700724842,1.6309450181648395,2074.6529837285293,Champions
14745,9.0,525.0,638.0,239.61222222222224,0.9574698813472527,1.1817119187830423,1072.1629472453276,At-Risk (High Value)
14746,2.0,17.0,424.0,158.7,0.1973029384819374,0.09650510718663484,62.59565310532784,At-Risk (High Value)
14747,0.0,0.0,250.0,0.0,1.0,0.1898671486370712,,Lost / Dormant
14748,8.0,616.0,646.0,348.59499999999997,0.9869125705577106,1.0798212026889416,1428.4010440475195,Champions
14749,0.0,0.0,480.0,0.0,1.0,0.11010342597907788,,Lost / Dormant
14750,0.0,0.0,737.0,0.0,1.0,0.07493890679114275,,Lost / Dormant
14751,1.0,42.0,727.0,61.349999999999994,0.36571630025103596,0.06918910554471351,20.20046385498779,Lost / Dormant
14752,0.0,0.0,44.0,0.0,1.0,0.5425848245350299,,Loyal Customers
14753,1.0,373.0,461.0,563.15,0.9243052448784496,0.2629056380731901,665.7725480130382,Loyal Customers
14754,5.0,646.0,691.0,238.26399999999998,0.9800949450062048,0.6596314722071409,605.7993102906642,At-Risk (High Value)
14755,21.0,727.0,737.0,453.68571428571425,0.9953735686497138,2.4141683351309866,4101.452423242244,Champions
14756,2.0,409.0,425.0,634.03,0.9647203938397545,0.4709066517185445,1209.786236283306,Loyal Customers
14757,0.0,0.0,76.0,0.0,1.0,0.420845519774723,,Lost / Dormant
14758,6.0,466.0,611.0,403.74499999999995,0.9430001649898752,0.8347049088398484,1287.8615115380585,At-Risk (High Value)
14759,2.0,228.0,233.0,526.86,0.9661713679883189,0.7734309867087809,1639.8461697765556,Loyal Customers
14760,0.0,0.0,298.0,0.0,1.0,0.16492512159667808,,Lost / Dormant
14761,2.0,386.0,445.0,127.95,0.9555658417087081,0.44822269065076925,235.17338560717604,Loyal Customers
14762,1.0,363.0,627.0,300.52,0.8812820806701692,0.19073852927752713,260.07953900931983,Lost / Dormant
14764,0.0,0.0,47.0,0.0,1.0,0.5282456142148394,,Loyal Customers
14765,2.0,147.0,177.0,86.805,0.954441149251011,0.9395008953154587,332.7952664942773,Loyal Customers
14766,10.0,543.0,552.0,523.6600000000001,0.9914848975021013,1.5378464504675144,3036.2101906473013,Champions
14767,0.0,0.0,475.0,0.0,1.0,0.1111179741151173,,Lost / Dormant
14768,1.0,110.0,128.0,59.400000000000006,0.9336584174590349,0.7190637489500672,199.34278591584697,Loyal Customers
14769,16.0,721.0,724.0,925.035625,0.9950909068276663,1.8870954337399777,6551.808901761614,Champions
14770,7.0,420.0,653.0,385.90857142857146,0.8253155267348471,0.7910787090345773,1162.2649552281307,At-Risk (High Value)
14771,1.0,115.0,737.0,307.25,0.5755943003948513,0.10754176198034204,150.1122769607087,Lost / Dormant
14772,0.0,0.0,113.0,0.0,1.0,0.3342637044341831,,Lost / Dormant
14773,0.0,0.0,593.0,0.0,1.0,0.09127121745161292,,Lost / Dormant
14774,0.0,0.0,529.0,0.0,1.0,0.10106103324270435,,Lost / Dormant
14775,2.0,314.0,373.0,302.66999999999996,0.9530207379032124,0.5201599108100431,638.9840148962288,At-Risk (High Value)
14776,12.0,395.0,447.0,285.05,0.9766250871537178,2.166256715010149,2317.2461953398906,Champions
14777,0.0,0.0,404.0,0.0,1.0,0.12784726278126235,,Lost / Dormant
14778,1.0,181.0,309.0,396.81,0.8915244257608248,0.3560357983156138,633.9435407597587,Lost / Dormant
14779,2.0,43.0,324.0,61.8,0.4885559874677166,0.30006623928772197,76.91324725258998,Lost / Dormant
14780,1.0,25.0,80.0,114.88,0.8811991493900009,0.9008048462221152,466.5699345200295,Loyal Customers
14782,0.0,0.0,320.0,0.0,1.0,0.15556038983059978,,Lost / Dormant
14783,0.0,0.0,660.0,0.0,1.0,0.08286792986617049,,Lost / Dormant
14784,2.0,363.0,390.0,144.995,0.9620796078467535,0.5055748576160717,299.64564472799,Loyal Customers
14785,1.0,5.0,16.0,37.92,0.9283212674865534,1.6872283222045283,302.89256372509294,Loyal Customers
14786,0.0,0.0,551.0,0.0,1.0,0.09746725989440297,,Lost / Dormant
14787,0.0,0.0,472.0,0.0,1.0,0.11173573094335433,,Lost / Dormant
14788,2.0,589.0,597.0,339.72,0.9665885778366291,0.3496332877837391,484.23976892084744,Loyal Customers
14789,0.0,0.0,29.0,0.0,1.0,0.627870354986633,,Loyal Customers
14790,9.0,712.0,729.0,246.42333333333332,0.9900695591314017,1.0822604525234278,1010.9741646845412,Champions
14791,0.0,0.0,607.0,0.0,1.0,0.08937734097616304,,Lost / Dormant
14792,0.0,0.0,64.0,0.0,1.0,0.45948311220653343,,Lost / Dormant
14793,1.0,514.0,536.0,228.99,0.9397136964916859,0.23406042757899295,243.71496067453626,Loyal Customers
14794,9.0,485.0,488.0,203.59,0.9914992580608143,1.5544420672839712,1195.5679855239782,Champions
14795,0.0,0.0,167.0,0.0,1.0,0.2571414310492955,,Lost / Dormant
14796,26.0,724.0,726.0,408.54076923076923,0.9969432644119358,3.0171915331523524,4607.818377687733,Champions
14797,0.0,0.0,508.0,0.0,1.0,0.10474778009071295,,Lost / Dormant
14798,7.0,596.0,649.0,76.7057142857143,0.9815754205491393,0.9461121357746318,277.800532062723,At-Risk (High Value)
14799,1.0,686.0,738.0,157.7,0.9368429719510866,0.17481871065152094,126.66042097562776,Loyal Customers
14800,15.0,388.0,436.0,487.1846666666667,0.9765614383944653,2.737674292698581,4986.554208197366,Champions
14801,0.0,0.0,62.0,0.0,1.0,0.46662582435527233,,Lost / Dormant
14803,2.0,130.0,293.0,151.7,0.8541697429987778,0.5697960692003484,351.8964164385312,At-Risk (High Value)
14804,0.0,0.0,9.0,0.0,1.0,0.7947891404870506,,Loyal Customers
14805,6.0,606.0,622.0,151.14333333333335,0.9861041592149407,0.858924834882939,497.4505409128405,Loyal Customers
14806,1.0,364.0,440.0,193.39,0.9266115506801611,0.274472453175105,241.53715785288801,Lost / Dormant
14807,1.0,259.0,650.0,169.65,0.8150964603452708,0.17075774507617997,132.71942341958234,Lost / Dormant
14808,5.0,133.0,173.0,412.31000000000006,0.9606875730520396,2.0427732714166575,3190.9973782267257,At-Risk (High Value)
14809,0.0,0.0,622.0,0.0,1.0,0.08743352884482357,,Lost / Dormant
14810,12.0,389.0,430.0,200.58916666666667,0.9819164293308748,2.252504230644283,1695.6306375951986,Champions
14811,0.0,0.0,388.0,0.0,1.0,0.13233753771451878,,Lost / Dormant
14812,0.0,0.0,599.0,0.0,1.0,0.09044981411027239,,Lost / Dormant
14813,2.0,241.0,611.0,315.265,0.7816410006686131,0.2768980828183373,356.1255697971536,At-Risk (High Value)
14814,0.0,0.0,582.0,0.0,1.0,0.09281653794419487,,Lost / Dormant
14815,1.0,31.0,68.0,226.92,0.9053862949355309,1.008103092905277,1013.6546480478547,Loyal Customers
14816,0.0,0.0,198.0,0.0,1.0,0.22708275607890469,,Lost / Dormant
14817,6.0,427.0,628.0,568.9716666666667,0.8937893390433908,0.7717956851617878,1677.801705220292,At-Risk (High Value)
14818,5.0,574.0,648.0,212.382,0.973986780577332,0.6949374002858302,568.7816718050183,At-Risk (High Value)
14819,3.0,654.0,719.0,146.50666666666666,0.9691490351416386,0.4071180501978468,236.8411330059216,Loyal Customers
14820,8.0,656.0,678.0,144.945,0.9882991019031591,1.034894924902923,570.5200361003505,Champions
14821,4.0,310.0,677.0,299.25,0.6983373109887587,0.39437722394912506,458.9024338560694,At-Risk (High Value)
14822,0.0,0.0,486.0,0.0,1.0,0.10891016680401412,,Lost / Dormant
14823,1.0,14.0,195.0,110.78,0.6903053205445799,0.39560996179447355,200.11044136618537,Lost / Dormant
14824,9.0,627.0,638.0,358.60111111111115,0.9906131335252444,1.2226174103175171,1659.1885863788825,Champions
14825,23.0,609.0,613.0,202.7817391304348,0.9962910430212346,3.1207355088719115,2365.2099590279213,Champions
14826,1.0,114.0,696.0,207.3,0.5946266317971329,0.11706435968529237,110.82129824453067,Lost / Dormant
14828,12.0,536.0,733.0,743.1683333333334,0.8167295366188749,1.1639343010416412,3259.211346503614,At-Risk (High Value)
14829,5.0,407.0,437.0,269.38800000000003,0.9800613418167566,0.9919931644115905,1025.017674151787,At-Risk (High Value)
14830,0.0,0.0,54.0,0.0,1.0,0.49757439037601214,,Lost / Dormant
14831,1.0,57.0,738.0,842.82,0.4128297287814937,0.07703570722625423,292.74275869286924,At-Risk (High Value)
14833,0.0,0.0,499.0,0.0,1.0,0.10641149487595519,,Lost / Dormant
14834,6.0,390.0,408.0,286.71666666666664,0.984634957579965,1.24402576992193,1358.245210876977,Champions
14835,1.0,89.0,618.0,118.8,0.5771206737130354,0.12654819746325996,69.47080419795272,Lost / Dormant
14836,2.0,20.0,31.0,13.2,0.9555572993645514,2.3501739532687855,138.68375309948522,Loyal Customers
14837,8.0,595.0,685.0,397.83,0.9730674969460946,1.0094610962583666,1524.472202322832,At-Risk (High Value)
14838,1.0,313.0,737.0,654.57,0.8248748864806086,0.15411636050705546,455.4113062604614,Lost / Dormant
14839,2.0,286.0,705.0,245.11,0.7849448647843545,0.24422142050896403,244.9400923167295,At-Risk (High Value)
14840,1.0,272.0,540.0,62.85,0.8616352922787734,0.21319946356824082,63.49350489650346,Lost / Dormant
14841,13.0,684.0,738.0,505.04615384615386,0.9854870636167816,1.5058782270969542,2863.007873480563,Champions
14842,3.0,265.0,309.0,838.23,0.964581619238249,0.846950910748852,2774.4385735628553,At-Risk (High Value)
14843,0.0,0.0,437.0,0.0,1.0,0.11948585868187359,,Lost / Dormant
14844,7.0,543.0,607.0,784.15,0.9780973639280363,1.0015025167488472,2985.790732401652,Champions
14845,0.0,0.0,600.0,0.0,1.0,0.09031434916280585,,Lost / Dormant
14846,0.0,0.0,428.0,0.0,1.0,0.12165575724505952,,Lost / Dormant
14847,2.0,416.0,565.0,522.075,0.9355512711326364,0.35553504089082705,754.8859438942018,At-Risk (High Value)
14848,0.0,0.0,405.0,0.0,1.0,0.12757672149601484,,Lost / Dormant
14849,22.0,677.0,699.0,693.9204545454545,0.993479023510805,2.645823234104133,6868.578334193222,Champions
14850,3.0,257.0,569.0,440.23,0.7811084402478407,0.405493663290921,703.3456409437748,At-Risk (High Value)
14851,2.0,607.0,631.0,255.675,0.964549850604733,0.33190663218250027,346.7659022458513,Loyal Customers
14852,11.0,586.0,645.0,518.6718181818183,0.9818956674023351,1.448152746891107,2831.368274801746,Champions
14853,4.0,581.0,606.0,239.09999999999997,0.9792891385351333,0.6113746475226878,568.2669858960975,Loyal Customers
14854,10.0,608.0,687.0,402.08000000000004,0.9765274499993896,1.2434631528030085,1889.2228151546851,Champions
14855,4.0,491.0,611.0,1224.125,0.957684296546999,0.593478216028658,2815.6731924038295,At-Risk (High Value)
14856,1.0,20.0,57.0,308.11,0.9000813208466507,1.0915093974435097,1481.1772675651453,Loyal Customers
14857,4.0,575.0,635.0,702.095,0.9737774144024877,0.5828239463313035,1587.3969838172382,At-Risk (High Value)
14858,0.0,0.0,506.0,0.0,1.0,0.10511298141965515,,Lost / Dormant
14859,3.0,542.0,555.0,451.24666666666667,0.975576397010355,0.5178435678510833,920.4075321269385,Loyal Customers
14860,0.0,0.0,20.0,0.0,1.0,0.6933449636292132,,Loyal Customers
14861,8.0,679.0,732.0,145.71625,0.9836941399661615,0.9604618416043198,532.6464644093353,At-Risk (High Value)
14862,1.0,123.0,149.0,537.1,0.9302955861598328,0.6467483106840427,1539.832492333503,Loyal Customers
14863,0.0,0.0,30.0,0.0,1.0,0.621354670464213,,Loyal Customers
14865,3.0,731.0,739.0,32.84,0.9765383547024844,0.400045505161611,53.68532168907003,Loyal Customers
14866,14.0,434.0,445.0,1212.1914285714286,0.9927778687749821,2.5596987120683896,11609.454500600687,Champions
14867,14.0,549.0,735.0,196.33857142857144,0.7950069292578472,1.3085644492040467,966.9682888716732,At-Risk (High Value)
14868,9.0,417.0,421.0,397.5288888888889,0.9912651829197235,1.7674639214911496,2647.6129587012456,Champions
14869,5.0,715.0,724.0,486.55199999999996,0.9849330148324257,0.6352366383809476,1189.9374702635303,Champions
14870,4.0,422.0,684.0,376.6,0.882818895842479,0.49391473094970445,722.8896315636979,At-Risk (High Value)
14871,8.0,735.0,739.0,139.24625,0.9905667573018452,0.9587731914577254,508.2166544621195,Champions
14872,2.0,150.0,634.0,256.31,0.5594406665502821,0.19168288421946225,200.76734501200727,At-Risk (High Value)
14873,1.0,423.0,634.0,519.68,0.9009193046380968,0.19304260991803573,452.8976292203333,Lost / Dormant
14874,0.0,0.0,536.0,0.0,1.0,0.09988913778575943,,Lost / Dormant
14875,2.0,334.0,442.0,732.66,0.9402539015139808,0.4436391147025265,1317.1005185765653,At-Risk (High Value)
14876,1.0,40.0,562.0,53.1,0.452230816382019,0.10798645344008533,27.459461266409427,Lost / Dormant
14877,1.0,224.0,643.0,230.3,0.7872203687106782,0.16654294990792293,174.7143527310651,Lost / Dormant
14878,20.0,644.0,657.0,182.70999999999998,0.9946176699373371,2.555261898349407,1748.3784912745475,Champions
14879,0.0,0.0,685.0,0.0,1.0,0.08011569631915338,,Lost / Dormant
14880,2.0,211.0,289.0,288.495,0.9387877484597411,0.6332791855195262,739.4038771777988,Loyal Customers
14881,0.0,0.0,20.0,0.0,1.0,0.6933449636292132,,Loyal Customers
14882,11.0,593.0,620.0,314.20454545454544,0.9894123841900484,1.512339264770543,1791.340546511902,Champions
14883,4.0,193.0,212.0,112.7575,0.9758841425186778,1.4698095175675,639.2294863731528,Loyal Customers
14884,0.0,0.0,670.0,0.0,1.0,0.08174464763699743,,Lost / Dormant
14885,2.0,334.0,466.0,678.46,0.9329092303588933,0.4203590573969603,1156.5747458218157,At-Risk (High Value)
14886,0.0,0.0,253.0,0.0,1.0,0.18808911612199913,,Lost / Dormant
14887,0.0,0.0,80.0,0.0,1.0,0.40937514551575477,,Loyal Customers
14888,0.0,0.0,208.0,0.0,1.0,0.21883270878176758,,Lost / Dormant
14889,0.0,0.0,337.0,0.0,1.0,0.14902222663193718,,Lost / Dormant
14890,2.0,406.0,660.0,257.73,0.9040732996548038,0.2986909395954174,314.68734257160924,At-Risk (High Value)
14891,3.0,288.0,437.0,301.91,0.9219624520596041,0.603939458710481,717.3401988360679,At-Risk (High Value)
14892,0.0,0.0,691.0,0.0,1.0,0.07948215369049806,,Lost / Dormant
14893,2.0,608.0,618.0,618.925,0.9663640526898101,0.33883950992430384,853.1863114412173,Loyal Customers
14894,2.0,652.0,738.0,596.5550000000001,0.9566629743085281,0.2854508267576809,693.9931396608597,At-Risk (High Value)
14895,23.0,722.0,730.0,1015.3591304347825,0.9959048088683156,2.66157143891713,10109.465326891912,Champions
14896,7.0,529.0,734.0,255.70285714285714,0.908050846749198,0.782374254383895,762.950887859781,At-Risk (High Value)
14897,7.0,717.0,725.0,405.6257142857143,0.988902887301321,0.8617173067807213,1331.865472350983,Champions
14898,13.0,713.0,737.0,245.64923076923077,0.991467176544791,1.516900424215137,1403.547721445644,Champions
14899,0.0,0.0,396.0,0.0,1.0,0.1300536343364795,,Lost / Dormant
14900,0.0,0.0,523.0,0.0,1.0,0.10208763013107723,,Lost / Dormant
14901,11.0,487.0,499.0,192.39,0.9914737816689482,1.8394804701882093,1332.218926567921,Champions
14902,2.0,528.0,554.0,318.61,0.9638267570910284,0.3727663596494858,484.00815338939174,Loyal Customers
14903,4.0,257.0,279.0,569.3625000000001,0.9764328457082143,1.185716885088417,2595.991345544756,Loyal Customers
14904,3.0,425.0,428.0,421.16333333333336,0.9768637747265969,0.65153606775903,1078.0588038173357,Loyal Customers
14905,7.0,579.0,737.0,244.75571428571428,0.9469683126806223,0.8128613613714928,758.8409416148263,At-Risk (High Value)
14907,11.0,599.0,603.0,533.7336363636364,0.9928775013001686,1.5561423543426276,3128.8731702091527,Champions
14908,1.0,389.0,464.0,277.79999999999995,0.9277679784884559,0.26240045508430593,330.01234569838334,Loyal Customers
14909,2.0,226.0,664.0,526.0899999999999,0.7188196493852266,0.2361871194328996,506.11913281323416,At-Risk (High Value)
14910,3.0,52.0,55.0,73.31333333333333,0.9751936936011201,2.64519807001857,753.4509080243306,Loyal Customers
14911,248.0,737.0,739.0,1133.7560483870968,0.9994369247506196,27.74869144691601,116887.73754322733,Champions
14912,3.0,574.0,591.0,464.0833333333333,0.9751288256778644,0.4892934111629254,894.8907708925859,Loyal Customers
14913,7.0,450.0,486.0,488.81,0.9828536656505018,1.2265656070358044,2275.4245436057186,Champions
14915,9.0,645.0,737.0,178.79888888888888,0.9742105610833354,1.0543293348839535,715.1228165720995,At-Risk (High Value)
14916,7.0,547.0,618.0,334.64,0.976446378790043,0.9837578252333057,1252.966048818264,At-Risk (High Value)
14917,0.0,0.0,597.0,0.0,1.0,0.09072196711881027,,Lost / Dormant
14918,7.0,495.0,611.0,728.6371428571429,0.9577638733948466,0.974897140316204,2701.016197888428,At-Risk (High Value)
14919,0.0,0.0,540.0,0.0,1.0,0.09923160918852976,,Lost / Dormant
14920,1.0,353.0,566.0,977.77,0.8927778955094966,0.21183659756245213,930.9127906137858,At-Risk (High Value)
14921,1.0,171.0,202.0,413.06,0.9309751462957312,0.5196502478958751,957.3864259969271,Loyal Customers
14922,1.0,114.0,508.0,303.45,0.7022227760192211,0.18341951227343223,251.95450741218875,Lost / Dormant
14923,0.0,0.0,51.0,0.0,1.0,0.5102700998122855,,Loyal Customers
14924,2.0,394.0,640.0,310.435,0.9045691897204753,0.3073059595205663,389.3878634208887,At-Risk (High Value)
14926,1.0,217.0,599.0,139.2,0.7981025820251704,0.17999389536636093,115.22995212770167,Lost / Dormant
14927,0.0,0.0,397.0,0.0,1.0,0.12977368009257645,,Lost / Dormant
14928,0.0,0.0,628.0,0.0,1.0,0.08667947932445814,,Lost / Dormant
14929,1.0,389.0,422.0,223.88,0.9365167345034975,0.28761230606975424,292.11346309188076,Loyal Customers
14930,4.0,498.0,607.0,1079.9524999999999,0.9610475011540657,0.5990962770971814,2507.665610891489,At-Risk (High Value)
14931,3.0,236.0,241.0,223.89333333333332,0.9759833844317949,1.046217716700688,916.2144926072601,Loyal Customers
14932,1.0,20.0,386.0,727.06,0.5006079488808445,0.16595237547974523,540.6431780230316,Lost / Dormant
14933,1.0,1.0,445.0,885.0,0.34686831937698337,0.10174332978188613,403.7794619895285,At-Risk (High Value)
14934,3.0,360.0,442.0,841.0566666666667,0.9575572275084115,0.621095343242787,2050.0262022405664,At-Risk (High Value)
14935,1.0,322.0,620.0,1681.99,0.8644737625775402,0.18900603269232286,1427.870456840769,At-Risk (High Value)
14936,7.0,550.0,584.0,1602.3328571428572,0.984550076733091,1.0437240364537452,6353.877554361896,Champions
14937,1.0,74.0,131.0,862.32,0.90297555996227,0.6848833988176372,2606.7685894889064,At-Risk (High Value)
14938,0.0,0.0,563.0,0.0,1.0,0.09561272928497151,,At-Risk (High Value)
14940,1.0,316.0,734.0,349.48,0.8276759180604799,0.15521856949129414,246.07794024741654,Lost / Dormant
14941,0.0,0.0,579.0,0.0,1.0,0.09324711533168688,,Lost / Dormant
14942,3.0,328.0,730.0,212.40333333333334,0.7638629240562057,0.3164542920605552,266.2466813231266,At-Risk (High Value)
14943,0.0,0.0,664.0,0.0,1.0,0.08241493191532304,,Lost / Dormant
14944,11.0,631.0,661.0,785.6063636363637,0.9891668423805001,1.4268145507210204,4225.336268252611,Champions
14945,0.0,0.0,414.0,0.0,1.0,0.12519243544506692,,Lost / Dormant
14946,0.0,0.0,15.0,0.0,1.0,0.7360261172082512,,Loyal Customers
14947,5.0,552.0,625.0,145.43800000000002,0.9736606408994319,0.7177913365770386,402.81586234979505,At-Risk (High Value)
14948,5.0,196.0,220.0,164.714,0.9768926382738796,1.73672077072709,1090.090084229418,Loyal Customers
14949,3.0,252.0,722.0,142.84666666666666,0.6034152515246008,0.2525178243628604,143.26833333868518,Lost / Dormant
14950,0.0,0.0,20.0,0.0,1.0,0.6933449636292132,,Loyal Customers
14951,0.0,0.0,80.0,0.0,1.0,0.40937514551575477,,Lost / Dormant
14952,22.0,677.0,737.0,781.8731818181818,0.9806225875345954,2.4881519259848206,7280.994652918011,Champions
14953,2.0,410.0,436.0,354.645,0.9628434651472544,0.4597150781387045,662.3167145037402,Loyal Customers
14954,1.0,691.0,704.0,336.17,0.9416053416512863,0.1834517194262195,279.769185661549,Loyal Customers
14955,0.0,0.0,733.0,0.0,1.0,0.07531324641733567,,Lost / Dormant
14956,0.0,0.0,422.0,0.0,1.0,0.12314669742831268,,Lost / Dormant
14957,1.0,391.0,645.0,58.49,0.8877331230613449,0.18727998433859025,52.214872949470696,Lost / Dormant
14958,5.0,589.0,737.0,154.31599999999997,0.9563356163953441,0.6068212046863323,361.75410137546305,At-Risk (High Value)
14959,3.0,232.0,297.0,172.25333333333333,0.9541904030113998,0.8654514696382533,585.6099920609885,Loyal Customers
14960,1.0,163.0,172.0,132.97,0.9395672376458606,0.5902966345396744,355.8594982797875,Loyal Customers
14961,18.0,725.0,736.0,847.1711111111111,0.9946901810568697,2.0810942144600175,6610.066453303889,Champions
14962,3.0,314.0,585.0,81.73333333333333,0.8557872728855891,0.4333617390561386,141.30519946544086,Lost / Dormant
14963,10.0,516.0,526.0,297.48199999999997,0.9912680527669928,1.604923465022584,1800.1603256018757,Champions
14964,0.0,0.0,248.0,0.0,1.0,0.19107131569064217,,Lost / Dormant
14965,0.0,0.0,97.0,0.0,1.0,0.36689318338495386,,Loyal Customers
14966,4.0,710.0,725.0,242.04000000000002,0.9810003538406936,0.5204377644016941,490.46570537073944,Loyal Customers
14967,3.0,687.0,737.0,582.12,0.9714956706759935,0.3989694806686471,916.6557413589899,At-Risk (High Value)
14968,1.0,428.0,459.0,147.59,0.9374260871377454,0.26765096413443706,180.88736840888686,Loyal Customers
14969,0.0,0.0,704.0,0.0,1.0,0.07814327955661704,,Lost / Dormant
14970,9.0,595.0,664.0,498.75888888888886,0.9791346411301958,1.165471169973674,2199.8940163297134,Champions
14971,1.0,8.0,44.0,500.21,0.8938021840314928,1.2115875276110821,2650.608624342397,Loyal Customers
14972,1.0,253.0,382.0,114.77,0.903640848644786,0.3022258140100799,159.5979005843472,Lost / Dormant
14973,2.0,118.0,226.0,329.925,0.8958895105676251,0.7343089224712267,976.5884356346988,At-Risk (High Value)
14974,0.0,0.0,38.0,0.0,1.0,0.573745012029573,,Loyal Customers
14975,1.0,364.0,422.0,279.94,0.9306381346853602,0.28580693774277816,361.7858173094804,Loyal Customers
14976,4.0,269.0,327.0,154.72750000000002,0.9638599226410235,1.0278227944173617,615.3875946230185,At-Risk (High Value)
14977,0.0,0.0,726.0,0.0,1.0,0.0759774208574309,,Lost / Dormant
14978,9.0,518.0,591.0,321.34444444444443,0.9751260910404874,1.289464236222602,1567.1978989910133,At-Risk (High Value)
14979,0.0,0.0,736.0,0.0,1.0,0.07503214233082396,,Lost / Dormant
14980,0.0,0.0,738.0,0.0,1.0,0.07484590271689621,,Lost / Dormant
14981,1.0,177.0,424.0,102.12,0.836147797855608,0.25574270927621184,120.78074461412994,Lost / Dormant
14982,0.0,0.0,573.0,0.0,1.0,0.09412037046279137,,Lost / Dormant
14983,0.0,0.0,690.0,0.0,1.0,0.07958704723939594,,Lost / Dormant
14984,4.0,678.0,698.0,273.4825,0.9803449421106918,0.5384424959145775,572.9113708666025,Loyal Customers
14985,1.0,160.0,359.0,172.24,0.8514992817255513,0.30015517964426736,235.21831315091444,Lost / Dormant
14986,1.0,308.0,685.0,243.51999999999998,0.8374745168827626,0.16728435102579853,185.51997903404305,Lost / Dormant
14987,6.0,722.0,738.0,247.64666666666665,0.9864159802105348,0.7354004871693105,697.8035878876077,Champions
14988,6.0,391.0,603.0,280.66,0.8661606551737691,0.7758433601975241,832.5684356190849,At-Risk (High Value)
14989,0.0,0.0,662.0,0.0,1.0,0.08264080997814154,,Lost / Dormant
14990,1.0,118.0,731.0,105.18,0.5854201896233657,0.11019955371958035,53.8561412917329,Lost / Dormant
14991,0.0,0.0,431.0,0.0,1.0,0.12092374971221938,,Lost / Dormant
14992,0.0,0.0,443.0,0.0,1.0,0.11808177557143663,,Lost / Dormant
14993,0.0,0.0,564.0,0.0,1.0,0.0954613665274617,,Lost / Dormant
14994,4.0,241.0,624.0,193.745,0.558004132898899,0.33929146474198424,255.84694033829516,At-Risk (High Value)
14995,1.0,242.0,281.0,113.92,0.9314006438586045,0.4018780062220594,209.881848706815,Loyal Customers
14996,0.0,0.0,482.0,0.0,1.0,0.10970277714169475,,Lost / Dormant
14997,3.0,609.0,656.0,182.06666666666663,0.9711837083457673,0.44351290907780144,319.8520185173596,Loyal Customers
14998,3.0,435.0,606.0,219.08,0.9360480751419644,0.45921775558022365,397.7550257348353,At-Risk (High Value)
14999,0.0,0.0,593.0,0.0,1.0,0.09127121745161292,,Lost / Dormant
15000,0.0,0.0,48.0,0.0,1.0,0.5236335357549536,,Loyal Customers
15001,0.0,0.0,395.0,0.0,1.0,0.13033479965911096,,Lost / Dormant
15002,8.0,581.0,697.0,515.845,0.9631390338461563,0.9834689824038854,1925.5850485265644,At-Risk (High Value)
15003,5.0,209.0,683.0,137.75799999999998,0.18771664233479918,0.12768598630972916,67.94591074482084,At-Risk (High Value)
15004,0.0,0.0,148.0,0.0,1.0,0.2798529331286569,,Lost / Dormant
15005,55.0,723.0,739.0,250.57945454545452,0.9958417579269858,6.189683802075136,5778.0972105928095,Champions
15006,1.0,402.0,454.0,497.14,0.9329005191860259,0.26891369077876826,601.5802973619554,Loyal Customers
15007,0.0,0.0,160.0,0.0,1.0,0.2650660161192125,,Lost / Dormant
15008,1.0,157.0,638.0,240.0,0.7063041034408388,0.15048362530002352,164.3986351264942,Lost / Dormant
15009,2.0,13.0,26.0,334.61,0.9516564052681736,2.467658198858785,3252.0269413374795,Loyal Customers
15010,0.0,0.0,36.0,0.0,1.0,0.5849466826369887,,Loyal Customers
15011,1.0,21.0,417.0,193.6,0.47774662706959625,0.14823499262048614,130.50462174616442,Lost / Dormant
15012,2.0,523.0,577.0,307.05,0.9593919765598803,0.357803739500883,448.005651439922,Loyal Customers
15013,9.0,190.0,678.0,157.2711111111111,0.003835382812551092,0.004479499232410991,2.671426589214801,At-Risk (High Value)
15014,1.0,133.0,177.0,142.44,0.9221469297340653,0.5674750687676178,365.9489123450098,Loyal Customers
15015,10.0,224.0,726.0,222.49200000000002,0.002851414291886517,0.0034522984883268203,2.905947898520841,At-Risk (High Value)
15016,3.0,371.0,544.0,162.83333333333334,0.9266306601630427,0.5007159679244424,322.62977018841076,At-Risk (High Value)
15017,0.0,0.0,34.0,0.0,1.0,0.5965967432839169,,Loyal Customers
15018,2.0,329.0,368.0,192.48000000000002,0.9586968497722728,0.529271232503988,414.8434165456897,Loyal Customers
15019,0.0,0.0,267.0,0.0,1.0,0.18021387283407242,,Lost / Dormant
15020,0.0,0.0,380.0,0.0,1.0,0.13470313472888507,,Lost / Dormant
15021,10.0,490.0,499.0,253.776,0.9913580603965336,1.6816395416042667,1608.5776905569394,Champions
15022,3.0,666.0,678.0,301.68,0.9760032349308927,0.4325550791875691,515.6706296370018,Loyal Customers
15023,18.0,671.0,675.0,636.6916666666667,0.9954590839106682,2.2539198464909767,5376.826650931715,Champions
15024,11.0,415.0,425.0,301.1781818181818,0.991560371446724,2.1163695128647517,2393.9005778876217,Champions
15025,1.0,535.0,569.0,377.01,0.938001622307054,0.22151792158300782,377.6205918869064,Loyal Customers
15026,4.0,368.0,449.0,168.2875,0.961981086685681,0.7832736284790796,511.68666108543266,At-Risk (High Value)
15027,8.0,594.0,625.0,333.7825,0.9865877780737758,1.112222033508052,1408.4030534570102,Champions
15028,4.0,386.0,395.0,249.125,0.9809470227740996,0.8920693674203678,859.9322945745158,Loyal Customers
15029,0.0,0.0,620.0,0.0,1.0,0.08768780330181689,,Lost / Dormant
15030,7.0,574.0,646.0,226.74857142857147,0.976971251841073,0.9456361250141277,817.0407708519676,At-Risk (High Value)
15031,11.0,727.0,732.0,264.2327272727273,0.9928538632300925,1.3048781225428114,1301.948129536178,Champions
15032,6.0,473.0,730.0,1996.4350000000002,0.8593905806791537,0.6471297751548393,4938.9893449910205,At-Risk (High Value)
15033,9.0,325.0,330.0,223.70000000000002,0.9908808491794974,2.171868524705712,1827.1653383079945,Champions
15034,12.0,562.0,578.0,633.7066666666666,0.9916148435983753,1.7527552259562644,4176.539441992089,Champions
15035,0.0,0.0,90.0,0.0,1.0,0.3832671840906217,,Lost / Dormant
15036,2.0,107.0,180.0,206.2,0.9203584359644474,0.8949392539386851,744.1144017469591,Loyal Customers
15037,0.0,0.0,377.0,0.0,1.0,0.13561219634841495,,Lost / Dormant
15038,8.0,367.0,426.0,161.52,0.9729991352878267,1.5396765062594422,941.2205528017024,At-Risk (High Value)
15039,82.0,720.0,730.0,484.8519512195122,0.9973985066134314,9.310076715923106,16794.513085311337,Champions
15040,0.0,0.0,542.0,0.0,1.0,0.09890608140746088,,Lost / Dormant
15041,1.0,274.0,445.0,180.35,0.893287855570082,0.262018973201885,215.35022006907187,Lost / Dormant
15042,1.0,396.0,596.0,135.93,0.9007603105444678,0.20406472509227713,127.6437786404081,Lost / Dormant
15043,5.0,502.0,534.0,482.204,0.9807964858964686,0.8325188907249763,1541.1946681406127,At-Risk (High Value)
15044,27.0,704.0,724.0,550.3848148148148,0.994408091078495,3.130261229556825,6437.902270869709,Champions
15045,1.0,106.0,258.0,346.76,0.8508312938440648,0.393087740178948,611.0076139898018,Lost / Dormant
15046,24.0,685.0,695.0,304.8983333333333,0.9957153936842195,2.9008852474569857,3307.433103035741,Champions
15047,0.0,0.0,270.0,0.0,1.0,0.17861142836466384,,Lost / Dormant
15048,3.0,303.0,369.0,95.11666666666667,0.9592285106118053,0.7263408539681879,273.6732563021878,Loyal Customers
15049,0.0,0.0,274.0,0.0,1.0,0.17651868254847383,,Lost / Dormant
15050,3.0,455.0,481.0,950.7666666666668,0.9730363640736169,0.5862259739008256,2188.974637423692,Champions
15051,8.0,715.0,739.0,419.3925,0.9882745024307823,0.9565545095746892,1523.769707307785,Champions
15052,0.0,0.0,320.0,0.0,1.0,0.15556038983059978,,Lost / Dormant
15053,2.0,277.0,282.0,237.57,0.9663823675714286,0.6649693150468172,640.0267862034758,Loyal Customers
15054,1.0,28.0,41.0,133.68,0.9300654507578541,1.2959970547877449,772.4947230419365,Loyal Customers
15055,2.0,249.0,724.0,152.35,0.7172810131675832,0.21781030612912722,136.43135366533392,Lost / Dormant
15056,0.0,0.0,521.0,0.0,1.0,0.10243448118616932,,Lost / Dormant
15057,4.0,459.0,735.0,737.965,0.8863594854754644,0.4643670928012524,1331.0355646144908,At-Risk (High Value)
15058,12.0,628.0,654.0,258.865,0.9902942918079882,1.5659119768790453,1527.0262822847862,Champions
15059,15.0,693.0,734.0,216.12199999999999,0.9888498546325767,1.7407533644932494,1414.4745010345887,Champions
15060,1.0,1.0,10.0,16.61,0.9303249325091563,1.8243668874488228,159.54279229937106,Loyal Customers
15061,67.0,735.0,739.0,1539.1368656716418,0.998434144960239,7.543520151434573,43219.387091570854,Champions
15062,7.0,539.0,611.0,285.6985714285714,0.975935820417133,0.9933941620541508,1080.3740026389755,At-Risk (High Value)
15063,0.0,0.0,214.0,0.0,1.0,0.2141646037837844,,Lost / Dormant
15064,3.0,307.0,718.0,309.8066666666667,0.7364695811878277,0.3097685706793801,379.39246443928073,At-Risk (High Value)
15065,4.0,373.0,411.0,789.5325,0.9745247462976326,0.8565646148463945,2611.4015854003756,At-Risk (High Value)
15066,0.0,0.0,54.0,0.0,1.0,0.49757439037601214,,Loyal Customers
15067,3.0,529.0,608.0,1037.7466666666667,0.9646426981756008,0.4718441744410737,1927.4251149183624,At-Risk (High Value)
15068,3.0,575.0,622.0,280.66,0.9708252201956356,0.4652215918861861,515.7147137036281,Loyal Customers
15069,0.0,0.0,180.0,0.0,1.0,0.24361699442634763,,Lost / Dormant
15070,2.0,352.0,725.0,259.225,0.8439163595659036,0.2559410745299998,271.43381941121226,At-Risk (High Value)
15071,3.0,477.0,571.0,429.77333333333337,0.9599680371200981,0.4967824689130239,841.3087614579382,At-Risk (High Value)
15072,0.0,0.0,480.0,0.0,1.0,0.11010342597907788,,Lost / Dormant
15073,7.0,672.0,682.0,329.8742857142857,0.9886211935562648,0.9109234917352312,1144.7225822009016,Champions
15074,2.0,362.0,468.0,603.335,0.9428822282750907,0.4232650214552914,1036.017943154809,At-Risk (High Value)
15075,0.0,0.0,78.0,0.0,1.0,0.41503084653523603,,Loyal Customers
15076,2.0,350.0,523.0,445.90000000000003,0.9216301226947644,0.3751687380777689,680.2152143883716,At-Risk (High Value)
15077,1.0,236.0,731.0,1554.6,0.7650361790249026,0.1440104851220053,1007.3144000287451,At-Risk (High Value)
15078,34.0,728.0,736.0,510.05529411764707,0.9968976102470637,3.873250534388671,7373.329222133704,Champions
15079,7.0,519.0,732.0,429.6714285714285,0.8983318439191832,0.775937591834612,1270.3902272539258,At-Risk (High Value)
15080,1.0,74.0,502.0,184.9,0.6106108513915147,0.16117149548699014,135.92408377185185,Lost / Dormant
15081,11.0,513.0,536.0,153.6381818181818,0.9895563111001585,1.7232653629246193,997.8175203650111,Champions
15082,0.0,0.0,669.0,0.0,1.0,0.08185560334527035,,Lost / Dormant
15083,0.0,0.0,257.0,0.0,1.0,0.1857696157229002,,Lost / Dormant
15084,1.0,266.0,646.0,615.8,0.8218144237505915,0.17313046254224088,480.86700060485254,Lost / Dormant
15085,0.0,0.0,730.0,0.0,1.0,0.07559646510504095,,Lost / Dormant
15086,1.0,61.0,626.0,108.5,0.48835709390562265,0.10584903163107903,53.22854304373021,Lost / Dormant
15087,0.0,0.0,282.0,0.0,1.0,0.17247705881985062,,Lost / Dormant
15088,1.0,46.0,68.0,295.88,0.9244133702574777,1.0292888051126416,1344.4344608045076,Loyal Customers
15089,5.0,118.0,129.0,239.856,0.9803941820164978,2.553603344613162,2314.7484229950373,Champions
15090,0.0,0.0,309.0,0.0,1.0,0.16010583740628587,,Lost / Dormant
15091,1.0,607.0,675.0,480.71,0.9338638374796198,0.18905063251728071,410.75713170370466,At-Risk (High Value)
15092,2.0,247.0,463.0,228.90500000000003,0.8795770126245888,0.39857082459526877,371.93759174209794,At-Risk (High Value)
15093,19.0,713.0,732.0,740.8668421052632,0.9937534452705505,2.2014690173043956,6111.74327382357,Champions
15094,1.0,181.0,645.0,33.0,0.7375471282265692,0.15559610319248962,25.5994507376235,Lost / Dormant
15095,7.0,584.0,688.0,409.5357142857143,0.9685105344857915,0.8853022096921156,1380.8661228554324,At-Risk (High Value)
15096,0.0,0.0,43.0,0.0,1.0,0.547539934556465,,Loyal Customers
15097,1.0,579.0,584.0,248.08,0.9424561219918601,0.2174443177761714,245.20913546465616,Loyal Customers
15098,0.0,0.0,183.0,0.0,1.0,0.24069585521537493,,At-Risk (High Value)
15099,0.0,0.0,85.0,0.0,1.0,0.3958899324141183,,Lost / Dormant
15100,6.0,368.0,702.0,393.61000000000007,0.6451826836728625,0.5035162132264916,758.3508961365624,At-Risk (High Value)
15101,5.0,582.0,591.0,270.998,0.9847339926599499,0.7634611011141177,796.0408139151006,Loyal Customers
15102,1.0,16.0,547.0,198.77999999999997,0.35657242384765975,0.08722348288732656,79.04691796976304,Lost / Dormant
15103,1.0,55.0,87.0,411.68,0.9176273964582227,0.8952823250079476,1625.9882239751462,Loyal Customers
15104,1.0,86.0,283.0,652.8,0.8032726422825094,0.3446137689229262,1004.6560421073675,At-Risk (High Value)
15105,6.0,608.0,627.0,460.75500000000005,0.9857072306051967,0.852394006330453,1500.9354487282153,Champions
15106,4.0,252.0,270.0,252.95499999999998,0.9775758954021591,1.2188199350861173,1187.4544110926272,Loyal Customers
15107,8.0,140.0,452.0,108.4375,0.03378279204845855,0.050779681671993385,20.882792802116544,At-Risk (High Value)
15108,2.0,86.0,228.0,501.92499999999995,0.8343886093462818,0.6792619962963301,1371.8737122920775,At-Risk (High Value)
15109,2.0,490.0,736.0,375.95,0.9180356126648145,0.2746071421412153,421.4939292249528,At-Risk (High Value)
15110,5.0,462.0,486.0,240.84,0.981874415082659,0.9057698356805736,837.9640925271678,Loyal Customers
15111,4.0,563.0,593.0,611.015,0.9784475412579804,0.6228790418148301,1475.7469499685162,At-Risk (High Value)
15112,0.0,0.0,612.0,0.0,1.0,0.08871986859985583,,Lost / Dormant
15113,2.0,45.0,55.0,683.3199999999999,0.9594032476876858,1.8924012791975124,5108.841297719641,Loyal Customers
15114,11.0,391.0,422.0,271.2218181818182,0.9857697634223072,2.1169203905222993,2156.454364429162,Champions
15115,1.0,714.0,733.0,340.11,0.9409537992567156,0.1766826507449482,272.6715267613237,Loyal Customers
15116,3.0,187.0,205.0,291.03333333333336,0.9709997815110464,1.178724372307415,1337.2907433344521,Loyal Customers
15117,6.0,620.0,635.0,354.37999999999994,0.986277453897542,0.843168618931059,1142.509881572489,Champions
15118,0.0,0.0,135.0,0.0,1.0,0.2978575486594275,,Lost / Dormant
15119,0.0,0.0,246.0,0.0,1.0,0.1922908691853548,,Lost / Dormant
15120,0.0,0.0,134.0,0.0,1.0,0.29933914441807924,,Lost / Dormant
15121,1.0,238.0,289.0,162.57,0.9274462465096416,0.39118189435855283,288.9049621554419,Loyal Customers
15122,9.0,505.0,620.0,423.7055555555555,0.9539623323539509,1.2082298839035486,1936.4993819510282,At-Risk (High Value)
15123,4.0,626.0,634.0,1049.8775,0.9816564948036923,0.5883777157635726,2395.25417358761,Champions
15124,3.0,629.0,652.0,105.59666666666665,0.9745569030424625,0.44752869522399,188.09099036307845,Loyal Customers
15125,14.0,593.0,619.0,988.1828571428571,0.9907557514075743,1.9065124773603437,7072.437796654609,Champions
15126,1.0,151.0,688.0,257.04,0.6718451288804966,0.13366715002051607,156.35162694642253,Lost / Dormant
15127,1.0,454.0,520.0,406.53,0.9314073273298722,0.23831145263870895,437.33069583817087,Loyal Customers
15128,4.0,370.0,431.0,367.75,0.9683043445627911,0.8169176902129339,1162.2150249659069,At-Risk (High Value)
15129,20.0,560.0,611.0,322.802,0.9814953069632355,2.6926320539320856,3251.4488351044797,Champions
15130,0.0,0.0,170.0,0.0,1.0,0.2538886127285482,,Lost / Dormant
15131,0.0,0.0,395.0,0.0,1.0,0.13033479965911096,,Lost / Dormant
15132,4.0,244.0,263.0,166.04000000000002,0.9771141917654698,1.2440965986611148,796.8632506154992,Loyal Customers
15133,4.0,393.0,521.0,322.03,0.9468578214183482,0.6765656743569998,844.8758498453658,At-Risk (High Value)
15134,9.0,408.0,423.0,168.06555555555553,0.9891117896122233,1.75642484491028,1113.9805205245182,Champions
15135,1.0,317.0,557.0,139.05,0.8800183375519621,0.21181904676710311,135.36003144167847,Lost / Dormant
15136,2.0,94.0,97.0,351.9,0.9660101887874184,1.415703409058397,1985.590216836507,Loyal Customers
15137,1.0,160.0,681.0,430.58,0.6901281492582408,0.13858890917201938,269.9780646763281,Lost / Dormant
15138,0.0,0.0,394.0,0.0,1.0,0.1306171839397936,,Lost / Dormant
15139,1.0,97.0,337.0,56.86,0.7830487460743017,0.29105045740175356,78.4433633791586,Lost / Dormant
15140,6.0,390.0,443.0,392.375,0.9754659820110444,1.1478570738003069,1715.642283869494,At-Risk (High Value)
15141,5.0,164.0,622.0,220.766,0.11879448043266577,0.08795762188487652,74.79396050231125,At-Risk (High Value)
15142,4.0,454.0,501.0,545.975,0.9741199518138403,0.7205510210561368,1523.1362490972965,At-Risk (High Value)
15143,1.0,207.0,433.0,259.45,0.857588841938415,0.2575816662723732,302.5937375126984,Lost / Dormant
15144,23.0,718.0,727.0,512.6134782608696,0.9957756946793493,2.6712813009669283,5123.0966810997625,Champions
15145,3.0,244.0,249.0,257.5,0.9760200424140921,1.0197585222489567,1026.7880480553133,Loyal Customers
15146,1.0,127.0,292.0,492.94,0.8542251931046968,0.35728855821394145,788.2925389755169,At-Risk (High Value)
15147,0.0,0.0,241.0,0.0,1.0,0.19540903706056262,,Lost / Dormant
15148,0.0,0.0,11.0,0.0,1.0,0.7741789419333209,,Loyal Customers
15149,2.0,516.0,650.0,600.3900000000001,0.9449149044751187,0.31653684392552933,773.6047479206519,At-Risk (High Value)
15150,11.0,526.0,544.0,634.2745454545454,0.990591942211629,1.7024813286220006,4063.5323705807673,Champions
15151,1.0,86.0,510.0,1116.26,0.6378124589776445,0.16601849618284018,831.5860422621789,At-Risk (High Value)
15152,13.0,692.0,702.0,365.05307692307696,0.9932506715982409,1.5887899104325325,2182.9036505527965,Champions
15153,0.0,0.0,32.0,0.0,1.0,0.6087227738664183,,Loyal Customers
15154,1.0,403.0,479.0,296.42,0.9280391321189263,0.2552700699747067,342.40347603238723,At-Risk (High Value)
15155,0.0,0.0,384.0,0.0,1.0,0.13350985286646788,,Lost / Dormant
15156,2.0,32.0,34.0,321.84499999999997,0.9658495379307183,2.30431419091073,2926.8524579143923,Loyal Customers
15157,4.0,726.0,730.0,551.4775,0.9821934862992105,0.5178024405497573,1109.5387810503264,Loyal Customers
15158,1.0,356.0,402.0,401.4,0.9330941924471163,0.2987749034746505,539.8453294084954,Loyal Customers
15159,22.0,430.0,432.0,941.2822727272727,0.9963084019508013,4.073255982868296,14276.328145581807,Champions
15160,3.0,64.0,422.0,162.65333333333334,0.24317014953521268,0.16417627376318894,105.38212147072743,At-Risk (High Value)
15161,0.0,0.0,389.0,0.0,1.0,0.13204767032933687,,Lost / Dormant
15162,0.0,0.0,732.0,0.0,1.0,0.07540741651532151,,Lost / Dormant
15163,1.0,174.0,193.0,149.47,0.9358662353420275,0.540466062883884,365.7274080308073,Loyal Customers
15164,8.0,622.0,691.0,232.8175,0.9794909835226584,1.008082292421103,891.7313471236225,At-Risk (High Value)
15165,0.0,0.0,374.0,0.0,1.0,0.1365336178794066,,Lost / Dormant
15166,0.0,0.0,468.0,0.0,1.0,0.11257017546445673,,Lost / Dormant
15167,3.0,353.0,674.0,324.5466666666667,0.8415089061924009,0.37496121903527035,480.7287714039688,At-Risk (High Value)
15168,0.0,0.0,26.0,0.0,1.0,0.6482687534940593,,Loyal Customers
15169,1.0,344.0,727.0,213.05,0.8458958410030165,0.16003327328537936,155.6902996215651,Lost / Dormant
15170,0.0,0.0,407.0,0.0,1.0,0.12703906108252877,,Lost / Dormant
15171,0.0,0.0,332.0,0.0,1.0,0.1508874132617145,,Lost / Dormant
15172,4.0,228.0,237.0,319.4125,0.9800026127924976,1.354548645284669,1662.3850163428458,Loyal Customers
15173,6.0,237.0,618.0,183.09,0.26145049980220475,0.22906051872865738,160.57829046883577,At-Risk (High Value)
15174,1.0,88.0,411.0,135.75,0.7118416883723448,0.22364088434875445,139.1362332374629,Lost / Dormant
15175,0.0,0.0,72.0,0.0,1.0,0.43297944281078143,,Lost / Dormant
15176,0.0,0.0,668.0,0.0,1.0,0.08196686073892907,,Lost / Dormant
15177,0.0,0.0,426.0,0.0,1.0,0.12214870795751027,,Lost / Dormant
15178,0.0,0.0,261.0,0.0,1.0,0.18350667667535667,,Lost / Dormant
15179,12.0,718.0,737.0,560.7141666666666,0.9917438052833348,1.4063187204535474,2971.6689628457543,Champions
15180,2.0,222.0,590.0,225.79500000000002,0.7663496226254474,0.2801555283470584,258.5672864742469,At-Risk (High Value)
15181,4.0,665.0,732.0,259.37,0.9739941118006997,0.5121947636681368,517.1698599317092,At-Risk (High Value)
15182,6.0,502.0,657.0,405.6766666666667,0.9429268086666591,0.7816158281491212,1212.5201240321887,At-Risk (High Value)
15183,2.0,37.0,585.0,173.95,0.1716004522938298,0.06321313335125635,45.05103745778961,Lost / Dormant
15184,3.0,694.0,724.0,188.92,0.973989761192689,0.4065658984009892,304.43929954338785,Loyal Customers
15185,0.0,0.0,71.0,0.0,1.0,0.43612341795500065,,Lost / Dormant
15186,4.0,682.0,697.0,309.95,0.9809381318369644,0.5394733546327838,650.283276835867,Loyal Customers
15187,12.0,211.0,213.0,360.70166666666665,0.9933128718208479,4.045891174946698,5427.253487458272,Champions
15188,0.0,0.0,726.0,0.0,1.0,0.0759774208574309,,Lost / Dormant
15189,42.0,508.0,510.0,407.0557142857143,0.9979378659106758,6.641257584804448,10046.360154094951,Champions
15190,0.0,0.0,435.0,0.0,1.0,0.11996133941370626,,Lost / Dormant
15191,1.0,225.0,689.0,245.29999999999998,0.7700750945376607,0.15300796971850056,170.91853222858649,Lost / Dormant
15192,4.0,560.0,680.0,417.5375,0.9612884845630162,0.5406957898128775,877.1242748139626,At-Risk (High Value)
15193,0.0,0.0,61.0,0.0,1.0,0.47028142245978793,,Loyal Customers
15194,26.0,733.0,737.0,465.065,0.9967356260738772,2.9752919087476943,5172.923955098702,Champions
15195,0.0,0.0,3.0,0.0,1.0,0.863833894827357,,Loyal Customers
15196,1.0,294.0,727.0,164.0,0.815221688618975,0.15423009424923234,116.0893449342405,Lost / Dormant
15197,5.0,718.0,729.0,329.086,0.9847227308234837,0.6311123244190948,800.232576405996,Loyal Customers
15198,4.0,597.0,690.0,122.6375,0.9682890611744409,0.5374401526098922,257.467792080751,At-Risk (High Value)
15199,9.0,516.0,576.0,313.5,0.9793575076519149,1.3252703056639885,1571.063249923622,At-Risk (High Value)
15200,0.0,0.0,495.0,0.0,1.0,0.10716801443832219,,Lost / Dormant
15201,5.0,524.0,612.0,309.978,0.9693553603244783,0.7282975360733059,868.5949023422826,At-Risk (High Value)
15203,13.0,706.0,732.0,318.8076923076923,0.9911385315853003,1.5258865047211982,1831.7484087944345,Champions
15204,0.0,0.0,358.0,0.0,1.0,0.14166741508365432,,Lost / Dormant
15205,1.0,42.0,128.0,176.94,0.8600040658587883,0.6623383200375351,525.6694682058185,Loyal Customers
15206,3.0,265.0,276.0,134.20000000000002,0.9745343525728039,0.9380313502645073,495.04220454825725,Loyal Customers
15207,2.0,131.0,548.0,137.96,0.5845774297327276,0.22829418742564922,129.30754205792704,Lost / Dormant
15208,5.0,422.0,424.0,174.024,0.9855416909445068,1.0239519696401662,684.2896665146178,Loyal Customers
15209,0.0,0.0,731.0,0.0,1.0,0.07550182244882571,,Lost / Dormant
15210,2.0,350.0,576.0,437.135,0.9032447992145878,0.3373874531866814,600.3333564875032,At-Risk (High Value)
15211,1.0,305.0,366.0,511.34000000000003,0.9277905823422641,0.3217633157872484,738.3242817054291,Loyal Customers
15212,1.0,135.0,377.0,101.79999999999998,0.8144124280806563,0.2754489348555396,129.5118872489468,Lost / Dormant
15213,1.0,11.0,330.0,15.149999999999999,0.5086883275294216,0.19240612693561127,16.134796995181,Lost / Dormant
15214,7.0,241.0,243.0,163.78714285714287,0.9892062437497143,2.202558413367658,1360.9945813293052,Champions
15215,5.0,566.0,613.0,405.192,0.978899193265313,0.7343865935495343,1144.2658529785106,At-Risk (High Value)
15216,1.0,531.0,619.0,96.6,0.9294607131298454,0.2035106619741813,91.47506597168095,Loyal Customers
15217,0.0,0.0,564.0,0.0,1.0,0.0954613665274617,,Lost / Dormant
15218,19.0,672.0,683.0,585.6431578947369,0.9947949124376736,2.347754449670834,5149.596612807923,Champions
15219,1.0,472.0,649.0,305.75,0.9115043249304494,0.19122115932174802,265.31015768392876,Lost / Dormant
15220,5.0,229.0,281.0,292.57,0.9650514341326839,1.4147695451531366,1579.1210641574933,At-Risk (High Value)
15221,3.0,271.0,638.0,714.0333333333333,0.7405958343465733,0.34684274566177087,975.8218644873674,At-Risk (High Value)
15222,10.0,405.0,724.0,311.43500000000006,0.3488640820053089,0.4234487959195172,498.6749056537582,At-Risk (High Value)
15223,4.0,509.0,735.0,296.9375,0.9227736155518645,0.4834445935191399,558.6119673923586,At-Risk (High Value)
15224,4.0,335.0,694.0,196.99,0.7380333353467811,0.4074860349784668,312.69501912239417,At-Risk (High Value)
15225,0.0,0.0,235.0,0.0,1.0,0.19928711703093843,,Lost / Dormant
15226,0.0,0.0,311.0,0.0,1.0,0.15925972497637525,,Lost / Dormant
15227,7.0,597.0,634.0,307.7728571428571,0.9844836093988437,0.9692183845135905,1135.7616176499616,Champions
15228,5.0,433.0,500.0,923.9720000000001,0.9714706564907867,0.8740460467145977,3096.1113990333297,At-Risk (High Value)
15229,0.0,0.0,587.0,0.0,1.0,0.09210768041956414,,Lost / Dormant
15230,1.0,1.0,241.0,59.400000000000006,0.5555118083362726,0.2708120784122316,75.71852745415093,Lost / Dormant
15231,0.0,0.0,622.0,0.0,1.0,0.08743352884482357,,Lost / Dormant
15232,1.0,27.0,141.0,301.7,0.8100682537062797,0.58484529315317,785.7578753784998,Lost / Dormant
15233,0.0,0.0,402.0,0.0,1.0,0.12839180398259112,,Lost / Dormant
15234,0.0,0.0,277.0,0.0,1.0,0.17498105190821006,,Lost / Dormant
15235,11.0,171.0,389.0,231.1027272727273,0.06560397512470414,0.15108085271186056,131.04735360601526,At-Risk (High Value)
15236,0.0,0.0,299.0,0.0,1.0,0.1644750399187539,,Lost / Dormant
15237,3.0,226.0,228.0,157.79999999999998,0.9768007488292278,1.0932601939631645,675.8450099682336,Loyal Customers
15238,2.0,155.0,185.0,385.925,0.9549682961357462,0.9101547253953599,1411.0200955631833,Loyal Customers
15239,1.0,68.0,79.0,318.8,0.9355356670048626,0.9629215150486397,1356.2504897790097,Loyal Customers
15240,11.0,690.0,735.0,355.4736363636364,0.9870150302078536,1.292352234149159,1734.1979685902377,Champions
15241,10.0,588.0,655.0,275.452,0.9795765889587303,1.302626874661437,1355.8278631455912,At-Risk (High Value)
15242,0.0,0.0,423.0,0.0,1.0,0.12289567364138206,,Lost / Dormant
15243,1.0,361.0,436.0,316.68,0.9267175656391243,0.2766856324069954,395.7578043499116,Loyal Customers
15244,2.0,601.0,667.0,315.78499999999997,0.9586976534912834,0.3137183122389317,404.4804472555983,Loyal Customers
15245,7.0,461.0,596.0,585.5114285714286,0.9433347788330265,0.9819326030614046,2185.997808876112,At-Risk (High Value)
15246,2.0,317.0,556.0,257.07500000000005,0.8905818451626653,0.3433330349226528,360.20284032403276,At-Risk (High Value)
15247,2.0,415.0,538.0,332.25,0.9419629364636206,0.37394179285588414,506.04821527316017,At-Risk (High Value)
15248,2.0,123.0,535.0,335.51,0.5712546967936224,0.227907253031271,311.41391425664864,At-Risk (High Value)
15249,16.0,592.0,624.0,530.3175,0.9898607473298603,2.148835063047633,4272.328617277082,Champions
15250,0.0,0.0,641.0,0.0,1.0,0.08508951571141754,,Lost / Dormant
15251,18.0,670.0,680.0,1078.441111111111,0.9947209792610613,2.237173400011115,9039.095194298752,Champions
15252,4.0,575.0,612.0,376.34250000000003,0.9774862910363239,0.6048575736222728,883.755683748908,At-Risk (High Value)
15253,5.0,570.0,587.0,328.726,0.9836192982929594,0.7672605180725237,969.8921006181704,Champions
15254,2.0,433.0,561.0,319.005,0.9418749964040724,0.3602173203819179,468.3505700090886,At-Risk (High Value)
15255,7.0,670.0,737.0,495.56857142857143,0.9801192601047846,0.8413175661812176,1588.5162586837967,At-Risk (High Value)
15256,1.0,413.0,562.0,98.45,0.9133071972510807,0.21808510512723664,99.73561690050126,Lost / Dormant
15257,1.0,131.0,415.0,317.15,0.7869909554173309,0.24519987417350173,351.0335067310429,Lost / Dormant
15258,1.0,49.0,218.0,307.5,0.7824047517312086,0.41220197520378565,567.6581003897768,Lost / Dormant
15259,2.0,170.0,683.0,439.915,0.5735759450427838,0.18369071027309014,329.46080227816543,At-Risk (High Value)
15260,19.0,633.0,734.0,470.2463157894737,0.9469626099479906,2.092575073558285,3688.028538863427,Champions
15261,3.0,299.0,435.0,213.22333333333336,0.9306682715378422,0.6120707980130718,514.282983710594,At-Risk (High Value)
15262,2.0,165.0,489.0,145.875,0.7392218392547697,0.31931093745578415,190.87022993420024,Lost / Dormant
15263,0.0,0.0,107.0,0.0,1.0,0.34579447006692915,,Lost / Dormant
15264,1.0,466.0,531.0,393.74,0.9318587699983737,0.2340435543456619,416.20162527910776,Loyal Customers
15265,3.0,587.0,739.0,1017.1666666666666,0.9523487546386948,0.3901360727972015,1564.876099045608,At-Risk (High Value)
15266,4.0,363.0,702.0,160.0525,0.7864438245901036,0.42969832492275584,268.2266527983631,At-Risk (High Value)
15267,4.0,160.0,183.0,170.4,0.9728001219343159,1.6352969414813565,1069.7656025492279,Loyal Customers
15268,1.0,127.0,606.0,414.30000000000007,0.670744272091506,0.1496985727519365,280.3671767365751,At-Risk (High Value)
15269,2.0,367.0,391.0,372.03,0.9627678286192783,0.5048321002823932,761.8309552636402,Loyal Customers
15270,13.0,707.0,723.0,616.1276923076923,0.9925374616569362,1.5454474510104024,3583.504163383467,Champions
15271,23.0,484.0,492.0,178.09391304347827,0.995460664782477,3.79314687469064,2519.7608616977304,Champions
15272,5.0,606.0,664.0,324.182,0.9775624863434806,0.6822243351242909,851.4801417669787,At-Risk (High Value)
15273,0.0,0.0,600.0,0.0,1.0,0.09031434916280585,,Lost / Dormant
15274,1.0,14.0,19.0,332.58000000000004,0.9373128838016384,1.6434791713446932,2385.890008945471,Loyal Customers
15275,0.0,0.0,38.0,0.0,1.0,0.573745012029573,,Loyal Customers
15276,2.0,368.0,435.0,124.015,0.9531243279993947,0.4559808962979074,231.93170195333846,Loyal Customers
15277,1.0,379.0,426.0,255.89999999999998,0.9334165888791649,0.28433558761126937,329.4540008418433,Loyal Customers
15278,1.0,104.0,666.0,238.44,0.5875218271932159,0.12039700972099236,130.74261449516382,Lost / Dormant
15279,4.0,321.0,676.0,307.10249999999996,0.7273359128060009,0.41130654575337916,491.1152144870734,At-Risk (High Value)
15280,2.0,399.0,572.0,132.31,0.9275318631428456,0.34862737975944674,189.5676425297762,Lost / Dormant
15281,14.0,369.0,428.0,341.1392857142857,0.9667287727160969,2.5781537366970397,3291.186933106213,Champions
15282,0.0,0.0,571.0,0.0,1.0,0.09441510257953169,,Lost / Dormant
15283,2.0,128.0,519.0,24.375,0.6058306730181162,0.24829883210890577,26.364094862953014,Lost / Dormant
15284,0.0,0.0,501.0,0.0,1.0,0.10603722770211033,,Lost / Dormant
15285,0.0,0.0,408.0,0.0,1.0,0.12677192754907524,,Lost / Dormant
15286,0.0,0.0,50.0,0.0,1.0,0.5146478218829703,,Loyal Customers
15287,4.0,715.0,738.0,199.4575,0.980118655054857,0.5115746401874218,397.6775458544831,Loyal Customers
15288,8.0,622.0,666.0,442.4725,0.9846050033614905,1.0479043404494348,1759.4694457890478,Champions
15289,4.0,592.0,622.0,288.3675,0.978645764045299,0.5967873937893338,668.7327804692669,Loyal Customers
15290,23.0,649.0,654.0,444.3113043478261,0.9961969500234338,2.9429899860713955,4887.937421583775,Champions
15291,37.0,711.0,737.0,355.7972972972973,0.993047210928837,4.186945434807855,5558.105230994068,Champions
15292,0.0,0.0,202.0,0.0,1.0,0.22370910795373258,,Lost / Dormant
15293,0.0,0.0,666.0,0.0,1.0,0.08219028551848433,,Lost / Dormant
15294,0.0,0.0,411.0,0.0,1.0,0.1259772284764706,,Lost / Dormant
15295,0.0,0.0,655.0,0.0,1.0,0.08344123025685847,,Lost / Dormant
15296,9.0,637.0,688.0,1014.7111111111111,0.984210244336312,1.134274958292268,4355.361485968427,Champions
15297,2.0,53.0,64.0,205.74,0.9591870310932908,1.761323621315645,1442.8392798525872,Loyal Customers
15298,21.0,729.0,732.0,403.39047619047625,0.9961728283893521,2.4312261819297625,3672.5060913102957,Champions
15299,5.0,629.0,697.0,671.088,0.9762079933144074,0.6518564295445813,1682.9302964901958,Champions
15300,0.0,0.0,65.0,0.0,1.0,0.45599342242816304,,Loyal Customers
15301,13.0,400.0,451.0,520.2584615384616,0.9769123793999158,2.3198855880470624,4522.247612241008,Champions
15302,0.0,0.0,731.0,0.0,1.0,0.07550182244882571,,Lost / Dormant
15303,2.0,393.0,684.0,460.99,0.8890717765224054,0.2843509057155631,534.3387525142122,At-Risk (High Value)
15304,8.0,361.0,422.0,102.19375000000001,0.9716400752677928,1.5501043321967534,600.4747166361335,At-Risk (High Value)
15305,0.0,0.0,556.0,0.0,1.0,0.09668586340513509,,Lost / Dormant
15306,8.0,595.0,660.0,387.15250000000003,0.9797972970797587,1.051393123872413,1544.7233986668898,At-Risk (High Value)
15307,0.0,0.0,96.0,0.0,1.0,0.3691459155546125,,Lost / Dormant
15308,0.0,0.0,275.0,0.0,1.0,0.17600314264673173,,Lost / Dormant
15309,3.0,125.0,736.0,174.73666666666668,0.17754492977691447,0.07300413257934589,50.59573646214026,At-Risk (High Value)
15310,0.0,0.0,479.0,0.0,1.0,0.11030485023090589,,Lost / Dormant
15311,195.0,738.0,739.0,592.3947692307692,0.9995086027165001,21.836044301973082,48070.834954397054,Champions
15312,11.0,648.0,724.0,237.14,0.9786195712148504,1.2991776719929646,1163.4115908283911,At-Risk (High Value)
15313,0.0,0.0,111.0,0.0,1.0,0.33802068596803625,,Lost / Dormant
15314,2.0,229.0,429.0,173.88500000000002,0.8815590819123733,0.42684396783314654,303.0883759860259,At-Risk (High Value)
15315,1.0,52.0,117.0,336.96,0.8874343900670291,0.7243827862393918,1082.9370183958947,Loyal Customers
15316,0.0,0.0,327.0,0.0,1.0,0.1527999128555259,,Lost / Dormant
15317,0.0,0.0,678.0,0.0,1.0,0.08086771694662305,,Lost / Dormant
15318,0.0,0.0,4.0,0.0,1.0,0.8514989375406841,,Loyal Customers
15319,0.0,0.0,284.0,0.0,1.0,0.17149542941519272,,Lost / Dormant
15320,0.0,0.0,45.0,0.0,1.0,0.5377189860623989,,Loyal Customers
15321,6.0,604.0,675.0,1049.6783333333333,0.9769257295378726,0.7901559633780586,3169.4615161400116,Champions
15322,1.0,391.0,477.0,679.68,0.9255058504434192,0.2555086795320315,780.3575281457676,At-Risk (High Value)
15323,2.0,99.0,662.0,163.2,0.35576113724178027,0.11721527433746494,78.52291416733968,Lost / Dormant
15324,0.0,0.0,702.0,0.0,1.0,0.078346316044694,,Lost / Dormant
15325,6.0,558.0,662.0,231.085,0.967329193122341,0.7963445998218118,704.5556202930961,At-Risk (High Value)
15326,4.0,405.0,739.0,348.18,0.8207744721785566,0.4278732533123962,579.4811314074105,At-Risk (High Value)
15327,0.0,0.0,53.0,0.0,1.0,0.5017352264068761,,Lost / Dormant
15328,0.0,0.0,408.0,0.0,1.0,0.12677192754907524,,Lost / Dormant
15329,10.0,686.0,726.0,266.59700000000004,0.98738156604845,1.195454444333161,1205.408315064875,Champions
15330,1.0,28.0,61.0,394.56,0.9085450469492191,1.0671834785808316,1850.9565094714008,Loyal Customers
15331,1.0,110.0,610.0,402.32,0.6331489877997157,0.140473496686928,255.56638794964474,Lost / Dormant
15332,3.0,147.0,514.0,1615.8366666666668,0.5161813823113979,0.29332400374910816,1861.7400306130767,At-Risk (High Value)
15333,0.0,0.0,209.0,0.0,1.0,0.21804059373946055,,Lost / Dormant
15334,2.0,17.0,174.0,117.11,0.6260250845933173,0.6239031660807126,296.4820311493449,Lost / Dormant
15335,0.0,0.0,54.0,0.0,1.0,0.49757439037601214,,Lost / Dormant
15336,0.0,0.0,402.0,0.0,1.0,0.12839180398259112,,Lost / Dormant
15337,0.0,0.0,412.0,0.0,1.0,0.1257145393168938,,Lost / Dormant
15338,0.0,0.0,678.0,0.0,1.0,0.08086771694662305,,Lost / Dormant
15339,5.0,603.0,670.0,338.488,0.9759275739975705,0.6755393973089588,880.3304817779432,At-Risk (High Value)
15340,0.0,0.0,562.0,0.0,1.0,0.09576457294264189,,Lost / Dormant
15341,1.0,369.0,450.0,2020.52,0.9256937368503255,0.26889968808051484,2431.0162320383674,At-Risk (High Value)
15342,0.0,0.0,130.0,0.0,1.0,0.305416219001215,,Lost / Dormant
15343,0.0,0.0,88.0,0.0,1.0,0.38821816374401535,,Lost / Dormant
15344,2.0,74.0,75.0,127.625,0.9670128182131931,1.6375473608303908,838.096572076732,Loyal Customers
15345,0.0,0.0,46.0,0.0,1.0,0.5329400204051814,,Loyal Customers
15346,2.0,99.0,432.0,166.82,0.6043923827993589,0.2908831340127638,198.258756819672,Lost / Dormant
15347,3.0,71.0,438.0,269.25,0.2575766282993436,0.16839372495315855,178.46825289235187,At-Risk (High Value)
15348,0.0,0.0,73.0,0.0,1.0,0.4298806199521016,,Lost / Dormant
15349,1.0,29.0,188.0,107.69999999999999,0.7580069612039767,0.446337215966895,219.5863042697889,Lost / Dormant
15350,1.0,10.0,384.0,231.3,0.4495856268936157,0.14969898823077746,156.82223357509903,Lost / Dormant
15351,9.0,420.0,433.0,339.8333333333333,0.9895987277083378,1.722139108462836,2206.36959519353,Champions
15352,0.0,0.0,549.0,0.0,1.0,0.09778336747732715,,Lost / Dormant
15353,6.0,483.0,738.0,481.7266666666667,0.8660487614063557,0.6456633852532249,1190.308736871672,At-Risk (High Value)
15355,1.0,24.0,54.0,150.8,0.9103569105143378,1.1314810500576262,760.3760745164486,Loyal Customers
15356,12.0,391.0,423.0,271.9325,0.9856737859292326,2.293431109095291,2339.122956442193,Champions
15358,29.0,728.0,733.0,572.5520689655172,0.9969097898909464,3.3271152357679235,7115.775940126795,Champions
15359,3.0,31.0,694.0,58.083333333333336,0.02056433019765342,0.008922338067678538,2.0833043228935524,Lost / Dormant
15360,0.0,0.0,40.0,0.0,1.0,0.5629662472850953,,Loyal Customers
15361,3.0,182.0,544.0,205.89000000000001,0.6089087075882033,0.3290311080835619,267.6450718993773,At-Risk (High Value)
15362,1.0,290.0,739.0,302.33,0.8085123149199689,0.15068459858759506,207.0103290523979,Lost / Dormant
15363,1.0,120.0,493.0,652.0,0.7226679324497538,0.19381303042496031,568.1637472446228,Lost / Dormant
15364,1.0,159.0,255.0,581.39,0.9011866917575514,0.4202304197821066,1090.3427077050442,At-Risk (High Value)
15365,6.0,648.0,674.0,705.335,0.9849370073406858,0.7977105889574692,2150.6802618557545,Champions
15366,6.0,576.0,652.0,345.41499999999996,0.9751792879069572,0.8139714342776105,1075.352481833252,At-Risk (High Value)
15367,8.0,672.0,730.0,536.96375,0.9826985937413462,0.9618973319341518,1961.1606467133572,Champions
15368,1.0,373.0,395.0,446.94000000000005,0.9385903238950931,0.3050859994975608,613.0896293304652,Loyal Customers
15369,7.0,239.0,732.0,792.4257142857143,0.055027848984372345,0.04753051660563628,143.4368880649285,At-Risk (High Value)
15370,7.0,370.0,411.0,340.86428571428576,0.979675878436761,1.4144431292353203,1827.3449086792061,Champions
15371,0.0,0.0,663.0,0.0,1.0,0.0825277163561416,,Lost / Dormant
15372,5.0,526.0,664.0,1101.7959999999998,0.9549166145068477,0.6664201639609262,2822.342699067976,At-Risk (High Value)
15373,15.0,578.0,587.0,220.15933333333334,0.993901588934453,2.1429124551153618,1770.2385510211018,Champions
15374,1.0,496.0,625.0,168.0,0.9214730967357606,0.20001328873448002,153.9187844965841,Lost / Dormant
15375,0.0,0.0,691.0,0.0,1.0,0.07948215369049806,,Lost / Dormant
15376,2.0,182.0,223.0,289.595,0.9519140876504937,0.7883032864333651,920.7936871574861,Loyal Customers
15377,2.0,33.0,416.0,453.725,0.29386235466042443,0.14611446687100374,268.87166498122775,At-Risk (High Value)
15378,1.0,39.0,502.0,136.5,0.49012887697438684,0.12937012813201812,81.10466188200084,Lost / Dormant
15379,7.0,231.0,401.0,529.0414285714286,0.7457076203500675,1.0996509306265236,2203.129269636219,At-Risk (High Value)
15380,10.0,730.0,739.0,321.564,0.9917900298923555,1.1814256645018097,1436.751302593135,Champions
15381,4.0,370.0,584.0,382.95,0.8967011110272132,0.5787297853486486,860.0040634828672,At-Risk (High Value)
15382,9.0,721.0,736.0,1356.7055555555555,0.99032702874685,1.07310581384631,5511.853737458613,Champions
15384,3.0,423.0,593.0,583.7633333333333,0.9349960343693119,0.46773450485267265,1075.5221139262621,At-Risk (High Value)
15385,2.0,637.0,678.0,317.14,0.9625139586029818,0.31031822266172393,401.86441547204913,Loyal Customers
15386,0.0,0.0,187.0,0.0,1.0,0.23690840438650082,,Lost / Dormant
15387,0.0,0.0,493.0,0.0,1.0,0.10755032383814572,,Lost / Dormant
15388,0.0,0.0,271.0,0.0,1.0,0.17808359965996629,,Lost / Dormant
15389,4.0,509.0,682.0,305.28000000000003,0.942744112876035,0.5288494832581732,627.7794022384055,At-Risk (High Value)
15390,1.0,13.0,410.0,381.77000000000004,0.4427363748998222,0.13938692543003858,239.70513060829666,At-Risk (High Value)
15391,0.0,0.0,585.0,0.0,1.0,0.09238991981261929,,Lost / Dormant
15392,6.0,427.0,432.0,420.035,0.9872831118643663,1.1873737043538166,1899.0964217260198,Champions
15393,4.0,708.0,725.0,175.875,0.9807737657223502,0.5203175554605974,356.8176264004549,Loyal Customers
15394,9.0,715.0,725.0,554.3777777777777,0.9908825469630025,1.0886191500953561,2285.5273083321126,Champions
15395,0.0,0.0,326.0,0.0,1.0,0.1531882492487211,,Lost / Dormant
15396,1.0,471.0,584.0,288.18,0.9233476025192743,0.2130355831056941,278.49964350284165,At-Risk (High Value)
15397,0.0,0.0,290.0,0.0,1.0,0.16861650849614757,,Lost / Dormant
15398,1.0,62.0,79.0,710.6800000000001,0.9306806980287622,0.9579244270199729,2988.700093940466,Loyal Customers
15399,2.0,78.0,80.0,255.3,0.9664308606289681,1.5806821530992152,1607.92021461313,Loyal Customers
15400,7.0,468.0,561.0,158.32857142857142,0.9655088465465846,1.0610226304240422,639.91059857172,At-Risk (High Value)
15401,1.0,116.0,569.0,80.75,0.6698015112518554,0.15817993819748305,59.812232105475694,Lost / Dormant
15402,5.0,443.0,592.0,249.212,0.9417940958508448,0.7290620751793726,699.2397317597272,At-Risk (High Value)
15403,1.0,239.0,731.0,75.12,0.7680122956255098,0.14457070960181925,51.146847873810614,Lost / Dormant
15404,0.0,0.0,376.0,0.0,1.0,0.13591795113721514,,Lost / Dormant
15405,1.0,387.0,577.0,349.1,0.9021625470946159,0.21040898472749608,332.43590615248155,Lost / Dormant
15406,2.0,422.0,454.0,255.35500000000002,0.9618401083808147,0.4433742803513216,461.07261822416837,Loyal Customers
15407,3.0,272.0,306.0,297.1466666666667,0.9680599274708515,0.8568423840571705,997.5447501370206,Loyal Customers
15408,0.0,0.0,265.0,0.0,1.0,0.18129825343344677,,Lost / Dormant
15409,0.0,0.0,722.0,0.0,1.0,0.07636223631914349,,Lost / Dormant
15410,9.0,515.0,600.0,422.6933333333334,0.9703083606012999,1.2657808957141596,2023.2818925643355,At-Risk (High Value)
15411,3.0,156.0,183.0,400.82666666666665,0.9657820165745997,1.2756536947260277,1987.9771252735875,Loyal Customers
15412,0.0,0.0,172.0,0.0,1.0,0.25176547223931717,,Lost / Dormant
15413,4.0,47.0,739.0,1159.9250000000002,0.005406735775518698,0.0028185545536416677,12.693207479000414,At-Risk (High Value)
15414,2.0,233.0,243.0,369.35,0.9647334520717363,0.7473611429748835,1113.1169386342597,Loyal Customers
15415,0.0,0.0,314.0,0.0,1.0,0.15800720398112958,,Lost / Dormant
15416,5.0,612.0,677.0,836.758,0.9764433306213732,0.6695381108030859,2154.285907692804,At-Risk (High Value)
15417,0.0,0.0,86.0,0.0,1.0,0.39329910904887333,,Lost / Dormant
15418,1.0,161.0,587.0,245.83,0.737593199708959,0.1693979515425522,189.33070695223122,Lost / Dormant
15419,0.0,0.0,25.0,0.0,1.0,0.6553676864757532,,Loyal Customers
15420,5.0,300.0,735.0,129.178,0.4466105278363197,0.2840932268817656,141.90049998306034,At-Risk (High Value)
15421,8.0,674.0,733.0,445.53625,0.982541982121828,0.9581378379985247,1621.2208023745832,Champions
15422,5.0,347.0,671.0,264.196,0.7207292676284883,0.49821461724871274,507.06819452488753,At-Risk (High Value)
15423,2.0,583.0,622.0,56.67,0.9623506317512586,0.33547397742060725,79.63325683789321,Loyal Customers
15424,1.0,209.0,464.0,383.34000000000003,0.846394731630373,0.23938567390805066,413.94499605111105,Lost / Dormant
15425,3.0,263.0,664.0,393.96000000000004,0.6956763573094324,0.3142202952192383,488.6232282265183,At-Risk (High Value)
15426,6.0,567.0,587.0,367.97,0.985391496397094,0.9042333290099276,1271.2229224090631,Champions
15427,1.0,14.0,48.0,1112.11,0.9005512757125402,1.1780216850784753,5711.11379585995,Loyal Customers
15428,3.0,707.0,723.0,192.77,0.9756364038520486,0.40776862367279715,311.5183350449532,Loyal Customers
15429,1.0,49.0,76.0,154.29000000000002,0.920596790559246,0.96749017444895,667.2648278867388,Loyal Customers
15430,1.0,61.0,529.0,118.0,0.551449529671382,0.13896533784464854,75.6670126863255,Lost / Dormant
15431,0.0,0.0,503.0,0.0,1.0,0.10566558492565552,,Lost / Dormant
15432,1.0,518.0,542.0,171.19,0.9394240147900136,0.2316842258709005,181.33739116905943,Loyal Customers
15433,1.0,54.0,268.0,160.66,0.7463754454653931,0.3345376222795633,243.990908884382,Lost / Dormant
15434,9.0,676.0,685.0,253.52333333333334,0.9909405897372905,1.1465871559290985,1101.283622919546,Champions
15435,0.0,0.0,23.0,0.0,1.0,0.6700452272176218,,Loyal Customers
15436,2.0,222.0,235.0,316.74,0.963688208332084,0.7663328077416952,979.1772999928521,Loyal Customers
15437,1.0,378.0,641.0,200.16,0.8837887376407365,0.18750067153523572,171.35907989492438,Lost / Dormant
15438,0.0,0.0,132.0,0.0,1.0,0.30234708747550054,,Lost / Dormant
15439,2.0,249.0,654.0,260.1,0.7648550119054759,0.2547976490301057,270.87105978542,At-Risk (High Value)
15440,2.0,154.0,209.0,128.94,0.9424695080282515,0.820089027133355,429.5096209568794,Loyal Customers
15441,2.0,334.0,731.0,476.32000000000005,0.824806731662182,0.24826540642009606,482.2700526474873,At-Risk (High Value)
15442,0.0,0.0,249.0,0.0,1.0,0.19046732713063208,,Lost / Dormant
15443,13.0,641.0,643.0,366.8969230769231,0.9941327604344011,1.7223406926128588,2376.5083523199014,Champions
15444,1.0,31.0,41.0,1075.36,0.9334789431621958,1.3007535760615567,6090.009444880015,Loyal Customers
15445,1.0,326.0,591.0,113.5,0.874633349490721,0.19965058078453185,104.81220204770973,Lost / Dormant
15446,2.0,350.0,727.0,140.26,0.8413123498064478,0.2545088607037926,146.92459891655113,Lost / Dormant
15447,3.0,295.0,626.0,130.52666666666667,0.7968069781351644,0.3796282644607794,196.71223894749986,At-Risk (High Value)
15448,1.0,362.0,675.0,494.64,0.8685856542372256,0.175835770418262,393.03112023082275,Lost / Dormant
15449,2.0,235.0,262.0,314.29999999999995,0.9595503435951395,0.7004095592723224,889.3484127899887,Loyal Customers
15450,0.0,0.0,31.0,0.0,1.0,0.6149735233383807,,Loyal Customers
15451,1.0,165.0,600.0,122.95,0.7369002434024027,0.16594207213068857,94.15493944301745,Lost / Dormant
15452,5.0,482.0,512.0,184.732,0.9809568572628817,0.8642903560459331,614.212236440713,At-Risk (High Value)
15453,6.0,186.0,188.0,198.54666666666665,0.9874628600596008,2.324730449555587,1742.6487664892907,Loyal Customers
15454,1.0,256.0,619.0,179.1,0.823760455931773,0.18036699488922747,147.75919442046848,Lost / Dormant
15455,0.0,0.0,598.0,0.0,1.0,0.0905856861495182,,Lost / Dormant
15456,8.0,448.0,732.0,238.4825,0.704795381776297,0.6881499470540383,623.8155639146963,At-Risk (High Value)
15457,0.0,0.0,263.0,0.0,1.0,0.18239577454626604,,Lost / Dormant
15458,1.0,377.0,403.0,161.64,0.937799031008612,0.29964281035196466,220.97971144493073,Loyal Customers
15459,1.0,80.0,498.0,105.0,0.6301617800138669,0.16750891548243765,81.41229016199397,Lost / Dormant
15460,0.0,0.0,355.0,0.0,1.0,0.14267331327590843,,Lost / Dormant
15461,1.0,171.0,632.0,219.7,0.729979300786622,0.15686209398499898,157.0773590317974,Lost / Dormant
15462,3.0,351.0,446.0,78.2,0.9529583637768125,0.6132935213985121,190.9185939858255,At-Risk (High Value)
15463,0.0,0.0,30.0,0.0,1.0,0.621354670464213,,Loyal Customers
15464,0.0,0.0,339.0,0.0,1.0,0.14828900804911757,,Lost / Dormant
15465,31.0,710.0,730.0,372.66096774193545,0.9946280528933953,3.556607089589228,4949.374843555104,Champions
15466,3.0,651.0,737.0,275.59999999999997,0.9660537518413906,0.3967346178722214,432.56607112287537,At-Risk (High Value)
15467,2.0,143.0,153.0,118.22999999999999,0.9634312789981397,1.051918216611635,503.7248432073724,Loyal Customers
15468,1.0,341.0,393.0,467.51,0.9313130839333221,0.30403607088148293,638.8298420635034,Loyal Customers
15469,2.0,388.0,439.0,269.275,0.9573775441590834,0.4543959749942773,497.92102761266517,Loyal Customers
15470,0.0,0.0,576.0,0.0,1.0,0.09368170736263506,,Lost / Dormant
15471,2.0,548.0,551.0,523.655,0.967211446888811,0.37589070246512785,800.3083786318621,Loyal Customers
15472,0.0,0.0,114.0,0.0,1.0,0.33241642956997586,,Lost / Dormant
15473,4.0,430.0,445.0,442.62,0.9800439559988724,0.8042147585496391,1376.9775807246376,Champions
15474,0.0,0.0,596.0,0.0,1.0,0.09085865886750437,,Lost / Dormant
15475,0.0,0.0,78.0,0.0,1.0,0.41503084653523603,,Lost / Dormant
15476,2.0,62.0,443.0,686.275,0.41989274187494724,0.19772924021462568,549.9719691963298,At-Risk (High Value)
15477,0.0,0.0,650.0,0.0,1.0,0.08402252018925069,,Lost / Dormant
15478,2.0,535.0,576.0,720.71,0.9616006365271672,0.3591850072346953,1051.9779584636858,Loyal Customers
15479,0.0,0.0,734.0,0.0,1.0,0.07521931127210389,,Lost / Dormant
15480,2.0,560.0,677.0,1387.03,0.9497119830649637,0.3066022195747475,1728.7455610180095,At-Risk (High Value)
15481,0.0,0.0,402.0,0.0,1.0,0.12839180398259112,,Lost / Dormant
15482,14.0,722.0,738.0,970.8714285714286,0.992954460682222,1.6282912578693227,5943.666708927086,Champions
15483,5.0,523.0,685.0,135.95999999999998,0.9459819106233,0.641751494040325,337.07242575558314,At-Risk (High Value)
15484,5.0,733.0,735.0,793.3,0.9856705200222267,0.6269944419625706,1914.0870556863388,Champions
15485,5.0,708.0,739.0,973.934,0.9823969953156846,0.6218113219337951,2330.2029698932024,Champions
15486,0.0,0.0,528.0,0.0,1.0,0.1012306960402682,,Lost / Dormant
15487,0.0,0.0,680.0,0.0,1.0,0.08065141685223104,,Lost / Dormant
15488,4.0,491.0,584.0,98.485,0.9647724161186877,0.6226629212615312,239.61564747019162,At-Risk (High Value)
15489,7.0,671.0,694.0,315.08714285714285,0.9870253270703703,0.8951135707745349,1074.6762281371402,Champions
15490,0.0,0.0,431.0,0.0,1.0,0.12092374971221938,,Lost / Dormant
15491,4.0,140.0,236.0,519.41,0.9030237032027937,1.252271041982025,2496.2465181270213,At-Risk (High Value)
15492,1.0,46.0,75.0,171.71999999999997,0.9181486121523089,0.9717358387709387,744.0208799973251,Loyal Customers
15493,7.0,622.0,655.0,552.8528571428571,0.9853365444999004,0.9418455250524982,1981.6318024209936,Champions
15494,4.0,708.0,730.0,715.5725,0.9802093493141045,0.5167564236624492,1436.228279868495,Champions
15495,0.0,0.0,380.0,0.0,1.0,0.13470313472888507,,Lost / Dormant
15496,0.0,0.0,632.0,0.0,1.0,0.08618396573563773,,Lost / Dormant
15497,8.0,704.0,722.0,1048.17375,0.98897421595933,0.9778545510234318,3889.7734815133867,Champions
15498,30.0,721.0,724.0,754.0953333333333,0.997212426361936,3.479444676155504,9797.592622534768,Champions
15499,0.0,0.0,724.0,0.0,1.0,0.07616934246711214,,Lost / Dormant
15500,3.0,73.0,82.0,241.84666666666666,0.9715727183905803,2.155680590858334,2010.6786694154157,Loyal Customers
15501,1.0,11.0,416.0,166.1,0.42674388067658203,0.13268388394218064,100.52878085050027,Lost / Dormant
15502,8.0,539.0,555.0,1050.45625,0.9886846715209476,1.2400160946295582,4931.498559114068,Champions
15503,1.0,364.0,727.0,147.09,0.8560341505361722,0.16195131896136644,109.6090012134662,Lost / Dormant
15504,3.0,584.0,666.0,88.29666666666667,0.9653757049194973,0.4348475747292244,153.19466547615988,Loyal Customers
15505,4.0,103.0,156.0,666.7,0.9396447020647689,1.7710817393289184,4505.474664644567,At-Risk (High Value)
15506,5.0,455.0,478.0,368.73,0.9820006454180342,0.9191830361188944,1300.3267120976973,Loyal Customers
15507,0.0,0.0,172.0,0.0,1.0,0.25176547223931717,,Lost / Dormant
15508,3.0,46.0,236.0,229.61666666666667,0.5197416237862377,0.5663416752696069,508.43909549578393,At-Risk (High Value)
15509,0.0,0.0,381.0,0.0,1.0,0.13440281792733808,,Lost / Dormant
15510,0.0,0.0,331.0,0.0,1.0,0.1512660710811124,,Lost / Dormant
15511,4.0,74.0,86.0,176.5825,0.9745159026530723,2.679809074419734,1799.1825559757792,Loyal Customers
15512,3.0,521.0,677.0,97.52666666666666,0.9477253249317017,0.42058699062787513,163.47085679751234,Lost / Dormant
15513,26.0,662.0,696.0,1018.3480769230769,0.9903776590750593,3.1151715984378945,11851.965053025226,Champions
15514,14.0,723.0,736.0,396.8978571428571,0.9933309452084526,1.6329655187553653,2437.6835958671304,Champions
15515,0.0,0.0,388.0,0.0,1.0,0.13233753771451878,,Lost / Dormant
15516,1.0,2.0,47.0,8.67,0.8741987658831986,1.1536403070998407,61.974990329262994,Loyal Customers
15517,0.0,0.0,234.0,0.0,1.0,0.1999484941807899,,Lost / Dormant
15518,13.0,655.0,720.0,305.79153846153844,0.9817969430194198,1.5345508955522438,1766.7608225054698,Champions
15519,1.0,63.0,447.0,197.5,0.6181581800723829,0.18061286125817214,162.28430503007962,Lost / Dormant
15520,0.0,0.0,2.0,0.0,1.0,0.8765343499178195,,Loyal Customers
15521,11.0,663.0,704.0,596.7609090909091,0.987471422954995,1.3449330461191549,3027.5207780154506,Champions
15522,1.0,55.0,88.0,138.94,0.9167891653833772,0.8886780342871746,554.3066915755549,Loyal Customers
15523,14.0,653.0,738.0,1081.6492857142857,0.9734038300482546,1.5962312569250203,6491.2871586371475,Champions
15524,1.0,582.0,607.0,305.28000000000003,0.93965569240144,0.20940399029497442,289.9042158206365,Loyal Customers
15525,3.0,380.0,383.0,379.1166666666666,0.9768124298744332,0.7166452943033538,1066.4014545281357,Loyal Customers
15526,0.0,0.0,34.0,0.0,1.0,0.5965967432839169,,Loyal Customers
15527,18.0,706.0,725.0,293.1627777777778,0.9935436837140071,2.1075656035220613,2317.273337402898,Champions
15528,0.0,0.0,255.0,0.0,1.0,0.1869221639312712,,Lost / Dormant
15529,11.0,372.0,395.0,389.84909090909093,0.9879595068566954,2.2456391344001876,3284.488069242713,Champions
15530,4.0,491.0,513.0,375.5875,0.9792085825676524,0.7093310379062161,1032.5248445489049,Loyal Customers
15531,1.0,22.0,31.0,485.13,0.933534384318051,1.434618379266805,3036.2505245569805,Loyal Customers
15532,9.0,524.0,550.0,372.4122222222222,0.9877902738764591,1.3930078948975453,1960.4037895234808,Champions
15533,2.0,70.0,90.0,178.95499999999998,0.9537102959169692,1.4601875325971057,1045.796755753899,Loyal Customers
15534,0.0,0.0,726.0,0.0,1.0,0.0759774208574309,,Lost / Dormant
15535,4.0,276.0,450.0,215.71,0.8911777117474838,0.7242199851414509,605.7149035865912,At-Risk (High Value)
15536,0.0,0.0,410.0,0.0,1.0,0.12624101826876008,,Lost / Dormant
15537,0.0,0.0,164.0,0.0,1.0,0.26047881521453137,,Lost / Dormant
15538,5.0,126.0,664.0,364.524,0.03306393072501136,0.023074758361319486,32.375190448587304,At-Risk (High Value)
15539,0.0,0.0,8.0,0.0,1.0,0.805514329869177,,Loyal Customers
15540,1.0,364.0,376.0,213.3,0.940625398832471,0.3188542253860645,308.36216281284374,Loyal Customers
15541,0.0,0.0,115.0,0.0,1.0,0.3305895059050817,,Lost / Dormant
15542,1.0,225.0,738.0,377.72,0.7508990824806309,0.14012082425647715,239.9169264629556,At-Risk (High Value)
15543,1.0,171.0,460.0,127.86,0.8128708320068375,0.231648177802254,136.14172964494182,Lost / Dormant
15544,19.0,671.0,681.0,405.2215789473684,0.9949278117420889,2.354346337971665,3573.5805476747987,Champions
15545,1.0,317.0,372.0,157.39,0.9297960002745571,0.3180537056782913,228.30692664350497,Loyal Customers
15546,0.0,0.0,607.0,0.0,1.0,0.08937734097616304,,Lost / Dormant
15547,22.0,726.0,734.0,428.565,0.9957693392503627,2.536046794931982,4068.306999892002,Champions
15548,0.0,0.0,596.0,0.0,1.0,0.09085865886750437,,Lost / Dormant
15549,7.0,620.0,698.0,295.85857142857145,0.9767875899464117,0.8811978621303763,993.5628866116964,At-Risk (High Value)
15550,9.0,732.0,737.0,228.7166666666667,0.9914328393625526,1.072967967976908,930.4794874951759,Champions
15551,4.0,514.0,551.0,355.74,0.9768862811452343,0.6641422320098372,916.4484832781837,At-Risk (High Value)
15552,1.0,406.0,624.0,90.12,0.8977270099760533,0.19514084951789115,82.05254721926518,Lost / Dormant
15553,0.0,0.0,61.0,0.0,1.0,0.47028142245978793,,Loyal Customers
15554,0.0,0.0,278.0,0.0,1.0,0.17447444893954844,,Lost / Dormant
15555,31.0,721.0,734.0,359.7267741935484,0.9959662950487673,3.543607612943959,4760.401410071033,Champions
15556,0.0,0.0,25.0,0.0,1.0,0.6553676864757532,,Loyal Customers
15557,0.0,0.0,29.0,0.0,1.0,0.627870354986633,,Loyal Customers
15558,0.0,0.0,640.0,0.0,1.0,0.08520974632610756,,Lost / Dormant
15559,0.0,0.0,569.0,0.0,1.0,0.09471168688952743,,Lost / Dormant
15560,0.0,0.0,398.0,0.0,1.0,0.12949492911587054,,Lost / Dormant
15561,6.0,652.0,664.0,266.3533333333333,0.98672801725308,0.8100922819143472,825.836241338948,Champions
15562,2.0,375.0,727.0,156.435,0.8611243152910253,0.2605022599032014,167.50152001813794,Lost / Dormant
15563,5.0,658.0,681.0,479.84,0.9831656861477601,0.6705430424066466,1238.109732880793,Champions
15564,1.0,213.0,677.0,35.7,0.7621843992428082,0.15388143243733005,27.192821635934884,Lost / Dormant
15565,1.0,20.0,71.0,84.36000000000001,0.8823620660016692,0.9610276927873248,369.14574253416305,Loyal Customers
15566,1.0,332.0,725.0,89.65,0.8398499682215682,0.15929049493193126,66.73848929206629,Lost / Dormant
15567,0.0,0.0,19.0,0.0,1.0,0.7014781217202624,,Loyal Customers
15568,2.0,71.0,74.0,264.99,0.9657304644697203,1.6470221238279708,1737.011659231567,Loyal Customers
15569,8.0,546.0,650.0,406.98375,0.9655119996565376,1.0505128999995943,1622.1734915494856,At-Risk (High Value)
15570,22.0,614.0,622.0,389.4831818181819,0.9956082483279804,2.947819668100254,4291.630108026765,Champions
15571,12.0,722.0,734.0,327.7808333333333,0.9926137059998728,1.412823704774045,1745.827446166386,Champions
15572,7.0,600.0,605.0,529.9371428571428,0.9891270090809552,1.0158101533969768,2047.2545571786072,Champions
15573,4.0,698.0,730.0,230.28750000000002,0.9789926350799325,0.5161149842630905,462.89193102486087,Loyal Customers
15574,4.0,287.0,465.0,341.43249999999995,0.8925660099876944,0.7048982350006674,932.0298196455195,At-Risk (High Value)
15575,0.0,0.0,620.0,0.0,1.0,0.08768780330181689,,Lost / Dormant
15576,0.0,0.0,38.0,0.0,1.0,0.573745012029573,,Loyal Customers
15577,3.0,575.0,727.0,91.02666666666669,0.9517539220047274,0.3957834537171291,143.79701687271043,At-Risk (High Value)
15578,0.0,0.0,163.0,0.0,1.0,0.26161064225855823,,Lost / Dormant
15579,4.0,364.0,433.0,159.2175,0.9656262398599371,0.8113998127579107,501.4491521373576,At-Risk (High Value)
15580,7.0,294.0,671.0,183.07142857142858,0.2785861059996899,0.2605171188823859,181.89491428586967,At-Risk (High Value)
15581,25.0,581.0,738.0,170.56280000000004,0.5553126210720805,1.59349051253237,1016.928293121752,Champions
15582,2.0,196.0,221.0,189.65000000000003,0.9589906015103551,0.7996806396772697,613.6840828671905,Loyal Customers
15583,0.0,0.0,377.0,0.0,1.0,0.13561219634841495,,Lost / Dormant
15584,5.0,647.0,671.0,184.092,0.9829921719516562,0.6795076746624091,482.4807359142167,Loyal Customers
15585,0.0,0.0,177.0,0.0,1.0,0.24661001237133195,,Lost / Dormant
15586,2.0,108.0,701.0,229.44,0.35665924012856653,0.11154583918602934,104.7700518365197,At-Risk (High Value)
15587,6.0,441.0,492.0,223.32000000000002,0.9776354619726847,1.049568432535897,894.8979445015356,At-Risk (High Value)
15588,0.0,0.0,678.0,0.0,1.0,0.08086771694662305,,Lost / Dormant
15589,1.0,55.0,311.0,293.58,0.7088825552365646,0.28159933338153975,372.1993078029945,Lost / Dormant
15590,3.0,224.0,607.0,371.8666666666666,0.6591944589241074,0.32291586808017286,473.6730266924164,At-Risk (High Value)
15591,2.0,91.0,674.0,88.3,0.31601682247094504,0.10243484037592039,37.486855074147186,Lost / Dormant
15592,0.0,0.0,47.0,0.0,1.0,0.5282456142148394,,Loyal Customers
15593,0.0,0.0,71.0,0.0,1.0,0.43612341795500065,,Lost / Dormant
15594,4.0,219.0,235.0,375.9675,0.9776166605233817,1.3602049184355078,1963.8303854721967,Loyal Customers
15595,0.0,0.0,488.0,0.0,1.0,0.10851814271920425,,Lost / Dormant
15596,8.0,399.0,500.0,317.68625,0.9519299149101211,1.3097301019801437,1575.2211940985248,At-Risk (High Value)
15597,1.0,540.0,576.0,324.57,0.9377402336189531,0.21904662371903516,322.0139810636147,Loyal Customers
15598,1.0,374.0,428.0,240.68,0.9317968130970763,0.28269593547642563,308.3667571245234,Loyal Customers
15599,2.0,419.0,446.0,380.87,0.96274846136453,0.45071175931211627,697.2914548956297,Loyal Customers
15600,3.0,165.0,594.0,290.27666666666664,0.47241469461487734,0.23596938945064944,270.38459011566954,At-Risk (High Value)
15601,26.0,727.0,739.0,575.2757692307692,0.9957361274820445,2.9649329601074896,6376.290518768804,Champions
15602,15.0,729.0,738.0,197.94733333333335,0.9941470428531292,1.7413827190671243,1296.187484762403,Champions
15603,1.0,570.0,649.0,48.480000000000004,0.9316737844261654,0.19545243647773752,45.72452026576619,Lost / Dormant
15604,0.0,0.0,53.0,0.0,1.0,0.5017352264068761,,Lost / Dormant
15605,8.0,658.0,695.0,226.1375,0.9861281418736338,1.0095860131371537,867.5320951233483,At-Risk (High Value)
15606,16.0,586.0,648.0,308.068125,0.9792891413725079,2.0545268876882643,2374.477882237077,Champions
15607,8.0,364.0,701.0,168.15375,0.4159018424058948,0.4224690156566853,270.1523013432461,At-Risk (High Value)
15608,3.0,387.0,416.0,364.56,0.9717110308819777,0.6641992195660643,951.433901038931,Loyal Customers
15609,0.0,0.0,185.0,0.0,1.0,0.2387870917019617,,Lost / Dormant
15610,0.0,0.0,52.0,0.0,1.0,0.505966525894642,,Lost / Dormant
15611,22.0,674.0,684.0,127.08318181818181,0.9954334902796665,2.703978435713784,1286.694913926471,Champions
15612,1.0,25.0,62.0,125.5,0.9026638621674072,1.0520195665436036,592.0282178686875,Loyal Customers
15613,0.0,0.0,611.0,0.0,1.0,0.08885058790621478,,Lost / Dormant
15614,2.0,189.0,627.0,909.69,0.6711108044835994,0.2322632885702857,858.8808042455271,At-Risk (High Value)
15615,37.0,727.0,738.0,560.2937837837837,0.996613620247313,4.196762452287968,8772.378435208992,Champions
15616,0.0,0.0,439.0,0.0,1.0,0.11901413391251314,,Lost / Dormant
15617,2.0,111.0,508.0,311.70000000000005,0.5579597580941208,0.23305231581431665,295.80830626450467,At-Risk (High Value)
15618,2.0,104.0,137.0,277.01,0.9487300057112187,1.11722792091838,1240.6321455062518,Loyal Customers
15619,0.0,0.0,11.0,0.0,1.0,0.7741789419333209,,Loyal Customers
15620,3.0,353.0,410.0,517.7266666666666,0.9642558096120148,0.6673929979233902,1356.091263765782,At-Risk (High Value)
15621,2.0,17.0,22.0,364.875,0.9622064055927775,2.6083607086706646,3743.032642458054,Loyal Customers
15622,9.0,602.0,646.0,711.43,0.9851230604464417,1.2022002808925056,3235.228641605694,Champions
15623,7.0,588.0,730.0,304.2642857142857,0.9550564773005566,0.8270035779651689,959.2721908346682,At-Risk (High Value)
15624,3.0,140.0,257.0,134.74333333333334,0.890937967492929,0.9078709635795775,480.61128010241396,At-Risk (High Value)
15625,8.0,439.0,543.0,341.03375,0.9555239590495431,1.2220008368451478,1578.8705637970893,At-Risk (High Value)
15626,2.0,347.0,422.0,337.9,0.9502463344305725,0.4666863698410157,640.5413130375161,At-Risk (High Value)
15627,1.0,65.0,523.0,286.74,0.5686166342413135,0.14474785058143758,188.07528203669779,Lost / Dormant
15628,16.0,722.0,727.0,335.37375000000003,0.9948807365080268,1.8795684975041669,2367.0192365858106,Champions
15629,2.0,82.0,533.0,532.3499999999999,0.40956861421068375,0.16394561192545948,354.71036324095667,At-Risk (High Value)
15630,2.0,599.0,645.0,593.175,0.9615145461961873,0.32435868654534894,783.1668003433582,Loyal Customers
15631,0.0,0.0,643.0,0.0,1.0,0.08485006972218706,,Lost / Dormant
15632,7.0,259.0,275.0,412.95428571428573,0.9851829025587133,1.988225787689216,3096.325937193891,Champions
15633,12.0,222.0,732.0,346.71416666666664,0.0003773202686366656,0.0005383980998116164,0.703675966572002,At-Risk (High Value)
15634,1.0,366.0,384.0,243.55,0.9393666420755966,0.3127818762091671,344.74589112062955,Loyal Customers
15635,0.0,0.0,396.0,0.0,1.0,0.1300536343364795,,Lost / Dormant
15636,3.0,480.0,570.0,351.87999999999994,0.9609586980842613,0.4980756401371818,691.0457333839634,At-Risk (High Value)
15637,4.0,672.0,725.0,127.17750000000001,0.9760836451423173,0.5178293648499719,257.29956315995474,Loyal Customers
15638,4.0,232.0,611.0,509.45,0.5454262486417043,0.33800136243875045,668.0840017322026,At-Risk (High Value)
15639,2.0,471.0,606.0,335.41999999999996,0.9424797826169137,0.33635522774260884,460.05274063550127,At-Risk (High Value)
15640,24.0,721.0,726.0,936.1075000000001,0.9963849827937848,2.7893582272139708,9764.443313807113,Champions
15641,11.0,628.0,734.0,472.28636363636366,0.9659033879254845,1.266288432516482,2257.0543362418853,At-Risk (High Value)
15642,0.0,0.0,730.0,0.0,1.0,0.07559646510504095,,Lost / Dormant
15643,1.0,91.0,283.0,326.9,0.8117941549462103,0.3482696018760042,511.28876923044464,At-Risk (High Value)
15644,2.0,95.0,262.0,287.19,0.8143533295026769,0.5944251496715398,690.0516353952231,At-Risk (High Value)
15645,2.0,407.0,426.0,314.64500000000004,0.964144942849864,0.4696713935720786,600.5788872811224,Loyal Customers
15646,4.0,253.0,411.0,220.8,0.8951235930207184,0.7867744750542668,672.8197650158044,At-Risk (High Value)
15647,0.0,0.0,416.0,0.0,1.0,0.12467465232005752,,Lost / Dormant
15648,1.0,63.0,268.0,340.5,0.7689392964467616,0.34465110752701905,526.4144102937714,Lost / Dormant
15649,3.0,51.0,388.0,407.04,0.220496271517377,0.15999108081253985,255.5908259241532,At-Risk (High Value)
15650,1.0,107.0,629.0,194.8,0.615436948685134,0.1328183130939548,118.17064502841941,Lost / Dormant
15651,3.0,560.0,597.0,322.59999999999997,0.9721837342299111,0.4834087030248722,615.3613544163052,Loyal Customers
15652,4.0,394.0,486.0,326.475,0.9600213626820798,0.7293820965936934,922.7014986586084,At-Risk (High Value)
15653,1.0,23.0,116.0,610.5600000000001,0.8309882143026849,0.6820201685098521,1838.3033325201775,Loyal Customers
15654,1.0,17.0,27.0,327.51,0.9317582297540365,1.493364298206021,2139.490287942023,Loyal Customers
15655,0.0,0.0,244.0,0.0,1.0,0.1935261061789998,,Lost / Dormant
15656,3.0,239.0,285.0,168.51666666666668,0.9625418237664967,0.9027940573606517,597.4121810644489,Loyal Customers
15657,0.0,0.0,23.0,0.0,1.0,0.6700452272176218,,Lost / Dormant
15658,7.0,546.0,737.0,300.26000000000005,0.922595136134373,0.7919398445656672,906.6052538224836,At-Risk (High Value)
15659,2.0,610.0,654.0,212.02499999999998,0.9618924204238236,0.3204371070711599,278.132014223939,Loyal Customers
15660,11.0,647.0,673.0,245.8172727272727,0.9899323925680826,1.4047643019064795,1303.1101856803266,Champions
15661,7.0,261.0,579.0,127.85714285714286,0.3390162750187723,0.3621735230137921,176.58482443206944,At-Risk (High Value)
15662,1.0,77.0,739.0,177.88000000000002,0.4753966119025039,0.08860093570933714,72.22077958085424,Lost / Dormant
15663,0.0,0.0,107.0,0.0,1.0,0.34579447006692915,,Lost / Dormant
15664,3.0,599.0,650.0,281.18333333333334,0.9704975643339034,0.4469074245928507,496.5377280227975,At-Risk (High Value)
15665,4.0,467.0,636.0,855.9225,0.9395135378685168,0.5615166413815473,1864.0308335675236,At-Risk (High Value)
15666,1.0,23.0,496.0,226.68,0.42452508819810614,0.11324745302141975,116.64968738263376,Lost / Dormant
15667,0.0,0.0,40.0,0.0,1.0,0.5629662472850953,,Loyal Customers
15668,0.0,0.0,218.0,0.0,1.0,0.21116174842408802,,Lost / Dormant
15669,3.0,223.0,264.0,161.84666666666666,0.9635614209408339,0.9611032322487195,610.4157631280527,Loyal Customers
15670,1.0,260.0,557.0,173.05,0.848358913100188,0.20419867248351162,161.57108464534508,Lost / Dormant
15671,6.0,252.0,271.0,383.37000000000006,0.982535065383049,1.7446969089862738,2533.328547089269,Champions
15672,0.0,0.0,726.0,0.0,1.0,0.0759774208574309,,Lost / Dormant
15673,8.0,567.0,656.0,709.65375,0.9721593875919722,1.048968161673802,2823.2762528358894,At-Risk (High Value)
15674,11.0,658.0,732.0,559.1872727272727,0.9795391161674635,1.2873789489054226,2716.5001570191157,Champions
15675,3.0,323.0,405.0,107.89666666666666,0.9552016316131059,0.6681290392601392,285.4392441994084,At-Risk (High Value)
15676,2.0,265.0,284.0,1268.98,0.9625794068042424,0.6585782637501687,3364.903277878771,Loyal Customers
15677,2.0,414.0,464.0,482.49,0.9581795422168672,0.4333712717246989,848.8596705003276,Loyal Customers
15678,2.0,470.0,523.0,581.205,0.9586967062133461,0.39025746295891744,921.3936754151098,At-Risk (High Value)
15679,3.0,158.0,183.0,201.01999999999998,0.9668637758775901,1.2770825370817367,1001.1546577661451,Loyal Customers
15680,9.0,728.0,738.0,466.2311111111111,0.9909007146705906,1.0710600282652993,1891.670293151409,Champions
15681,9.0,539.0,565.0,285.91111111111115,0.9879126593891768,1.360114715728189,1470.3905751084312,Champions
15682,1.0,88.0,688.0,190.76,0.5341376522879885,0.1062695175284725,92.70584602453451,Lost / Dormant
15683,1.0,356.0,474.0,193.75,0.9164577421045023,0.2544129831919204,224.4843241817254,Lost / Dormant
15684,2.0,188.0,736.0,32.275,0.5772311917742472,0.17266411644726498,23.93716294324374,Lost / Dormant
15685,0.0,0.0,451.0,0.0,1.0,0.11626022505480266,,Lost / Dormant
15686,0.0,0.0,421.0,0.0,1.0,0.12339874925113072,,Lost / Dormant
15687,7.0,322.0,331.0,377.0857142857143,0.9877659853711076,1.7128458953645587,2441.559784905341,Champions
15688,0.0,0.0,419.0,0.0,1.0,0.12390596238012108,,Lost / Dormant
15689,2.0,498.0,618.0,127.05,0.9468728842336613,0.33200525532930864,173.5837105395117,At-Risk (High Value)
15690,1.0,96.0,101.0,128.76,0.9403314191659972,0.8408025866479898,487.83646015020224,Loyal Customers
15691,3.0,481.0,734.0,136.5,0.914155023287928,0.3768267911079152,204.40788183482854,At-Risk (High Value)
15692,0.0,0.0,29.0,0.0,1.0,0.627870354986633,,Loyal Customers
15693,0.0,0.0,660.0,0.0,1.0,0.08286792986617049,,Lost / Dormant
15694,22.0,732.0,733.0,463.68454545454546,0.9965335809194485,2.541165632887419,4410.395622037557,Champions
15695,2.0,415.0,682.0,391.21500000000003,0.9015035331827097,0.2890965713804625,461.34573200202965,At-Risk (High Value)
15696,12.0,651.0,685.0,311.99333333333334,0.9890561239011656,1.4994846789958192,1762.7151626076197,Champions
15697,0.0,0.0,690.0,0.0,1.0,0.07958704723939594,,Lost / Dormant
15698,0.0,0.0,625.0,0.0,1.0,0.08705487086758801,,Lost / Dormant
15699,0.0,0.0,18.0,0.0,1.0,0.7098055618822706,,Loyal Customers
15700,1.0,1.0,174.0,3.9,0.6541982585187173,0.40759708036651393,13.660446140171285,Lost / Dormant
15701,3.0,108.0,111.0,228.38,0.9759169793506854,1.8114988403317769,1601.8390674243394,Loyal Customers
15702,0.0,0.0,477.0,0.0,1.0,0.11070991860969816,,Lost / Dormant
15703,0.0,0.0,265.0,0.0,1.0,0.18129825343344677,,Lost / Dormant
15704,4.0,443.0,584.0,744.1975,0.9472228255230429,0.6113364372486594,1763.3692499462038,At-Risk (High Value)
15705,0.0,0.0,202.0,0.0,1.0,0.22370910795373258,,Lost / Dormant
15706,3.0,53.0,117.0,203.50333333333333,0.896772993172663,1.6101785192054086,1270.3966812582287,At-Risk (High Value)
15707,3.0,51.0,87.0,259.59999999999997,0.9407196163375983,2.01920399664565,2022.3177444344817,Loyal Customers
15708,8.0,385.0,426.0,502.79375000000005,0.9809117458334256,1.5521974429369811,2948.022083696542,Champions
15709,1.0,306.0,590.0,133.25,0.8649636960383642,0.1977436698511782,121.30328904870478,Lost / Dormant
15710,0.0,0.0,418.0,0.0,1.0,0.12416113650495203,,Lost / Dormant
15711,1.0,128.0,685.0,313.6,0.6304315924717934,0.12592781951784224,179.2440874849853,Lost / Dormant
15712,11.0,729.0,739.0,292.4463636363637,0.9923189288420342,1.292849197078692,1427.6197382251667,Champions
15713,3.0,580.0,724.0,255.64333333333335,0.953671279979157,0.39808449346444497,402.6858885653979,At-Risk (High Value)
15714,4.0,544.0,556.0,128.95250000000001,0.9809697288636955,0.6615667179544219,332.45375790542766,Loyal Customers
15715,2.0,64.0,620.0,149.03500000000003,0.253326595963417,0.08856626657421991,54.20507003810651,At-Risk (High Value)
15716,10.0,587.0,733.0,284.012,0.9401847614140038,1.1283522315688415,1212.063732957258,At-Risk (High Value)
15717,4.0,358.0,593.0,133.375,0.877143245008127,0.5583887954611964,290.3420262469505,At-Risk (High Value)
15718,0.0,0.0,541.0,0.0,1.0,0.0990685778051008,,Lost / Dormant
15719,30.0,706.0,739.0,328.0586666666667,0.9910706578392757,3.3936597540850237,4158.808223679696,Champions
15720,1.0,526.0,551.0,598.73,0.9393202975905969,0.22828680809044763,615.5949812177944,Loyal Customers
15721,0.0,0.0,12.0,0.0,1.0,0.7642721777299901,,Loyal Customers
15722,8.0,605.0,641.0,596.25,0.9858358987457357,1.0862601876619427,2456.2355262349797,Champions
15723,3.0,210.0,575.0,235.58,0.6583798081770482,0.3385885460987718,315.0740300220745,At-Risk (High Value)
15724,2.0,199.0,401.0,109.125,0.867017315407979,0.44491284923367175,199.34385242184666,Lost / Dormant
15725,0.0,0.0,16.0,0.0,1.0,0.7270719474876653,,Loyal Customers
15726,0.0,0.0,391.0,0.0,1.0,0.13147173035578513,,Lost / Dormant
15727,13.0,668.0,685.0,653.4453846153846,0.9922884470718856,1.6231314862776207,3989.644076339102,Champions
15728,1.0,65.0,445.0,297.0,0.625843725225802,0.18357232693357958,246.50203040914693,Lost / Dormant
15729,2.0,191.0,404.0,58.85,0.8550926941758998,0.4359994900427619,106.85860321633636,Lost / Dormant
15730,4.0,366.0,432.0,359.595,0.9666466767162889,0.813884957844172,1132.316860896369,At-Risk (High Value)
15731,0.0,0.0,554.0,0.0,1.0,0.09699691324640256,,Lost / Dormant
15732,8.0,461.0,674.0,181.33375,0.8511723709699204,0.8961139797440775,617.6089867437319,At-Risk (High Value)
15733,0.0,0.0,283.0,0.0,1.0,0.17198484230318148,,Lost / Dormant
15734,3.0,433.0,548.0,650.8833333333333,0.9526287920222255,0.5114170361474757,1309.8680185202434,At-Risk (High Value)
15735,0.0,0.0,422.0,0.0,1.0,0.12314669742831268,,Lost / Dormant
15736,0.0,0.0,436.0,0.0,1.0,0.11972312675328242,,At-Risk (High Value)
15737,6.0,228.0,243.0,121.54,0.9834597794919766,1.9041729004031822,878.3790673962188,Loyal Customers
15738,36.0,711.0,730.0,363.63722222222225,0.9949804209776573,4.119596119110355,5589.491942393925,Champions
15739,0.0,0.0,67.0,0.0,1.0,0.4491712276175015,,Loyal Customers
15740,0.0,0.0,50.0,0.0,1.0,0.5146478218829703,,Lost / Dormant
15741,1.0,160.0,619.0,145.47,0.720286180538408,0.1577107190669909,105.42949838927305,Lost / Dormant
15742,0.0,0.0,620.0,0.0,1.0,0.08768780330181689,,Lost / Dormant
15743,3.0,168.0,185.0,153.97,0.9708482585960962,1.2721581529449444,765.4026360174836,Loyal Customers
15744,0.0,0.0,78.0,0.0,1.0,0.41503084653523603,,Lost / Dormant
15745,3.0,217.0,237.0,263.91333333333336,0.9710523030586848,1.0546345821470389,1087.533757776162,Loyal Customers
15746,0.0,0.0,135.0,0.0,1.0,0.2978575486594275,,Lost / Dormant
15747,8.0,678.0,691.0,292.06624999999997,0.989509273353664,1.0183930157956642,1129.6519810005698,Champions
15748,1.0,409.0,450.0,149.31,0.935232260102301,0.2716704812976452,185.6492608735494,Loyal Customers
15749,1.0,97.0,333.0,1526.4,0.785881174386988,0.29502301827954935,2008.795636246618,At-Risk (High Value)
15750,16.0,736.0,739.0,410.941875,0.9950967194368162,1.851987697096347,2857.8357818610984,Champions
15751,6.0,273.0,734.0,183.58333333333334,0.20875276436870463,0.15640805793787563,110.1095817955841,At-Risk (High Value)
15752,8.0,418.0,458.0,448.85125,0.9821170075839953,1.459369788165793,2476.554866793492,Champions
15753,0.0,0.0,305.0,0.0,1.0,0.16182534303131585,,Lost / Dormant
15754,8.0,604.0,656.0,202.1575,0.9828290978947969,1.060480868895268,814.415663842804,At-Risk (High Value)
15755,16.0,725.0,736.0,355.273125,0.9942023326738509,1.8572357018148715,2477.8312943607516,Champions
15756,3.0,188.0,250.0,136.45666666666668,0.9506184926161476,0.9900842451702055,530.5500037771351,Loyal Customers
15757,5.0,482.0,548.0,482.258,0.9733500236140713,0.8073921959389289,1495.232351045066,At-Risk (High Value)
15758,0.0,0.0,25.0,0.0,1.0,0.6553676864757532,,Loyal Customers
15759,6.0,519.0,738.0,117.53333333333335,0.9081922000514047,0.6770824882810814,305.75313744245375,At-Risk (High Value)
15761,0.0,0.0,443.0,0.0,1.0,0.11808177557143663,,Lost / Dormant
15762,1.0,12.0,78.0,268.44,0.8535695821913538,0.8846347323014899,1051.262509375347,Loyal Customers
15763,1.0,46.0,78.0,564.4300000000001,0.9154243146317405,0.948740630421129,2353.709443687227,Loyal Customers
15764,5.0,390.0,479.0,727.634,0.9619399599918143,0.8987565939038792,2506.558125710019,At-Risk (High Value)
15765,0.0,0.0,667.0,0.0,1.0,0.082078421050313,,Lost / Dormant
15766,2.0,618.0,683.0,314.73,0.9590758217774895,0.3071490714188052,394.78193939561675,Loyal Customers
15768,32.0,621.0,737.0,471.78625,0.7208156100883752,2.6357436137131662,4642.749536636313,Champions
15769,39.0,721.0,729.0,1496.2635897435898,0.9971424956314812,4.471928785981064,24951.27395834073,Champions
15770,0.0,0.0,613.0,0.0,1.0,0.08858953345996057,,Lost / Dormant
15771,2.0,89.0,694.0,345.145,0.2935346379700226,0.09264765474101418,130.54071758137798,At-Risk (High Value)
15772,0.0,0.0,419.0,0.0,1.0,0.12390596238012108,,Lost / Dormant
15773,1.0,404.0,410.0,452.80000000000007,0.9420019143816348,0.29657095743392753,603.9968899970548,Loyal Customers
15774,5.0,588.0,657.0,220.33200000000002,0.9752692183618911,0.6872035541034477,583.5059755784424,At-Risk (High Value)
15775,1.0,386.0,632.0,104.9,0.8889683261077707,0.19102655783436415,92.98845351733878,Lost / Dormant
15776,0.0,0.0,134.0,0.0,1.0,0.29933914441807924,,Lost / Dormant
15777,5.0,327.0,569.0,350.662,0.8194245125717542,0.6572702764013293,885.9055134873494,At-Risk (High Value)
15778,0.0,0.0,432.0,0.0,1.0,0.12068170169840425,,Lost / Dormant
15779,1.0,69.0,533.0,56.7,0.5742137196231476,0.14373776227438084,38.8454513171135,Lost / Dormant
15780,2.0,174.0,358.0,149.065,0.8661263116496655,0.48941438667017056,297.80405774346684,Lost / Dormant
15781,2.0,280.0,306.0,131.055,0.9609372111094425,0.618677460086423,330.89332492306113,Loyal Customers
15782,3.0,421.0,431.0,871.58,0.9756475741207942,0.6468053839128334,2211.6326254307337,Loyal Customers
15783,0.0,0.0,11.0,0.0,1.0,0.7741789419333209,,Loyal Customers
15784,1.0,205.0,673.0,382.14,0.7548694135452797,0.15322794228015685,265.17098002155063,Lost / Dormant
15785,11.0,692.0,725.0,513.3645454545455,0.9891086215726617,1.3114446724117848,2540.4468400747296,Champions
15786,3.0,490.0,537.0,2242.7033333333334,0.9697175989192405,0.5300700251761031,4670.701630138884,At-Risk (High Value)
15787,1.0,35.0,62.0,456.0,0.9172377723714746,1.0690048911348797,2140.515917455972,Loyal Customers
15788,0.0,0.0,509.0,0.0,1.0,0.10456612973022959,,Lost / Dormant
15789,4.0,265.0,624.0,394.565,0.6426835061081517,0.390780310210457,598.6560887657604,At-Risk (High Value)
15790,0.0,0.0,11.0,0.0,1.0,0.7741789419333209,,Loyal Customers
15791,4.0,598.0,642.0,825.2525,0.9766425641779463,0.5787686536437294,1852.6912623588978,At-Risk (High Value)
15792,1.0,219.0,619.0,457.0,0.7919431492068866,0.17340041624599156,358.0094234320003,Lost / Dormant
15793,7.0,724.0,739.0,301.1414285714286,0.988149096506577,0.8461057380826653,971.4744573312175,Champions
15794,1.0,1.0,738.0,102.0,0.1990176533824654,0.03713750393916647,17.621074075539976,Lost / Dormant
15795,6.0,541.0,691.0,311.15333333333336,0.9498759973321875,0.7520626467696282,895.6513783221345,At-Risk (High Value)
15796,16.0,617.0,619.0,312.81437500000004,0.995162205113296,2.1760898744788286,2552.635458051116,Champions
15797,4.0,568.0,682.0,572.53,0.9629990525831417,0.5402118606532971,1200.9549560034857,At-Risk (High Value)
15798,2.0,189.0,682.0,584.5450000000001,0.6244918362584423,0.20026371730349576,476.773755189929,At-Risk (High Value)
15799,3.0,343.0,419.0,294.7133333333333,0.9583845662008174,0.6510468067116228,754.5795720303219,At-Risk (High Value)
15800,3.0,511.0,619.0,291.6666666666667,0.9582526359570299,0.4612044439018936,531.1996958991735,At-Risk (High Value)
15801,2.0,63.0,110.0,463.365,0.9279449023752524,1.2597874897116057,2327.2688478273612,Loyal Customers
15803,3.0,625.0,677.0,441.9533333333334,0.9706390735358431,0.430755785653073,751.3202395690874,At-Risk (High Value)
15804,12.0,198.0,199.0,306.7525,0.9935961774010177,4.26031236587387,4856.6344656205365,Champions
15805,21.0,706.0,730.0,453.8442857142857,0.9931617001055901,2.429959737211589,4129.396012779892,Champions
15806,2.0,230.0,277.0,242.11,0.9526264277548032,0.6650319932733249,652.075791742768,Loyal Customers
15807,3.0,616.0,667.0,471.86000000000007,0.9706849097153465,0.4366435289080244,812.8722034408972,At-Risk (High Value)
15808,20.0,432.0,739.0,873.4135,0.012541426925828873,0.028942094247058126,94.68402962303526,Champions
15809,6.0,499.0,536.0,184.14833333333334,0.981924088407657,0.9772541158937611,688.0860536088271,At-Risk (High Value)
15810,7.0,595.0,674.0,383.6242857142857,0.9758596823395763,0.9088715581887042,1327.8101192091829,At-Risk (High Value)
15811,6.0,366.0,389.0,418.0783333333334,0.983240984511659,1.294031169329629,2057.655822190854,Champions
15812,11.0,617.0,725.0,418.6790909090909,0.9640568894837389,1.2782289467916117,2019.7072988033547,At-Risk (High Value)
15813,1.0,32.0,240.0,533.26,0.707106178979767,0.34583706122356245,822.8385544729746,At-Risk (High Value)
15814,4.0,587.0,604.0,585.09,0.9804184243303634,0.6139037311736891,1393.1079075342818,Champions
15815,4.0,196.0,260.0,418.4,0.9528174221468386,1.2242959187632612,1969.1540328331228,At-Risk (High Value)
15816,0.0,0.0,543.0,0.0,1.0,0.09874411736585002,,Lost / Dormant
15817,2.0,123.0,544.0,930.0749999999999,0.561471879393989,0.22070581923189128,833.2153971102703,At-Risk (High Value)
15818,0.0,0.0,589.0,0.0,1.0,0.09182716064473959,,Lost / Dormant
15819,7.0,582.0,632.0,487.0671428571428,0.9819451157656203,0.9694850300011197,1796.7128728895973,Champions
15820,0.0,0.0,320.0,0.0,1.0,0.15556038983059978,,Lost / Dormant
15821,1.0,17.0,62.0,316.78,0.8879042319166175,1.034817792472914,1444.533753387074,Loyal Customers
15822,5.0,730.0,734.0,273.148,0.9854673363604202,0.6276476715687309,660.9046312552259,Loyal Customers
15823,2.0,359.0,732.0,50.400000000000006,0.8466608514301008,0.2545246165170506,54.02571990052469,At-Risk (High Value)
15824,1.0,79.0,533.0,496.14,0.6035588893233186,0.15108347499791655,337.91054837845417,Lost / Dormant
15825,0.0,0.0,173.0,0.0,1.0,0.2507171822596047,,Lost / Dormant
15826,2.0,512.0,569.0,827.155,0.9587251040641358,0.36205104431418583,1216.4330776964723,At-Risk (High Value)
15827,21.0,627.0,701.0,169.79857142857142,0.9688838174673611,2.4600717294030954,1564.5730355815992,Champions
15828,0.0,0.0,376.0,0.0,1.0,0.13591795113721514,,Lost / Dormant
15829,1.0,41.0,141.0,310.7,0.8442154484188747,0.609498556641369,843.0126033632949,Loyal Customers
15830,0.0,0.0,38.0,0.0,1.0,0.573745012029573,,Loyal Customers
15831,2.0,266.0,325.0,245.90999999999997,0.9506378061317549,0.5823829805111357,581.0996497349507,Loyal Customers
15832,0.0,0.0,255.0,0.0,1.0,0.1869221639312712,,Lost / Dormant
15833,0.0,0.0,738.0,0.0,1.0,0.07484590271689621,,Lost / Dormant
15834,4.0,354.0,425.0,658.4475,0.9644575034949225,0.8235946654799169,2095.278906646617,At-Risk (High Value)
15835,3.0,286.0,331.0,217.66,0.9651507470420898,0.8006028408394569,684.4294342241061,Loyal Customers
15836,0.0,0.0,51.0,0.0,1.0,0.5102700998122855,,Lost / Dormant
15837,1.0,421.0,486.0,391.98,0.9307806146188875,0.2527850855875174,447.1059533079637,Loyal Customers
15838,28.0,713.0,725.0,1286.1828571428573,0.9958845955993157,3.2441086366638383,15586.120151783127,Champions
15839,2.0,115.0,149.0,374.655,0.9494333924304774,1.0558560229832097,1584.7793063766699,Loyal Customers
15840,1.0,114.0,173.0,113.82,0.9113547864797862,0.5701849595390952,295.59357121146115,Loyal Customers
15841,8.0,657.0,730.0,306.56125000000003,0.979385676182683,0.9586545405219209,1116.6046270610811,At-Risk (High Value)
15842,1.0,134.0,528.0,376.25,0.7268139154598033,0.18346483975570252,311.88048523726417,Lost / Dormant
15843,0.0,0.0,304.0,0.0,1.0,0.16226101018450273,,Lost / Dormant
15844,0.0,0.0,47.0,0.0,1.0,0.5282456142148394,,Lost / Dormant
15845,10.0,665.0,683.0,421.024,0.9905676039446669,1.268067979826193,2017.1915265244957,Champions
15846,0.0,0.0,386.0,0.0,1.0,0.13292110915777547,,Lost / Dormant
15847,4.0,603.0,642.0,185.4875,0.9774311342100884,0.5792359685371684,418.3634282845075,Loyal Customers
15848,0.0,0.0,622.0,0.0,1.0,0.08743352884482357,,Lost / Dormant
15850,5.0,707.0,727.0,190.41400000000002,0.9836970201373487,0.6320427351637234,464.4549963775198,Loyal Customers
15851,0.0,0.0,527.0,0.0,1.0,0.10140092964339392,,Lost / Dormant
15852,2.0,340.0,527.0,80.355,0.9153858438583786,0.3701184171521013,123.21124291802074,Lost / Dormant
15853,0.0,0.0,52.0,0.0,1.0,0.505966525894642,,Lost / Dormant
15854,18.0,725.0,730.0,277.31166666666667,0.9953833646649217,2.0982219928969412,2182.4746465374997,Champions
15855,5.0,340.0,477.0,142.448,0.9301377359367442,0.8722381107741707,478.19181359330986,At-Risk (High Value)
15856,43.0,732.0,737.0,770.7588372093022,0.9977188950829577,4.876687483283722,14012.485191473183,Champions
15857,1.0,412.0,431.0,297.0,0.9395443465334711,0.28333019324897996,380.31649925356396,Loyal Customers
15858,12.0,714.0,730.0,309.3233333333333,0.9921139988213586,1.4191992102048823,1654.9706787258083,Champions
15859,0.0,0.0,433.0,0.0,1.0,0.12044062116391707,,Lost / Dormant
15860,16.0,693.0,734.0,143.62875,0.9889679065701296,1.8520701759053766,999.8780876778355,Champions
15861,9.0,668.0,681.0,442.1933333333333,0.9904489393242366,1.152146305051804,1928.7321932176224,Champions
15862,9.0,714.0,723.0,260.20222222222225,0.9909914389121912,1.0914948629656445,1076.4417359269087,Champions
15863,4.0,697.0,723.0,54.449999999999996,0.9797051077379032,0.5210661761925462,111.91472394601402,Loyal Customers
15864,6.0,359.0,382.0,322.71999999999997,0.9831483417486995,1.314084204108426,1613.31265115085,Champions
15865,4.0,663.0,704.0,383.7175,0.9776325604840032,0.5327749467483939,794.6691627534306,At-Risk (High Value)
15866,0.0,0.0,102.0,0.0,1.0,0.3560307310056984,,Lost / Dormant
15867,29.0,720.0,726.0,289.1213793103448,0.996785714799451,3.3560667646993996,3625.020028794612,Champions
15868,0.0,0.0,584.0,0.0,1.0,0.09253168931613477,,Lost / Dormant
15869,1.0,349.0,627.0,149.64,0.8753291584103154,0.18945012042223244,130.20437569562662,Lost / Dormant
15870,2.0,414.0,447.0,246.185,0.9615456122702757,0.4492731156319276,450.4717143754234,Loyal Customers
15871,0.0,0.0,438.0,0.0,1.0,0.11924952958999675,,Lost / Dormant
15872,2.0,536.0,551.0,337.07,0.9654918992936414,0.3752224287845902,515.2335614744917,Loyal Customers
15873,1.0,1.0,501.0,138.24,0.3084812125056952,0.08156727457905057,51.769641129076554,Lost / Dormant
15874,15.0,638.0,702.0,692.3213333333333,0.9810023581130953,1.7987986711666075,4676.765188788563,Champions
15875,0.0,0.0,647.0,0.0,1.0,0.08437519891330678,,Lost / Dormant
15876,1.0,39.0,449.0,718.34,0.531155000493538,0.1545911547357676,498.50938666901715,At-Risk (High Value)
15877,1.0,16.0,18.0,251.02,0.9408964962357094,1.6693886105175348,1835.2352586408222,Loyal Customers
15878,1.0,172.0,734.0,118.63999999999999,0.6841996675240178,0.12831168736715237,70.46277351848133,Lost / Dormant
15879,3.0,318.0,723.0,341.32,0.7524262277205654,0.31447761284997827,424.2087715818591,At-Risk (High Value)
15880,0.0,0.0,370.0,0.0,1.0,0.13778184634043078,,Lost / Dormant
15881,2.0,52.0,365.0,193.47000000000003,0.47549084695656196,0.2643285668752403,208.21613674458584,At-Risk (High Value)
15882,5.0,531.0,730.0,261.958,0.931424293937299,0.5962042855309494,602.1177165631037,At-Risk (High Value)
15883,1.0,31.0,34.0,252.72,0.9402991264291112,1.4017508196706228,1557.2311676262466,Loyal Customers
15884,1.0,304.0,737.0,7.9,0.8189654606862071,0.15301226676987623,7.965454919485298,Lost / Dormant
15885,12.0,594.0,688.0,149.05583333333334,0.967717186140898,1.4613037792423027,821.6157693080972,At-Risk (High Value)
15886,2.0,538.0,599.0,379.25,0.9584968907593762,0.3456655686105659,534.1676146481129,At-Risk (High Value)
15887,2.0,149.0,556.0,292.5,0.6324835804723967,0.24383217376575966,290.8124185387502,At-Risk (High Value)
15888,2.0,446.0,527.0,170.87,0.9527390755372359,0.38522146804288315,269.4444306178526,Loyal Customers
15889,7.0,573.0,730.0,213.40571428571428,0.9467373852149431,0.8197999003987175,667.4483144481844,At-Risk (High Value)
15890,2.0,210.0,605.0,136.22500000000002,0.733550047955564,0.26218114633820117,146.8040616586688,At-Risk (High Value)
15891,0.0,0.0,227.0,0.0,1.0,0.20470410916227966,,Lost / Dormant
15892,0.0,0.0,670.0,0.0,1.0,0.08174464763699743,,Lost / Dormant
15893,0.0,0.0,482.0,0.0,1.0,0.10970277714169475,,Lost / Dormant
15894,1.0,116.0,370.0,106.81,0.7921448378853715,0.27220714382194505,134.03501821123734,Lost / Dormant
15895,0.0,0.0,150.0,0.0,1.0,0.2772747346072256,,Lost / Dormant
15897,0.0,0.0,195.0,0.0,1.0,0.22968061905085402,,Lost / Dormant
15898,23.0,727.0,729.0,225.49739130434781,0.9965770004833289,2.6667137903142066,2250.733381835357,Champions
15899,0.0,0.0,369.0,0.0,1.0,0.13809747974379535,,Lost / Dormant
15900,3.0,539.0,563.0,254.7266666666667,0.9739695596844998,0.510427142651873,513.2741303897433,Loyal Customers
15901,5.0,527.0,544.0,95.94,0.9834448653878379,0.8211058527749293,304.35506922563474,Loyal Customers
15902,0.0,0.0,381.0,0.0,1.0,0.13440281792733808,,Lost / Dormant
15903,11.0,685.0,695.0,809.0945454545455,0.992253572100788,1.3674074478675307,4172.257696749658,Champions
15904,0.0,0.0,9.0,0.0,1.0,0.7947891404870506,,Loyal Customers
15905,0.0,0.0,544.0,0.0,1.0,0.09858268306771975,,Lost / Dormant
15906,7.0,431.0,451.0,348.07,0.9861315402240605,1.3138116664886637,1734.9168775470825,Champions
15907,2.0,207.0,211.0,357.71000000000004,0.9663738521836976,0.8348369255043361,1202.1777700516166,Loyal Customers
15908,1.0,22.0,513.0,305.28000000000003,0.4076854147879406,0.10556931425888826,145.89506496415405,Lost / Dormant
15909,0.0,0.0,174.0,0.0,1.0,0.24967759854129995,,Lost / Dormant
15910,14.0,687.0,688.0,184.10142857142858,0.9946455947426873,1.7390780617151465,1204.4339171798576,Champions
15911,6.0,107.0,731.0,236.43833333333336,0.0029113416391392415,0.0021895227783271564,1.9836275860934467,At-Risk (High Value)
15912,5.0,551.0,730.0,127.78200000000001,0.9424754648452979,0.6032781352236948,298.07354793585995,At-Risk (High Value)
15913,0.0,0.0,535.0,0.0,1.0,0.10005488415698227,,Lost / Dormant
15914,0.0,0.0,379.0,0.0,1.0,0.13500479733850457,,Lost / Dormant
15915,0.0,0.0,402.0,0.0,1.0,0.12839180398259112,,Lost / Dormant
15916,11.0,713.0,730.0,274.7590909090909,0.9914642903300707,1.306321539339528,1355.2149473611744,Champions
15917,3.0,490.0,738.0,151.32,0.9173774727190762,0.3762765765745806,226.0822766538967,At-Risk (High Value)
15918,2.0,441.0,632.0,167.115,0.9269352992508465,0.31850711331049775,218.33433627866586,At-Risk (High Value)
15919,1.0,349.0,369.0,369.17,0.9387659204555036,0.3233305280899925,537.1756119768761,Loyal Customers
15920,4.0,571.0,726.0,111.525,0.9531815153643359,0.5050418342364148,220.28572827577537,At-Risk (High Value)
15921,3.0,468.0,641.0,230.76,0.9388722763138763,0.4378387329969007,399.5556401876649,At-Risk (High Value)
15922,0.0,0.0,374.0,0.0,1.0,0.1365336178794066,,Lost / Dormant
15923,0.0,0.0,373.0,0.0,1.0,0.1368435487257945,,Lost / Dormant
15924,0.0,0.0,732.0,0.0,1.0,0.07540741651532151,,Lost / Dormant
15925,0.0,0.0,195.0,0.0,1.0,0.22968061905085402,,Lost / Dormant
15926,0.0,0.0,543.0,0.0,1.0,0.09874411736585002,,Lost / Dormant
15927,0.0,0.0,648.0,0.0,1.0,0.08425731075767427,,Lost / Dormant
15928,0.0,0.0,657.0,0.0,1.0,0.08321096061995487,,Lost / Dormant
15929,0.0,0.0,645.0,0.0,1.0,0.08461196788583425,,Lost / Dormant
15930,0.0,0.0,68.0,0.0,1.0,0.4458363739210862,,Lost / Dormant
15931,0.0,0.0,429.0,0.0,1.0,0.12141077157673207,,Lost / Dormant
15932,7.0,285.0,290.0,311.16285714285715,0.9885577046597641,1.9111699876735402,2245.0793750644652,Champions
15933,2.0,65.0,87.0,347.825,0.9514940653423465,1.4852673752332137,2056.4846790680854,Loyal Customers
15934,1.0,12.0,430.0,579.9,0.4204304816376216,0.12704052091205803,330.9535406889593,At-Risk (High Value)
15935,0.0,0.0,240.0,0.0,1.0,0.19604485765744561,,Lost / Dormant
15936,1.0,88.0,468.0,111.17,0.6715027679998055,0.18850180123239413,96.74844014006598,Lost / Dormant
15937,0.0,0.0,65.0,0.0,1.0,0.45599342242816304,,Lost / Dormant
15938,8.0,444.0,557.0,77.82125,0.9505152030722077,1.1883227593667844,352.0477084008443,At-Risk (High Value)
15939,14.0,285.0,375.0,436.735,0.8672186429824462,2.5901674356730267,4226.196552214218,Champions
15940,0.0,0.0,312.0,0.0,1.0,0.1588400158639287,,Lost / Dormant
15941,0.0,0.0,638.0,0.0,1.0,0.08545122999185162,,Lost / Dormant
15942,0.0,0.0,134.0,0.0,1.0,0.29933914441807924,,Lost / Dormant
15943,1.0,28.0,678.0,145.59,0.33607126212832206,0.06776017418030783,45.37437697376902,Lost / Dormant
15944,3.0,450.0,727.0,525.2800000000001,0.8986930638241737,0.37371828621704706,774.8843685817556,At-Risk (High Value)
15945,3.0,373.0,739.0,234.14666666666668,0.8222447579721537,0.33683809548849863,312.27313124220814,At-Risk (High Value)
15946,1.0,131.0,634.0,1149.1599999999999,0.6632485337508612,0.14211619988652477,734.4317381297712,At-Risk (High Value)
15947,0.0,0.0,83.0,0.0,1.0,0.40117565964486834,,Loyal Customers
15948,2.0,416.0,425.0,477.62,0.9660319471438916,0.4715468570867999,913.4495467825553,Loyal Customers
15949,1.0,55.0,72.0,127.68,0.9299237930075366,1.0055163455829152,576.3344168769164,Loyal Customers
15950,9.0,651.0,683.0,736.0055555555556,0.9877303757348929,1.1459201675270307,3191.815597105132,Champions
15951,2.0,373.0,382.0,354.11,0.9658729181829241,0.5166098056482705,742.0346768660927,Loyal Customers
15952,3.0,192.0,226.0,191.3066666666667,0.9646815540178089,1.0870700663742106,813.5134488280742,Loyal Customers
15953,17.0,721.0,737.0,193.96176470588236,0.9938090159621809,1.965428246883886,1431.3578034603904,Champions
15954,0.0,0.0,590.0,0.0,1.0,0.09168754070920555,,Lost / Dormant
15955,17.0,630.0,655.0,486.4164705882353,0.9919145038351,2.1844729868703836,3982.8887354256626,Champions
15956,1.0,175.0,727.0,291.2,0.6918907555694489,0.13089737175960225,173.26053796643387,Lost / Dormant
15957,1.0,389.0,421.0,428.89,0.9367210389721308,0.2882642412706614,556.5039053968845,Loyal Customers
15958,3.0,476.0,551.0,137.17999999999998,0.9640121321025268,0.5150164390696063,279.99300140980796,Loyal Customers
15959,0.0,0.0,683.0,0.0,1.0,0.0803291280425313,,Lost / Dormant
15960,3.0,61.0,436.0,83.35000000000001,0.20968470877003464,0.13762881275600958,45.61027311766725,Lost / Dormant
15961,0.0,0.0,380.0,0.0,1.0,0.13470313472888507,,Lost / Dormant
15962,0.0,0.0,450.0,0.0,1.0,0.11648483828097393,,Lost / Dormant
15963,1.0,26.0,46.0,190.72,0.9222322673579509,1.2278633022915362,1036.7992489277908,Loyal Customers
15964,0.0,0.0,664.0,0.0,1.0,0.08241493191532304,,Lost / Dormant
15965,10.0,719.0,737.0,284.35900000000004,0.990732065676808,1.1831009338589107,1272.4829086693826,Champions
15966,0.0,0.0,451.0,0.0,1.0,0.11626022505480266,,Lost / Dormant
15967,10.0,715.0,739.0,288.489,0.9899552105020041,1.1792400176893267,1286.7566240315884,Champions
15968,0.0,0.0,389.0,0.0,1.0,0.13204767032933687,,Lost / Dormant
15969,4.0,520.0,523.0,255.8225,0.9821874592166996,0.6994313328252308,694.398754160156,Loyal Customers
15970,1.0,295.0,599.0,314.1,0.8561746381208404,0.19309072755812023,274.9136833612385,At-Risk (High Value)
15971,16.0,714.0,732.0,299.275,0.9932668852861866,1.864776978381604,2095.910880417712,Champions
15972,3.0,144.0,601.0,357.74666666666667,0.37692281702783975,0.18629910856162143,262.9077784989789,At-Risk (High Value)
15973,1.0,62.0,429.0,615.64,0.6291173480641433,0.19048201904413292,526.6000982138196,Lost / Dormant
15974,6.0,249.0,289.0,445.48499999999996,0.9738390216005979,1.6417803779425233,2771.725310356171,At-Risk (High Value)
15975,0.0,0.0,85.0,0.0,1.0,0.3958899324141183,,Lost / Dormant
15976,5.0,386.0,552.0,306.43600000000004,0.9215879944760239,0.7595162363977406,894.6106889126357,At-Risk (High Value)
15977,1.0,22.0,40.0,699.1,0.923495930652287,1.2989517806733242,3960.156275927268,Loyal Customers
15978,2.0,567.0,645.0,1340.15,0.9563155967376114,0.3226048655298786,1756.781057282758,At-Risk (High Value)
15979,0.0,0.0,603.0,0.0,1.0,0.08991037865297224,,Lost / Dormant
15980,3.0,468.0,557.0,1472.0133333333333,0.9607392401326059,0.5083337392941129,2941.866806190891,At-Risk (High Value)
15981,20.0,596.0,621.0,449.0885,0.9920509030977483,2.6820309659765114,4505.612803107287,Champions
15982,0.0,0.0,606.0,0.0,1.0,0.08951000683859436,,Lost / Dormant
15983,7.0,711.0,734.0,524.2171428571429,0.9871784589054602,0.8505503997876032,1698.6308500993985,Champions
15984,24.0,736.0,739.0,351.6525,0.9966093921715171,2.7449870372584275,3611.2213763232403,Champions
15985,5.0,438.0,562.0,445.47200000000004,0.9522608127475688,0.7723193192187523,1321.6758471177375,At-Risk (High Value)
15986,1.0,351.0,382.0,168.12,0.9363449968411159,0.31316382973277046,239.84816338924423,Loyal Customers
15987,6.0,367.0,380.0,252.78333333333333,0.9855332681678916,1.323166577713818,1273.0201893478677,Champions
15988,2.0,637.0,657.0,249.39499999999998,0.9651846906690319,0.32020200738470767,326.50424225494453,Loyal Customers
15989,1.0,362.0,738.0,229.4,0.8521841342120318,0.15902102704615081,166.39838861201335,Lost / Dormant
15990,6.0,605.0,650.0,301.90833333333336,0.9817521052715985,0.8217432302965172,949.0979762075489,At-Risk (High Value)
15991,0.0,0.0,535.0,0.0,1.0,0.10005488415698227,,Lost / Dormant
15992,2.0,450.0,454.0,287.925,0.9669681054900606,0.44573810569832556,522.2283291369599,Loyal Customers
15993,4.0,36.0,45.0,375.8475,0.9741840247182405,3.6659138272386045,5189.809043388088,Champions
15994,2.0,581.0,636.0,399.01,0.9600298999166043,0.32800252288718634,533.4635837524448,Loyal Customers
15995,0.0,0.0,415.0,0.0,1.0,0.12493300714980636,,Lost / Dormant
15996,6.0,309.0,398.0,220.655,0.9521948324347979,1.228914023908858,1032.9734611110782,At-Risk (High Value)
15998,14.0,702.0,739.0,543.4307142857143,0.9895618224047719,1.6207146339871752,3312.143335472378,Champions
15999,0.0,0.0,736.0,0.0,1.0,0.07503214233082396,,Lost / Dormant
16000,0.0,0.0,3.0,0.0,1.0,0.863833894827357,,Champions
16001,0.0,0.0,382.0,0.0,1.0,0.13410383794351885,,Lost / Dormant
16002,0.0,0.0,626.0,0.0,1.0,0.08692937950979793,,Lost / Dormant
16003,7.0,707.0,737.0,746.5657142857143,0.9862820252409678,0.8466075780974875,2407.2582857397138,Champions
16004,3.0,209.0,684.0,563.8833333333333,0.5161042142349265,0.22690537202509714,504.69718482225943,At-Risk (High Value)
16005,8.0,438.0,451.0,271.275,0.9887446389504534,1.4890738598866093,1528.013866193224,Champions
16006,1.0,176.0,388.0,101.4,0.8520709055760198,0.28122195232286806,131.77091976778283,Lost / Dormant
16007,6.0,496.0,544.0,452.4266666666667,0.979585959545979,0.9621628530403646,1661.3785816304724,At-Risk (High Value)
16008,14.0,607.0,631.0,363.7628571428572,0.9912359719146042,1.8746439285439418,2561.5584556375675,Champions
16009,3.0,137.0,160.0,176.84,0.9666703017762622,1.406354983801729,968.979294878892,Loyal Customers
16010,9.0,166.0,412.0,179.14,0.09744756718651232,0.17701792579630696,119.6157032317739,At-Risk (High Value)
16011,28.0,730.0,739.0,203.0717857142857,0.9963347032918,3.1892001770216334,2420.9050783134203,Champions
16012,4.0,494.0,530.0,503.615,0.9768363685119541,0.687465477362575,1341.4162981244017,At-Risk (High Value)
16013,48.0,728.0,732.0,777.4145833333333,0.9980116971030593,5.470675575641794,15847.283843548754,Champions
16014,4.0,640.0,678.0,218.14000000000001,0.9778654870467136,0.5514961337585241,468.3330300459719,Loyal Customers
16015,2.0,46.0,50.0,202.16500000000002,0.9644925749063108,1.984241320757962,1593.5724631068651,Loyal Customers
16016,9.0,399.0,403.0,250.92000000000002,0.9912382778548104,1.835115302525235,1735.3481509225005,Champions
16017,4.0,656.0,704.0,241.995,0.9766225876881695,0.5322245475245267,501.35218639804594,At-Risk (High Value)
16018,3.0,693.0,733.0,167.45000000000002,0.9727844200223118,0.40149571850952653,266.72603385754496,Loyal Customers
16019,22.0,679.0,726.0,755.2281818181818,0.9865967024115136,2.538034086658033,7173.022544285058,Champions
16020,1.0,49.0,66.0,332.21,0.9291980993863469,1.050237609237852,1537.661306472302,Loyal Customers
16021,1.0,149.0,545.0,380.86,0.741407612118603,0.1819528598795456,313.16914147469896,Lost / Dormant
16022,0.0,0.0,261.0,0.0,1.0,0.18350667667535667,,Lost / Dormant
16023,2.0,220.0,267.0,270.985,0.9520388555601812,0.6845223487925369,750.2740572107484,Loyal Customers
16024,1.0,399.0,412.0,245.96,0.9406218205579145,0.29490061669766066,328.4825761738208,Loyal Customers
16025,0.0,0.0,30.0,0.0,1.0,0.621354670464213,,Loyal Customers
16026,0.0,0.0,44.0,0.0,1.0,0.5425848245350299,,Loyal Customers
16027,14.0,609.0,701.0,138.12571428571428,0.9665534370293146,1.6613553305070485,863.814889648814,At-Risk (High Value)
16028,0.0,0.0,596.0,0.0,1.0,0.09085865886750437,,Lost / Dormant
16029,69.0,693.0,732.0,1057.243043478261,0.965251744546631,7.574141527763389,29804.085015996905,Champions
16030,0.0,0.0,310.0,0.0,1.0,0.15968165957077254,,Lost / Dormant
16031,1.0,155.0,248.0,243.31,0.9017926948013816,0.4298560386740041,470.6802140536412,Loyal Customers
16032,5.0,67.0,524.0,311.252,0.013717870125394716,0.011840996082960619,14.158433346713347,At-Risk (High Value)
16033,24.0,480.0,486.0,437.74333333333334,0.9959501152120903,3.9982745651959775,6521.904530911938,Champions
16034,5.0,213.0,410.0,140.73,0.7680977911749546,0.8214565495446263,444.2167337326559,At-Risk (High Value)
16035,0.0,0.0,561.0,0.0,1.0,0.09591689979656949,,Lost / Dormant
16036,3.0,533.0,621.0,569.3866666666667,0.9630518454371828,0.46216719082949215,1037.0631429864643,At-Risk (High Value)
16037,4.0,379.0,649.0,288.905,0.8594150104019069,0.5043201122441721,566.3917142744767,At-Risk (High Value)
16038,2.0,194.0,202.0,77.41499999999999,0.9649668713184031,0.8615266106103568,273.3303392592528,Loyal Customers
16039,1.0,205.0,629.0,312.91999999999996,0.7733976003265202,0.16690802339011784,236.86967250498566,Lost / Dormant
16040,6.0,544.0,610.0,340.325,0.9766156593324042,0.8657367334607956,1126.2255306739212,At-Risk (High Value)
16041,1.0,111.0,142.0,305.28000000000003,0.9266416791859899,0.6658037922446512,905.0995528247668,Loyal Customers
16042,5.0,431.0,454.0,324.194,0.9817933346682816,0.9613210343013032,1195.354008032174,Champions
16043,7.0,444.0,482.0,190.3057142857143,0.9822696247579941,1.2347683088898214,893.2357677152983,At-Risk (High Value)
16044,0.0,0.0,436.0,0.0,1.0,0.11972312675328242,,Lost / Dormant
16045,6.0,379.0,499.0,411.0183333333334,0.9437524101003546,1.0006619635389933,1568.5598570115703,At-Risk (High Value)
16046,0.0,0.0,563.0,0.0,1.0,0.09561272928497151,,Lost / Dormant
16048,2.0,176.0,550.0,437.115,0.7084387726589538,0.2757690698921299,490.44015604903024,At-Risk (High Value)
16049,5.0,476.0,517.0,334.008,0.9787541684528468,0.8549670708629438,1096.709539425202,At-Risk (High Value)
16050,2.0,228.0,402.0,105.05000000000001,0.8955377981724099,0.45856861612086797,197.9233761208088,Lost / Dormant
16051,0.0,0.0,682.0,0.0,1.0,0.08043627100629441,,Lost / Dormant
16052,0.0,0.0,55.0,0.0,1.0,0.4934822669695414,,Loyal Customers
16053,4.0,578.0,611.0,750.5450000000001,0.9781113801403979,0.6061369065526533,1764.0294659516865,At-Risk (High Value)
16054,3.0,472.0,618.0,553.1333333333333,0.9468983727291939,0.4564048197895155,994.9159630678704,At-Risk (High Value)
16055,0.0,0.0,221.0,0.0,1.0,0.2089643534918262,,Lost / Dormant
16056,0.0,0.0,46.0,0.0,1.0,0.5329400204051814,,Loyal Customers
16057,6.0,685.0,702.0,569.2616666666667,0.9862095792631287,0.7696618730859296,1675.6876065485417,Champions
16058,0.0,0.0,407.0,0.0,1.0,0.12703906108252877,,Lost / Dormant
16059,11.0,504.0,570.0,272.80636363636364,0.976438026329069,1.6096582836429,1654.3713016860172,Champions
16060,2.0,94.0,495.0,98.175,0.5052763901688321,0.21592749181699838,87.40605043174438,Lost / Dormant
16061,0.0,0.0,432.0,0.0,1.0,0.12068170169840425,,Lost / Dormant
16062,6.0,527.0,537.0,386.68833333333333,0.9867141192229174,0.980395594483037,1447.0340804649354,Champions
16063,0.0,0.0,261.0,0.0,1.0,0.18350667667535667,,Lost / Dormant
16064,0.0,0.0,726.0,0.0,1.0,0.0759774208574309,,Lost / Dormant
16065,5.0,98.0,464.0,389.52799999999996,0.07879716227806402,0.07570112859447964,113.08363607276308,At-Risk (High Value)
16066,4.0,108.0,125.0,301.3725,0.9732255474680525,2.1311647743614865,2447.844216917358,Loyal Customers
16067,2.0,113.0,676.0,712.265,0.3954281543071011,0.12783061627774303,370.584850994605,At-Risk (High Value)
16068,0.0,0.0,594.0,0.0,1.0,0.0911332821564542,,Lost / Dormant
16069,0.0,0.0,418.0,0.0,1.0,0.12416113650495203,,Lost / Dormant
16070,1.0,10.0,33.0,165.3,0.9133954154886218,1.3753689021020497,1006.7872999503345,Loyal Customers
16071,3.0,611.0,656.0,270.8333333333333,0.9714870258371386,0.44365142584019795,474.89593952598545,Loyal Customers
16072,2.0,261.0,550.0,1234.625,0.84526621227288,0.3290309426386386,1648.2904271922253,At-Risk (High Value)
16073,0.0,0.0,298.0,0.0,1.0,0.16492512159667808,,Lost / Dormant
16074,0.0,0.0,391.0,0.0,1.0,0.13147173035578513,,Lost / Dormant
16075,1.0,62.0,565.0,267.23,0.5303102390573242,0.1260299699604889,152.87974963579012,Lost / Dormant
16076,8.0,205.0,209.0,241.16,0.9897409000249746,2.7983486016049266,2529.9140301353646,Champions
16077,0.0,0.0,626.0,0.0,1.0,0.08692937950979793,,Lost / Dormant
16078,1.0,386.0,670.0,79.2,0.8798948268078423,0.17933299484125131,66.67499223321433,Lost / Dormant
16079,2.0,24.0,41.0,370.53000000000003,0.9490603685237736,2.116364822052555,3096.97208759225,Loyal Customers
16080,3.0,369.0,451.0,98.63666666666666,0.958058076875718,0.6106249292020954,239.02378094668154,At-Risk (High Value)
16081,7.0,618.0,675.0,622.0428571428572,0.981150829255195,0.912568076896842,2160.6765706436827,At-Risk (High Value)
16082,0.0,0.0,671.0,0.0,1.0,0.08163399238844792,,Lost / Dormant
16083,3.0,288.0,389.0,547.1066666666667,0.9447527953416145,0.6840050873501998,1467.6448443211343,At-Risk (High Value)
16084,0.0,0.0,300.0,0.0,1.0,0.16402740992348366,,Lost / Dormant
16085,11.0,665.0,689.0,188.32454545454547,0.990334234954049,1.375593351773674,978.2104081670677,Champions
16086,9.0,678.0,738.0,286.71555555555557,0.9830375444549477,1.0625607637186782,1154.7146754642313,At-Risk (High Value)
16087,4.0,300.0,690.0,328.23,0.6528319848106021,0.3623485337319332,462.4182193161772,At-Risk (High Value)
16088,1.0,16.0,592.0,619.5600000000001,0.3298198206155568,0.07517304350022438,209.87598084558581,At-Risk (High Value)
16089,1.0,123.0,510.0,116.78999999999999,0.717996191772392,0.18688980803875557,100.71030833099368,Lost / Dormant
16090,0.0,0.0,625.0,0.0,1.0,0.08705487086758801,,Lost / Dormant
16091,1.0,44.0,199.0,157.81,0.7892815973263266,0.44552944910050035,318.0329989885823,Lost / Dormant
16092,4.0,465.0,580.0,278.63,0.9575005169176702,0.621789542104133,672.8467816221785,At-Risk (High Value)
16093,0.0,0.0,107.0,0.0,1.0,0.34579447006692915,,Lost / Dormant
16094,9.0,591.0,603.0,373.4733333333333,0.9903983288106154,1.2862037122062093,1816.8439300017803,Champions
16095,0.0,0.0,457.0,0.0,1.0,0.11493053557613965,,Lost / Dormant
16096,3.0,381.0,646.0,336.0233333333333,0.8859599680359582,0.4102666768055633,544.3102466859408,At-Risk (High Value)
16097,0.0,0.0,241.0,0.0,1.0,0.19540903706056262,,Lost / Dormant
16098,13.0,637.0,725.0,320.7361538461538,0.9721908467832686,1.5099439340088914,1823.41801680993,Champions
16099,6.0,596.0,647.0,239.45000000000002,0.9806023069062746,0.8242291018905822,755.3965533261996,At-Risk (High Value)
16100,0.0,0.0,463.0,0.0,1.0,0.11363092972781798,,Lost / Dormant
16101,3.0,491.0,562.0,801.8833333333333,0.9652239537699655,0.5066478650528591,1598.5343641928857,At-Risk (High Value)
16102,2.0,86.0,129.0,501.19000000000005,0.9384047046041919,1.1502497929667528,2302.3521063367443,Loyal Customers
16103,20.0,693.0,701.0,299.563,0.9954045449708424,2.410772125114045,2704.9226754196247,Champions
16104,7.0,672.0,734.0,298.38714285714286,0.9810642798213381,0.8452824389468258,961.6130415915894,At-Risk (High Value)
16105,4.0,356.0,605.0,447.66,0.8651685861233057,0.5409322934717897,939.658534035215,At-Risk (High Value)
16106,0.0,0.0,66.0,0.0,1.0,0.4525565249597049,,Lost / Dormant
16107,6.0,166.0,184.0,445.21000000000004,0.9804805642935895,2.345124791713103,3934.047787738196,Champions
16108,3.0,547.0,632.0,636.2433333333333,0.9639873470243369,0.45533781153319297,1141.6403814656887,At-Risk (High Value)
16109,2.0,480.0,699.0,305.94,0.9237039780592065,0.28964415253530496,362.022635688536,At-Risk (High Value)
16110,3.0,477.0,523.0,445.82666666666665,0.9696986241420521,0.5426346624321589,952.3425262440636,At-Risk (High Value)
16111,0.0,0.0,429.0,0.0,1.0,0.12141077157673207,,Lost / Dormant
16112,3.0,195.0,339.0,41.24666666666667,0.8948998298014591,0.7277012099907351,120.76267829413496,Lost / Dormant
16113,0.0,0.0,184.0,0.0,1.0,0.2397376689201253,,Lost / Dormant
16114,0.0,0.0,171.0,0.0,1.0,0.2528225784513341,,Lost / Dormant
16115,11.0,565.0,575.0,216.46454545454543,0.9920249756357462,1.622616876695725,1323.801339684479,Champions
16116,0.0,0.0,212.0,0.0,1.0,0.2156983255512196,,Lost / Dormant
16117,2.0,402.0,592.0,260.45,0.9230077374119924,0.3364015569575395,357.75649944520336,At-Risk (High Value)
16118,0.0,0.0,653.0,0.0,1.0,0.08367277816898502,,At-Risk (High Value)
16119,7.0,715.0,724.0,207.18428571428575,0.9887932510321158,0.8627109324972867,681.9108312861972,Champions
16120,1.0,363.0,423.0,1309.14,0.9301626250205058,0.28507822604502486,1670.3338552701653,At-Risk (High Value)
16121,3.0,508.0,566.0,440.47333333333336,0.9680409290680663,0.504916311914225,876.2351081756988,At-Risk (High Value)
16122,5.0,352.0,426.0,177.408,0.9649903318186529,0.9985322308585615,680.2586069050361,At-Risk (High Value)
16123,0.0,0.0,52.0,0.0,1.0,0.505966525894642,,Loyal Customers
16124,3.0,415.0,733.0,436.49666666666667,0.8694507972436872,0.3588470018259835,618.6282324116746,At-Risk (High Value)
16125,13.0,358.0,726.0,299.84153846153845,0.03219317958342653,0.04993731469361676,56.3801620879934,At-Risk (High Value)
16126,14.0,708.0,738.0,1033.7642857142857,0.990847816189634,1.6248366877489944,6315.164873490899,Champions
16127,1.0,687.0,727.0,656.25,0.9383233912686958,0.17751944911670475,525.8400912479538,Loyal Customers
16128,9.0,494.0,512.0,386.28555555555556,0.9890635920039066,1.4863463553685141,2168.056781414578,Champions
16129,2.0,100.0,508.0,474.555,0.5148306525959454,0.21503786626031457,414.7077887209887,At-Risk (High Value)
16130,3.0,195.0,618.0,259.8433333333333,0.552359072616708,0.26623695874576303,273.3219287766821,At-Risk (High Value)
16131,7.0,686.0,738.0,1234.207142857143,0.9829397299287644,0.8426906051413936,3960.1565985665225,Champions
16132,1.0,83.0,628.0,310.79999999999995,0.5547155970016161,0.11988611031293465,168.9960443174794,Lost / Dormant
16133,49.0,615.0,619.0,454.0267346938776,0.9979592925697419,6.50244409901545,10984.663964629315,Champions
16134,4.0,519.0,541.0,309.6675,0.9793822573321044,0.6767888179133897,813.1128937489797,Loyal Customers
16135,1.0,321.0,584.0,517.55,0.8742368498140045,0.2017047064014268,470.90410389919344,Lost / Dormant
16136,3.0,604.0,664.0,236.46,0.9692201485069217,0.4377734531242919,409.44527839794137,At-Risk (High Value)
16137,0.0,0.0,681.0,0.0,1.0,0.0805437002265406,,Lost / Dormant
16138,2.0,212.0,591.0,197.07000000000002,0.7481238660409147,0.2730772120436164,220.2353325720938,At-Risk (High Value)
16139,4.0,718.0,737.0,188.89000000000001,0.9805768493425931,0.5124502521484307,377.3456626682726,Loyal Customers
16140,2.0,376.0,442.0,424.65999999999997,0.9536489829289809,0.4499593033778942,775.6987798325077,At-Risk (High Value)
16141,1.0,329.0,418.0,620.4,0.9218522278951577,0.28544241206269505,794.9469114998215,Loyal Customers
16142,0.0,0.0,250.0,0.0,1.0,0.1898671486370712,,Lost / Dormant
16143,11.0,726.0,730.0,419.1345454545454,0.9929567056718803,1.3082878979120571,2069.5695193697834,Champions
16144,0.0,0.0,247.0,0.0,1.0,0.19167915074438693,,Lost / Dormant
16145,18.0,576.0,585.0,330.6716666666667,0.9946783399914023,2.563038421803801,3172.328323816017,Champions
16146,3.0,291.0,449.0,244.71,0.9178564775775747,0.5872692651781235,566.090143098949,At-Risk (High Value)
16147,4.0,539.0,673.0,431.0675,0.9567427933297942,0.5432285010971224,909.6409049968024,At-Risk (High Value)
16148,1.0,140.0,437.0,76.32000000000001,0.7870583674300731,0.23452225239685925,83.78337273232948,Lost / Dormant
16149,2.0,425.0,430.0,140.26,0.9667608988881933,0.4671564215479482,268.249739285441,Loyal Customers
16150,9.0,680.0,723.0,449.71,0.9861879169379825,1.0862041819838322,1850.1771701011444,Champions
16152,0.0,0.0,269.0,0.0,1.0,0.1791423979784229,,At-Risk (High Value)
16153,10.0,513.0,563.0,373.75100000000003,0.9824919956005628,1.497290052954217,2110.8802486123363,Champions
16155,3.0,158.0,540.0,189.4333333333333,0.5224569164492837,0.28417584546121244,212.7759218594441,At-Risk (High Value)
16156,17.0,729.0,738.0,348.1223529411765,0.9947046148713029,1.9647557926569703,2566.875706559005,Champions
16157,2.0,57.0,73.0,244.185,0.955438002700453,1.641156601853417,1595.6354659252502,Loyal Customers
16158,7.0,212.0,735.0,68.81428571428572,0.026895609040811983,0.023144295992676967,6.107987277309163,At-Risk (High Value)
16159,3.0,455.0,737.0,305.08,0.8977260421360556,0.3686741007960651,444.77736144779965,At-Risk (High Value)
16160,1.0,20.0,86.0,223.49999999999997,0.862804150683298,0.847311379955139,841.589795574663,Loyal Customers
16161,41.0,668.0,670.0,307.6585365853659,0.9979609982593148,5.077612231894548,5821.216702775931,Champions
16162,0.0,0.0,253.0,0.0,1.0,0.18808911612199913,,Lost / Dormant
16163,5.0,505.0,738.0,388.776,0.9087513867578474,0.575911512885628,862.4846092477263,At-Risk (High Value)
16164,2.0,25.0,43.0,288.56,0.9480731012903162,2.0754448097494884,2369.4987817609763,Loyal Customers
16165,0.0,0.0,506.0,0.0,1.0,0.10511298141965515,,Lost / Dormant
16166,1.0,263.0,692.0,195.99,0.8035370162792215,0.15902587278863575,142.4676363382878,Lost / Dormant
16167,3.0,324.0,739.0,300.11,0.7493100419088846,0.30695989849721067,364.3238000290505,At-Risk (High Value)
16168,55.0,726.0,737.0,189.9512727272727,0.997068243875215,6.212723523348819,4396.657757447314,Champions
16169,3.0,67.0,76.0,411.83666666666664,0.9712847184622204,2.2458456932389845,3556.6489175374127,Loyal Customers
16170,19.0,609.0,660.0,344.69052631578944,0.9838182554455623,2.395305279604409,3092.0656522032664,Champions
16171,0.0,0.0,60.0,0.0,1.0,0.4739949674675321,,Lost / Dormant
16172,6.0,418.0,514.0,312.26666666666665,0.9611223592001185,0.9927700729002892,1183.2156915834198,At-Risk (High Value)
16173,5.0,83.0,99.0,197.788,0.97488016590193,2.999545341780867,2236.2272046051403,Loyal Customers
16174,6.0,477.0,604.0,340.4916666666667,0.9531420065925594,0.8524826506485286,1109.422573427667,At-Risk (High Value)
16175,6.0,469.0,564.0,257.79833333333335,0.9652842630404939,0.9180663374995726,904.535591311006,At-Risk (High Value)
16176,3.0,199.0,621.0,441.4333333333334,0.5622710581983721,0.26983306940687196,469.7111223398641,At-Risk (High Value)
16177,6.0,597.0,648.0,317.59666666666664,0.9806160789322976,0.8230880220400177,999.9221567815314,At-Risk (High Value)
16178,1.0,263.0,402.0,197.9,0.9017619619083129,0.2887423856102689,259.6332987207103,Lost / Dormant
16179,0.0,0.0,61.0,0.0,1.0,0.47028142245978793,,Lost / Dormant
16180,10.0,434.0,535.0,1423.2350000000001,0.9499499448087033,1.5150325367557673,8123.463125883351,Champions
16181,0.0,0.0,74.0,0.0,1.0,0.4268259811748619,,Lost / Dormant
16182,8.0,568.0,641.0,1083.94625,0.9770079094565706,1.0765329163035688,4423.759168188951,Champions
16183,3.0,340.0,408.0,207.90333333333334,0.9606153910001041,0.6676725180050281,546.6904992472422,At-Risk (High Value)
16184,5.0,147.0,212.0,202.114,0.9382722490656407,1.715932775310169,1319.8722502124342,At-Risk (High Value)
16185,2.0,548.0,565.0,264.705,0.9652502575122992,0.3668214670469544,396.25068588995055,Loyal Customers
16186,22.0,708.0,731.0,392.5804545454546,0.9934643375279945,2.539688189150952,3732.069044902523,Champions
16187,10.0,253.0,285.0,623.554,0.979919254353349,2.6731405436592492,6237.80805279109,Champions
16188,4.0,364.0,409.0,245.465,0.9725278402830008,0.8584009919414295,815.6867948407199,At-Risk (High Value)
16189,1.0,70.0,86.0,71.0,0.9321525372103905,0.9154145260044462,298.93328287457035,Loyal Customers
16190,7.0,685.0,726.0,360.94714285714286,0.9846204952176361,0.8569038555779396,1178.7474159063443,At-Risk (High Value)
16191,16.0,726.0,729.0,957.3937500000001,0.9950928696155642,1.8752458694954284,6738.74542802311,Champions
16192,0.0,0.0,736.0,0.0,1.0,0.07503214233082396,,Lost / Dormant
16193,1.0,174.0,411.0,314.45,0.8394332295603694,0.2637266022447603,374.33662227018664,Lost / Dormant
16194,0.0,0.0,376.0,0.0,1.0,0.13591795113721514,,Lost / Dormant
16195,0.0,0.0,724.0,0.0,1.0,0.07616934246711214,,Lost / Dormant
16196,0.0,0.0,489.0,0.0,1.0,0.10832318747902472,,Lost / Dormant
16197,8.0,254.0,724.0,237.42624999999998,0.040173797306357326,0.03962167200657168,35.755387855554915,At-Risk (High Value)
16198,1.0,362.0,438.0,400.68,0.9265310632283933,0.2755349617626277,497.471132291043,Loyal Customers
16199,6.0,239.0,632.0,131.005,0.24419471393405592,0.20965794560787437,105.3270433277277,At-Risk (High Value)
16200,8.0,733.0,738.0,574.9549999999999,0.9904640890911387,0.9598646023090798,2095.552313706187,Champions
16201,4.0,412.0,416.0,465.86749999999995,0.9819202839082414,0.8541307588924774,1537.9486400235724,Loyal Customers
16202,6.0,377.0,738.0,365.84,0.605661540034561,0.45153748574315133,632.4314499395315,At-Risk (High Value)
16203,5.0,446.0,505.0,166.482,0.9740244166868248,0.8686838684969177,556.511419907336,At-Risk (High Value)
16204,2.0,708.0,732.0,365.485,0.9649611821471686,0.29008826193509774,432.90143229304607,Loyal Customers
16205,6.0,512.0,543.0,267.31666666666666,0.9832070355802768,0.9673025733171251,987.781925989899,At-Risk (High Value)
16206,11.0,630.0,685.0,204.4909090909091,0.9839722518404507,1.3740260668026045,1060.7697884119045,Champions
16207,0.0,0.0,26.0,0.0,1.0,0.6482687534940593,,Loyal Customers
16208,9.0,609.0,654.0,346.32222222222225,0.9850165426096307,1.188733221330167,1558.3781256242494,Champions
16209,8.0,458.0,547.0,304.26,0.9655082177448493,1.226725526455749,1414.4000995208141,At-Risk (High Value)
16210,29.0,736.0,738.0,674.9358620689655,0.9972381497546603,3.307539010589049,8339.050997005403,Champions
16211,2.0,350.0,439.0,423.51,0.9467089931503209,0.44933240663822105,772.4703161670342,At-Risk (High Value)
16212,3.0,651.0,671.0,344.2366666666667,0.9750136964124984,0.4362141568978721,593.0371028411262,Loyal Customers
16213,0.0,0.0,79.0,0.0,1.0,0.41218353577027816,,Lost / Dormant
16214,3.0,265.0,436.0,354.25,0.9027798938428321,0.5925492883978069,825.3091457287188,At-Risk (High Value)
16215,0.0,0.0,81.0,0.0,1.0,0.4066048812674311,,Lost / Dormant
16216,0.0,0.0,268.0,0.0,1.0,0.17967653664212788,,Lost / Dormant
16217,1.0,47.0,283.0,121.25000000000001,0.7116092548435436,0.3052890567955153,169.39009252918504,Lost / Dormant
16218,11.0,532.0,562.0,393.3427272727273,0.9882753155039414,1.6498931013556186,2443.7065579520513,Champions
16219,0.0,0.0,501.0,0.0,1.0,0.10603722770211033,,Lost / Dormant
16221,8.0,450.0,487.0,242.4025,0.9836082116654821,1.3850727091834918,1271.3034971496827,Champions
16222,1.0,403.0,722.0,846.72,0.8742470201257638,0.166444571372481,635.2910549932958,At-Risk (High Value)
16223,1.0,21.0,396.0,505.56,0.49637953224503534,0.1609983874910233,365.6340307922136,At-Risk (High Value)
16224,4.0,330.0,388.0,323.82500000000005,0.9674585483986754,0.8933385985621679,1118.1899607662115,At-Risk (High Value)
16225,12.0,626.0,671.0,223.8175,0.9865074398488372,1.5239918479427312,1285.4698465042334,Champions
16226,4.0,210.0,414.0,85.83,0.8074500157537474,0.7052868483613166,236.00814858695378,At-Risk (High Value)
16227,2.0,310.0,536.0,353.51,0.8942342588500223,0.3561714327600886,512.6517244516627,At-Risk (High Value)
16228,1.0,15.0,401.0,437.37,0.46130283244663384,0.1480237049201084,291.19851007966054,At-Risk (High Value)
16229,5.0,477.0,565.0,489.5,0.967402107264734,0.780875515991227,1468.250163781506,At-Risk (High Value)
16230,1.0,31.0,221.0,266.1,0.725460161233941,0.37822002117189507,451.651113296653,Lost / Dormant
16231,3.0,218.0,598.0,262.2233333333333,0.652933575302219,0.32417663090634236,335.73126973529446,At-Risk (High Value)
16232,5.0,507.0,551.0,406.844,0.9786299622361992,0.8078316504269136,1262.5255563000528,At-Risk (High Value)
16233,8.0,666.0,738.0,208.92625,0.9797983833482257,0.9495284038400762,754.3383910624918,At-Risk (High Value)
16234,2.0,85.0,562.0,120.91,0.39220244503066337,0.1497582825130248,74.49884289528231,Lost / Dormant
16235,7.0,430.0,471.0,195.46428571428572,0.981225717019985,1.2586760472046552,934.9180992831788,At-Risk (High Value)
16236,0.0,0.0,79.0,0.0,1.0,0.41218353577027816,,Lost / Dormant
16237,0.0,0.0,438.0,0.0,1.0,0.11924952958999675,,Lost / Dormant
16238,0.0,0.0,423.0,0.0,1.0,0.12289567364138206,,Lost / Dormant
16239,5.0,407.0,464.0,245.92,0.9733307533660553,0.9350874371022567,882.8460486320646,At-Risk (High Value)
16240,1.0,53.0,78.0,1894.01,0.9230805086660436,0.9566754670194483,7927.822634718999,Loyal Customers
16241,14.0,401.0,411.0,281.62142857142857,0.9928375966501453,2.7419710232659407,2888.817799969357,Champions
16242,12.0,626.0,635.0,578.91,0.9928146380083104,1.6123864250936861,3513.060615192997,Champions
16243,1.0,21.0,55.0,194.15,0.90428951904131,1.1146801796282466,959.4429145883396,Loyal Customers
16244,1.0,161.0,373.0,466.12,0.8454624592294071,0.2885489061618147,604.1172685130871,At-Risk (High Value)
16245,2.0,233.0,257.0,479.84000000000003,0.960447490145995,0.7118848682837854,1376.8816360240808,Loyal Customers
16246,1.0,210.0,670.0,660.35,0.7617594138224362,0.15525559745008838,462.39361329348026,Lost / Dormant
16247,0.0,0.0,171.0,0.0,1.0,0.2528225784513341,,Lost / Dormant
16248,0.0,0.0,62.0,0.0,1.0,0.46662582435527233,,Lost / Dormant
16249,4.0,187.0,240.0,246.31,0.9584531125419319,1.3118100434338114,1242.7387766014865,At-Risk (High Value)
16250,2.0,125.0,387.0,307.78999999999996,0.7452583421679353,0.3942221498995525,492.6343282316599,At-Risk (High Value)
16251,0.0,0.0,513.0,0.0,1.0,0.10384578722244309,,Lost / Dormant
16252,0.0,0.0,383.0,0.0,1.0,0.13380618586701648,,Lost / Dormant
16253,6.0,665.0,732.0,1155.17,0.9788140584231538,0.7352121552260062,3247.5644596718644,At-Risk (High Value)
16254,2.0,254.0,633.0,403.85,0.7860221564249901,0.2697018055814443,443.9194034576756,At-Risk (High Value)
16255,14.0,668.0,685.0,329.2264285714286,0.9926603692065913,1.7425307970707533,2156.707316759859,Champions
16256,2.0,331.0,598.0,529.7650000000001,0.8826771194157128,0.3188009762284359,687.2152019328437,At-Risk (High Value)
16257,0.0,0.0,177.0,0.0,1.0,0.24661001237133195,,Lost / Dormant
16258,12.0,594.0,640.0,915.9775,0.985745522399097,1.5895841820499148,5479.230049251595,Champions
16259,1.0,195.0,606.0,202.12,0.7721808127754728,0.1723374621127568,158.92669944111674,Lost / Dormant
16260,0.0,0.0,51.0,0.0,1.0,0.5102700998122855,,Loyal Customers
16261,5.0,425.0,443.0,181.552,0.982709710684958,0.982971758411355,685.5288022302419,Loyal Customers
16262,0.0,0.0,379.0,0.0,1.0,0.13500479733850457,,Lost / Dormant
16263,0.0,0.0,424.0,0.0,1.0,0.12264567161102308,,Lost / Dormant
16264,1.0,8.0,447.0,280.05,0.38507144130883963,0.11250980258071493,142.57002697968457,Lost / Dormant
16265,10.0,398.0,408.0,674.757,0.9908596188432919,2.0028395919016244,5078.427998166376,Champions
16266,11.0,600.0,674.0,145.98,0.9775582097549012,1.3853327178531174,763.8774696029091,At-Risk (High Value)
16267,0.0,0.0,592.0,0.0,1.0,0.09140957103614991,,Lost / Dormant
16268,0.0,0.0,72.0,0.0,1.0,0.43297944281078143,,Loyal Customers
16269,0.0,0.0,438.0,0.0,1.0,0.11924952958999675,,Lost / Dormant
16270,0.0,0.0,354.0,0.0,1.0,0.14301179642953,,Lost / Dormant
16271,9.0,640.0,643.0,309.3311111111111,0.9915963505105635,1.2152128189369737,1422.9161380014516,Champions
16272,0.0,0.0,117.0,0.0,1.0,0.32699537917183424,,Lost / Dormant
16273,1.0,8.0,657.0,76.5,0.26052055627107745,0.05405006782694552,19.437311472014727,Lost / Dormant
16274,0.0,0.0,374.0,0.0,1.0,0.1365336178794066,,Lost / Dormant
16275,2.0,445.0,642.0,727.635,0.9257736582800665,0.3136227908226185,928.3217335877853,At-Risk (High Value)
16276,2.0,431.0,608.0,662.655,0.9296182169014907,0.33078248068486227,891.4306041520753,At-Risk (High Value)
16277,0.0,0.0,734.0,0.0,1.0,0.07521931127210389,,Lost / Dormant
16278,2.0,399.0,500.0,428.77,0.9463582957669625,0.4008565587350899,698.6514503999899,At-Risk (High Value)
16279,8.0,575.0,597.0,652.5325,0.9879167301819316,1.1606817423885705,2870.1774177203497,Champions
16280,0.0,0.0,726.0,0.0,1.0,0.0759774208574309,,Lost / Dormant
16281,2.0,610.0,683.0,1321.25,0.9578207728606389,0.3067471354084892,1647.7812174634505,At-Risk (High Value)
16282,2.0,379.0,719.0,518.79,0.8671556289779234,0.2649958777216782,560.4082584114989,At-Risk (High Value)
16283,7.0,644.0,650.0,504.14285714285717,0.9890494360014263,0.9519866508230601,1826.5360551744861,Champions
16284,2.0,362.0,394.0,411.985,0.9609812135975934,0.5006168725885233,836.2789405710212,Loyal Customers
16285,0.0,0.0,647.0,0.0,1.0,0.08437519891330678,,Lost / Dormant
16286,1.0,146.0,624.0,56.0,0.6954675832853345,0.15117528325016652,40.44777200487739,Lost / Dormant
16287,4.0,520.0,690.0,195.09000000000003,0.9448135649533742,0.5244102891346812,398.53615264312737,At-Risk (High Value)
16288,0.0,0.0,471.0,0.0,1.0,0.11194317970412548,,Lost / Dormant
16289,0.0,0.0,463.0,0.0,1.0,0.11363092972781798,,Lost / Dormant
16290,3.0,101.0,566.0,370.6233333333334,0.23957495322445502,0.1249588712386037,182.5617337721086,At-Risk (High Value)
16292,4.0,483.0,605.0,235.375,0.956612977304033,0.5981063807420739,547.297955762651,At-Risk (High Value)
16293,9.0,707.0,729.0,481.3677777777778,0.9894356030678629,1.0815674652783627,1971.987732237903,Champions
16294,0.0,0.0,477.0,0.0,1.0,0.11070991860969816,,Lost / Dormant
16295,3.0,55.0,65.0,324.21666666666664,0.9697868461942849,2.430170677167765,3027.088164464093,Loyal Customers
16296,3.0,95.0,722.0,312.5566666666667,0.10877342786751514,0.04551961403725911,56.24630294877037,At-Risk (High Value)
16297,0.0,0.0,269.0,0.0,1.0,0.1791423979784229,,Lost / Dormant
16298,6.0,420.0,443.0,150.35,0.9838545751578559,1.157728157118814,664.7253575862806,Loyal Customers
16299,0.0,0.0,478.0,0.0,1.0,0.11050701308396829,,Lost / Dormant
16300,2.0,245.0,676.0,486.08500000000004,0.7435512163137084,0.24036884875331668,476.1286347453187,At-Risk (High Value)
16301,0.0,0.0,737.0,0.0,1.0,0.07493890679114275,,Lost / Dormant
16302,0.0,0.0,127.0,0.0,1.0,0.3101387993414599,,Lost / Dormant
16303,6.0,606.0,632.0,1218.3183333333334,0.9847170122176989,0.8454472353666059,3933.416175991724,Champions
16304,0.0,0.0,695.0,0.0,1.0,0.07906533049063451,,Lost / Dormant
16305,0.0,0.0,139.0,0.0,1.0,0.29207525177806104,,Lost / Dormant
16306,6.0,221.0,435.0,116.72833333333334,0.6640968066622925,0.7939146464542702,354.247375374647,At-Risk (High Value)
16307,2.0,148.0,578.0,379.53499999999997,0.6075853273653792,0.22624680359774343,349.7637138001884,At-Risk (High Value)
16308,6.0,687.0,725.0,305.28000000000003,0.9835412942973715,0.745291503218386,871.2287297762362,Champions
16309,1.0,134.0,241.0,372.37,0.8896043569255007,0.4336822390600492,722.7107375393334,Lost / Dormant
16310,1.0,228.0,643.0,269.7,0.7910562959420091,0.16735447189354466,205.12718096244262,Lost / Dormant
16311,1.0,32.0,50.0,214.71,0.9256235000533102,1.1900036091581938,1129.683673918498,Loyal Customers
16312,0.0,0.0,433.0,0.0,1.0,0.12044062116391707,,Lost / Dormant
16313,1.0,46.0,50.0,106.53,0.9398638318519567,1.208311318756128,578.9060562337704,Loyal Customers
16314,2.0,83.0,473.0,545.1,0.48386170863479694,0.21519759647309447,476.1044210034384,At-Risk (High Value)
16315,1.0,206.0,537.0,226.37,0.8133257324530963,0.20224496444710166,208.22015255312016,Lost / Dormant
16316,11.0,429.0,494.0,431.9236363636364,0.9723927847311364,1.8201598148888878,2956.307952673182,Champions
16317,4.0,465.0,585.0,454.5025,0.9560057174426279,0.6160587341204954,1086.1343746314412,At-Risk (High Value)
16318,0.0,0.0,36.0,0.0,1.0,0.5849466826369887,,Loyal Customers
16319,0.0,0.0,218.0,0.0,1.0,0.21116174842408802,,Lost / Dormant
16320,5.0,509.0,682.0,961.168,0.9398425917821168,0.6401399600837003,2365.817444450025,At-Risk (High Value)
16321,4.0,666.0,739.0,102.11250000000001,0.9731058971080795,0.5072842786008734,202.7740102529782,At-Risk (High Value)
16322,1.0,35.0,37.0,113.67,0.9413326495040258,1.3625094025154947,693.267960214142,Loyal Customers
16323,1.0,381.0,578.0,207.50000000000003,0.8999351264305923,0.2095642564347127,198.21255662065994,Lost / Dormant
16324,1.0,49.0,178.0,262.12,0.8227972837865839,0.5042693330493784,591.5514502517902,Lost / Dormant
16325,11.0,689.0,736.0,312.13363636363636,0.9866236493491811,1.2902311117105167,1520.478718151221,Champions
16326,22.0,675.0,681.0,202.40545454545455,0.9959551765646157,2.7162461156777864,2057.5276151018966,Champions
16327,15.0,711.0,726.0,664.7686666666667,0.9933822143203814,1.7663731062749946,4411.01127489974,Champions
16328,0.0,0.0,564.0,0.0,1.0,0.0954613665274617,,Lost / Dormant
16329,3.0,311.0,739.0,473.53666666666663,0.7250785266571945,0.2970332952941578,555.4350851606584,At-Risk (High Value)
16330,4.0,645.0,663.0,145.725,0.9804818365681212,0.5643319519762325,320.7505682359723,Loyal Customers
16331,3.0,210.0,643.0,520.1999999999999,0.5707278188266255,0.26540672058313747,544.3924573550744,At-Risk (High Value)
16332,10.0,561.0,590.0,190.014,0.9882299501646201,1.444143054686023,1036.5247876811125,Champions
16333,12.0,302.0,310.0,1018.0133333333334,0.9919869233608929,3.000197924261481,11405.248768490646,Champions
16334,0.0,0.0,493.0,0.0,1.0,0.10755032383814572,,Lost / Dormant
16335,6.0,184.0,736.0,413.92,0.03242151279956937,0.024231331516568616,38.39081685394408,At-Risk (High Value)
16336,2.0,211.0,632.0,864.895,0.7143825612985664,0.24547120773419862,863.1803835746199,At-Risk (High Value)
16337,0.0,0.0,37.0,0.0,1.0,0.5792914380517176,,Loyal Customers
16338,0.0,0.0,158.0,0.0,1.0,0.26742084347846146,,Lost / Dormant
16339,0.0,0.0,285.0,0.0,1.0,0.17100879625304957,,Lost / Dormant
16340,2.0,444.0,552.0,576.265,0.9469743602716653,0.36743154335848144,860.6325868263967,At-Risk (High Value)
16341,5.0,585.0,610.0,617.702,0.9825504195428746,0.7403918149904124,1757.4772052219064,Champions
16342,3.0,104.0,180.0,61.82,0.9163959508523954,1.2251385635946561,299.3505818583254,Loyal Customers
16343,1.0,391.0,408.0,370.48,0.9397771747556822,0.2971156735994619,495.9586854462468,Loyal Customers
16344,3.0,510.0,669.0,211.10666666666665,0.9462269583506676,0.424485254649516,354.6936880260659,At-Risk (High Value)
16345,1.0,439.0,484.0,575.41,0.9349731682186689,0.25484489833534707,659.6797105761727,Loyal Customers
16346,0.0,0.0,386.0,0.0,1.0,0.13292110915777547,,Lost / Dormant
16347,9.0,626.0,638.0,365.2966666666667,0.9904819721339831,1.2224555305734575,1689.9086017829043,Champions
16348,6.0,398.0,431.0,244.51833333333332,0.9812797421400385,1.1825235514335848,1102.149953190066,At-Risk (High Value)
16349,0.0,0.0,291.0,0.0,1.0,0.16814606664732792,,Lost / Dormant
16350,7.0,407.0,429.0,277.41285714285715,0.9854829152488817,1.3711872800672151,1442.8965903723606,Champions
16351,12.0,403.0,736.0,259.45250000000004,0.15064065689460168,0.21387840472788763,209.2530638845014,At-Risk (High Value)
16352,1.0,20.0,38.0,289.52,0.9230072225683761,1.3231690163770045,1682.3359212208375,Loyal Customers
16353,31.0,729.0,733.0,291.70193548387095,0.9971849268096944,3.5523783956839066,3870.0126280858526,Champions
16354,4.0,528.0,592.0,229.67000000000002,0.9721926013803505,0.6198361393828155,553.3731273105794,At-Risk (High Value)
16355,0.0,0.0,376.0,0.0,1.0,0.13591795113721514,,Lost / Dormant
16356,4.0,354.0,552.0,79.3925,0.9022235119730134,0.6123915063556999,190.29619344701942,At-Risk (High Value)
16357,3.0,348.0,382.0,219.62666666666667,0.9699459188678103,0.7131924019928906,616.2298006935433,Loyal Customers
16358,4.0,393.0,395.0,506.87500000000006,0.9822491950016908,0.8932535577266442,1748.6664259829886,Champions
16359,15.0,654.0,662.0,167.95466666666667,0.9941656788851846,1.9229573355403762,1213.607167063488,Champions
16360,5.0,84.0,89.0,660.304,0.9829863697673212,3.2190903811325655,7980.968217416141,Champions
16361,3.0,62.0,72.0,187.24,0.9702489202182933,2.3083038165990897,1666.9408391620866,Loyal Customers
16362,3.0,405.0,438.0,244.92333333333332,0.9711323314390654,0.6348890883198443,612.3558124427803,Loyal Customers
16363,0.0,0.0,54.0,0.0,1.0,0.49757439037601214,,Lost / Dormant
16364,1.0,126.0,138.0,359.49,0.9374086639628159,0.6866954147657055,1096.8648519421936,Loyal Customers
16365,13.0,711.0,729.0,232.30846153846156,0.9922883013775488,1.5334138397775272,1341.7399911614095,Champions
16366,3.0,705.0,724.0,434.82666666666665,0.9752966490853135,0.40711142369431846,699.0799026275299,Loyal Customers
16367,2.0,346.0,384.0,402.245,0.9593249699031885,0.5108326102376703,833.0085303388641,Loyal Customers
16368,2.0,433.0,436.0,248.715,0.9671157169789287,0.46175488902772166,467.5785290028354,Loyal Customers
16369,6.0,593.0,612.0,406.74666666666667,0.9856481015881673,0.8711703197729663,1354.122255954922,Champions
16370,3.0,143.0,226.0,348.34,0.9260111240891855,1.0434935445114821,1417.8015256385524,At-Risk (High Value)
16371,0.0,0.0,449.0,0.0,1.0,0.1167103214445388,,Lost / Dormant
16372,3.0,574.0,608.0,405.05333333333334,0.9727424964683263,0.4758061000802751,760.0349593486933,Loyal Customers
16373,1.0,29.0,412.0,114.75,0.5197261603491652,0.16294281277673095,86.10957289395643,Lost / Dormant
16374,4.0,522.0,589.0,320.9275,0.9714761043582263,0.6222113786074653,775.2919997044057,At-Risk (High Value)
16375,0.0,0.0,471.0,0.0,1.0,0.11194317970412548,,Lost / Dormant
16376,1.0,9.0,18.0,112.76,0.9317712092853759,1.6531980410303098,830.9331020309821,Loyal Customers
16377,1.0,350.0,618.0,591.48,0.878132920771228,0.1925526901363481,513.5913907682891,At-Risk (High Value)
16378,2.0,63.0,311.0,109.375,0.6233002989072004,0.3959897534953946,177.27838472733092,Lost / Dormant
16379,3.0,74.0,79.0,559.5066666666667,0.9742842408491996,2.206296971527733,4745.169580049263,Loyal Customers
16380,0.0,0.0,62.0,0.0,1.0,0.46662582435527233,,Loyal Customers
16381,1.0,23.0,419.0,43.5,0.4857352280962904,0.1500937911366738,31.61211646915131,Lost / Dormant
16382,1.0,142.0,551.0,157.33,0.72731739122657,0.17676288496871412,127.40862867053234,Lost / Dormant
16383,6.0,599.0,674.0,417.625,0.9759809994647262,0.7904570262786448,1262.5856417559803,At-Risk (High Value)
16384,3.0,501.0,591.0,346.40000000000003,0.9616811137452549,0.48254571109440486,659.3432569244708,At-Risk (High Value)
16385,4.0,571.0,632.0,230.0875,0.9735403649559383,0.5851823949435163,523.7053466968842,At-Risk (High Value)
16386,2.0,359.0,388.0,158.60000000000002,0.9615895907561898,0.5075380359397381,328.6592570533267,Loyal Customers
16387,4.0,316.0,639.0,194.59,0.7612749822701976,0.4530562316490142,343.1915773732565,At-Risk (High Value)
16388,0.0,0.0,654.0,0.0,1.0,0.08355684376405209,,Lost / Dormant
16389,3.0,230.0,284.0,420.8066666666667,0.9587567681995999,0.9018064415517145,1483.6282572416776,At-Risk (High Value)
16390,2.0,143.0,680.0,136.85000000000002,0.4948860544959442,0.15912614262101882,89.60288739037516,Lost / Dormant
16391,3.0,161.0,562.0,311.57666666666665,0.5019621329059567,0.26348086574195423,323.7918206918781,At-Risk (High Value)
16392,2.0,292.0,562.0,284.755,0.8687162108694403,0.33170993546676836,385.2542746370858,At-Risk (High Value)
16393,22.0,736.0,739.0,236.10227272727272,0.9963331739599307,2.5217417889572653,2229.4803652431524,Champions
16394,4.0,233.0,290.0,310.7325,0.9613356242455046,1.1314025439005526,1354.3528739055457,At-Risk (High Value)
16395,11.0,673.0,734.0,299.4581818181818,0.9833623541929438,1.2891769401090083,1457.5748466157959,Champions
16396,0.0,0.0,477.0,0.0,1.0,0.11070991860969816,,Lost / Dormant
16397,0.0,0.0,629.0,0.0,1.0,0.08655506738791939,,Lost / Dormant
16398,1.0,99.0,254.0,535.85,0.8444496599212805,0.39499996772808427,945.0585332603357,At-Risk (High Value)
16399,2.0,370.0,390.0,203.385,0.9636329269110325,0.5063911300516895,419.4713263448496,Loyal Customers
16400,8.0,637.0,732.0,324.3825,0.9732772130987155,0.9502909354695035,1171.1382211274304,At-Risk (High Value)
16401,20.0,554.0,556.0,337.76750000000004,0.9960442717100649,2.9737952452788754,3754.0250753566397,Champions
16402,1.0,105.0,370.0,87.8,0.7742498829692166,0.2660578459491564,108.47048396824133,Lost / Dormant
16403,0.0,0.0,313.0,0.0,1.0,0.15842251466133994,,Lost / Dormant
16404,0.0,0.0,71.0,0.0,1.0,0.43612341795500065,,Lost / Dormant
16405,1.0,8.0,311.0,160.4,0.5122445967436762,0.20348608652554198,148.462759656843,Lost / Dormant
16406,2.0,635.0,654.0,169.915,0.9653022892158228,0.32157304334428183,224.16180870864866,Loyal Customers
16407,11.0,420.0,433.0,229.3890909090909,0.9909699327277975,2.0812621096253503,1794.030060797563,Champions
16408,0.0,0.0,592.0,0.0,1.0,0.09140957103614991,,Lost / Dormant
16409,11.0,690.0,727.0,471.14363636363635,0.9884374992063146,1.3072538930919282,2324.251248773311,Champions
16410,0.0,0.0,735.0,0.0,1.0,0.07512561020126307,,Lost / Dormant
16411,3.0,409.0,429.0,188.5233333333333,0.97374636190163,0.6481476366143113,481.7973393575226,Loyal Customers
16412,4.0,620.0,674.0,138.17000000000002,0.97536996347213,0.5530575800058956,298.1927718238677,Loyal Customers
16413,1.0,319.0,376.0,262.2,0.9293698070667853,0.31503879259192125,373.32991519382733,Loyal Customers
16414,4.0,673.0,695.0,107.655,0.9800898038794417,0.5404212512579755,227.51801592028008,Loyal Customers
16415,2.0,632.0,677.0,265.395,0.9619500479117634,0.31055312038703276,336.9258413833745,Loyal Customers
16416,7.0,628.0,655.0,333.63428571428574,0.986271236509172,0.9427389614028994,1197.7552602407684,Champions
16417,0.0,0.0,493.0,0.0,1.0,0.10755032383814572,,Lost / Dormant
16418,4.0,378.0,423.0,249.3475,0.9729022242335268,0.8341969149741785,805.4813899925608,At-Risk (High Value)
16419,6.0,556.0,669.0,210.50666666666666,0.9645160484654641,0.7864776825853045,634.086531294291,At-Risk (High Value)
16420,0.0,0.0,397.0,0.0,1.0,0.12977368009257645,,Lost / Dormant
16421,2.0,93.0,470.0,107.83500000000001,0.5315447715928466,0.237724947700464,105.46383582642919,Lost / Dormant
16422,90.0,679.0,697.0,679.9072222222222,0.992746457799501,10.602413065922203,26803.816695492376,Champions
16423,0.0,0.0,25.0,0.0,1.0,0.6553676864757532,,Loyal Customers
16424,1.0,191.0,383.0,133.56,0.8665575580741178,0.2891794424978996,176.93515200167084,Lost / Dormant
16425,0.0,0.0,303.0,0.0,1.0,0.16269903120501986,,Lost / Dormant
16426,6.0,274.0,277.0,263.31333333333333,0.9873910376015705,1.7227231790839181,1719.798623278027,Champions
16427,1.0,21.0,285.0,131.26,0.6099203861185802,0.26017702065549986,155.93922025533206,Lost / Dormant
16428,1.0,84.0,498.0,238.97,0.6407759053148097,0.1703303506667748,184.81537858884028,Lost / Dormant
16429,0.0,0.0,107.0,0.0,1.0,0.34579447006692915,,Lost / Dormant
16430,5.0,624.0,682.0,199.598,0.9778206738504959,0.6660073639999338,512.6417308570419,At-Risk (High Value)
16431,1.0,84.0,298.0,298.88,0.7881326761356192,0.32422767763071325,435.94291148937936,At-Risk (High Value)
16432,0.0,0.0,65.0,0.0,1.0,0.45599342242816304,,Lost / Dormant
16433,1.0,380.0,409.0,184.26,0.9372130063431904,0.29568282617105307,247.9360285034485,Loyal Customers
16434,11.0,662.0,692.0,204.82363636363635,0.9893858936683838,1.3688444320242132,1058.579471489679,Champions
16435,1.0,2.0,515.0,599.4,0.30522271012441843,0.07876534785267601,212.4798588230274,At-Risk (High Value)
16436,2.0,65.0,734.0,81.195,0.18666006486839604,0.05597400282417014,18.88426301830426,Lost / Dormant
16437,1.0,48.0,430.0,183.89999999999998,0.5812737912369254,0.17564217737883905,147.08412651966754,Lost / Dormant
16438,4.0,77.0,83.0,148.4875,0.9789367325450449,2.7460230276778677,1551.2006889882173,Loyal Customers
16439,0.0,0.0,723.0,0.0,1.0,0.0762656674015958,,Lost / Dormant
16440,5.0,486.0,494.0,728.134,0.9846822618324893,0.8954073350598958,2499.7377327155314,Champions
16441,4.0,560.0,628.0,200.685,0.9720939492266599,0.5876753176690621,458.96950527596636,At-Risk (High Value)
16442,4.0,725.0,727.0,186.1025,0.9823981125906963,0.5198667665551718,377.1408227386824,Loyal Customers
16443,0.0,0.0,521.0,0.0,1.0,0.10243448118616932,,Lost / Dormant
16444,15.0,579.0,626.0,220.11933333333334,0.9853133620504253,2.0048389629194086,1656.8605327901494,Champions
16445,2.0,378.0,412.0,217.32999999999998,0.9608128922953423,0.4817245650852289,426.4240393275809,Loyal Customers
16446,1.0,205.0,206.0,305.28000000000003,0.942820529642123,0.5185503489740118,708.4768036726377,Champions
16447,2.0,525.0,661.0,284.155,0.9449302418851109,0.3117607184688635,361.8990432227578,At-Risk (High Value)
16448,1.0,273.0,472.0,188.89000000000001,0.8842660034274575,0.2463867711001061,212.04100941662594,Lost / Dormant
16449,1.0,83.0,281.0,291.0,0.7994320802882591,0.3449365991473067,451.3634606521813,Lost / Dormant
16450,2.0,507.0,657.0,548.72,0.9412758096831735,0.3122701869155214,697.7695438195445,At-Risk (High Value)
16451,2.0,648.0,736.0,352.75,0.9563177898352471,0.28605828752456375,412.1076534645849,At-Risk (High Value)
16452,1.0,63.0,694.0,138.49,0.4558512736848387,0.08997933777154289,57.40011917579944,Lost / Dormant
16453,1.0,18.0,549.0,102.25,0.36484601777176484,0.08895773417955577,42.185597736262395,Lost / Dormant
16454,2.0,547.0,612.0,14.2,0.9580077128985833,0.3388767416112788,22.057008382516116,Lost / Dormant
16455,9.0,556.0,620.0,386.5788888888889,0.9793972913103443,1.240444234999722,1814.092387695221,Champions
16456,11.0,521.0,621.0,555.7845454545454,0.9595098972255158,1.46450094451955,3067.0246824766878,Champions
16457,0.0,0.0,219.0,0.0,1.0,0.21042416074020848,,Lost / Dormant
16458,29.0,560.0,563.0,193.08068965517242,0.997043659450856,4.225516425840257,3041.7844749856276,Champions
16459,0.0,0.0,730.0,0.0,1.0,0.07559646510504095,,Lost / Dormant
16460,2.0,53.0,82.0,277.94,0.9429591068860745,1.5215140984242956,1684.4759328656976,Loyal Customers
16461,2.0,469.0,647.0,419.28499999999997,0.9326252206531057,0.3137321568634726,536.1497624738948,At-Risk (High Value)
16462,2.0,210.0,284.0,51.0,0.9403983736538284,0.6434024286999646,136.70741671438924,Lost / Dormant
16463,3.0,183.0,205.0,367.6766666666667,0.969291229749974,1.1766503125182453,1685.0099880480184,Loyal Customers
16464,2.0,123.0,143.0,464.84000000000003,0.9579450306405879,1.0958014531561642,2037.6037045689093,Loyal Customers
16465,1.0,24.0,445.0,289.6,0.4686536985307925,0.1374653871208598,180.04669706429098,Lost / Dormant
16466,14.0,609.0,643.0,239.9057142857143,0.9892364214375875,1.839242290797994,1658.375857349578,Champions
16467,6.0,229.0,738.0,456.34,0.09115427076177662,0.0679580384651374,118.68969302981536,At-Risk (High Value)
16468,2.0,407.0,482.0,342.96,0.9526957742265214,0.41676764497060514,581.4058167090062,Loyal Customers
16469,3.0,491.0,515.0,216.81000000000003,0.9736600489175933,0.5523392642785054,472.71366925556174,Loyal Customers
16470,9.0,677.0,729.0,250.9911111111111,0.9845679820019355,1.0762465928922398,1023.9610080540637,Champions
16471,3.0,378.0,653.0,288.8666666666667,0.8796655628831995,0.4033925000100136,460.4033674344822,At-Risk (High Value)
16472,1.0,163.0,598.0,232.56,0.7350301802047672,0.16601849068927652,175.7190064902117,Lost / Dormant
16473,3.0,210.0,375.0,105.37,0.8843620808099948,0.660561090530261,275.42705858724764,At-Risk (High Value)
16474,5.0,138.0,146.0,303.154,0.9824463181226427,2.3543038506887215,2699.815951943978,Champions
16475,3.0,185.0,274.0,78.10000000000001,0.9335823515169903,0.9038850839857206,279.399565712345,At-Risk (High Value)
16476,0.0,0.0,432.0,0.0,1.0,0.12068170169840425,,Lost / Dormant
16477,10.0,421.0,485.0,380.499,0.9731793629486913,1.692673958119268,2425.7627330132073,Champions
16478,2.0,40.0,66.0,64.05,0.9427066312223632,1.7049053702182329,443.49728202871074,Loyal Customers
16479,0.0,0.0,11.0,0.0,1.0,0.7741789419333209,,Loyal Customers
16480,0.0,0.0,76.0,0.0,1.0,0.420845519774723,,Loyal Customers
16481,0.0,0.0,683.0,0.0,1.0,0.0803291280425313,,Lost / Dormant
16482,0.0,0.0,16.0,0.0,1.0,0.7270719474876653,,Loyal Customers
16483,0.0,0.0,193.0,0.0,1.0,0.2314458473921274,,Lost / Dormant
16484,1.0,17.0,191.0,118.60000000000001,0.7090448678434981,0.41265089307380015,222.92601670969393,Lost / Dormant
16485,4.0,656.0,734.0,418.86,0.9721676356309615,0.5099580385439956,830.4324940000515,At-Risk (High Value)
16486,0.0,0.0,538.0,0.0,1.0,0.09955928751871017,,Lost / Dormant
16487,1.0,82.0,660.0,107.2,0.5331520922964218,0.11015658833281203,54.78123773578455,Lost / Dormant
16488,2.0,115.0,149.0,139.87,0.9494333924304774,1.0558560229832097,596.5212913962686,Loyal Customers
16489,1.0,56.0,437.0,193.04999999999998,0.6034638188343211,0.17981600843041565,157.95349557896336,Lost / Dormant
16490,0.0,0.0,437.0,0.0,1.0,0.11948585868187359,,Lost / Dormant
16491,1.0,367.0,414.0,731.5,0.9331389736965192,0.29133880037360516,955.6971887201242,Loyal Customers
16492,0.0,0.0,541.0,0.0,1.0,0.0990685778051008,,Lost / Dormant
16493,6.0,544.0,624.0,277.7633333333333,0.9732695254480096,0.845292077068566,898.0404885761857,At-Risk (High Value)
16494,0.0,0.0,297.0,0.0,1.0,0.16537767516812582,,Lost / Dormant
16495,1.0,273.0,277.0,437.9,0.9420874475768508,0.4112143592127808,806.1657544019826,Loyal Customers
16496,4.0,501.0,510.0,469.4425,0.9812932200209183,0.7145365487675193,1299.295232402128,Champions
16497,16.0,687.0,737.0,400.026875,0.9866209655436218,1.8407809021581047,2765.075165870366,Champions
16498,1.0,1.0,163.0,9.75,0.6718679972211969,0.4386369051151171,25.998469570111574,Lost / Dormant
16499,7.0,186.0,547.0,336.34714285714284,0.09197423098085668,0.10337735561679705,132.18322592201952,At-Risk (High Value)
16500,7.0,539.0,544.0,99.48,0.9890644491206265,1.1171485587763181,424.0375940201015,Loyal Customers
16501,0.0,0.0,384.0,0.0,1.0,0.13350985286646788,,Lost / Dormant
16502,0.0,0.0,621.0,0.0,1.0,0.08756048142603508,,Lost / Dormant
16503,9.0,430.0,537.0,371.29555555555555,0.9485915530944031,1.36652109843054,1916.9180868237847,At-Risk (High Value)
16504,0.0,0.0,26.0,0.0,1.0,0.6482687534940593,,Loyal Customers
16505,0.0,0.0,32.0,0.0,1.0,0.6087227738664183,,Loyal Customers
16506,1.0,21.0,41.0,35.1,0.9209431520117811,1.2832856135680208,216.0209274526032,Loyal Customers
16507,0.0,0.0,573.0,0.0,1.0,0.09412037046279137,,Lost / Dormant
16508,0.0,0.0,631.0,0.0,1.0,0.08630731212142162,,Lost / Dormant
16509,0.0,0.0,297.0,0.0,1.0,0.16537767516812582,,Lost / Dormant
16510,5.0,319.0,692.0,278.77,0.5958087768471165,0.4004678289862995,430.1232681956367,At-Risk (High Value)
16511,5.0,627.0,649.0,303.37399999999997,0.983167292660077,0.7005080835221611,818.1401669409107,Loyal Customers
16513,3.0,39.0,44.0,255.38,0.9731718925137739,2.903158893848592,2840.779913171957,Loyal Customers
16515,9.0,488.0,541.0,279.0788888888889,0.9806385107638426,1.403393216086509,1480.3490651916325,Champions
16516,0.0,0.0,31.0,0.0,1.0,0.6149735233383807,,Loyal Customers
16517,0.0,0.0,278.0,0.0,1.0,0.17447444893954844,,Lost / Dormant
16518,3.0,495.0,557.0,268.12333333333333,0.9670493693956141,0.5116724720841376,541.3983107462323,At-Risk (High Value)
16519,3.0,623.0,649.0,125.50999999999999,0.9741443130734853,0.44921308972119933,223.9822207246057,Loyal Customers
16520,5.0,461.0,648.0,440.15200000000004,0.9253300993884469,0.6602209665454284,1117.8766100031237,At-Risk (High Value)
16521,1.0,233.0,649.0,1052.89,0.7934031003035511,0.16644513525604007,788.5121856964925,At-Risk (High Value)
16522,1.0,15.0,451.0,304.56,0.4192764888066942,0.1215583267693142,167.35887623620928,Lost / Dormant
16523,23.0,683.0,685.0,500.2782608695652,0.9965649791638153,2.8227106803852298,5280.625131959105,Champions
16524,1.0,245.0,692.0,206.84,0.788169419313354,0.1559845125642154,147.3359042301404,Lost / Dormant
16525,47.0,735.0,738.0,512.4563829787235,0.9981001801123977,5.318803051499642,10158.226775709736,Champions
16526,1.0,413.0,585.0,290.36,0.9084136788486818,0.209268732660748,275.62342301284167,Lost / Dormant
16527,1.0,343.0,425.0,228.06,0.924294762089605,0.28212888539312636,291.831571445066,At-Risk (High Value)
16528,0.0,0.0,4.0,0.0,1.0,0.8514989375406841,,Loyal Customers
16529,3.0,340.0,531.0,539.1666666666666,0.9124507584868955,0.5037699275345892,1068.8957139592653,At-Risk (High Value)
16530,0.0,0.0,669.0,0.0,1.0,0.08185560334527035,,Lost / Dormant
16531,10.0,419.0,442.0,190.852,0.9880840074636078,1.8637989726259514,1339.7138987515254,Champions
16532,4.0,603.0,621.0,381.6,0.9803420395282912,0.5986905709628784,887.0575212572708,Champions
16533,2.0,49.0,69.0,359.295,0.9508076657256278,1.6814511930497738,2398.206448912536,Loyal Customers
16534,0.0,0.0,643.0,0.0,1.0,0.08485006972218706,,Lost / Dormant
16535,1.0,380.0,386.0,593.75,0.9419394152589072,0.3122544974958531,831.6915810308195,Loyal Customers
16536,0.0,0.0,111.0,0.0,1.0,0.33802068596803625,,Lost / Dormant
16537,0.0,0.0,642.0,0.0,1.0,0.08496962398715283,,Lost / Dormant
16538,1.0,54.0,596.0,169.51,0.4828266767137225,0.1093830310876464,84.87463793261705,Lost / Dormant
16539,9.0,530.0,533.0,394.49,0.9915327796176973,1.4379039653380272,2142.7574274035037,Champions
16540,0.0,0.0,415.0,0.0,1.0,0.12493300714980636,,Lost / Dormant
16541,0.0,0.0,736.0,0.0,1.0,0.07503214233082396,,Lost / Dormant
16542,1.0,348.0,402.0,119.62,0.9310598620478181,0.2981235149293078,163.97756692375444,Loyal Customers
16543,0.0,0.0,592.0,0.0,1.0,0.09140957103614991,,Lost / Dormant
16544,1.0,143.0,663.0,110.3,0.6703206366140548,0.13792863930981267,70.51288839218965,Lost / Dormant
16545,1.0,211.0,376.0,339.3,0.8832360018879635,0.2994003049084468,457.6758770596323,Lost / Dormant
16546,3.0,152.0,443.0,1087.256666666667,0.6529389218989079,0.4226820668157517,1802.9709648779015,At-Risk (High Value)
16547,0.0,0.0,547.0,0.0,1.0,0.09810153276396659,,Lost / Dormant
16548,0.0,0.0,600.0,0.0,1.0,0.09031434916280585,,Lost / Dormant
16549,30.0,611.0,622.0,433.1986666666666,0.9959334539516513,3.9894352543527325,6445.568066013594,Champions
16550,17.0,629.0,738.0,522.9682352941177,0.9454821777476113,1.8675308808373152,3664.5175486504654,Champions
16551,6.0,631.0,727.0,324.0233333333333,0.9722499818577988,0.7348798491582843,911.7166849294731,At-Risk (High Value)
16552,1.0,131.0,374.0,284.44000000000005,0.8109812322208071,0.2761534468841859,354.59824346159087,Lost / Dormant
16553,15.0,503.0,667.0,1071.3446666666666,0.7907663639092916,1.5191147274382821,6108.408342707317,Champions
16554,7.0,682.0,725.0,346.6042857142857,0.9842980948374066,0.8577047496214262,1133.0209872868916,At-Risk (High Value)
16555,2.0,470.0,506.0,142.945,0.9616955598550655,0.40308895375157056,236.2564473369649,At-Risk (High Value)
16556,16.0,666.0,733.0,489.086875,0.980375639257329,1.8382740772156971,3375.5663322268606,Champions
16557,1.0,113.0,138.0,180.7,0.9300848147894331,0.6813303548519889,552.5477519553957,Loyal Customers
16558,35.0,736.0,737.0,387.89885714285714,0.9977737695070267,3.9835132389516894,5766.645719555962,Champions
16559,0.0,0.0,398.0,0.0,1.0,0.12949492911587054,,Lost / Dormant
16560,7.0,705.0,732.0,365.8985714285714,0.9866572340596969,0.8522289879232586,1188.4578922687267,Champions
16561,1.0,54.0,60.0,246.16000000000003,0.9385385402822186,1.1111342426325261,1208.864213674288,Loyal Customers
16562,0.0,0.0,477.0,0.0,1.0,0.11070991860969816,,Lost / Dormant
16563,5.0,685.0,739.0,776.86,0.9791714818956009,0.619769722892653,1852.9439242556812,At-Risk (High Value)
16564,0.0,0.0,570.0,0.0,1.0,0.09456316212056605,,Lost / Dormant
16565,3.0,191.0,556.0,152.6833333333333,0.6231526705095014,0.3302434823445025,199.66770805118458,At-Risk (High Value)
16566,4.0,277.0,293.0,129.94,0.9785333431358388,1.1420428438030503,574.1122148759786,Loyal Customers
16567,1.0,142.0,337.0,308.03999999999996,0.8449616810030082,0.3140628025723762,435.74324992973794,Lost / Dormant
16568,1.0,214.0,642.0,488.88000000000005,0.7775683066549566,0.16473287057530298,363.7811477940292,Lost / Dormant
16569,4.0,720.0,724.0,258.27,0.9821903354448848,0.5217276865047138,524.5193752051799,Loyal Customers
16570,16.0,604.0,620.0,425.2475,0.9931773071019674,2.1685883058343327,3457.5286705284066,Champions
16571,9.0,605.0,632.0,426.75888888888886,0.9882149261992436,1.2301261772485235,1986.1365880699966,Champions
16572,2.0,148.0,276.0,333.51,0.8942763794248889,0.6261178367833723,843.8883006565757,At-Risk (High Value)
16573,1.0,206.0,291.0,370.98,0.9130507719581838,0.38295935685256877,637.4108755132768,Loyal Customers
16574,2.0,587.0,659.0,355.435,0.9575973308174643,0.3168100242770483,459.40350167827813,At-Risk (High Value)
16576,1.0,101.0,522.0,313.47,0.6661218331910477,0.16985664666577246,241.006781801652,Lost / Dormant
16577,0.0,0.0,667.0,0.0,1.0,0.082078421050313,,Lost / Dormant
16578,0.0,0.0,627.0,0.0,1.0,0.08680424951507873,,Lost / Dormant
16579,0.0,0.0,426.0,0.0,1.0,0.12214870795751027,,Lost / Dormant
16581,0.0,0.0,183.0,0.0,1.0,0.24069585521537493,,Lost / Dormant
16582,0.0,0.0,114.0,0.0,1.0,0.33241642956997586,,Lost / Dormant
16583,1.0,300.0,674.0,466.90000000000003,0.8358878053101052,0.16944468578711883,357.65764131014834,Lost / Dormant
16584,4.0,581.0,662.0,557.9875,0.9701474093561844,0.5591496218224795,1211.2072910311178,At-Risk (High Value)
16585,1.0,102.0,696.0,252.27,0.5662140025465618,0.11147075510666583,128.01690437607553,Lost / Dormant
16586,2.0,387.0,636.0,567.365,0.9023076944596378,0.3082812318959972,711.9653153109953,At-Risk (High Value)
16587,0.0,0.0,233.0,0.0,1.0,0.20061428037243276,,Lost / Dormant
16588,3.0,188.0,575.0,381.49333333333334,0.5862936309159951,0.3015163976982626,453.4554678522712,At-Risk (High Value)
16589,3.0,379.0,451.0,153.08,0.9613004042220625,0.6126914489195306,370.5770639200015,Loyal Customers
16590,1.0,14.0,415.0,289.15,0.44374122618083,0.13825481992666214,180.65557012460135,Lost / Dormant
16591,0.0,0.0,69.0,0.0,1.0,0.44255084176439174,,Lost / Dormant
16592,17.0,717.0,722.0,440.90058823529415,0.9951421067893056,2.00547933731251,3317.3156265348557,Champions
16593,7.0,684.0,735.0,141.64857142857142,0.9830777889031361,0.8459612606531881,457.7561927942145,At-Risk (High Value)
16594,0.0,0.0,76.0,0.0,1.0,0.420845519774723,,Lost / Dormant
16595,4.0,630.0,692.0,322.75,0.9742713087075074,0.5393358924001949,676.84247387994,At-Risk (High Value)
16596,3.0,714.0,730.0,161.36,0.9756523662762693,0.4041947437737458,258.81538859305476,Loyal Customers
16597,0.0,0.0,5.0,0.0,1.0,0.8395138470884979,,Loyal Customers
16598,0.0,0.0,286.0,0.0,1.0,0.17052491918503646,,Lost / Dormant
16599,0.0,0.0,386.0,0.0,1.0,0.13292110915777547,,Lost / Dormant
16600,12.0,717.0,722.0,153.61666666666667,0.993385548853714,1.4354256786553488,832.0526567866052,Champions
16601,2.0,583.0,624.0,307.91499999999996,0.9620678871022829,0.3344050524982617,420.2039671942065,Loyal Customers
16602,1.0,352.0,389.0,528.0799999999999,0.9350210711418049,0.3079228422879358,730.0730012721277,Loyal Customers
16603,1.0,17.0,92.0,185.85,0.8471350608865229,0.8004483374252359,663.8298839949437,Loyal Customers
16604,1.0,6.0,569.0,125.75,0.2946362762976003,0.06958113290665086,40.33096032355038,Lost / Dormant
16605,0.0,0.0,725.0,0.0,1.0,0.07607326059205143,,Lost / Dormant
16606,1.0,30.0,435.0,119.7,0.5044999218815499,0.15092602323076768,83.14532810726675,Lost / Dormant
16607,23.0,572.0,590.0,235.63347826086957,0.9937741083977423,3.2218306553604616,2836.1057107268266,Champions
16608,1.0,210.0,664.0,601.32,0.7642390837666333,0.1570387774113413,426.0912619827017,At-Risk (High Value)
16609,6.0,237.0,253.0,822.6550000000001,0.9832745710819574,1.8442812159322874,5736.56463370444,Champions
16610,0.0,0.0,220.0,0.0,1.0,0.20969171363134095,,Lost / Dormant
16611,5.0,453.0,640.0,299.61800000000005,0.9237244448969909,0.6665319882378163,768.7458923497798,At-Risk (High Value)
16612,8.0,704.0,737.0,341.82,0.9870354718583367,0.9577315228439308,1243.737641747774,Champions
16613,0.0,0.0,71.0,0.0,1.0,0.43612341795500065,,Loyal Customers
16614,2.0,396.0,579.0,443.32,0.9243363136401389,0.3436628720377294,620.1474794392285,At-Risk (High Value)
16615,0.0,0.0,627.0,0.0,1.0,0.08680424951507873,,Lost / Dormant
16616,1.0,142.0,158.0,290.32,0.9360661040839813,0.6247107893006104,809.2782748956264,Loyal Customers
16617,0.0,0.0,236.0,0.0,1.0,0.19863010523121996,,Lost / Dormant
16618,3.0,291.0,323.0,639.8100000000001,0.969185632258361,0.8204421277982753,2053.461300722242,At-Risk (High Value)
16619,3.0,392.0,656.0,314.37333333333333,0.8897740680716237,0.40633536370231005,504.5593715469066,At-Risk (High Value)
16620,5.0,735.0,739.0,187.312,0.9854698846309534,0.6237563170593854,450.99050163384163,Loyal Customers
16621,3.0,226.0,278.0,216.87666666666667,0.9592894893604923,0.9180034093903212,780.2973776449337,Loyal Customers
16622,0.0,0.0,544.0,0.0,1.0,0.09858268306771975,,Lost / Dormant
16623,3.0,347.0,593.0,262.33,0.885248292428004,0.44284805123241555,458.780817091456,At-Risk (High Value)
16624,1.0,117.0,198.0,384.14,0.899403063157594,0.5096063639896077,873.4929780210023,Loyal Customers
16625,4.0,269.0,544.0,346.0075,0.7722354355592927,0.5310230191037059,712.6713036468734,At-Risk (High Value)
16626,16.0,266.0,267.0,226.08437500000002,0.9951546470569449,4.47034135080494,3756.4766963585525,Champions
16627,0.0,0.0,80.0,0.0,1.0,0.40937514551575477,,Lost / Dormant
16628,6.0,612.0,642.0,373.34999999999997,0.9841704058462033,0.8330613290855277,1189.2543212523508,At-Risk (High Value)
16629,1.0,23.0,97.0,180.95,0.8555948895349561,0.7837360298007312,633.5778402845267,Loyal Customers
16630,0.0,0.0,408.0,0.0,1.0,0.12677192754907524,,Lost / Dormant
16631,5.0,170.0,652.0,305.438,0.10916945019573204,0.077458885520731,91.08390317945907,At-Risk (High Value)
16632,1.0,96.0,582.0,202.0,0.6168920497951901,0.14276825814168004,131.52753394507317,Lost / Dormant
16633,5.0,217.0,235.0,487.116,0.9800216767215343,1.655682363229675,3066.8494330166945,Champions
16634,5.0,465.0,688.0,302.162,0.9046609445570849,0.611281216537406,711.457560680494,At-Risk (High Value)
16635,0.0,0.0,407.0,0.0,1.0,0.12703906108252877,,Lost / Dormant
16636,3.0,208.0,647.0,830.1966666666667,0.5590240298533681,0.25850806083631,845.525325455668,At-Risk (High Value)
16637,3.0,193.0,226.0,283.6166666666667,0.9651662036846765,1.0876162032245895,1204.145455324057,Loyal Customers
16638,13.0,456.0,479.0,177.16,0.9898427178498863,2.230033007404606,1482.7852698251722,Champions
16639,3.0,378.0,410.0,419.1700000000001,0.9709359336592919,0.6720165303615367,1106.1633692005262,Loyal Customers
16640,0.0,0.0,398.0,0.0,1.0,0.12949492911587054,,Lost / Dormant
16641,1.0,596.0,702.0,231.1,0.9282457691347324,0.18131899320898062,191.02629736335643,Lost / Dormant
16642,2.0,411.0,416.0,344.165,0.9667352756877825,0.4806808601793878,671.8049188047893,Loyal Customers
16643,1.0,177.0,423.0,487.51,0.8366168317059466,0.2564081117072216,562.1141533458407,Lost / Dormant
16644,1.0,35.0,213.0,111.37,0.7480647505071141,0.4011482053567316,204.20192203321622,Lost / Dormant
16645,0.0,0.0,736.0,0.0,1.0,0.07503214233082396,,Lost / Dormant
16646,0.0,0.0,450.0,0.0,1.0,0.11648483828097393,,Lost / Dormant
16647,3.0,375.0,545.0,132.59,0.9284835451705958,0.5008975751899538,263.25753695150587,At-Risk (High Value)
16648,2.0,548.0,591.0,209.98,0.9614330222098854,0.3509384758183684,301.3989679390381,Loyal Customers
16649,0.0,0.0,521.0,0.0,1.0,0.10243448118616932,,Lost / Dormant
16650,5.0,448.0,520.0,255.74200000000002,0.9706561437911718,0.843560226729951,829.1298057934185,At-Risk (High Value)
16651,0.0,0.0,587.0,0.0,1.0,0.09210768041956414,,Lost / Dormant
16652,11.0,574.0,633.0,1463.7954545454545,0.98156815460786,1.4724861875091602,8120.181405141247,Champions
16653,1.0,55.0,72.0,94.80000000000001,0.9299237930075366,1.0055163455829152,432.09355507167356,Loyal Customers
16654,7.0,471.0,613.0,205.96714285714285,0.9405828999515947,0.9545931182729447,749.0037437394727,At-Risk (High Value)
16655,12.0,660.0,678.0,519.4483333333334,0.9916863146375695,1.5175983004499563,2968.8210139331245,Champions
16656,27.0,713.0,736.0,523.2351851851852,0.9938490783418237,3.0817494200117723,6026.3793619183825,Champions
16657,3.0,245.0,255.0,230.35666666666665,0.9746286767627098,0.9993231120093582,900.9262553678078,Loyal Customers
16658,4.0,251.0,620.0,168.395,0.6013429043946833,0.3677719237774689,241.19515414866908,At-Risk (High Value)
16659,0.0,0.0,190.0,0.0,1.0,0.2341452276828222,,Lost / Dormant
16660,5.0,678.0,695.0,317.206,0.9839637938024995,0.6587595492048899,804.8684629486069,Champions
16661,3.0,182.0,723.0,234.77666666666667,0.37644899143502636,0.1573373917930922,146.22560173748377,At-Risk (High Value)
16662,0.0,0.0,395.0,0.0,1.0,0.13033479965911096,,Lost / Dormant
16663,0.0,0.0,730.0,0.0,1.0,0.07559646510504095,,Lost / Dormant
16664,0.0,0.0,570.0,0.0,1.0,0.09456316212056605,,Lost / Dormant
16665,0.0,0.0,363.0,0.0,1.0,0.14002208935634003,,Lost / Dormant
16666,1.0,602.0,622.0,118.97999999999999,0.9404448691069137,0.20501960255009127,112.7216691437756,Loyal Customers
16667,1.0,216.0,285.0,366.78,0.9198814379574821,0.3923987742189421,645.6255295299076,Loyal Customers
16668,11.0,616.0,632.0,65.80727272727273,0.9913033060077638,1.4892176420317635,370.99871032519053,Champions
16669,1.0,55.0,79.0,645.38,0.9242522317745197,0.9513077808745705,2696.7511405102223,Loyal Customers
16670,17.0,713.0,730.0,432.13176470588235,0.9936475462275416,1.982367856109972,3214.1988094880194,Champions
16671,2.0,136.0,165.0,154.695,0.9541530128744444,0.987843629479613,617.3097502153511,Loyal Customers
16672,17.0,264.0,267.0,409.38235294117646,0.9949035235532704,4.737354094830483,7200.255182635045,Champions
16673,0.0,0.0,680.0,0.0,1.0,0.08065141685223104,,Lost / Dormant
16674,1.0,44.0,99.0,197.41,0.8928689563075412,0.8080035634006734,711.603569276687,Loyal Customers
16675,1.0,37.0,479.0,301.79999999999995,0.4992526924136478,0.13732639639506156,187.50318726848604,Lost / Dormant
16676,5.0,385.0,419.0,388.904,0.9787757160997986,1.0273847096102944,1530.570750718351,At-Risk (High Value)
16677,1.0,241.0,653.0,617.39,0.7990933732079512,0.16670804605642087,464.2660376992219,Lost / Dormant
16678,11.0,280.0,283.0,254.34636363636363,0.9926536317127659,2.978653798029949,2832.5519484081415,Champions
16679,2.0,181.0,548.0,302.95500000000004,0.7214428435098461,0.2817440416891096,347.9128287866366,At-Risk (High Value)
16680,2.0,491.0,535.0,140.6,0.9605931422004815,0.3832373642586967,221.112651438976,Loyal Customers
16681,6.0,569.0,642.0,295.0566666666667,0.9756697754527267,0.8258658816187185,932.1512332983511,At-Risk (High Value)
16682,4.0,183.0,188.0,125.625,0.9809256095891212,1.616588235102752,781.4205385578689,Loyal Customers
16683,0.0,0.0,534.0,0.0,1.0,0.1002211816620622,,Lost / Dormant
16684,34.0,728.0,733.0,3352.9855882352945,0.9972755604378734,3.8892492626686126,48660.33741669872,Champions
16685,0.0,0.0,62.0,0.0,1.0,0.46662582435527233,,Loyal Customers
16686,13.0,686.0,734.0,377.21384615384613,0.9869131634100688,1.5155878956600932,2152.4522215736943,Champions
16687,0.0,0.0,391.0,0.0,1.0,0.13147173035578513,,Lost / Dormant
16688,3.0,59.0,61.0,359.03666666666663,0.9760165185797495,2.522627247118578,3476.170079373168,Loyal Customers
16689,1.0,7.0,83.0,128.44,0.8307622678934804,0.8322094284888764,480.5396699017827,Loyal Customers
16690,3.0,379.0,452.0,102.41000000000001,0.9610345657384617,0.6113420004083078,248.35211269351143,Loyal Customers
16691,1.0,143.0,562.0,142.95,0.7230279471252927,0.17264905645476997,113.35392192888551,Lost / Dormant
16692,3.0,185.0,442.0,127.09333333333335,0.7616007237105972,0.49399309964775245,248.41284565495937,At-Risk (High Value)
16693,4.0,588.0,657.0,244.72500000000002,0.9724518894005381,0.5643477951839007,537.2536524997214,At-Risk (High Value)
16694,0.0,0.0,724.0,0.0,1.0,0.07616934246711214,,Lost / Dormant
16695,0.0,0.0,562.0,0.0,1.0,0.09576457294264189,,Lost / Dormant
16696,3.0,113.0,249.0,207.5,0.8417695664636651,0.8794918668349858,714.4210785587488,At-Risk (High Value)
16697,0.0,0.0,242.0,0.0,1.0,0.19477733143171788,,Lost / Dormant
16698,1.0,27.0,254.0,305.28000000000003,0.6718586206019248,0.314268743361605,430.5855717079964,At-Risk (High Value)
16699,6.0,355.0,736.0,142.74666666666667,0.5260455537540165,0.3931582182679583,215.4226935481563,At-Risk (High Value)
16700,21.0,729.0,738.0,416.6195238095238,0.995499359748231,2.411474131198995,3762.331904523945,Champions
16701,24.0,730.0,739.0,397.44208333333336,0.995920044938439,2.7430883503367176,4078.41903450914,Champions
16702,3.0,317.0,733.0,296.00333333333333,0.7418518744592049,0.30618330766112184,358.4243157282831,At-Risk (High Value)
16704,1.0,54.0,673.0,121.85,0.43706647606657045,0.08871838700257903,49.95779041337748,Lost / Dormant
16705,25.0,730.0,731.0,1609.0164000000002,0.9969324605797064,2.885829296277033,17358.690657143372,Champions
16706,2.0,77.0,115.0,119.91,0.940444480121304,1.241603276459137,600.6503141774614,Loyal Customers
16707,3.0,240.0,641.0,121.70666666666666,0.6630261712192038,0.30919918084081555,149.52618398221932,At-Risk (High Value)
16708,0.0,0.0,46.0,0.0,1.0,0.5329400204051814,,Loyal Customers
16709,11.0,646.0,731.0,710.36,0.9755791447405175,1.2837811130476382,3440.7652423441837,Champions
16710,20.0,716.0,736.0,298.5065,0.9937690859080591,2.301907931937599,2574.725498723632,Champions
16711,8.0,734.0,738.0,313.515,0.9905662513202452,0.9599636083290783,1143.5587876013014,Champions
16712,9.0,392.0,402.0,404.1977777777778,0.9900671005850938,1.8368559596931928,2796.248663674374,Champions
16713,30.0,706.0,725.0,466.52566666666667,0.9947747466389188,3.466556676795998,6039.566418431514,Champions
16714,2.0,452.0,671.0,580.765,0.9207424181545617,0.29966559018355254,708.7173293971008,At-Risk (High Value)
16715,1.0,484.0,563.0,301.72,0.9298168262739918,0.22167514369264507,303.1224031853642,Loyal Customers
16716,2.0,364.0,631.0,236.04000000000002,0.8911409012191092,0.306646229988293,295.9474757896723,At-Risk (High Value)
16717,11.0,709.0,733.0,599.9854545454546,0.9905350940961466,1.300203445783861,2943.644211885463,Champions
16718,4.0,364.0,734.0,749.9275,0.7546130143855967,0.39583808241681706,1152.9635241335004,At-Risk (High Value)
16719,13.0,712.0,727.0,278.7423076923077,0.9926773712936696,1.5378789220163045,1614.2490350740634,Champions
16720,2.0,696.0,723.0,215.13,0.9645712193300672,0.2932733439456736,258.48760030780716,Loyal Customers
16721,0.0,0.0,263.0,0.0,1.0,0.18239577454626604,,Lost / Dormant
16722,21.0,719.0,737.0,411.8714285714285,0.9942397352960025,2.4114183479241147,3719.3440329458485,Champions
16723,3.0,644.0,736.0,280.35999999999996,0.9650043270715831,0.39679704693170353,440.06789756302993,At-Risk (High Value)
16724,0.0,0.0,405.0,0.0,1.0,0.12757672149601484,,Lost / Dormant
16725,11.0,424.0,727.0,151.52545454545455,0.3473509400471055,0.459387537411651,263.079532470358,At-Risk (High Value)
16726,5.0,385.0,412.0,353.236,0.9804295119215507,1.0441604739668213,1412.901509218182,At-Risk (High Value)
16727,3.0,324.0,689.0,294.16,0.7909978144260037,0.34546298869799263,401.67789100859625,At-Risk (High Value)
16728,3.0,218.0,265.0,276.7266666666667,0.9608072044226899,0.9554685454056735,1034.369829554517,Loyal Customers
16729,18.0,203.0,242.0,374.0183333333333,0.9499929316704387,5.166580855405338,7161.662222812034,Champions
16730,2.0,267.0,320.0,278.045,0.9526009334088962,0.5911248105800593,666.1959930390656,Loyal Customers
16731,0.0,0.0,649.0,0.0,1.0,0.08413975164164131,,Lost / Dormant
16732,3.0,700.0,732.0,1198.2666666666667,0.9737828129156567,0.40241066802771003,1900.9880793204636,At-Risk (High Value)
16733,0.0,0.0,530.0,0.0,1.0,0.10089193838373219,,Lost / Dormant
16734,1.0,62.0,115.0,344.35,0.9021821229481028,0.7445264293035716,1136.9442744173436,Loyal Customers
16735,11.0,653.0,732.0,539.2927272727273,0.9778484181583159,1.285156915104007,2615.3896233320374,Champions
16736,4.0,231.0,737.0,432.645,0.34680440028619985,0.1812402592331208,304.84011086195534,At-Risk (High Value)
16737,1.0,524.0,578.0,305.28000000000003,0.934752224636434,0.2176719734050029,301.20011079744586,Loyal Customers
16738,0.0,0.0,298.0,0.0,1.0,0.16492512159667808,,Lost / Dormant
16739,1.0,360.0,537.0,323.0,0.9025589051363302,0.22443405685708942,328.1140571547968,Lost / Dormant
16740,0.0,0.0,396.0,0.0,1.0,0.1300536343364795,,Lost / Dormant
16741,0.0,0.0,626.0,0.0,1.0,0.08692937950979793,,Lost / Dormant
16742,12.0,231.0,724.0,180.63666666666666,0.0006350339185073721,0.0009152934864767796,0.6237034402264034,At-Risk (High Value)
16743,12.0,567.0,597.0,328.73333333333335,0.9890570623267272,1.6982090008037,2100.7279637071906,Champions
16744,6.0,162.0,174.0,199.13333333333333,0.9832795268531359,2.449540954390861,1839.7726022320921,Loyal Customers
16745,16.0,225.0,312.0,434.6875,0.7282592274050165,2.8827606398481165,4664.043345534594,Champions
16746,40.0,731.0,736.0,442.43999999999994,0.9975940250080921,4.546751771081276,7502.309518778331,Champions
16747,1.0,30.0,68.0,355.86,0.9038582580534165,1.0064016990189883,1577.7315952630229,Loyal Customers
16748,13.0,712.0,730.0,272.2946153846154,0.9922913621728936,1.5314946705497166,1570.4550463427327,Champions
16749,1.0,133.0,725.0,2043.3600000000001,0.6201373178197614,0.11761860334465073,1080.6718152386115,At-Risk (High Value)
16750,4.0,188.0,233.0,126.30749999999999,0.9632419208954806,1.3491449059343712,657.4900268918996,Loyal Customers
16751,0.0,0.0,31.0,0.0,1.0,0.6149735233383807,,Loyal Customers
16752,0.0,0.0,373.0,0.0,1.0,0.1368435487257945,,Lost / Dormant
16753,0.0,0.0,59.0,0.0,1.0,0.47776785231206115,,Lost / Dormant
16754,18.0,269.0,642.0,1779.8511111111113,0.00019459140820255483,0.0004611014278967527,3.0729572900027495,Champions
16755,6.0,616.0,731.0,448.0,0.9669825533547498,0.7272352713098812,1246.8447416540198,At-Risk (High Value)
16756,6.0,426.0,641.0,173.13833333333332,0.8799822728507829,0.7459221559727502,494.75335822162026,At-Risk (High Value)
16757,1.0,91.0,410.0,106.83000000000001,0.719211038856586,0.2264295890850323,111.65252741331655,Lost / Dormant
16758,0.0,0.0,66.0,0.0,1.0,0.4525565249597049,,Lost / Dormant
16759,1.0,23.0,31.0,370.94,0.9347251100598891,1.4364482390583702,2329.9498302465854,Loyal Customers
16760,0.0,0.0,431.0,0.0,1.0,0.12092374971221938,,Lost / Dormant
16761,0.0,0.0,97.0,0.0,1.0,0.36689318338495386,,Lost / Dormant
16762,2.0,125.0,145.0,593.615,0.9580551477185758,1.0855740717028075,2576.0511514443106,Loyal Customers
16763,1.0,540.0,739.0,611.8499999999999,0.9115820169211694,0.16989397411099852,469.4646294408545,At-Risk (High Value)
16764,12.0,140.0,144.0,218.5475,0.9922052365940257,5.365445090645349,4341.438968254866,Champions
16765,1.0,88.0,383.0,34.0,0.7322099162191984,0.24434621034785456,41.06022772518898,Lost / Dormant
16766,0.0,0.0,274.0,0.0,1.0,0.17651868254847383,,At-Risk (High Value)
16767,11.0,560.0,591.0,661.5127272727273,0.9883596267326318,1.5773116168718346,3929.4826246300418,Champions
16768,8.0,685.0,733.0,185.39249999999998,0.984611920290126,0.9601563635347881,677.0116956523663,At-Risk (High Value)
16769,2.0,465.0,726.0,373.645,0.9110240492165292,0.2759450509087906,420.9123193797861,At-Risk (High Value)
16770,8.0,417.0,475.0,219.70875,0.9761045801888352,1.4049396264886305,1168.7384483208602,At-Risk (High Value)
16771,9.0,697.0,731.0,415.0888888888889,0.9877391152170043,1.0770071803679537,1693.5671751870127,Champions
16772,2.0,298.0,722.0,1334.865,0.7902416334653074,0.24057367088589995,1306.2665737554325,At-Risk (High Value)
16773,2.0,676.0,734.0,141.745,0.9606781245270257,0.2880798316089018,168.05680191984757,Loyal Customers
16774,7.0,594.0,662.0,177.10714285714286,0.9784070955733815,0.9262425685566363,625.6253441822283,At-Risk (High Value)
16775,15.0,432.0,443.0,196.58266666666665,0.9930907852919356,2.7457934905698185,2019.931032312289,Champions
16776,1.0,355.0,416.0,388.28,0.9296795850342661,0.28905745049824766,505.57727334556114,Loyal Customers
16777,4.0,552.0,633.0,274.47,0.9694302108737571,0.5818795400990263,620.8062278265634,At-Risk (High Value)
16778,1.0,200.0,275.0,152.76,0.916136488829671,0.4022248190842108,279.35200129160773,Lost / Dormant
16779,50.0,734.0,737.0,642.4018,0.9981928071735497,5.661094483245309,13549.94397714382,Champions
16780,2.0,307.0,408.0,212.595,0.9401488069369293,0.4753325703108913,411.6295303068891,At-Risk (High Value)
16781,1.0,297.0,670.0,622.5,0.8352351316252716,0.17023081962464803,478.09576700159226,Lost / Dormant
16782,35.0,720.0,731.0,292.92885714285717,0.9965041266089034,4.008357631621776,4382.038008076843,Champions
16783,0.0,0.0,437.0,0.0,1.0,0.11948585868187359,,Lost / Dormant
16784,4.0,602.0,622.0,171.515,0.9800738560062904,0.5976582577023074,399.19571762116306,Loyal Customers
16785,0.0,0.0,410.0,0.0,1.0,0.12624101826876008,,Lost / Dormant
16786,0.0,0.0,394.0,0.0,1.0,0.1306171839397936,,Lost / Dormant
16787,3.0,301.0,699.0,264.63,0.7423318333115024,0.31997702737824785,334.89515233601435,At-Risk (High Value)
16788,4.0,547.0,671.0,382.5,0.9597142077739553,0.5463920935987838,812.0528424283541,At-Risk (High Value)
16789,0.0,0.0,9.0,0.0,1.0,0.7947891404870506,,Loyal Customers
16790,5.0,34.0,38.0,176.282,0.9823279764496101,4.790845982372265,3154.213458007817,Loyal Customers
16791,12.0,707.0,737.0,308.8391666666667,0.9901361480787202,1.4040390203829474,1634.862113757756,Champions
16792,3.0,422.0,705.0,137.39000000000001,0.8890104657251892,0.38022434378928704,207.5101004412496,At-Risk (High Value)
16793,0.0,0.0,58.0,0.0,1.0,0.48160151503726156,,Lost / Dormant
16794,13.0,623.0,625.0,141.98923076923077,0.9941268445363921,1.7671304871792746,944.5417829200937,Champions
16795,2.0,318.0,684.0,937.21,0.8323540914219204,0.2662109472169406,1014.9653829683751,At-Risk (High Value)
16796,0.0,0.0,90.0,0.0,1.0,0.3832671840906217,,Lost / Dormant
16797,4.0,344.0,738.0,412.72249999999997,0.7060779667102446,0.36853862529924286,591.3936186419647,At-Risk (High Value)
16798,2.0,175.0,730.0,319.905,0.5473536965032865,0.1649591644433941,215.61923132087705,At-Risk (High Value)
16799,1.0,21.0,454.0,247.19,0.4469760427183389,0.12884329557663016,144.38561683256674,Lost / Dormant
16800,0.0,0.0,12.0,0.0,1.0,0.7642721777299901,,Loyal Customers
16801,3.0,110.0,274.0,289.2766666666667,0.7902526497603939,0.7651147020270257,866.0618998526612,At-Risk (High Value)
16802,1.0,51.0,731.0,323.5,0.39586673593759397,0.07451799306890293,109.4436956695297,Lost / Dormant
16803,0.0,0.0,66.0,0.0,1.0,0.4525565249597049,,Lost / Dormant
16804,1.0,247.0,271.0,418.94,0.9361147220451662,0.4158587021400031,780.0423248304385,Loyal Customers
16805,4.0,558.0,732.0,270.56,0.9469268259216331,0.4979608767010631,524.4129007248741,At-Risk (High Value)
16806,3.0,136.0,240.0,178.08333333333334,0.9026867780769424,0.9707998537752928,677.134024427486,At-Risk (High Value)
16807,5.0,481.0,624.0,369.966,0.9490020139079317,0.7006251036227005,997.0946663111284,At-Risk (High Value)
16808,1.0,175.0,275.0,121.92,0.9024444532160978,0.39621340417528234,220.93536553228944,Lost / Dormant
16809,8.0,582.0,606.0,183.2525,0.9876415344041578,1.144841756714297,796.5920834955168,Champions
16810,1.0,228.0,421.0,309.54,0.8766396312773527,0.2697749358285491,377.11906235156926,Lost / Dormant
16811,1.0,13.0,18.0,232.3,0.9372357215642152,1.662893469376386,1693.7418734021524,Loyal Customers
16812,3.0,22.0,383.0,427.4166666666667,0.09191179389816498,0.06743173261684109,113.08378775463531,At-Risk (High Value)
16813,9.0,196.0,205.0,165.19222222222223,0.9888209075453808,3.1642273726673884,1955.4667288203887,Champions
16814,35.0,593.0,608.0,332.388,0.9952475147028105,4.732821398824247,5861.345875439597,Champions
16815,1.0,83.0,537.0,177.85,0.6118981564904876,0.15215714438470995,123.61521919254685,Lost / Dormant
16816,3.0,255.0,359.0,113.76,0.9387275746657598,0.7275026417419677,327.04485537932635,At-Risk (High Value)
16817,12.0,429.0,432.0,211.63083333333336,0.9934116469197479,2.2697388032213865,1802.602536402379,Champions
16818,10.0,195.0,206.0,279.515,0.9886858165439728,3.478269196929989,3626.1891379968934,Champions
16819,0.0,0.0,466.0,0.0,1.0,0.11299209080116618,,Lost / Dormant
16820,0.0,0.0,96.0,0.0,1.0,0.3691459155546125,,Lost / Dormant
16821,0.0,0.0,382.0,0.0,1.0,0.13410383794351885,,Lost / Dormant
16822,0.0,0.0,687.0,0.0,1.0,0.0799033959863315,,Lost / Dormant
16823,6.0,510.0,738.0,345.13166666666666,0.8991622310060597,0.67035039576809,885.8474649435107,At-Risk (High Value)
16824,2.0,378.0,394.0,230.32,0.9645113103074548,0.5024558533613211,470.89174738924885,Loyal Customers
16825,4.0,496.0,535.0,365.89750000000004,0.9763230377826131,0.681398157153305,966.751845629229,At-Risk (High Value)
16826,0.0,0.0,52.0,0.0,1.0,0.505966525894642,,Loyal Customers
16827,4.0,196.0,590.0,84.6825,0.4313882783915813,0.27587525451699735,91.43216036724131,Lost / Dormant
16828,0.0,0.0,113.0,0.0,1.0,0.3342637044341831,,Lost / Dormant
16829,1.0,232.0,389.0,197.22,0.8906867931711713,0.2933225971118241,262.7583435047102,Lost / Dormant
16830,3.0,688.0,727.0,302.36,0.9728746336161668,0.40456642586284036,483.68716477593466,Loyal Customers
16831,0.0,0.0,565.0,0.0,1.0,0.0953104823885446,,Lost / Dormant
16832,4.0,274.0,459.0,76.6525,0.8801828177542758,0.7030471330095739,210.61021010036984,At-Risk (High Value)
16833,4.0,622.0,624.0,524.04,0.982367417673391,0.5973233178858829,1214.6447336294068,Champions
16834,1.0,447.0,675.0,413.46,0.8995738996570143,0.18210900551110246,340.74341330518865,Lost / Dormant
16835,5.0,441.0,570.0,247.356,0.9504926126419533,0.7612048494662812,724.3818700502949,At-Risk (High Value)
16836,3.0,535.0,575.0,187.20666666666668,0.9714761840565478,0.4996063133224691,369.9428823964176,Loyal Customers
16837,8.0,214.0,246.0,377.78,0.9770696395392089,2.4356826260037105,3454.2863058566663,Champions
16838,3.0,466.0,664.0,272.79333333333335,0.9308633620672632,0.4204486143079428,453.35193227913925,At-Risk (High Value)
16839,41.0,658.0,667.0,536.2358536585366,0.9969532274132237,5.093217731699177,10175.650428199167,Champions
16840,1.0,71.0,675.0,32.1,0.49188410721314313,0.09957661691324678,15.98807579255335,Lost / Dormant
16841,11.0,660.0,697.0,337.5190909090909,0.988176227972735,1.3582238203082735,1729.8410731703423,Champions
16842,2.0,202.0,303.0,371.81,0.9267236705025801,0.6014873649329902,904.347538529552,At-Risk (High Value)
16843,26.0,687.0,730.0,724.6476923076923,0.9875026116612099,2.973620636140161,8054.219702817518,Champions
16844,1.0,20.0,583.0,311.99,0.3533745478927435,0.08165625494259135,115.45458109333406,Lost / Dormant
16845,0.0,0.0,619.0,0.0,1.0,0.08781549608626135,,Lost / Dormant
16846,2.0,589.0,640.0,243.275,0.9607038120594801,0.32637636803795467,324.6130466011064,Loyal Customers
16847,1.0,575.0,619.0,193.44,0.9368866614037318,0.20513661520453966,181.234042180399,Loyal Customers
16848,2.0,380.0,433.0,329.83500000000004,0.9567343901375565,0.4595383070008187,615.9380734704014,At-Risk (High Value)
16849,0.0,0.0,187.0,0.0,1.0,0.23690840438650082,,Lost / Dormant
16850,0.0,0.0,334.0,0.0,1.0,0.15013576016556002,,Lost / Dormant
16851,2.0,47.0,52.0,115.68,0.9637205537710759,1.949126546856705,902.1126576919113,Loyal Customers
16852,1.0,166.0,177.0,31.85,0.9388192682575034,0.5777349700317617,90.62364014246107,Loyal Customers
16854,1.0,223.0,641.0,118.15,0.7870393148829151,0.1669747460904694,91.21026982370383,At-Risk (High Value)
16855,1.0,20.0,44.0,177.2,0.9159294941476823,1.2415820537325502,975.0942920494141,Loyal Customers
16856,2.0,428.0,443.0,87.355,0.9650133553597753,0.4544288065095505,163.85141366863738,Loyal Customers
16857,0.0,0.0,443.0,0.0,1.0,0.11808177557143663,,Lost / Dormant
16858,9.0,356.0,725.0,485.6022222222222,0.21628146571118734,0.23761458520540654,437.022631180326,At-Risk (High Value)
16859,5.0,501.0,646.0,334.928,0.9502409968873639,0.6798963743956435,876.4205016544452,At-Risk (High Value)
16860,2.0,210.0,663.0,546.75,0.6879687343583765,0.22635978910828972,504.0353548899388,At-Risk (High Value)
16861,4.0,449.0,509.0,202.2975,0.971169345005116,0.7083923318034613,556.521443406768,At-Risk (High Value)
16862,3.0,154.0,702.0,165.57666666666668,0.2995959532810888,0.12863510897824118,84.4750985159225,At-Risk (High Value)
16863,2.0,378.0,410.0,333.525,0.961234192211375,0.48395598497402614,655.4737827471444,Loyal Customers
16864,1.0,164.0,599.0,297.53,0.7359690310496173,0.16598108532801245,223.99463266222125,Lost / Dormant
16865,0.0,0.0,402.0,0.0,1.0,0.12839180398259112,,Lost / Dormant
16866,2.0,21.0,162.0,49.394999999999996,0.6862122324896519,0.7197588471942805,147.19702357551847,Lost / Dormant
16867,0.0,0.0,690.0,0.0,1.0,0.07958704723939594,,Lost / Dormant
16868,2.0,199.0,594.0,104.745,0.7206129620636645,0.2618418923198016,113.16642367202257,Lost / Dormant
16869,3.0,153.0,176.0,197.29666666666665,0.9675588807334116,1.3148543897847857,1011.271431674597,Loyal Customers
16870,0.0,0.0,470.0,0.0,1.0,0.1121514004930052,,Lost / Dormant
16871,4.0,248.0,271.0,569.33,0.9759068422612829,1.2131377727657577,2654.9059214394133,Champions
16872,5.0,386.0,464.0,219.536,0.9657256826741427,0.9277811786308289,782.2518964289408,At-Risk (High Value)
16873,11.0,664.0,669.0,1191.9972727272727,0.9928087024255992,1.416502379977094,6364.498470108823,Champions
16874,0.0,0.0,380.0,0.0,1.0,0.13470313472888507,,Lost / Dormant
16875,8.0,636.0,704.0,448.74375000000003,0.9800294449464094,0.9916310877471646,1689.3786342846308,Champions
16876,0.0,0.0,404.0,0.0,1.0,0.12784726278126235,,Lost / Dormant
16877,5.0,196.0,209.0,155.19400000000002,0.9814464702480756,1.8144182961832203,1072.620009429066,Loyal Customers
16878,0.0,0.0,85.0,0.0,1.0,0.3958899324141183,,Lost / Dormant
16880,6.0,463.0,494.0,253.17999999999998,0.9826769004391195,1.051219820352738,1015.863510833289,At-Risk (High Value)
16881,0.0,0.0,67.0,0.0,1.0,0.4491712276175015,,Loyal Customers
16882,2.0,251.0,318.0,347.61,0.9469578500115524,0.5906754007670223,831.0760234328894,Loyal Customers
16883,17.0,548.0,736.0,134.5670588235294,0.6682504858091949,1.323226019349296,668.8941449449039,At-Risk (High Value)
16884,2.0,533.0,571.0,326.535,0.9620418701161996,0.36216508321702795,482.02010593595503,Loyal Customers
16885,3.0,370.0,386.0,157.17,0.9742309322964877,0.7100182230383429,440.0523988658289,Loyal Customers
16886,0.0,0.0,457.0,0.0,1.0,0.11493053557613965,,Lost / Dormant
16887,2.0,703.0,739.0,220.45,0.9635573371450233,0.2871513932097454,259.34755095632636,Loyal Customers
16888,2.0,301.0,702.0,118.53,0.8049105064314978,0.251410011796944,122.90414125324303,Lost / Dormant
16889,5.0,371.0,566.0,434.78000000000003,0.8951390056921871,0.7214042592883753,1205.0463340007695,At-Risk (High Value)
16890,2.0,106.0,583.0,58.56,0.4566845011584374,0.16874812146441295,41.324117055162255,Lost / Dormant
16891,10.0,734.0,736.0,173.899,0.9925179806237866,1.186709517705212,781.1919537968582,Champions
16892,5.0,730.0,732.0,132.91,0.9856697622051127,0.6293477491483735,323.36891583311416,Loyal Customers
16893,1.0,10.0,377.0,291.86,0.45610565170022194,0.1542631369691912,203.204285204069,Lost / Dormant
16894,1.0,33.0,536.0,17.0,0.4409294616579108,0.1098250868462668,10.171467090255073,At-Risk (High Value)
16895,4.0,601.0,666.0,242.7575,0.9733554308699877,0.5579377744561764,526.9623997045148,At-Risk (High Value)
16896,0.0,0.0,556.0,0.0,1.0,0.09668586340513509,,Lost / Dormant
16897,1.0,14.0,314.0,76.75,0.5423246831948624,0.21373952559689888,76.45910742760937,Lost / Dormant
16898,4.0,550.0,577.0,205.9325,0.978809304229798,0.6385877317734324,511.29900966484496,Loyal Customers
16899,7.0,390.0,398.0,205.80142857142854,0.9882729596763532,1.4667512260996305,1144.8365087200586,Champions
16900,2.0,47.0,64.0,64.74000000000001,0.9533041559433357,1.7505210910196956,459.9824110054439,Loyal Customers
16901,0.0,0.0,730.0,0.0,1.0,0.07559646510504095,,Lost / Dormant
16902,0.0,0.0,117.0,0.0,1.0,0.32699537917183424,,At-Risk (High Value)
16903,2.0,386.0,416.0,310.115,0.9617641624188553,0.47820911940168936,602.5802836607392,Loyal Customers
16904,18.0,407.0,412.0,274.0938888888889,0.9950044506483567,3.4900173945654682,3568.2954797628186,Champions
16905,14.0,724.0,730.0,342.97499999999997,0.9941339300422102,1.6465883363067222,2124.1481629443024,Champions
16906,5.0,494.0,576.0,220.248,0.9697496083581766,0.7693807815076654,652.2293191584083,At-Risk (High Value)
16907,8.0,497.0,527.0,200.40625,0.9858740942539703,1.2947761296933784,983.7097586979969,Champions
16908,0.0,0.0,723.0,0.0,1.0,0.0762656674015958,,Lost / Dormant
16909,0.0,0.0,73.0,0.0,1.0,0.4298806199521016,,Lost / Dormant
16910,7.0,87.0,92.0,199.75428571428571,0.9868477072029396,4.289752131831909,3191.569731577295,Champions
16911,1.0,26.0,662.0,115.9,0.33598911756873867,0.06922964236189327,37.13015373026371,Lost / Dormant
16912,9.0,702.0,731.0,455.1677777777778,0.9884830185179413,1.0778183147902576,1858.3263520391233,Champions
16913,1.0,361.0,652.0,113.44,0.8740669202148446,0.18260261813009668,95.90723450896287,Lost / Dormant
16914,0.0,0.0,37.0,0.0,1.0,0.5792914380517176,,Loyal Customers
16915,10.0,560.0,570.0,124.343,0.9913778786647762,1.4942293299993168,702.3043045939762,Champions
16916,3.0,392.0,416.0,333.30333333333334,0.9728028570526734,0.6649455217767325,871.1122887209316,Loyal Customers
16917,1.0,356.0,633.0,391.52,0.8768101113245824,0.1881449135270834,333.313925600818,At-Risk (High Value)
16918,13.0,687.0,737.0,230.12307692307692,0.9864788518157256,1.5092685105455264,1308.323864164193,Champions
16919,21.0,321.0,478.0,236.62142857142857,0.14539372245876603,0.5202308685246165,459.2753136138379,Champions
16920,0.0,0.0,412.0,0.0,1.0,0.1257145393168938,,Lost / Dormant
16921,2.0,539.0,601.0,141.63,0.9583529712318751,0.3445792497954542,200.48136188550416,Loyal Customers
16922,0.0,0.0,573.0,0.0,1.0,0.09412037046279137,,Lost / Dormant
16923,28.0,665.0,678.0,458.3725,0.9955989785975434,3.447783590006981,5901.085531101344,Champions
16924,2.0,63.0,85.0,287.82000000000005,0.9512100556852772,1.5044282770582087,1725.0933419399037,Loyal Customers
16925,0.0,0.0,541.0,0.0,1.0,0.0990685778051008,,Lost / Dormant
16926,4.0,155.0,527.0,249.825,0.3531795912338928,0.24981140394568233,242.239245209334,At-Risk (High Value)
16927,2.0,246.0,362.0,162.475,0.9274507993454716,0.5191809242456443,344.03470462612313,At-Risk (High Value)
16928,27.0,594.0,675.0,145.61407407407407,0.9357853799210845,3.140255824475248,1708.862270448559,Champions
16929,6.0,152.0,156.0,177.70833333333334,0.9865751621992538,2.6564623731427033,1778.669288797596,Loyal Customers
16930,1.0,42.0,69.0,173.44,0.9190329028312724,1.0157443475693153,784.6144575417409,Loyal Customers
16931,21.0,392.0,398.0,238.88904761904763,0.9953222396594207,4.174197146895755,3713.135936546827,Champions
16932,2.0,518.0,572.0,159.615,0.9593165995379049,0.3605741708143732,235.96826849562484,Loyal Customers
16933,7.0,729.0,731.0,371.4942857142857,0.9895305967256797,0.8557818123338214,1211.623027966887,Champions
16934,4.0,567.0,622.0,432.1975,0.974503937758183,0.5942616691541003,996.9759523074346,At-Risk (High Value)
16935,2.0,40.0,422.0,133.425,0.3266302184444886,0.1604151106960924,87.66416638806011,Lost / Dormant
16936,1.0,360.0,386.0,262.68,0.9375812507497133,0.31080975864452415,369.1010125084672,Loyal Customers
16937,0.0,0.0,500.0,0.0,1.0,0.1062240315044401,,Lost / Dormant
16938,8.0,652.0,661.0,705.67375,0.9899393511323081,1.0608172169278112,2839.358090646749,Champions
16939,2.0,161.0,650.0,139.325,0.5774511103816876,0.19344022528996407,110.82196755365605,Lost / Dormant
16940,7.0,679.0,732.0,824.4014285714285,0.9826977459468388,0.8488089648082089,2664.816046786222,Champions
16941,0.0,0.0,612.0,0.0,1.0,0.08871986859985583,,Lost / Dormant
16942,7.0,215.0,228.0,233.65,0.9854935120407817,2.3059576108190845,2029.071595984543,Champions
16943,2.0,107.0,319.0,182.85,0.7760079794635061,0.48278963622687887,359.03293750398007,At-Risk (High Value)
16944,0.0,0.0,610.0,0.0,1.0,0.08898169308046101,,Lost / Dormant
16945,22.0,709.0,731.0,374.55500000000006,0.9936521959429276,2.5401684296383213,3561.4565611413923,Champions
16946,4.0,264.0,648.0,140.675,0.6017169017133708,0.35359200128563884,194.01060344298165,At-Risk (High Value)
16947,3.0,411.0,647.0,146.12666666666667,0.9075853430245311,0.41969238268750103,243.29590559290708,At-Risk (High Value)
16948,6.0,518.0,657.0,126.31166666666667,0.9521502879662006,0.789261402911516,382.50227920181635,At-Risk (High Value)
16949,5.0,313.0,317.0,242.36999999999998,0.9850110977623603,1.30860905075105,1212.431797990208,Loyal Customers
16950,9.0,628.0,685.0,375.7522222222222,0.9828110626736581,1.1371807279237525,1617.993061989369,Champions
16951,2.0,170.0,305.0,111.98,0.8984736429835719,0.5800166580233299,265.6812055605932,At-Risk (High Value)
16952,3.0,619.0,729.0,182.24666666666667,0.9614762063937816,0.39882209874529306,288.17731939811705,At-Risk (High Value)
16953,0.0,0.0,31.0,0.0,1.0,0.6149735233383807,,Lost / Dormant
16954,18.0,690.0,691.0,313.2638888888889,0.9957925464095096,2.207083092365997,2591.9103290806847,Champions
16955,5.0,493.0,678.0,199.804,0.9320492810868668,0.6382398038400217,491.7477906939151,At-Risk (High Value)
16956,0.0,0.0,18.0,0.0,1.0,0.7098055618822706,,Loyal Customers
16957,1.0,42.0,282.0,301.8,0.6965487835509143,0.2996839133036393,406.53880233355426,Lost / Dormant
16958,0.0,0.0,436.0,0.0,1.0,0.11972312675328242,,Lost / Dormant
16959,0.0,0.0,88.0,0.0,1.0,0.38821816374401535,,Lost / Dormant
16960,7.0,609.0,648.0,228.21428571428572,0.9842632682161446,0.9500296140416475,826.1535199419288,At-Risk (High Value)
16961,2.0,416.0,533.0,316.255,0.9434667789154187,0.3776589148529432,486.5634664272945,At-Risk (High Value)
16962,0.0,0.0,410.0,0.0,1.0,0.12624101826876008,,Lost / Dormant
16963,0.0,0.0,188.0,0.0,1.0,0.2359801177741616,,Lost / Dormant
16964,0.0,0.0,734.0,0.0,1.0,0.07521931127210389,,Lost / Dormant
16965,0.0,0.0,227.0,0.0,1.0,0.20470410916227966,,Lost / Dormant
16966,6.0,232.0,241.0,289.84166666666664,0.9855102404784958,1.9205423133381565,2106.307483309404,Champions
16967,0.0,0.0,190.0,0.0,1.0,0.2341452276828222,,Lost / Dormant
16968,1.0,103.0,108.0,186.12,0.9404506920469234,0.8072071851913135,671.72594839104,Loyal Customers
16969,2.0,152.0,192.0,126.52499999999999,0.9499487620884041,0.8808844281997492,452.3222841647141,Loyal Customers
16970,0.0,0.0,627.0,0.0,1.0,0.08680424951507873,,Lost / Dormant
16971,0.0,0.0,39.0,0.0,1.0,0.5683042828276013,,Loyal Customers
16972,1.0,74.0,457.0,493.45000000000005,0.6429743144369316,0.18428032616375914,409.2425322328158,Lost / Dormant
16973,0.0,0.0,387.0,0.0,1.0,0.13262868117432405,,Lost / Dormant
16974,1.0,42.0,565.0,276.25,0.458154119030467,0.10888183106048314,136.4756262064509,Lost / Dormant
16975,2.0,82.0,506.0,305.56,0.43976183916918316,0.1843235500403967,229.3668828417572,At-Risk (High Value)
16976,0.0,0.0,268.0,0.0,1.0,0.17967653664212788,,Lost / Dormant
16977,2.0,236.0,632.0,177.89999999999998,0.7593757200723366,0.26093144657863204,190.28376414208228,Lost / Dormant
16978,1.0,589.0,667.0,344.33,0.9321610697269724,0.19076156883343617,297.74920597272677,Loyal Customers
16979,8.0,447.0,451.0,319.26125,0.990336750982025,1.491471619950058,1800.7419152026002,Champions
16980,2.0,173.0,429.0,539.48,0.8085286506254968,0.39148320789924246,856.2881400522087,At-Risk (High Value)
16982,0.0,0.0,61.0,0.0,1.0,0.47028142245978793,,Loyal Customers
16983,10.0,434.0,447.0,354.06,0.9904288703768248,1.8500464230000073,2465.1355290674637,Champions
16984,8.0,554.0,643.0,1117.2275,0.9715431180819785,1.0674961205333082,4521.380795766382,Champions
16985,16.0,712.0,730.0,646.438125,0.9932603816136781,1.8694440823226903,4536.5432363546815,Champions
16986,5.0,644.0,674.0,162.436,0.9821868167829396,0.6762025811421614,423.8953850524405,Champions
16987,9.0,734.0,738.0,261.78222222222223,0.9915358810282604,1.0717465766620529,1063.5577507776463,Champions
16988,1.0,374.0,380.0,126.12,0.9419227163698326,0.3164381547528717,183.10114360922262,Loyal Customers
16989,5.0,143.0,151.0,55.10999999999999,0.9825362786413593,2.3004190785983543,485.02470505970194,Loyal Customers
16990,1.0,204.0,423.0,179.0,0.8594540041993002,0.26340729706166,214.77654429728494,Lost / Dormant
16991,0.0,0.0,422.0,0.0,1.0,0.12314669742831268,,Lost / Dormant
16992,12.0,656.0,667.0,446.8016666666667,0.9926127043204188,1.5417797338663715,2594.1882029410735,Champions
16993,1.0,113.0,577.0,1231.15,0.6588566209374379,0.1536633870901494,849.7724673211172,At-Risk (High Value)
16996,7.0,387.0,418.0,246.13000000000002,0.9830100524391365,1.3987706111342086,1305.8825240996966,Champions
16997,2.0,37.0,326.0,156.0,0.446728392777829,0.2729799659391709,173.5405238340099,At-Risk (High Value)
16998,3.0,295.0,445.0,98.33333333333333,0.922974075058144,0.5951565695111671,232.2270317097934,At-Risk (High Value)
16999,1.0,51.0,75.0,238.99,0.9235667312887145,0.9774701833790886,1035.4175514135482,Loyal Customers
17000,1.0,12.0,409.0,214.58,0.438211634274868,0.13825208741926281,134.62782618856667,Lost / Dormant
17001,17.0,624.0,625.0,356.68,0.9955456124908613,2.2875198358114917,3057.55951430997,Champions
17002,5.0,556.0,642.0,471.038,0.9709277150192219,0.6986164527300825,1265.6449781434703,At-Risk (High Value)
17003,2.0,176.0,579.0,342.9,0.6823399051805252,0.2536900131044558,354.52236870578565,At-Risk (High Value)
17004,3.0,378.0,425.0,618.51,0.9675279969648477,0.6492437213732806,1576.047443295242,At-Risk (High Value)
17005,1.0,118.0,589.0,288.61,0.6623517796470249,0.1516542508442748,198.56577147306956,Lost / Dormant
17006,7.0,640.0,645.0,207.93,0.9891620102843414,0.9587804759214721,759.7954168865383,Champions
17007,5.0,387.0,438.0,177.98600000000002,0.9743569806452539,0.9842664436416956,672.9205096580112,At-Risk (High Value)
17008,0.0,0.0,430.0,0.0,1.0,0.12116677104331693,,Lost / Dormant
17009,0.0,0.0,552.0,0.0,1.0,0.09730997151204959,,Lost / Dormant
17010,0.0,0.0,19.0,0.0,1.0,0.7014781217202624,,Loyal Customers
17011,2.0,621.0,652.0,169.58999999999997,0.963707591707479,0.3219345107077634,223.98269695105694,Loyal Customers
17012,0.0,0.0,726.0,0.0,1.0,0.0759774208574309,,Lost / Dormant
17014,2.0,58.0,67.0,199.14,0.9610988686429022,1.7251358684570064,1368.9257257114866,Loyal Customers
17015,2.0,157.0,186.0,659.03,0.9555489286552786,0.907105842485781,2396.903928264175,Loyal Customers
17016,0.0,0.0,577.0,0.0,1.0,0.09353639381938082,,Lost / Dormant
17017,21.0,734.0,737.0,658.7195238095237,0.9961747798292867,2.4161115840984086,5959.09234798076,Champions
17018,5.0,694.0,735.0,387.21999999999997,0.9810431446850313,0.6240509242673972,930.812502432313,At-Risk (High Value)
17019,9.0,726.0,738.0,420.00444444444446,0.9906775340742371,1.0708187933844486,1703.8930173118333,Champions
17020,1.0,104.0,647.0,618.76,0.5981563214373246,0.12583633782240627,351.1836352971116,Lost / Dormant
17021,5.0,147.0,590.0,176.098,0.10222839088250234,0.07937796360827777,53.85995327795513,At-Risk (High Value)
17022,1.0,401.0,433.0,71.0,0.9368896788204025,0.2814001218095115,93.83662656286702,Loyal Customers
17023,2.0,280.0,698.0,328.91499999999996,0.7812464893931635,0.2452941364745554,329.4713733021464,At-Risk (High Value)
17024,2.0,112.0,158.0,32.3,0.9414085524340134,1.0050046206426904,136.92049320568216,Loyal Customers
17025,3.0,581.0,642.0,220.64666666666668,0.9687398223972232,0.451130291964238,393.74400874247897,At-Risk (High Value)
17026,2.0,232.0,418.0,93.99,0.8903941932519046,0.4408972931733403,170.6844628567339,Lost / Dormant
17027,7.0,651.0,730.0,169.60857142857142,0.9773358977607094,0.8462957987641052,547.962016625744,At-Risk (High Value)
17028,2.0,140.0,722.0,642.96,0.44864457293878224,0.13658110034221335,357.73932048866936,At-Risk (High Value)
17029,6.0,553.0,664.0,289.3566666666667,0.9649685623237855,0.7922280212582484,877.2135167418194,At-Risk (High Value)
17030,0.0,0.0,64.0,0.0,1.0,0.45948311220653343,,Lost / Dormant
17031,5.0,570.0,582.0,183.37,0.984309209102919,0.773713213657282,546.5009408153173,Champions
17032,4.0,182.0,730.0,521.88,0.1913851677132589,0.10089631860657733,204.6151438096746,At-Risk (High Value)
17033,3.0,311.0,398.0,343.37999999999994,0.9525425183603479,0.6762979937194846,912.2120235589888,At-Risk (High Value)
17034,4.0,497.0,514.0,271.4925,0.9800495200225996,0.7087184333620563,746.4302095604196,Loyal Customers
17035,3.0,491.0,737.0,186.33,0.9182225455091514,0.3770915127857625,278.5658211723798,At-Risk (High Value)
17036,0.0,0.0,384.0,0.0,1.0,0.13350985286646788,,Lost / Dormant
17037,0.0,0.0,88.0,0.0,1.0,0.38821816374401535,,Loyal Customers
17038,1.0,385.0,416.0,112.4,0.936868776177027,0.29129272520614014,150.90109923345855,Loyal Customers
17039,0.0,0.0,605.0,0.0,1.0,0.08964306722849263,,Lost / Dormant
17040,1.0,413.0,551.0,449.73,0.9156238117245787,0.22252775536350286,451.6492557575146,Lost / Dormant
17041,4.0,574.0,601.0,366.4675,0.9789624629297462,0.6157445439524384,875.9626646002207,Loyal Customers
17042,4.0,245.0,248.0,192.79250000000002,0.9818124960390774,1.3096351711147158,972.5228294276736,Loyal Customers
17043,7.0,698.0,731.0,319.4557142857143,0.9858366837646239,0.8525871829419908,1038.2506250258637,Champions
17044,10.0,707.0,733.0,1097.182,0.9896511737881787,1.1877187934201103,4923.9969761286375,Champions
17045,4.0,316.0,430.0,116.76,0.943105215311886,0.7972590898876191,362.05271349690616,At-Risk (High Value)
17046,3.0,463.0,621.0,515.5433333333334,0.9428214423878903,0.45245864960096094,919.4768521465412,At-Risk (High Value)
17047,4.0,646.0,732.0,491.64500000000004,0.9706796512090548,0.5104517866430638,975.3390196881275,At-Risk (High Value)
17048,6.0,573.0,691.0,309.69166666666666,0.963935964587469,0.763194601063872,904.6474873366524,At-Risk (High Value)
17049,15.0,643.0,646.0,621.796,0.9947562178269213,1.9672768137250336,4590.614508917418,Champions
17050,10.0,586.0,683.0,439.025,0.9686259675290533,1.2399795520875625,2056.7708082354948,At-Risk (High Value)
17051,3.0,434.0,629.0,182.24666666666667,0.9277249784192622,0.4400977136279854,317.5760709628556,At-Risk (High Value)
17052,0.0,0.0,29.0,0.0,1.0,0.627870354986633,,Loyal Customers
17053,0.0,0.0,131.0,0.0,1.0,0.3038738883847922,,Lost / Dormant
17054,4.0,217.0,246.0,260.565,0.9727432906691708,1.3058331684300082,1308.8172290683976,Loyal Customers
17055,0.0,0.0,446.0,0.0,1.0,0.11739204141407238,,Lost / Dormant
17056,0.0,0.0,739.0,0.0,1.0,0.0747531292470527,,Lost / Dormant
17057,0.0,0.0,597.0,0.0,1.0,0.09072196711881027,,Lost / Dormant
17058,2.0,158.0,240.0,298.58500000000004,0.928068579645294,0.7259849084107565,875.0028473395816,At-Risk (High Value)
17059,8.0,653.0,683.0,646.52875,0.9871549063544822,1.0268060298474706,2518.8578904798055,Champions
17060,0.0,0.0,267.0,0.0,1.0,0.18021387283407242,,Lost / Dormant
17061,8.0,159.0,233.0,397.97,0.9012279573807976,2.344054980348997,3499.3854869468023,Champions
17062,5.0,126.0,440.0,200.494,0.21586201528678967,0.2171972018642506,167.20170092817875,At-Risk (High Value)
17063,9.0,717.0,739.0,373.32444444444445,0.9894714725828747,1.0681883358754773,1511.0007649362128,Champions
17064,2.0,269.0,328.0,355.75,0.9508090370421779,0.5780643708164895,832.5966233150613,Loyal Customers
17065,0.0,0.0,638.0,0.0,1.0,0.08545122999185162,,Lost / Dormant
17066,0.0,0.0,727.0,0.0,1.0,0.07588182234889457,,Lost / Dormant
17067,1.0,7.0,732.0,227.72,0.22582907623590118,0.0424569107707711,44.103104144952795,Lost / Dormant
17068,46.0,609.0,622.0,193.34521739130432,0.9960427323251974,6.071408214805163,4369.965144201032,Champions
17069,11.0,708.0,737.0,481.2481818181819,0.9898200730505946,1.2928012876277803,2348.0854685165054,Champions
17070,1.0,296.0,411.0,312.14,0.9125890558446091,0.286710130679124,404.0048567551699,Lost / Dormant
17071,11.0,656.0,685.0,317.5627272727273,0.9895082059914566,1.3817565137678303,1655.6152832586163,Champions
17072,0.0,0.0,626.0,0.0,1.0,0.08692937950979793,,Lost / Dormant
17073,3.0,92.0,110.0,330.34999999999997,0.9665652025756136,1.8043030074827946,2303.76223092037,Loyal Customers
17074,0.0,0.0,563.0,0.0,1.0,0.09561272928497151,,Lost / Dormant
17075,9.0,708.0,726.0,228.2255555555556,0.9899376798565636,1.086209718397336,939.8247890234624,Champions
17076,5.0,699.0,736.0,235.01399999999998,0.9815966177728971,0.6236255317196739,565.2528041052377,At-Risk (High Value)
17077,0.0,0.0,579.0,0.0,1.0,0.09324711533168688,,Lost / Dormant
17078,0.0,0.0,37.0,0.0,1.0,0.5792914380517176,,Loyal Customers
17079,0.0,0.0,79.0,0.0,1.0,0.41218353577027816,,Lost / Dormant
17080,6.0,504.0,527.0,112.41333333333334,0.984553019835899,0.9947162734188189,428.3847664745965,Loyal Customers
17081,5.0,630.0,656.0,170.302,0.9826492194867023,0.693361263861848,455.4934371536886,Loyal Customers
17082,4.0,691.0,725.0,955.9575,0.9787110682604625,0.5192232585508165,1927.1255396122967,Champions
17083,8.0,559.0,669.0,437.61125,0.9639861618883516,1.0217783523890929,1696.8417476525626,At-Risk (High Value)
17084,1.0,361.0,397.0,2949.75,0.9354157523731104,0.30274419257216406,3987.5532750947336,At-Risk (High Value)
17085,24.0,610.0,734.0,320.80875,0.8331823653523927,2.309180555166207,2771.3929912486374,Champions
17086,5.0,56.0,64.0,327.52200000000005,0.979741267531906,3.8239056314684348,4690.740411585753,Loyal Customers
17087,0.0,0.0,738.0,0.0,1.0,0.07484590271689621,,Lost / Dormant
17088,3.0,225.0,254.0,325.06,0.9681459562984132,0.9957697049659973,1264.7636491876626,Loyal Customers
17089,0.0,0.0,387.0,0.0,1.0,0.13262868117432405,,Lost / Dormant
17090,11.0,504.0,509.0,235.33818181818185,0.9926468800145049,1.8096816723218128,1603.0295746462298,Champions
17091,16.0,721.0,724.0,470.9125,0.9950909068276663,1.8870954337399777,3336.1651839042534,Champions
17092,9.0,625.0,676.0,589.7444444444444,0.984031762934907,1.1523840743910887,2572.0788617869102,Champions
17093,0.0,0.0,593.0,0.0,1.0,0.09127121745161292,,Lost / Dormant
17094,1.0,101.0,424.0,302.0,0.7303626514169113,0.22338744861440607,304.7824699028638,Lost / Dormant
17095,6.0,702.0,725.0,378.39166666666665,0.9855463917975006,0.7468108925298823,1081.6601529793202,Champions
17096,10.0,540.0,556.0,312.32800000000003,0.9903909502913638,1.526286668569934,1798.2670470012492,Champions
17097,7.0,428.0,431.0,161.3057142857143,0.9892437421256045,1.370891783113464,840.0020120358686,Champions
17098,2.0,159.0,541.0,145.8,0.6750070337222617,0.26664349601959464,159.47699237918414,Lost / Dormant
17099,0.0,0.0,534.0,0.0,1.0,0.1002211816620622,,Lost / Dormant
17100,0.0,0.0,19.0,0.0,1.0,0.7014781217202624,,Loyal Customers
17101,6.0,540.0,551.0,389.77500000000003,0.9866026583956444,0.9580791023488135,1425.7288366009495,Champions
17102,0.0,0.0,262.0,0.0,1.0,0.1829495377236273,,Lost / Dormant
17103,0.0,0.0,723.0,0.0,1.0,0.0762656674015958,,Lost / Dormant
17104,0.0,0.0,424.0,0.0,1.0,0.12264567161102308,,Lost / Dormant
17105,1.0,147.0,307.0,346.38,0.8659542150352711,0.34767281409237705,541.0592122196679,Lost / Dormant
17106,0.0,0.0,390.0,0.0,1.0,0.13175907064372394,,Lost / Dormant
17107,8.0,644.0,678.0,1807.6287499999999,0.9864878169212684,1.0329982423786732,7081.233686008641,Champions
17108,0.0,0.0,664.0,0.0,1.0,0.08241493191532304,,Lost / Dormant
17109,5.0,468.0,498.0,222.154,0.9808111331813387,0.8855733214662358,756.1007360618456,At-Risk (High Value)
17110,2.0,445.0,611.0,156.8,0.9336057356846276,0.3307319320482741,212.80425608673568,Lost / Dormant
17111,1.0,378.0,426.0,248.61,0.9331815170802424,0.2842639804865688,320.1216236896098,Loyal Customers
17112,0.0,0.0,503.0,0.0,1.0,0.10566558492565552,,Lost / Dormant
17113,4.0,123.0,698.0,451.7425,0.07373381466237257,0.04049739790020564,71.0819114831309,At-Risk (High Value)
17114,7.0,329.0,335.0,95.19714285714285,0.9884770508273628,1.697018283318588,613.3042252372309,Loyal Customers
17115,6.0,726.0,735.0,387.89000000000004,0.9871826463570893,0.7387247009380896,1096.890247767814,Champions
17116,0.0,0.0,649.0,0.0,1.0,0.08413975164164131,,Lost / Dormant
17117,0.0,0.0,289.0,0.0,1.0,0.16908959221530812,,Lost / Dormant
17118,0.0,0.0,318.0,0.0,1.0,0.15636752506156662,,Lost / Dormant
17119,1.0,56.0,60.0,59.66,0.9401405737579293,1.1130308874439052,307.05721080341397,Loyal Customers
17120,0.0,0.0,234.0,0.0,1.0,0.1999484941807899,,Lost / Dormant
17121,0.0,0.0,403.0,0.0,1.0,0.128118954491169,,Lost / Dormant
17122,3.0,380.0,500.0,156.16,0.9472021376020215,0.5515424171414112,340.6275047730981,At-Risk (High Value)
17123,2.0,411.0,573.0,379.905,0.931727705012461,0.34965744343306265,541.0262830701917,At-Risk (High Value)
17124,0.0,0.0,186.0,0.0,1.0,0.23784403317646227,,Lost / Dormant
17125,0.0,0.0,51.0,0.0,1.0,0.5102700998122855,,Loyal Customers
17126,6.0,313.0,466.0,296.815,0.8953473329970828,1.008114373560246,1141.0054869854368,At-Risk (High Value)
17127,4.0,307.0,736.0,254.27000000000004,0.6091834093860765,0.31875612442914397,315.56095308434084,At-Risk (High Value)
17128,0.0,0.0,335.0,0.0,1.0,0.149762736716463,,Lost / Dormant
17129,0.0,0.0,521.0,0.0,1.0,0.10243448118616932,,Lost / Dormant
17131,3.0,70.0,76.0,557.8000000000001,0.9735170334048295,2.2510073464643634,4824.500501038374,Loyal Customers
17132,1.0,36.0,489.0,596.63,0.4874700810648346,0.13167511242094962,353.3781176948449,At-Risk (High Value)
17133,10.0,613.0,629.0,819.9190000000001,0.9906699885778688,1.3665891203716103,4228.653716484331,Champions
17134,2.0,336.0,443.0,212.5,0.9407082664484184,0.44298343895608416,383.8052717961392,At-Risk (High Value)
17135,7.0,563.0,580.0,254.35142857142858,0.9874181924764398,1.0532356489801333,1019.5048009756966,Champions
17136,0.0,0.0,663.0,0.0,1.0,0.0825277163561416,,Lost / Dormant
17137,4.0,261.0,678.0,183.3275,0.5441075152125122,0.3068655095854948,219.1797717622208,At-Risk (High Value)
17138,6.0,398.0,674.0,448.115,0.7848923404516064,0.6356923605301045,1089.4041768385932,At-Risk (High Value)
17139,17.0,682.0,698.0,1117.0270588235294,0.9936944462858227,2.065386096785658,8650.453929223375,Champions
17140,0.0,0.0,248.0,0.0,1.0,0.19107131569064217,,Lost / Dormant
17141,1.0,266.0,685.0,347.89,0.8083543368125251,0.16146763621644986,254.66868020044058,At-Risk (High Value)
17142,3.0,445.0,685.0,352.75,0.9127105482455826,0.40073999159146106,558.3399442627801,At-Risk (High Value)
17143,1.0,98.0,516.0,262.6,0.6631153520250753,0.17082926435995813,203.48516515940565,Lost / Dormant
17144,1.0,83.0,85.0,388.68,0.9419300535899298,0.9311194442668035,1596.9960547288629,Loyal Customers
17145,2.0,146.0,659.0,1111.94,0.5236007261297704,0.1732272568210331,783.0717275076405,At-Risk (High Value)
17146,12.0,570.0,676.0,403.05333333333334,0.9582479476620955,1.4703740395661031,2232.2266214699566,Champions
17147,8.0,675.0,698.0,368.79375,0.9882437747578677,1.007784658637061,1411.2191337246945,Champions
17148,0.0,0.0,52.0,0.0,1.0,0.505966525894642,,Lost / Dormant
17149,0.0,0.0,452.0,0.0,1.0,0.11603647673936761,,Lost / Dormant
17150,5.0,357.0,734.0,247.28000000000003,0.6497703498519957,0.4138410600651791,394.611772424836,At-Risk (High Value)
17151,0.0,0.0,736.0,0.0,1.0,0.07503214233082396,,Lost / Dormant
17152,2.0,231.0,426.0,592.03,0.8851122831352393,0.4311716019161098,1034.5679815325002,At-Risk (High Value)
17153,0.0,0.0,25.0,0.0,1.0,0.6553676864757532,,Loyal Customers
17154,0.0,0.0,76.0,0.0,1.0,0.420845519774723,,Lost / Dormant
17155,6.0,719.0,737.0,124.89999999999999,0.9861837114766544,0.736141663374893,353.14539625685944,Loyal Customers
17156,0.0,0.0,492.0,0.0,1.0,0.10774250361469907,,Lost / Dormant
17157,17.0,728.0,736.0,282.32823529411763,0.9948183617240158,1.969874423908043,2087.4236857422056,Champions
17158,4.0,610.0,643.0,420.375,0.9783426626436023,0.5789597136148903,945.0837779694922,At-Risk (High Value)
17159,4.0,624.0,646.0,459.57250000000005,0.9799008915464102,0.5774423889742468,1030.3509170222276,Loyal Customers
17160,16.0,704.0,736.0,586.45125,0.990938956249477,1.8511394988543455,4075.699386242334,Champions
17161,0.0,0.0,445.0,0.0,1.0,0.11762105538033417,,Lost / Dormant
17162,5.0,277.0,306.0,258.21,0.9777336632428989,1.3372585324946689,1319.1363936875014,Champions
17163,3.0,654.0,676.0,186.17999999999998,0.9747807679993403,0.433175889936111,319.49546654016007,Loyal Customers
17164,4.0,241.0,274.0,460.055,0.9721787351102462,1.1978673867091008,2119.437680457241,At-Risk (High Value)
17165,5.0,444.0,729.0,283.73199999999997,0.8480339050193468,0.5435079664865581,594.3879219187002,At-Risk (High Value)
17166,1.0,165.0,204.0,78.75,0.9273051711565153,0.5137813099707724,187.28490244804533,Loyal Customers
17167,2.0,66.0,446.0,304.71000000000004,0.4364956126643875,0.20434590488687981,253.23005217759265,At-Risk (High Value)
17168,0.0,0.0,499.0,0.0,1.0,0.10641149487595519,,Lost / Dormant
17169,2.0,521.0,579.0,417.89,0.9587071687046527,0.35644175629398717,606.464397966945,Loyal Customers
17170,1.0,15.0,390.0,106.2,0.471257523419656,0.15485595831523868,75.87886531945716,Lost / Dormant
17171,1.0,372.0,662.0,224.91,0.8762006141025908,0.1805387495598979,185.0866100559705,Lost / Dormant
17172,2.0,648.0,727.0,309.875,0.957562834745616,0.2896762732408103,366.8211289799741,At-Risk (High Value)
17173,6.0,126.0,132.0,550.6366666666667,0.9854002877235802,2.973978392328053,6142.427929807521,Champions
17174,0.0,0.0,218.0,0.0,1.0,0.21116174842408802,,Lost / Dormant
17175,3.0,252.0,297.0,308.2033333333333,0.9636133870214905,0.8739981237799982,1054.831699716133,At-Risk (High Value)
17176,2.0,476.0,678.0,307.99,0.9274793317038088,0.2990229234571828,376.12924561054706,At-Risk (High Value)
17177,0.0,0.0,506.0,0.0,1.0,0.10511298141965515,,Lost / Dormant
17178,0.0,0.0,732.0,0.0,1.0,0.07540741651532151,,Lost / Dormant
17179,5.0,384.0,563.0,262.81800000000004,0.9120127331298732,0.7385026500605681,746.486881358722,At-Risk (High Value)
17180,9.0,631.0,688.0,231.48000000000002,0.9828646819549971,1.1327242350370201,993.5626955404957,At-Risk (High Value)
17181,2.0,538.0,596.0,197.72000000000003,0.9589761001973663,0.34740272891551804,281.11740360747365,Loyal Customers
17182,1.0,296.0,719.0,142.8,0.8191494393175672,0.15654968929511856,102.92822170154196,Lost / Dormant
17183,5.0,98.0,106.0,603.528,0.9815049662728227,2.897347821823825,6580.05618169743,Champions
17184,1.0,161.0,731.0,147.86,0.668108781141158,0.12576486226970707,85.55689371331837,Lost / Dormant
17185,1.0,7.0,599.0,105.71000000000001,0.2836195917476361,0.06396395184104796,31.351947978185056,Lost / Dormant
17186,1.0,14.0,61.0,72.0,0.8828450367873885,1.0369960637287445,341.8595155753479,Loyal Customers
17187,1.0,300.0,527.0,203.95,0.8806976890512305,0.22268275741537705,206.87849985536624,Lost / Dormant
17188,11.0,720.0,732.0,387.7190909090909,0.9920787255503131,1.3038593822852955,1908.1360505449782,Champions
17189,4.0,631.0,738.0,181.79250000000002,0.9665888871659192,0.5045127542576868,357.6138981605913,At-Risk (High Value)
17190,4.0,586.0,645.0,333.945,0.9741168409726109,0.5748400045588727,745.8748268920674,At-Risk (High Value)
17191,11.0,710.0,739.0,415.8463636363636,0.9898310740997707,1.2896078792800512,2024.2357336657535,Champions
17192,0.0,0.0,537.0,0.0,1.0,0.09972393981232844,,Lost / Dormant
17193,6.0,702.0,738.0,377.50666666666666,0.9839081435889171,0.7335308253731937,1060.1050144794679,Champions
17194,1.0,170.0,531.0,226.78,0.7771852120785526,0.1951960911631158,201.29694880851267,Lost / Dormant
17195,0.0,0.0,656.0,0.0,1.0,0.08332593631663307,,Lost / Dormant
17196,0.0,0.0,428.0,0.0,1.0,0.12165575724505952,,Lost / Dormant
17197,0.0,0.0,30.0,0.0,1.0,0.621354670464213,,Loyal Customers
17198,2.0,348.0,372.0,334.93,0.9625343723520617,0.526548932071152,715.333692603281,Loyal Customers
17199,0.0,0.0,583.0,0.0,1.0,0.09267389468875226,,Lost / Dormant
17200,1.0,265.0,653.0,191.65,0.8186498027990544,0.1707879374361788,149.59644114866472,Lost / Dormant
17201,3.0,614.0,668.0,250.24,0.9702310139074873,0.43584570631934816,431.29871820827935,At-Risk (High Value)
17202,0.0,0.0,421.0,0.0,1.0,0.12339874925113072,,Lost / Dormant
17203,3.0,353.0,389.0,1187.95,0.9695679544578923,0.7019713692840907,3266.4830502932473,Champions
17204,6.0,372.0,548.0,862.84,0.896319677036807,0.8746518880054536,2878.642818987553,At-Risk (High Value)
17205,2.0,511.0,565.0,362.2,0.9592087309936412,0.3645255219244026,537.7967400314743,Loyal Customers
17206,0.0,0.0,54.0,0.0,1.0,0.49757439037601214,,Lost / Dormant
17207,0.0,0.0,653.0,0.0,1.0,0.08367277816898502,,Lost / Dormant
17208,0.0,0.0,396.0,0.0,1.0,0.1300536343364795,,Lost / Dormant
17209,2.0,87.0,737.0,145.6,0.25715082871743455,0.07682452999766005,46.02188391983857,Lost / Dormant
17210,0.0,0.0,393.0,0.0,1.0,0.13090079512637745,,Lost / Dormant
17211,12.0,700.0,727.0,304.99333333333334,0.9905532333305556,1.4223200612973546,1635.358871985185,Champions
17212,2.0,233.0,487.0,172.945,0.8514984415611401,0.36913685318277767,261.0768570302857,At-Risk (High Value)
17213,11.0,684.0,725.0,443.41818181818184,0.9876862497470307,1.3095587703862352,2191.3793816968164,Champions
17214,5.0,299.0,360.0,179.61399999999998,0.9665612053129314,1.154761304644794,794.9115005326503,At-Risk (High Value)
17215,0.0,0.0,465.0,0.0,1.0,0.11320423716999325,,Lost / Dormant
17216,0.0,0.0,555.0,0.0,1.0,0.09684113848296752,,Lost / Dormant
17217,1.0,385.0,620.0,113.5,0.8914448123820035,0.19490290468747656,102.36928503987059,Lost / Dormant
17218,17.0,679.0,684.0,223.70235294117649,0.9951142261978903,2.1068941279392033,1768.2715678890816,Champions
17219,1.0,385.0,417.0,114.23,0.9366627910435671,0.2906272782497332,152.93388592562758,Loyal Customers
17220,13.0,664.0,689.0,317.75,0.9910715112442274,1.6125637016625003,1928.3906606447001,Champions
17221,3.0,600.0,608.0,192.14333333333335,0.9763725820882072,0.4775817158141654,363.09596704837975,Loyal Customers
17222,5.0,633.0,699.0,278.97200000000004,0.9766169528097282,0.650427085115829,699.1592288742672,At-Risk (High Value)
17223,2.0,65.0,376.0,324.81499999999994,0.5295488019188913,0.2870714843853712,378.3305846009066,At-Risk (High Value)
17224,0.0,0.0,502.0,0.0,1.0,0.10585107999303085,,Lost / Dormant
17225,0.0,0.0,582.0,0.0,1.0,0.09281653794419487,,Lost / Dormant
17226,2.0,357.0,666.0,237.245,0.8729353110879091,0.28604354130954174,277.6036162205363,At-Risk (High Value)
17227,11.0,675.0,694.0,164.90272727272728,0.9910865111191486,1.3675937934988516,851.8385208187611,Champions
17228,12.0,622.0,638.0,254.09833333333333,0.9918417682644521,1.603952064220958,1535.0138630347303,Champions
17229,1.0,46.0,143.0,161.05,0.8521469784793457,0.6093600585589521,441.7287367452092,Lost / Dormant
17230,13.0,467.0,732.0,738.4330769230769,0.40983819062075555,0.6309577765958783,1753.5019594803591,Champions
17231,21.0,720.0,733.0,329.1280952380952,0.9949694009811808,2.4252538210773653,2989.381457116964,Champions
17232,1.0,12.0,15.0,213.48,0.9395770435483788,1.728761421427369,1619.1222299794194,Loyal Customers
17233,2.0,689.0,725.0,190.75,0.9634790958834997,0.2922017949912233,228.61085207549866,Loyal Customers
17234,0.0,0.0,183.0,0.0,1.0,0.24069585521537493,,Lost / Dormant
17235,7.0,528.0,554.0,255.3642857142857,0.9857734165538312,1.0955023689426842,1064.1594422315654,Champions
17236,11.0,630.0,643.0,154.31545454545454,0.9917636087204745,1.4668266914760733,854.5330933046548,Champions
17237,3.0,370.0,382.0,139.99333333333334,0.9750413051136144,0.7169389931017726,396.11070460317876,Loyal Customers
17238,28.0,736.0,739.0,268.98214285714283,0.9970443096832082,3.191471579213706,3208.423429676231,Champions
17239,3.0,214.0,527.0,293.6666666666667,0.730271984858421,0.40590235371046807,469.94784399060626,At-Risk (High Value)
17240,0.0,0.0,597.0,0.0,1.0,0.09072196711881027,,Lost / Dormant
17241,10.0,277.0,663.0,220.234,0.040443868678844745,0.05319231509202315,44.285817335304294,At-Risk (High Value)
17242,4.0,576.0,685.0,612.005,0.9643987499201724,0.5388392283110714,1280.4140357101198,At-Risk (High Value)
17243,65.0,737.0,739.0,311.2667692307692,0.9986438781874518,7.3221040359676275,8485.822692473026,Champions
17244,2.0,680.0,734.0,782.6949999999999,0.9612184425705569,0.2882418575018848,918.7196718316503,At-Risk (High Value)
17245,1.0,485.0,690.0,171.45,0.9071038311376011,0.17999655544451879,141.43391120898485,Lost / Dormant
17246,1.0,192.0,739.0,15.44,0.710677304075411,0.1324508264299199,11.37846462834481,Lost / Dormant
17247,0.0,0.0,16.0,0.0,1.0,0.7270719474876653,,Loyal Customers
17248,1.0,361.0,482.0,318.65,0.916082837144496,0.25060512110738814,361.0701844990809,Lost / Dormant
17249,0.0,0.0,429.0,0.0,1.0,0.12141077157673207,,Lost / Dormant
17250,1.0,258.0,262.0,221.87,0.9420375892385237,0.4299350932200727,430.21859829152885,Loyal Customers
17251,2.0,362.0,725.0,253.015,0.8520938670220302,0.2584211307838858,267.54499745296124,At-Risk (High Value)
17252,1.0,70.0,187.0,11.9,0.8531491141968429,0.5043381132329472,34.73687528506376,Lost / Dormant
17253,0.0,0.0,19.0,0.0,1.0,0.7014781217202624,,Loyal Customers
17254,2.0,397.0,402.0,136.22,0.9667080830705171,0.4950120349483665,275.9508226447851,Loyal Customers
17255,3.0,406.0,447.0,139.32666666666668,0.969478249123376,0.6227115101687797,343.0355241986663,Loyal Customers
17256,3.0,493.0,601.0,115.09999999999998,0.9574973463115884,0.47325578078440333,216.43109408491236,At-Risk (High Value)
17257,0.0,0.0,437.0,0.0,1.0,0.11948585868187359,,Lost / Dormant
17258,1.0,269.0,666.0,133.45000000000002,0.8171867810171362,0.16746074828915336,103.00044792999552,Lost / Dormant
17259,4.0,507.0,656.0,394.8675,0.9502940101143539,0.5522514395976915,847.0610616591334,At-Risk (High Value)
17260,0.0,0.0,412.0,0.0,1.0,0.1257145393168938,,Lost / Dormant
17261,0.0,0.0,510.0,0.0,1.0,0.10438510851584881,,Lost / Dormant
17262,8.0,672.0,725.0,284.21000000000004,0.9836058215550643,0.9688629716191306,1046.2798882976747,Champions
17263,0.0,0.0,209.0,0.0,1.0,0.21804059373946055,,Lost / Dormant
17264,0.0,0.0,425.0,0.0,1.0,0.12239668510897406,,Lost / Dormant
17265,1.0,42.0,181.0,178.81,0.8034227391533733,0.48643664848572093,391.8783522101992,Lost / Dormant
17266,4.0,638.0,641.0,100.2625,0.9822575873100536,0.5829181942421074,228.53341827813065,Loyal Customers
17267,0.0,0.0,128.0,0.0,1.0,0.3085484284856391,,Lost / Dormant
17268,10.0,624.0,732.0,157.81900000000002,0.9663731695363201,1.1612333955941172,693.8555546498554,At-Risk (High Value)
17269,0.0,0.0,386.0,0.0,1.0,0.13292110915777547,,Lost / Dormant
17270,1.0,263.0,733.0,214.78,0.7892345657462322,0.14819436963401708,145.33436403198786,Lost / Dormant
17271,0.0,0.0,737.0,0.0,1.0,0.07493890679114275,,Lost / Dormant
17272,3.0,220.0,263.0,496.98333333333335,0.9625878207901578,0.9630425143410695,1868.5285490084566,At-Risk (High Value)
17273,0.0,0.0,425.0,0.0,1.0,0.12239668510897406,,Lost / Dormant
17274,1.0,360.0,396.0,111.97999999999999,0.9353971514078758,0.30339170585708786,156.50840640305765,Loyal Customers
17275,0.0,0.0,384.0,0.0,1.0,0.13350985286646788,,Lost / Dormant
17276,0.0,0.0,403.0,0.0,1.0,0.128118954491169,,Lost / Dormant
17277,1.0,95.0,323.0,348.33000000000004,0.78951462432696,0.3039835099548898,476.01292760735214,At-Risk (High Value)
17278,1.0,324.0,566.0,246.04000000000002,0.8806907030020839,0.20896857210199712,233.66607567793486,Lost / Dormant
17279,0.0,0.0,58.0,0.0,1.0,0.48160151503726156,,Lost / Dormant
17280,0.0,0.0,439.0,0.0,1.0,0.11901413391251314,,Lost / Dormant
17281,5.0,299.0,674.0,137.07,0.554888545662543,0.3820220964197215,202.25276407458074,At-Risk (High Value)
17282,4.0,418.0,549.0,476.735,0.9483680420347111,0.6468469738863738,1195.339858805195,At-Risk (High Value)
17283,0.0,0.0,379.0,0.0,1.0,0.13500479733850457,,Lost / Dormant
17284,6.0,329.0,390.0,275.43,0.9694322837060227,1.27306555793076,1334.6759278890124,At-Risk (High Value)
17285,1.0,35.0,664.0,207.94,0.3713796388610054,0.07631251225042888,72.4294143737548,Lost / Dormant
17286,1.0,379.0,401.0,153.92,0.9386528623866061,0.3011966642116896,211.74142875883481,Loyal Customers
17287,17.0,710.0,737.0,227.16176470588235,0.9920691315200224,1.961987326169737,1673.1513835579447,Champions
17288,8.0,385.0,395.0,282.4225,0.9890811134931372,1.6701594000300812,1781.5552456272285,Champions
17289,8.0,610.0,642.0,253.95,0.9865477287440969,1.0855114248992168,1046.524927715752,Champions
17290,6.0,723.0,727.0,230.75166666666667,0.9877003576838319,0.7465580904216867,660.0985122039447,Champions
17291,0.0,0.0,309.0,0.0,1.0,0.16010583740628587,,Lost / Dormant
17292,1.0,107.0,580.0,130.39999999999998,0.6439933663549778,0.1495008175037435,89.78501362773851,Lost / Dormant
17293,15.0,728.0,737.0,243.91466666666668,0.9941457501531901,1.7435462693312307,1598.7798242644578,Champions
17294,0.0,0.0,670.0,0.0,1.0,0.08174464763699743,,Lost / Dormant
17295,1.0,36.0,65.0,277.59,0.9155104066509264,1.0426386688504459,1278.1052034146228,Loyal Customers
17296,0.0,0.0,731.0,0.0,1.0,0.07550182244882571,,Lost / Dormant
17297,0.0,0.0,18.0,0.0,1.0,0.7098055618822706,,Loyal Customers
17298,4.0,540.0,642.0,204.91,0.9645950517041002,0.5716291710633108,455.8867326892931,At-Risk (High Value)
17299,5.0,470.0,482.0,157.672,0.9840019789373126,0.9143458695832809,554.6345216924105,Loyal Customers
17300,1.0,91.0,482.0,237.84,0.6691347264485167,0.18304959154293118,197.61973400561763,Lost / Dormant
17301,1.0,603.0,625.0,197.63,0.9401763830567438,0.20407299033668014,184.1440804557255,Loyal Customers
17302,4.0,291.0,306.0,238.195,0.9789676397462468,1.1027187761331594,1013.4566843351151,Loyal Customers
17303,0.0,0.0,362.0,0.0,1.0,0.14034808823257,,Lost / Dormant
17304,0.0,0.0,535.0,0.0,1.0,0.10005488415698227,,Lost / Dormant
17305,0.0,0.0,649.0,0.0,1.0,0.08413975164164131,,Lost / Dormant
17306,16.0,393.0,404.0,557.366875,0.9931639294284125,3.163195900583725,6580.841849048955,Champions
17307,10.0,294.0,690.0,384.725,0.04581007037506582,0.058101185013216324,84.47099771135021,At-Risk (High Value)
17308,1.0,59.0,453.0,345.6,0.6007761314459296,0.1735098693117418,270.70246840498817,At-Risk (High Value)
17309,2.0,578.0,674.0,55.25,0.9536990542319087,0.30913547457079976,71.65488604713512,Lost / Dormant
17310,1.0,147.0,535.0,260.09999999999997,0.7436808037237166,0.18554080450582,219.0194975736036,Lost / Dormant
17311,5.0,596.0,675.0,611.42,0.973505789248437,0.6693228513337576,1574.1034116008427,At-Risk (High Value)
17312,2.0,21.0,160.0,249.25,0.6913046579976687,0.7314957054335236,732.9241665514112,At-Risk (High Value)
17313,0.0,0.0,32.0,0.0,1.0,0.6087227738664183,,Loyal Customers
17314,16.0,712.0,737.0,296.88937500000003,0.9922064267770456,1.8512019358957834,2064.1972782670387,Champions
17315,39.0,437.0,439.0,226.79333333333335,0.9977602972194819,7.039602245244572,5927.038913001654,Champions
17316,0.0,0.0,421.0,0.0,1.0,0.12339874925113072,,Lost / Dormant
17317,2.0,43.0,90.0,171.72000000000003,0.9186127273091815,1.4064510548375901,967.0019165097236,At-Risk (High Value)
17318,0.0,0.0,726.0,0.0,1.0,0.0759774208574309,,Lost / Dormant
17319,0.0,0.0,670.0,0.0,1.0,0.08174464763699743,,Lost / Dormant
17320,5.0,587.0,688.0,514.422,0.9685437683942293,0.6544469688625858,1295.4614343333449,At-Risk (High Value)
17321,4.0,569.0,578.0,331.38,0.9814372881988287,0.6393097061247686,822.3170276743924,Loyal Customers
17322,4.0,360.0,737.0,202.01,0.7430664864332247,0.3883271449770035,305.7116246004467,At-Risk (High Value)
17323,11.0,683.0,699.0,128.5990909090909,0.9915086355650858,1.3592460800445532,660.6697788950963,Champions
17324,10.0,704.0,722.0,220.01100000000002,0.990688953650315,1.2055392917427088,1003.4106425047414,Champions
17325,2.0,361.0,642.0,253.835,0.8851077236379586,0.2998464602910689,311.0834053295098,Lost / Dormant
17326,1.0,121.0,530.0,149.35,0.702523170477311,0.1767395301949732,121.02855323950533,Lost / Dormant
17327,1.0,153.0,563.0,148.1,0.7380261072620573,0.17595083112427023,119.58089005311584,Lost / Dormant
17328,0.0,0.0,674.0,0.0,1.0,0.08130381724371855,,Lost / Dormant
17329,3.0,722.0,737.0,241.67,0.9757787414834422,0.40072843295973226,383.3693228404856,Loyal Customers
17330,3.0,625.0,648.0,124.61666666666666,0.9745399181615844,0.45002388705639124,222.80172812590337,Loyal Customers
17331,0.0,0.0,124.0,0.0,1.0,0.3150100370399092,,Lost / Dormant
17332,4.0,128.0,657.0,139.7275,0.10442668985954062,0.060602455322405296,33.03332828432784,At-Risk (High Value)
17333,0.0,0.0,86.0,0.0,1.0,0.39329910904887333,,Lost / Dormant
17334,2.0,104.0,407.0,153.51,0.6553690718146071,0.3320488350143345,208.31501612042987,Lost / Dormant
17335,1.0,301.0,685.0,353.23,0.8331072813889058,0.16641200190873404,266.4534179366033,Lost / Dormant
17336,0.0,0.0,473.0,0.0,1.0,0.111529049923416,,Lost / Dormant
17337,3.0,159.0,311.0,333.23333333333335,0.8648899112655908,0.7553980690706698,986.0013820790246,At-Risk (High Value)
17338,16.0,622.0,640.0,741.35125,0.9929205663367797,2.1066968026510455,5855.946597142872,Champions
17339,2.0,415.0,510.0,151.68,0.9485392039543185,0.394819272806782,245.39029207384715,Loyal Customers
17340,14.0,634.0,664.0,1538.4164285714285,0.9903056995833022,1.7883365681264614,10333.499925428918,Champions
17341,2.0,384.0,541.0,647.48,0.9305310120243456,0.3675814173855178,966.8441136195619,At-Risk (High Value)
17342,3.0,290.0,670.0,304.98333333333335,0.7480062878919103,0.33510662555256815,403.8104121597696,At-Risk (High Value)
17343,5.0,381.0,737.0,212.52799999999996,0.7132564287743371,0.45258078642988586,371.096164937428,At-Risk (High Value)
17344,1.0,682.0,729.0,160.57,0.9374273612783806,0.1769045587650407,130.43622528586337,Loyal Customers
17345,6.0,723.0,739.0,212.46166666666667,0.9864182468313327,0.7344898899422801,598.1727507396799,Champions
17346,24.0,597.0,601.0,214.21625000000003,0.9964129392439122,3.311423925177617,2649.749630051723,Champions
17347,0.0,0.0,87.0,0.0,1.0,0.39074207219712753,,Lost / Dormant
17348,8.0,625.0,640.0,255.625,0.9891272369267963,1.0914282672431264,1059.1269674315547,Champions
17349,4.0,452.0,632.0,179.03750000000002,0.9331327502503951,0.5608939056332505,391.04124129840517,At-Risk (High Value)
17350,5.0,668.0,677.0,312.758,0.9848711744326722,0.6753170049248469,813.3662208202782,Champions
17351,10.0,693.0,730.0,183.06300000000002,0.9879330748783417,1.1901194691576717,824.5774329995754,Champions
17352,0.0,0.0,697.0,0.0,1.0,0.07885855437356444,,Lost / Dormant
17353,3.0,495.0,625.0,966.6666666666666,0.9524725686150384,0.4544487101753483,1729.8213976121904,At-Risk (High Value)
17354,1.0,378.0,429.0,1393.06,0.9325427781761525,0.28235214269422354,1760.4026756589408,At-Risk (High Value)
17355,0.0,0.0,387.0,0.0,1.0,0.13262868117432405,,Lost / Dormant
17356,4.0,377.0,689.0,161.2225,0.8226365253287939,0.45720086714812413,287.42101522278426,At-Risk (High Value)
17357,0.0,0.0,25.0,0.0,1.0,0.6553676864757532,,Loyal Customers
17358,4.0,350.0,654.0,187.20749999999998,0.8117561217172917,0.47305021613423964,344.8801665993297,At-Risk (High Value)
17359,1.0,637.0,649.0,127.86,0.9416143543163598,0.19753783228632774,116.51857413500277,Loyal Customers
17360,3.0,417.0,435.0,327.71,0.9741816421888742,0.6406881521371215,825.7137598698174,Loyal Customers
17361,3.0,627.0,677.0,162.73333333333332,0.970940823738311,0.4308896980918764,278.05267439801446,Loyal Customers
17362,6.0,463.0,703.0,145.49,0.8716506165738519,0.6793739414406783,379.22240084549406,At-Risk (High Value)
17363,1.0,7.0,403.0,197.64,0.4155534320180354,0.13277642021805922,119.24034351172963,At-Risk (High Value)
17364,25.0,732.0,733.0,462.69120000000004,0.996932708794683,2.8786154832985544,4980.459908793615,Champions
17365,13.0,664.0,677.0,597.4646153846154,0.9928196620070132,1.6414622576469333,3688.8207837785476,Champions
17366,1.0,24.0,457.0,610.25,0.45897150887484134,0.1315440095447618,360.76050768656086,Lost / Dormant
17367,0.0,0.0,239.0,0.0,1.0,0.1966848335972686,,Lost / Dormant
17368,12.0,701.0,725.0,218.40166666666667,0.9909978841746334,1.4265516708673287,1174.985455342182,Champions
17369,0.0,0.0,456.0,0.0,1.0,0.11515003339736607,,Lost / Dormant
17370,3.0,97.0,170.0,111.82666666666667,0.9161908488384799,1.2766047237410914,558.8943067827053,Loyal Customers
17371,3.0,714.0,732.0,168.08666666666667,0.9754320125377182,0.4030921911690332,268.7941497369533,Loyal Customers
17372,26.0,696.0,737.0,161.34846153846155,0.9884938739354221,2.9506899804028235,1780.8651737269763,Champions
17373,6.0,609.0,650.0,167.3,0.9824511716577543,0.8223283607660795,527.171672992032,At-Risk (High Value)
17374,2.0,177.0,396.0,247.885,0.8416130279629246,0.43653935234297564,440.0943421806561,At-Risk (High Value)
17375,3.0,232.0,432.0,133.36666666666667,0.8664372065490755,0.5732534325518849,302.2858747433556,At-Risk (High Value)
17376,3.0,452.0,523.0,104.13,0.9641561730453658,0.5395331564538886,223.1638853223271,Loyal Customers
17377,68.0,714.0,738.0,253.85779411764707,0.9911957375030602,7.608940788512143,7191.148591017116,Champions
17378,0.0,0.0,375.0,0.0,1.0,0.13622508851296514,,Lost / Dormant
17379,0.0,0.0,12.0,0.0,1.0,0.7642721777299901,,Loyal Customers
17380,2.0,100.0,535.0,150.89999999999998,0.4840409892876034,0.19311255179566722,119.47453918434206,Lost / Dormant
17381,27.0,540.0,549.0,954.0337037037037,0.9958602282159715,4.025453886160036,14313.63446852607,Champions
17382,6.0,504.0,570.0,113.48000000000002,0.975544922735456,0.9190864205116233,399.8587676804197,At-Risk (High Value)
17383,1.0,449.0,454.0,199.29,0.942278805915505,0.2716170333600396,246.26858617914604,Loyal Customers
17384,2.0,448.0,468.0,168.2,0.9642583218250419,0.4328608674938813,297.7066888347021,Loyal Customers
17385,0.0,0.0,15.0,0.0,1.0,0.7360261172082512,,Loyal Customers
17386,4.0,378.0,386.0,534.985,0.9811091807241757,0.9099432456967218,1879.4517623765373,Champions
17387,1.0,14.0,34.0,437.67,0.9188483090593799,1.369773016027632,2619.293681080426,Loyal Customers
17388,10.0,652.0,730.0,230.997,0.9783495580120019,1.1785746284233574,1029.9640952091634,At-Risk (High Value)
17389,52.0,735.0,736.0,891.6426923076923,0.9984646891040532,5.893482078881146,19575.62319219666,Champions
17390,0.0,0.0,421.0,0.0,1.0,0.12339874925113072,,Lost / Dormant
17391,1.0,1.0,165.0,101.76,0.6686271608090737,0.4327558341593669,201.19544709454362,Lost / Dormant
17392,2.0,144.0,451.0,225.955,0.7261217395722676,0.33665440135967095,310.05202972750817,Lost / Dormant
17393,1.0,78.0,489.0,186.55,0.6309961010787284,0.17044427088782046,144.9598389161753,Lost / Dormant
17394,0.0,0.0,220.0,0.0,1.0,0.20969171363134095,,Lost / Dormant
17395,0.0,0.0,509.0,0.0,1.0,0.10456612973022959,,Lost / Dormant
17396,9.0,402.0,442.0,743.5066666666668,0.9822788200359266,1.679172012232794,4704.739976225436,Champions
17397,1.0,394.0,417.0,696.41,0.9386018696022808,0.2912289346080514,909.8173835990384,Loyal Customers
17398,2.0,141.0,256.0,173.85,0.900914127536288,0.6698263577103046,472.529149955508,At-Risk (High Value)
17400,7.0,596.0,723.0,553.9642857142857,0.961501227568058,0.8399607309746915,1772.349495079868,At-Risk (High Value)
17401,0.0,0.0,542.0,0.0,1.0,0.09890608140746088,,Lost / Dormant
17402,19.0,719.0,724.0,259.5515789473684,0.9955903709115609,2.2278442713962074,2167.6664563462296,Champions
17403,1.0,414.0,451.0,281.62,0.9360944254964125,0.2713962626077248,345.84584124387646,Loyal Customers
17404,20.0,697.0,702.0,2100.9075000000003,0.9957646045565882,2.40850809788334,18942.668646398703,Champions
17405,2.0,149.0,151.0,319.05,0.966831422951979,1.0653273989850225,1363.082205681648,Loyal Customers
17406,10.0,400.0,734.0,449.83500000000004,0.29462251067713424,0.3531465110875595,600.5498321826299,At-Risk (High Value)
17407,0.0,0.0,412.0,0.0,1.0,0.1257145393168938,,Lost / Dormant
17408,2.0,351.0,515.0,22.7,0.9246870347826123,0.3815854957383589,37.925275719015,Lost / Dormant
17409,7.0,544.0,729.0,984.8385714285714,0.9262151718401541,0.8030367444407297,3011.3317541819365,At-Risk (High Value)
17410,4.0,199.0,216.0,228.07999999999998,0.9768217070843875,1.450410694708132,1270.9982910125746,Loyal Customers
17411,4.0,724.0,737.0,270.245,0.9812453380588836,0.5127996048905957,539.444819242925,Loyal Customers
17412,15.0,735.0,738.0,264.788,0.9947958665617518,1.74251922136026,1734.4567567834954,Champions
17413,1.0,165.0,570.0,340.3,0.7515995612580635,0.177218824662581,272.97842651883724,Lost / Dormant
17414,5.0,693.0,737.0,383.68,0.9806359784040768,0.6222404515444953,919.6646364764598,At-Risk (High Value)
17415,0.0,0.0,80.0,0.0,1.0,0.40937514551575477,,Lost / Dormant
17416,14.0,696.0,726.0,1188.5035714285714,0.9907688907974807,1.6492919778639337,7368.4750795067575,Champions
17417,0.0,0.0,549.0,0.0,1.0,0.09778336747732715,,Lost / Dormant
17418,2.0,345.0,388.0,231.73,0.9581272848082394,0.5057105910739266,476.7346211318854,Loyal Customers
17419,16.0,672.0,684.0,392.80125,0.993974265677069,1.9853738357838253,2926.581993855526,Champions
17420,4.0,351.0,402.0,218.42000000000002,0.9704669936568229,0.8693666470463364,735.2854657325918,At-Risk (High Value)
17421,2.0,349.0,736.0,464.305,0.8363540954839817,0.2501741814920333,473.7952969171855,At-Risk (High Value)
17422,10.0,518.0,535.0,328.752,0.9901183996318762,1.5790954027424229,1957.4680753677876,Champions
17423,2.0,347.0,394.0,349.20500000000004,0.9572277067900252,0.4986615077877798,706.6415176936396,Loyal Customers
17425,1.0,41.0,61.0,70.2,0.9253378524274106,1.0869084274158114,349.79339646074163,Loyal Customers
17426,6.0,652.0,661.0,1259.3016666666665,0.987084027040118,0.813723669438898,3914.7082104797983,Champions
17427,0.0,0.0,72.0,0.0,1.0,0.43297944281078143,,Lost / Dormant
17428,32.0,738.0,739.0,946.281875,0.9975764954957053,3.638699509211014,12854.343705638377,Champions
17429,4.0,301.0,430.0,207.115,0.9321243801244309,0.7879763815263242,632.5758661814284,At-Risk (High Value)
17430,3.0,447.0,480.0,174.79,0.9716849934936792,0.5864818430723808,404.9035669441145,Loyal Customers
17431,0.0,0.0,314.0,0.0,1.0,0.15800720398112958,,Lost / Dormant
17432,6.0,718.0,737.0,262.75666666666666,0.9860670539363198,0.7360545837823305,740.9238904354013,Champions
17433,1.0,297.0,386.0,303.16,0.9198744334665232,0.3049399189887607,417.1615437938423,Loyal Customers
17434,6.0,83.0,86.0,312.37666666666667,0.9864095286801339,3.8752880135643117,4520.897940702201,Champions
17435,0.0,0.0,412.0,0.0,1.0,0.1257145393168938,,Lost / Dormant
17436,4.0,731.0,733.0,114.39,0.982399654351982,0.5159693507155906,230.80503531517454,Loyal Customers
17437,0.0,0.0,530.0,0.0,1.0,0.10089193838373219,,Lost / Dormant
17438,4.0,388.0,642.0,289.76,0.8755010446141213,0.5188311255730501,584.349278507289,At-Risk (High Value)
17439,0.0,0.0,656.0,0.0,1.0,0.08332593631663307,,Lost / Dormant
17440,2.0,393.0,550.0,93.21,0.9314108705703963,0.36256387902172055,139.63260923221105,Lost / Dormant
17441,0.0,0.0,733.0,0.0,1.0,0.07531324641733567,,Lost / Dormant
17442,13.0,626.0,663.0,315.5946153846154,0.9885354765104498,1.6657225029245184,1977.7961181588616,Champions
17443,0.0,0.0,220.0,0.0,1.0,0.20969171363134095,,Lost / Dormant
17444,1.0,21.0,173.0,1217.6399999999999,0.7490976363729893,0.46866951468591245,2525.12015726382,At-Risk (High Value)
17446,1.0,134.0,311.0,52.800000000000004,0.8508672523156922,0.33800190070740566,84.90333281472581,Lost / Dormant
17447,1.0,31.0,72.0,169.05,0.9010215399761792,0.9742646580083747,734.2667290593329,Loyal Customers
17448,17.0,148.0,646.0,830.904705882353,1.2024090981233044e-07,2.681466525935174e-07,0.0008348971272836282,Champions
17449,11.0,728.0,731.0,422.6790909090909,0.9930596148657965,1.306783959628574,2084.6822485086027,Champions
17450,30.0,430.0,439.0,2486.168,0.9956915316109136,5.431159015954225,50175.750230162506,Champions
17451,4.0,104.0,106.0,343.8475,0.9816297986630537,2.386301244936968,3119.585854285896,Champions
17453,1.0,47.0,65.0,144.72,0.9280741197277332,1.0569469858100973,683.627351097146,Loyal Customers
17454,9.0,501.0,694.0,154.33777777777777,0.8775335586120909,1.0033598853146648,587.3590589070172,At-Risk (High Value)
17455,0.0,0.0,204.0,0.0,1.0,0.22205964262767885,,Lost / Dormant
17456,1.0,91.0,457.0,499.72,0.6862366750952449,0.19667958030769767,442.28694687596897,At-Risk (High Value)
17457,13.0,606.0,733.0,413.5376923076923,0.9425548738105484,1.44927677729869,2256.303523467348,Champions
17458,1.0,366.0,382.0,316.5,0.9397910690905331,0.31431638054129096,448.62492497733695,Loyal Customers
17459,1.0,17.0,61.0,356.91,0.889224023467623,1.0444888668848369,1640.3315089823734,Loyal Customers
17460,15.0,592.0,687.0,132.63266666666667,0.9605294074432501,1.7962962538692588,895.8902745690659,At-Risk (High Value)
17461,1.0,7.0,30.0,374.9,0.9120629555364486,1.4161944238618047,2320.851537762421,Loyal Customers
17462,1.0,224.0,285.0,212.28,0.9232835700407159,0.3938500400061462,377.7720945238471,Loyal Customers
17463,6.0,573.0,590.0,351.385,0.985851584037776,0.9005250360524568,1209.1026764081587,Champions
17464,2.0,461.0,620.0,337.32500000000005,0.936478045577191,0.3274048818682717,450.4402561810658,At-Risk (High Value)
17465,5.0,311.0,737.0,426.884,0.4850914836152195,0.30780386448430597,506.0593912874252,At-Risk (High Value)
17466,1.0,68.0,79.0,302.87,0.9355356670048626,0.9629215150486397,1289.2573197769186,Loyal Customers
17467,0.0,0.0,396.0,0.0,1.0,0.1300536343364795,,Lost / Dormant
17468,2.0,365.0,376.0,68.5,0.96543593429472,0.5233684331504024,148.53958642849844,Loyal Customers
17469,13.0,707.0,724.0,362.5338461538462,0.9924077487148695,1.5432920320650707,2106.322088155051,Champions
17470,10.0,464.0,509.0,248.791,0.9827313332199241,1.638063467911575,1536.4697768157848,Champions
17471,0.0,0.0,475.0,0.0,1.0,0.1111179741151173,,Lost / Dormant
17472,3.0,437.0,629.0,236.76333333333332,0.9291897118426752,0.44079255945591267,412.5871231332146,At-Risk (High Value)
17473,1.0,48.0,457.0,308.9,0.5594896764082543,0.16035312412760833,223.91284024971623,Lost / Dormant
17474,0.0,0.0,600.0,0.0,1.0,0.09031434916280585,,Lost / Dormant
17475,0.0,0.0,80.0,0.0,1.0,0.40937514551575477,,Lost / Dormant
17476,1.0,342.0,738.0,229.5,0.8417735552426736,0.1570783706490294,164.43612173117236,Lost / Dormant
17477,1.0,35.0,648.0,412.58,0.3800878557307836,0.07984870234874838,149.03063034266913,Lost / Dormant
17478,1.0,225.0,634.0,566.6,0.7917404179881896,0.16964853109395076,433.6940365172565,At-Risk (High Value)
17479,0.0,0.0,633.0,0.0,1.0,0.0860609714921599,,Lost / Dormant
17480,1.0,367.0,445.0,511.82,0.9262829186998213,0.2716970769710988,625.4784973265902,Loyal Customers
17481,3.0,90.0,94.0,331.65333333333336,0.9751849076646897,2.001863652083264,2561.144639485853,Loyal Customers
17482,1.0,91.0,579.0,525.35,0.6061272686637585,0.14092803388214056,333.90743121956433,Lost / Dormant
17483,3.0,349.0,415.0,138.01333333333335,0.961618732688243,0.6586643126218927,359.1529329999012,Loyal Customers
17484,1.0,48.0,625.0,75.72,0.4432777831853336,0.09621707627917075,34.247948211844935,Lost / Dormant
17486,0.0,0.0,262.0,0.0,1.0,0.1829495377236273,,Lost / Dormant
17487,0.0,0.0,729.0,0.0,1.0,0.07569134537561643,,Lost / Dormant
17488,0.0,0.0,642.0,0.0,1.0,0.08496962398715283,,Lost / Dormant
17489,1.0,154.0,213.0,168.07999999999998,0.9174743211151216,0.4919937440264627,373.8774398305295,Loyal Customers
17490,7.0,569.0,570.0,342.48,0.9896050666260116,1.0721383092772836,1396.404929643215,Champions
17491,15.0,589.0,591.0,371.23800000000006,0.9948515091657605,2.1319209067044405,2968.5457178746688,Champions
17492,2.0,270.0,519.0,383.90999999999997,0.8709415447996773,0.3569541425354993,557.5431240265874,At-Risk (High Value)
17493,0.0,0.0,386.0,0.0,1.0,0.13292110915777547,,Lost / Dormant
17494,0.0,0.0,502.0,0.0,1.0,0.10585107999303085,,Lost / Dormant
17495,2.0,383.0,391.0,248.78000000000003,0.9661052420768195,0.5065820896310168,512.4616096585664,Loyal Customers
17496,3.0,336.0,695.0,352.74333333333334,0.8043426782634672,0.34852589322900185,485.64561742964463,At-Risk (High Value)
17497,1.0,220.0,611.0,82.65,0.7961264362799708,0.17637208266918897,68.24138539251916,Lost / Dormant
17498,0.0,0.0,76.0,0.0,1.0,0.420845519774723,,Lost / Dormant
17499,1.0,272.0,562.0,622.88,0.8543539816554624,0.20400789402076974,572.296990641042,At-Risk (High Value)
17500,2.0,12.0,30.0,305.28000000000003,0.9441976605935736,2.346397242146074,2825.2799716497925,Loyal Customers
17501,0.0,0.0,221.0,0.0,1.0,0.2089643534918262,,Lost / Dormant
17502,3.0,20.0,30.0,154.16666666666666,0.9661601877544774,3.3020248349840595,1950.9258265216386,Loyal Customers
17503,1.0,36.0,39.0,218.53,0.9404431432548195,1.3353555360645695,1287.0418089772193,Loyal Customers
17504,14.0,463.0,670.0,659.7407142857144,0.5943840008873571,1.0646259412880181,2638.931947360578,Champions
17505,3.0,444.0,606.0,503.77,0.9398662677280366,0.46109093055521966,915.4577438031121,At-Risk (High Value)
17506,0.0,0.0,76.0,0.0,1.0,0.420845519774723,,Lost / Dormant
17507,1.0,48.0,310.0,265.02,0.6884751981519938,0.2742178037600245,327.6086864983155,Lost / Dormant
17508,7.0,452.0,733.0,566.8971428571429,0.7742526713674127,0.6679278674057506,1442.393165388103,At-Risk (High Value)
17509,2.0,6.0,64.0,898.14,0.8560059402853945,1.5718555753330805,5582.457424618067,Champions
17510,1.0,396.0,421.0,308.48,0.938222916835764,0.2887264254907538,402.24556710371036,Loyal Customers
17511,50.0,735.0,738.0,3351.5806,0.998193235792795,5.654064384635215,70600.08190567602,Champions
17512,16.0,701.0,730.0,287.683125,0.9914643779762087,1.866063771948846,2016.1365090315448,Champions
17513,2.0,407.0,480.0,385.90000000000003,0.953135580316099,0.41848411020809856,656.4730978755351,At-Risk (High Value)
17514,1.0,541.0,670.0,208.65,0.9231523462997309,0.18814939003251244,179.19015480242814,Lost / Dormant
17515,8.0,519.0,551.0,181.755,0.9857114124914838,1.2442887036982966,857.9504122543625,At-Risk (High Value)
17516,4.0,363.0,379.0,192.01999999999998,0.9794059377746032,0.9226207895209652,685.9445166194962,Loyal Customers
17517,0.0,0.0,309.0,0.0,1.0,0.16010583740628587,,Lost / Dormant
17518,1.0,196.0,622.0,175.87,0.7663257674108451,0.1670611530983897,134.44706145481143,Lost / Dormant
17519,14.0,721.0,739.0,342.93071428571426,0.9926910817729091,1.6258397674923832,2097.325375419063,Champions
17520,0.0,0.0,54.0,0.0,1.0,0.49757439037601214,,Loyal Customers
17521,4.0,405.0,435.0,258.24,0.9768905455006287,0.8175948135364269,817.754244558992,Loyal Customers
17522,4.0,217.0,219.0,229.67749999999998,0.9820256539813198,1.442831006002727,1273.403568388015,Loyal Customers
17523,2.0,8.0,20.0,201.76500000000001,0.951881048882194,2.640365528619425,2102.6655205106554,Loyal Customers
17524,1.0,77.0,439.0,145.0,0.6644108785517044,0.19719449117593207,130.92195188756006,Lost / Dormant
17525,2.0,69.0,429.0,364.80000000000007,0.47406617935397416,0.22953911219652567,340.05755963198897,At-Risk (High Value)
17526,10.0,718.0,723.0,343.692,0.9922049007979554,1.2058557719575334,1566.9696468618451,Champions
17527,3.0,165.0,219.0,215.75333333333333,0.9520172078482985,1.0990718182076527,926.5476405478418,Loyal Customers
17528,6.0,70.0,72.0,420.2366666666667,0.986883396366998,4.269535136996287,6683.975962003253,Champions
17529,1.0,87.0,698.0,381.98,0.5258906427710192,0.10326175001003393,178.6888905511294,Lost / Dormant
17530,10.0,732.0,734.0,287.32399999999996,0.9925174826467703,1.1896717782512514,1292.8305173794267,Champions
17531,2.0,428.0,619.0,353.34000000000003,0.9256170275186887,0.3240792972039318,466.9103987748734,At-Risk (High Value)
17532,0.0,0.0,386.0,0.0,1.0,0.13292110915777547,,Lost / Dormant
17533,0.0,0.0,435.0,0.0,1.0,0.11996133941370626,,Lost / Dormant
17534,4.0,599.0,653.0,291.6575,0.9751087563608615,0.5690329107537168,645.174943619593,At-Risk (High Value)
17535,0.0,0.0,281.0,0.0,1.0,0.1729721031430537,,Lost / Dormant
17536,2.0,505.0,683.0,165.025,0.9352567801885052,0.29952089819201755,202.9275058831645,Lost / Dormant
17537,1.0,274.0,304.0,266.92,0.9350374279221797,0.37844363991385127,455.2099008956593,Loyal Customers
17538,0.0,0.0,26.0,0.0,1.0,0.6482687534940593,,Loyal Customers
17539,3.0,109.0,727.0,288.34,0.1398505488772085,0.05815634898805578,66.3190222776584,At-Risk (High Value)
17540,5.0,575.0,600.0,253.89000000000001,0.9824938819993067,0.7514474731466833,734.2919064944047,Loyal Customers
17541,0.0,0.0,510.0,0.0,1.0,0.10438510851584881,,Lost / Dormant
17542,1.0,372.0,642.0,170.75,0.881174779727208,0.18668257142254754,145.99986279682327,Lost / Dormant
17543,0.0,0.0,550.0,0.0,1.0,0.09762505772289533,,Lost / Dormant
17544,0.0,0.0,391.0,0.0,1.0,0.13147173035578513,,At-Risk (High Value)
17545,2.0,534.0,578.0,554.37,0.9611253131554311,0.35789463662859206,806.9211311903431,At-Risk (High Value)
17547,1.0,290.0,666.0,323.3,0.8319626105783974,0.17048866250950087,250.02288402659812,Lost / Dormant
17548,3.0,163.0,397.0,182.45333333333335,0.7619990077954613,0.5421794151714645,389.7916074466749,At-Risk (High Value)
17549,1.0,28.0,52.0,120.66,0.9184148350495498,1.160783366203821,627.6593737125845,Loyal Customers
17550,6.0,473.0,671.0,374.34666666666664,0.9109584509564292,0.7407934036776322,1060.7764601275253,At-Risk (High Value)
17551,0.0,0.0,360.0,0.0,1.0,0.14100466384844454,,Lost / Dormant
17552,8.0,567.0,628.0,333.67125,0.9801017352080859,1.1001409385563743,1392.7023294158853,Champions
17553,3.0,481.0,611.0,452.48,0.951662243881313,0.46343571046951104,826.7280207944681,At-Risk (High Value)
17554,4.0,147.0,149.0,295.005,0.9818312758532385,1.9106697323271218,2153.2016301993776,Loyal Customers
17555,4.0,567.0,587.0,225.2725,0.9799258629872821,0.6295423009234676,551.2751683423812,Loyal Customers
17556,1.0,174.0,380.0,157.9,0.8540577138896949,0.28691998009908776,206.6640740938152,Lost / Dormant
17557,3.0,718.0,733.0,180.48666666666668,0.9757704274018191,0.4027281284388329,288.2220580569973,Loyal Customers
17558,0.0,0.0,394.0,0.0,1.0,0.1306171839397936,,Lost / Dormant
17559,0.0,0.0,513.0,0.0,1.0,0.10384578722244309,,Lost / Dormant
17560,7.0,566.0,661.0,238.94285714285715,0.9704161529161842,0.9199394716129822,837.65792196018,At-Risk (High Value)
17561,3.0,714.0,734.0,176.68999999999997,0.9752102756176411,0.4019945736279303,281.6895326879656,Loyal Customers
17562,6.0,159.0,174.0,137.04666666666668,0.9817477786241313,2.4457250709962675,1265.9542674015684,Loyal Customers
17563,1.0,33.0,612.0,32.550000000000004,0.39254031316548543,0.08683450407898889,14.103911323730127,Lost / Dormant
17564,2.0,56.0,81.0,167.445,0.9474169032168279,1.5390741041734883,1030.8544186512852,Loyal Customers
17565,0.0,0.0,587.0,0.0,1.0,0.09210768041956414,,Lost / Dormant
17566,1.0,17.0,26.0,486.95,0.9329248720723068,1.511461251492772,3207.0701782648525,Loyal Customers
17567,8.0,434.0,442.0,606.17875,0.9896372234211085,1.5167735556105824,3473.9276330894727,Champions
17568,0.0,0.0,634.0,0.0,1.0,0.08593832788480282,,Lost / Dormant
17569,0.0,0.0,333.0,0.0,1.0,0.15051064767541,,Lost / Dormant
17571,4.0,492.0,543.0,374.315,0.9740128088102445,0.6708718378041387,973.8043126834957,At-Risk (High Value)
17572,9.0,653.0,725.0,73.41111111111111,0.9798895057933077,1.076541800290583,300.7452534465117,At-Risk (High Value)
17573,2.0,64.0,94.0,102.94500000000001,0.9445058496544277,1.410057154358395,585.6367472219521,Loyal Customers
17574,0.0,0.0,243.0,0.0,1.0,0.194149700917784,,Lost / Dormant
17575,0.0,0.0,668.0,0.0,1.0,0.08196686073892907,,Lost / Dormant
17576,38.0,728.0,737.0,229.7171052631579,0.9969647100185944,4.315052376318135,3698.409877851938,Champions
17577,1.0,23.0,669.0,236.35,0.3199510238088459,0.0652983641606155,70.30037633844759,Lost / Dormant
17578,4.0,311.0,530.0,222.72500000000002,0.8681676221040586,0.6109879689161004,528.466822298156,At-Risk (High Value)
17579,3.0,574.0,579.0,149.63333333333333,0.9767231598941618,0.4991951711003252,295.9554511403666,Loyal Customers
17580,4.0,170.0,423.0,96.22749999999999,0.6476722339845798,0.5553345095186928,208.15177823119623,At-Risk (High Value)
17581,19.0,736.0,737.0,966.0815789473684,0.9960109545459923,2.19274855519098,7938.033962514417,Champions
17582,4.0,387.0,624.0,286.78749999999997,0.8870342523851303,0.5393564904340795,601.0955534434395,At-Risk (High Value)
17583,0.0,0.0,561.0,0.0,1.0,0.09591689979656949,,Lost / Dormant
17584,5.0,676.0,684.0,969.4739999999999,0.9849946778848173,0.6691072818205799,2494.2922696915552,Champions
17585,6.0,369.0,479.0,290.98333333333335,0.9482938061370597,1.0423072272207043,1156.9108551616848,At-Risk (High Value)
17586,0.0,0.0,620.0,0.0,1.0,0.08768780330181689,,Lost / Dormant
17587,0.0,0.0,629.0,0.0,1.0,0.08655506738791939,,Lost / Dormant
17588,6.0,537.0,638.0,422.8416666666667,0.9671748953532632,0.8233197603654949,1330.820112897179,At-Risk (High Value)
17589,15.0,582.0,643.0,893.2773333333333,0.9801106575524525,1.946503094104573,6524.2180201700685,Champions
17590,2.0,38.0,41.0,564.295,0.965103615798768,2.1521405906868534,4788.057977297608,Loyal Customers
17591,7.0,618.0,692.0,376.0814285714286,0.9776377567502323,0.8889361631143816,1273.4810188922324,At-Risk (High Value)
17592,0.0,0.0,739.0,0.0,1.0,0.0747531292470527,,Lost / Dormant
17593,10.0,732.0,736.0,725.279,0.9923164470239566,1.1864685529612733,3252.1957014468085,Champions
17594,3.0,519.0,605.0,628.7266666666666,0.963039284025075,0.47316232531664215,1171.85506454895,At-Risk (High Value)
17595,1.0,25.0,38.0,230.89,0.9296098422254593,1.3326341446485515,1355.5732283706466,Loyal Customers
17596,12.0,701.0,725.0,370.27583333333337,0.9909978841746334,1.4265516708673287,1990.9068457163962,Champions
17597,4.0,370.0,584.0,792.0675,0.8967011110272132,0.5787297853486486,1776.5615078053556,At-Risk (High Value)
17598,0.0,0.0,382.0,0.0,1.0,0.13410383794351885,,Lost / Dormant
17599,0.0,0.0,478.0,0.0,1.0,0.11050701308396829,,Lost / Dormant
17600,0.0,0.0,18.0,0.0,1.0,0.7098055618822706,,Loyal Customers
17601,1.0,141.0,381.0,116.00999999999999,0.819581350836777,0.27472338096826937,146.58839239597458,Lost / Dormant
17602,12.0,617.0,620.0,586.7116666666667,0.99354888077663,1.6488093382273155,3640.014141157619,Champions
17603,3.0,651.0,730.0,501.21000000000004,0.9670947472686119,0.4006494803769941,792.7758492652415,At-Risk (High Value)
17604,5.0,464.0,682.0,157.77,0.907612184781213,0.6181873782030283,376.48528232746725,At-Risk (High Value)
17605,0.0,0.0,591.0,0.0,1.0,0.09154834481612645,,Lost / Dormant
17606,0.0,0.0,738.0,0.0,1.0,0.07484590271689621,,Lost / Dormant
17607,0.0,0.0,377.0,0.0,1.0,0.13561219634841495,,Lost / Dormant
17608,2.0,574.0,608.0,166.805,0.9629852146813282,0.34265533138631377,234.3690424568447,Loyal Customers
17609,7.0,569.0,610.0,215.9385714285714,0.983480833883367,1.0025527304623076,824.5823641642443,Champions
17610,4.0,193.0,734.0,287.86,0.22096420824150598,0.11590848130850558,129.84715115713763,At-Risk (High Value)
17611,25.0,731.0,739.0,312.57959999999997,0.9961623025695445,2.8549787738846684,3337.75114927882,Champions
17612,16.0,669.0,723.0,322.59125,0.985080962679537,1.8704771562250382,2265.746555629162,Champions
17613,10.0,283.0,306.0,397.235,0.9856463750219577,2.5373084835893747,3776.4014355238883,Champions
17614,0.0,0.0,58.0,0.0,1.0,0.48160151503726156,,Loyal Customers
17615,5.0,355.0,486.0,122.1,0.937146402183913,0.8645086679881601,406.68163488607036,At-Risk (High Value)
17616,3.0,278.0,452.0,285.12,0.9050950314610977,0.5757572378969252,646.2297125626549,At-Risk (High Value)
17617,0.0,0.0,559.0,0.0,1.0,0.09622301235092265,,Lost / Dormant
17618,10.0,679.0,685.0,363.68899999999996,0.9920658698284217,1.2666085426203164,1740.7702389965016,Champions
17619,0.0,0.0,313.0,0.0,1.0,0.15842251466133994,,Lost / Dormant
17620,0.0,0.0,60.0,0.0,1.0,0.4739949674675321,,Lost / Dormant
17621,5.0,410.0,432.0,378.65999999999997,0.9817982123235168,1.0037086570819742,1456.477169686382,Champions
17622,1.0,1.0,599.0,393.33,0.2545552374795224,0.057409147410079804,102.11425892359466,Lost / Dormant
17623,6.0,693.0,726.0,364.43666666666667,0.9842485617752714,0.7448870547934991,1039.1620103731038,At-Risk (High Value)
17624,3.0,705.0,720.0,417.26666666666665,0.9757427948925393,0.40936725238477606,674.6129749878589,Loyal Customers
17625,7.0,706.0,725.0,770.3828571428572,0.9876428343454476,0.8606193127779943,2524.7612802817594,Champions
17626,0.0,0.0,603.0,0.0,1.0,0.08991037865297224,,Lost / Dormant
17627,0.0,0.0,479.0,0.0,1.0,0.11030485023090589,,Lost / Dormant
17628,0.0,0.0,82.0,0.0,1.0,0.4038719700405125,,Lost / Dormant
17629,9.0,416.0,422.0,235.06333333333336,0.9909114137911794,1.7632194628532305,1562.9585871264271,Champions
17630,1.0,63.0,233.0,168.1,0.8003546311696775,0.40057648618162633,304.8115740478477,Lost / Dormant
17631,6.0,729.0,731.0,155.83166666666668,0.9879054005476513,0.7429706456474187,444.22563300176915,Loyal Customers
17633,6.0,358.0,390.0,282.165,0.980770273502738,1.2879546889706188,1383.2300243654245,At-Risk (High Value)
17634,8.0,301.0,338.0,197.04,0.9793621450903225,1.8865573592905756,1402.477130332193,Champions
17635,2.0,166.0,591.0,363.39,0.6459814360266369,0.23579358658294472,349.16852694227947,At-Risk (High Value)
17636,0.0,0.0,20.0,0.0,1.0,0.6933449636292132,,Loyal Customers
17637,1.0,84.0,116.0,208.11,0.922839064264734,0.7574052715602693,703.9437424082669,Loyal Customers
17638,1.0,74.0,722.0,234.0,0.4753413180873336,0.09049842907476534,96.54624812108965,Lost / Dormant
17639,3.0,207.0,484.0,144.79666666666665,0.7648907860204476,0.45831577320121253,262.52555606860597,At-Risk (High Value)
17640,5.0,540.0,627.0,538.992,0.9701705150339884,0.7131575152746277,1477.761449248592,At-Risk (High Value)
17642,4.0,615.0,735.0,385.8675,0.9635115320092915,0.5047873423046035,757.4160123982422,At-Risk (High Value)
17643,1.0,132.0,506.0,203.1,0.735909745114976,0.19288905010823781,178.38696190818965,Lost / Dormant
17644,16.0,660.0,662.0,337.791875,0.995176151863641,2.047761564107323,2595.3248588428733,Champions
17646,11.0,504.0,724.0,337.6627272727273,0.7660084156844659,1.016923286114699,1296.1293348767617,At-Risk (High Value)
17647,1.0,604.0,670.0,133.06,0.93410156669819,0.19038097092764755,116.77177003633211,Loyal Customers
17648,3.0,325.0,386.0,599.1666666666666,0.9619669550083801,0.7010802525091596,1646.953278451903,At-Risk (High Value)
17649,2.0,334.0,473.0,441.67,0.9306819767904657,0.4139210045184662,742.5873237076273,At-Risk (High Value)
17650,0.0,0.0,22.0,0.0,1.0,0.6776348089748967,,Loyal Customers
17651,13.0,515.0,527.0,414.66692307692307,0.9925399585875851,2.0553990972504717,3199.023828271496,Champions
17652,11.0,256.0,282.0,422.3109090909091,0.983623378290643,2.9600190365412233,4671.026541067797,Champions
17653,3.0,84.0,121.0,348.1066666666666,0.9500487646275353,1.669458690678007,2248.428173726017,Loyal Customers
17654,0.0,0.0,278.0,0.0,1.0,0.17447444893954844,,Lost / Dormant
17655,8.0,406.0,417.0,417.355,0.9889769446507523,1.5940639557449028,2512.958629387275,Champions
17656,4.0,55.0,129.0,333.27750000000003,0.8547761946726958,1.8335000994333677,2329.145713453339,At-Risk (High Value)
17657,0.0,0.0,431.0,0.0,1.0,0.12092374971221938,,Lost / Dormant
17658,1.0,186.0,212.0,277.82,0.9336099090854479,0.5024409491483309,625.7012793120999,Loyal Customers
17659,13.0,369.0,387.0,251.52,0.9901871219026502,2.682957852718251,2525.713772408504,Champions
17660,1.0,596.0,738.0,196.0,0.9229644578681606,0.1722289234509155,154.39576532058393,Lost / Dormant
17662,1.0,61.0,723.0,59.92,0.4338077987852926,0.08248652866367308,23.55214511762221,Lost / Dormant
17663,16.0,620.0,646.0,289.289375,0.991450182832357,2.085875103807973,2263.807382567187,Champions
17664,3.0,602.0,621.0,285.79333333333335,0.9749651972280527,0.4678843911615785,528.1035097241295,Loyal Customers
17665,0.0,0.0,494.0,0.0,1.0,0.10735882866363033,,Lost / Dormant
17666,4.0,524.0,528.0,434.09999999999997,0.9820516162997327,0.6934586247828132,1166.635167832308,Loyal Customers
17667,7.0,588.0,655.0,499.42857142857144,0.9784925188861289,0.9353035826738697,1777.886529455395,At-Risk (High Value)
17668,1.0,37.0,39.0,185.89999999999998,0.9413689523989056,1.3366701124690674,1099.1437334845536,Loyal Customers
17669,9.0,575.0,618.0,515.1622222222222,0.9849590558576505,1.2511305704118105,2437.6013078160236,Champions
17670,0.0,0.0,228.0,0.0,1.0,0.20401091770697058,,Lost / Dormant
17671,4.0,360.0,376.0,491.72249999999997,0.9793818336465745,0.9288461665425686,1763.086119411372,Loyal Customers
17672,4.0,591.0,642.0,1082.3675,0.9754824977358026,0.5780811860711669,2426.3830635162785,At-Risk (High Value)
17673,11.0,629.0,631.0,330.88545454545454,0.9931315514541925,1.4941016134871616,1863.8913971820857,Champions
17674,1.0,294.0,369.0,250.38,0.923511624613765,0.31807663100800526,360.09121909428075,Loyal Customers
17675,61.0,728.0,730.0,621.8062295081967,0.9985672647852365,6.953218113234372,16097.579771348022,Champions
17676,9.0,615.0,620.0,266.28222222222223,0.9913440410100623,1.2555752517214174,1265.4270940737263,Champions
17677,34.0,722.0,724.0,1048.89,0.99760715826478,3.9348093932361503,15399.893905990397,Champions
17678,1.0,340.0,604.0,298.11,0.8774673111348871,0.19641899162123902,265.60391462570095,Lost / Dormant
17679,5.0,684.0,737.0,622.522,0.979304977002097,0.6213958946124498,1489.0339293185668,At-Risk (High Value)
17680,2.0,488.0,512.0,135.7,0.9638659637111705,0.39981348168725717,222.63900221986574,Loyal Customers
17681,3.0,96.0,694.0,128.06666666666666,0.12486678475704127,0.05417651128523026,27.574734469086454,At-Risk (High Value)
17682,10.0,631.0,642.0,408.32800000000003,0.9913957134318818,1.3425154587195998,2070.138853272772,Champions
17683,2.0,169.0,555.0,156.41,0.6871968305520846,0.26535075701220917,170.15286595342204,At-Risk (High Value)
17684,0.0,0.0,44.0,0.0,1.0,0.5425848245350299,,Loyal Customers
17685,11.0,650.0,667.0,482.38818181818186,0.991275756369568,1.4181687918434034,2579.673601507912,Champions
17686,6.0,526.0,534.0,1166.99,0.9870006145585212,0.9855752230922176,4385.173647075136,Champions
17687,0.0,0.0,421.0,0.0,1.0,0.12339874925113072,,Lost / Dormant
17688,0.0,0.0,394.0,0.0,1.0,0.1306171839397936,,Lost / Dormant
17689,1.0,86.0,475.0,151.07999999999998,0.6617266226060509,0.18335968124380334,126.82840701455801,Lost / Dormant
17690,18.0,644.0,675.0,397.4138888888889,0.9909071295352764,2.2436133050440783,3341.440685748906,Champions
17691,3.0,188.0,547.0,202.46666666666667,0.6255488382031885,0.3363715833928907,269.10868287528535,At-Risk (High Value)
17692,10.0,413.0,541.0,261.684,0.9150651597237707,1.4449941121656071,1426.375436867196,At-Risk (High Value)
17693,0.0,0.0,138.0,0.0,1.0,0.29349963617046115,,Lost / Dormant
17694,2.0,421.0,563.0,542.55,0.9376991634811143,0.35748219079755783,788.654514571119,At-Risk (High Value)
17695,4.0,549.0,681.0,360.535,0.9578224872907096,0.5380261600466659,753.9122748260321,At-Risk (High Value)
17696,23.0,691.0,730.0,315.3073913043478,0.9894511551322461,2.644323946679291,3120.1233835784706,Champions
17697,0.0,0.0,237.0,0.0,1.0,0.1979774156658151,,Lost / Dormant
17698,0.0,0.0,261.0,0.0,1.0,0.18350667667535667,,Lost / Dormant
17699,1.0,85.0,562.0,259.3,0.6010414805808686,0.1435203783270674,168.9911779118063,Lost / Dormant
17700,12.0,722.0,739.0,498.6033333333333,0.9920101140870885,1.4032059847917275,2636.885395101349,Champions
17701,0.0,0.0,253.0,0.0,1.0,0.18808911612199913,,Lost / Dormant
17702,5.0,370.0,401.0,462.97200000000004,0.9792419761118197,1.0674094240770322,1891.553262975286,At-Risk (High Value)
17703,3.0,383.0,419.0,266.24666666666667,0.9701422690230467,0.6590340126273248,690.3643317669998,Loyal Customers
17704,1.0,71.0,240.0,497.9,0.8102688834737124,0.39629268954452745,880.7944333105295,At-Risk (High Value)
17705,10.0,573.0,577.0,199.52,0.9922142525921397,1.479234673446847,1114.4884414433209,Champions
17706,22.0,685.0,690.0,836.2586363636364,0.996083987643659,2.6842995475816362,8396.57005656916,Champions
17707,7.0,547.0,733.0,79.75714285714287,0.9261579917030919,0.7989726805675899,244.1254384517331,At-Risk (High Value)
17708,3.0,236.0,424.0,193.79333333333332,0.8785551014388616,0.5907404679098694,451.26035890747676,At-Risk (High Value)
17709,4.0,434.0,604.0,104.88499999999999,0.9347328222560797,0.5852970048226668,239.81476502995943,At-Risk (High Value)
17710,0.0,0.0,424.0,0.0,1.0,0.12264567161102308,,Lost / Dormant
17711,1.0,279.0,290.0,164.57,0.9402586741635005,0.3954754427323993,295.6025763800136,Loyal Customers
17712,0.0,0.0,45.0,0.0,1.0,0.5377189860623989,,Loyal Customers
17713,3.0,166.0,549.0,298.3866666666667,0.5413128495413183,0.2901311651971121,341.428156148357,At-Risk (High Value)
17714,4.0,193.0,514.0,266.64250000000004,0.5613587878128596,0.4059441002976857,419.93304065500104,At-Risk (High Value)
17715,1.0,392.0,593.0,305.28000000000003,0.9001344475563363,0.20484935538341764,283.53155353967026,Lost / Dormant
17716,19.0,715.0,738.0,812.4615789473685,0.9931203920440071,2.1836689476076736,6648.464552143788,Champions
17717,0.0,0.0,422.0,0.0,1.0,0.12314669742831268,,Lost / Dormant
17718,1.0,412.0,645.0,139.35,0.8950301548847129,0.18881939744608578,121.09609850872476,Lost / Dormant
17719,14.0,218.0,256.0,344.015,0.9673364626634242,3.9542867640912536,5059.921089112222,Champions
17720,9.0,552.0,579.0,292.9211111111111,0.9878334628348698,1.3305323527891273,1473.9719137692828,Champions
17721,0.0,0.0,660.0,0.0,1.0,0.08286792986617049,,Lost / Dormant
17722,4.0,279.0,376.0,833.365,0.9463509427026259,0.8975196548831295,2885.0594179212744,At-Risk (High Value)
17723,6.0,248.0,376.0,316.3,0.8933483424052181,1.210231459246601,1456.0466209525305,At-Risk (High Value)
17724,2.0,67.0,139.0,329.95000000000005,0.9025981145442367,1.052567650297489,1390.9898381439225,At-Risk (High Value)
17725,10.0,251.0,268.0,310.137,0.9872987618816086,2.830031442961663,3284.0688564955226,Champions
17726,6.0,287.0,683.0,163.87000000000003,0.349741637693778,0.27986063760611224,175.82391807301687,At-Risk (High Value)
17727,0.0,0.0,16.0,0.0,1.0,0.7270719474876653,,Loyal Customers
17728,4.0,450.0,454.0,812.14,0.9819713474784438,0.7918776196190512,2485.9673099911124,Champions
17729,0.0,0.0,597.0,0.0,1.0,0.09072196711881027,,Lost / Dormant
17730,18.0,586.0,590.0,412.5811111111111,0.99539894274841,2.545374644127198,3930.6842069859417,Champions
17731,4.0,589.0,669.0,333.97249999999997,0.9705147535786627,0.5540423307406354,719.1880422623605,At-Risk (High Value)
17732,6.0,115.0,488.0,347.91,0.043233288439371326,0.04674884130420353,62.03088879588602,At-Risk (High Value)
17733,1.0,223.0,262.0,475.24,0.9305997159950636,0.4247149797603313,902.3750651046022,Loyal Customers
17734,5.0,589.0,643.0,224.12400000000002,0.9780022455869117,0.7027158280735838,606.7930358587496,At-Risk (High Value)
17735,24.0,495.0,498.0,707.24625,0.9964724664002056,3.915395347663858,10319.953511404194,Champions
17736,2.0,104.0,114.0,34.975,0.9624148556609139,1.2776445676489063,186.9068149100529,Loyal Customers
17737,1.0,49.0,59.0,80.85000000000001,0.9350524928408782,1.1158339310176024,410.7156736268028,Loyal Customers
17738,8.0,611.0,631.0,466.29875,0.9883888554182625,1.1046749514003686,1953.6107551874413,Champions
17739,17.0,721.0,733.0,430.5523529411765,0.994330304882691,1.9762912024663921,3192.749438431714,Champions
17740,5.0,308.0,698.0,73.32000000000001,0.5443520334497832,0.3630123957746042,103.31494917960825,At-Risk (High Value)
17741,1.0,154.0,561.0,59.7,0.7405363482698024,0.1771112423220615,50.269479653035226,Lost / Dormant
17742,10.0,625.0,739.0,187.993,0.9637461403656628,1.1480196311472655,816.8699912658363,At-Risk (High Value)
17743,0.0,0.0,449.0,0.0,1.0,0.1167103214445388,,Lost / Dormant
17744,6.0,377.0,381.0,387.06666666666666,0.9873751047937807,1.3226799745910067,1946.9707886907443,Champions
17745,1.0,78.0,556.0,111.11,0.5855068344713299,0.14115667460956627,72.54704828662292,Lost / Dormant
17746,2.0,370.0,611.0,249.8,0.90182134923981,0.3194722416499982,326.0587679695163,At-Risk (High Value)
17747,0.0,0.0,113.0,0.0,1.0,0.3342637044341831,,Lost / Dormant
17748,0.0,0.0,528.0,0.0,1.0,0.1012306960402682,,Lost / Dormant
17749,2.0,368.0,547.0,337.26,0.9221097692274829,0.36069651247058615,495.5280664226804,At-Risk (High Value)
17750,8.0,159.0,165.0,182.285,0.9886480945146211,3.326182761624661,2267.4712597150865,Champions
17751,0.0,0.0,422.0,0.0,1.0,0.12314669742831268,,Lost / Dormant
17752,0.0,0.0,360.0,0.0,1.0,0.14100466384844454,,Lost / Dormant
17753,2.0,238.0,703.0,180.055,0.7125022962921558,0.22225782071175157,164.1870749441676,Lost / Dormant
17754,11.0,728.0,729.0,390.18636363636364,0.9932593574686049,1.3103306406854986,1929.7321653159613,Champions
17756,2.0,19.0,395.0,278.9,0.2360793271748648,0.12271784174402935,139.07784503810737,At-Risk (High Value)
17757,54.0,694.0,696.0,172.20592592592595,0.9984011174641271,6.437570296981875,4128.620147136537,Champions
17758,9.0,549.0,569.0,508.6188888888889,0.9890262985772544,1.3530842148644269,2600.7586726012523,Champions
17759,3.0,566.0,584.0,381.17,0.9749614184666278,0.49446849314805164,743.1245083550702,Loyal Customers
17760,4.0,628.0,650.0,194.3475,0.9799173700043312,0.5742312038484474,434.51089329151944,Loyal Customers
17761,0.0,0.0,33.0,0.0,1.0,0.6025984508820994,,Loyal Customers
17762,0.0,0.0,457.0,0.0,1.0,0.11493053557613965,,Lost / Dormant
17763,2.0,396.0,660.0,34.05,0.8989739940190014,0.2970062129341792,43.2741272183744,Lost / Dormant
17764,4.0,686.0,737.0,357.2475,0.9764890576409253,0.5103139689089738,709.0677414367731,At-Risk (High Value)
17765,3.0,290.0,449.0,123.96,0.9170720748968261,0.5867673832421343,287.9111665089643,At-Risk (High Value)
17766,0.0,0.0,382.0,0.0,1.0,0.13410383794351885,,Lost / Dormant
17767,1.0,395.0,411.0,271.2,0.9400053446777968,0.29532356703775403,362.2001014397199,Loyal Customers
17768,5.0,729.0,738.0,620.288,0.9849499823248886,0.6242015612885676,1490.4129160570928,Champions
17769,16.0,677.0,690.0,427.0175,0.9938513078682214,1.9693943173311885,3155.9941115248216,Champions
17770,3.0,84.0,283.0,180.03333333333333,0.653675460185905,0.6166041036463121,435.67406259813123,At-Risk (High Value)
17771,3.0,533.0,590.0,123.64333333333333,0.9686477045003788,0.48678097449286123,238.92242165323657,Loyal Customers
17772,1.0,382.0,393.0,182.77,0.9409314531287952,0.30717607957343485,255.40957848077048,Loyal Customers
17773,1.0,176.0,691.0,209.02,0.7096678472251973,0.14063366596923213,134.20980999105302,Lost / Dormant
17774,8.0,573.0,670.0,347.7375,0.9697660204614448,1.0265101144024582,1354.9867643177565,At-Risk (High Value)
17775,0.0,0.0,255.0,0.0,1.0,0.1869221639312712,,Lost / Dormant
17776,1.0,337.0,724.0,121.55,0.8429306942732654,0.1600768145167563,89.98639533586345,Lost / Dormant
17777,2.0,76.0,101.0,235.57999999999998,0.9506458144537768,1.3599245339149115,1280.80946697153,Loyal Customers
17778,0.0,0.0,662.0,0.0,1.0,0.08264080997814154,,Lost / Dormant
17779,2.0,122.0,144.0,167.74,0.9568349631090125,1.0893369833049387,736.1371671939958,Loyal Customers
17780,1.0,17.0,685.0,193.81,0.2870618028985799,0.057340189383824604,50.80406725774324,Lost / Dormant
17781,1.0,94.0,254.0,86.02000000000001,0.8374828873319745,0.39174118857456874,155.84927142456638,Lost / Dormant
17782,0.0,0.0,383.0,0.0,1.0,0.13380618586701648,,Lost / Dormant
17783,2.0,440.0,513.0,141.735,0.9541777792656854,0.3951126179138927,229.67957310617288,Loyal Customers
17784,0.0,0.0,551.0,0.0,1.0,0.09746725989440297,,Lost / Dormant
17785,2.0,512.0,566.0,144.065,0.9592243113613885,0.36395575793462154,215.21992101702864,Loyal Customers
17786,1.0,232.0,318.0,163.89,0.9154932496429252,0.35706446500845634,266.12939895823865,Lost / Dormant
17787,3.0,219.0,372.0,376.30333333333334,0.8982820003246915,0.6755432877220507,997.4648134001768,At-Risk (High Value)
17788,1.0,56.0,130.0,580.28,0.8813782097806276,0.6718998859270738,1724.3115945508375,Loyal Customers
17789,1.0,380.0,662.0,225.9,0.879458717993288,0.18121007299073705,186.57935791740815,Lost / Dormant
17790,17.0,518.0,545.0,151.46588235294118,0.9903729915235957,2.5731162957400064,1459.8393507069309,Champions
17791,0.0,0.0,30.0,0.0,1.0,0.621354670464213,,Loyal Customers
17792,1.0,11.0,479.0,119.00999999999999,0.37725810103881835,0.103770087400111,56.9099728618152,Lost / Dormant
17793,0.0,0.0,26.0,0.0,1.0,0.6482687534940593,,Loyal Customers
17794,1.0,2.0,689.0,13.5,0.2207074712243004,0.04385286878289384,3.3831600869971084,Lost / Dormant
17795,1.0,85.0,265.0,187.14000000000001,0.8152824951901508,0.3687240880987073,312.20518860753594,Lost / Dormant
17796,6.0,381.0,422.0,203.29166666666666,0.9787831738760471,1.2012251220214516,931.0739999179941,At-Risk (High Value)
17797,6.0,702.0,725.0,296.1983333333333,0.9855463917975006,0.7468108925298823,847.0864558502935,Champions
17798,0.0,0.0,582.0,0.0,1.0,0.09281653794419487,,Lost / Dormant
17799,16.0,704.0,727.0,374.58,0.992485045388576,1.8750424619778636,2637.1750671270825,Champions
17800,8.0,297.0,335.0,132.745,0.9787342067360126,1.8994220415719378,952.2637565427998,At-Risk (High Value)
17801,2.0,240.0,692.0,194.32,0.7238793504036414,0.22907819067925783,182.4700602843747,At-Risk (High Value)
17802,8.0,644.0,727.0,566.27125,0.9767055704380602,0.9596430323029788,2063.1901493005935,At-Risk (High Value)
17803,0.0,0.0,393.0,0.0,1.0,0.13090079512637745,,Lost / Dormant
17804,2.0,362.0,739.0,130.14,0.8460750225194308,0.25214028487010015,135.21123012142982,Lost / Dormant
17805,1.0,537.0,611.0,512.31,0.9318132789389266,0.20643184446078297,477.3145275951669,Loyal Customers
17806,0.0,0.0,12.0,0.0,1.0,0.7642721777299901,,Loyal Customers
17807,2.0,309.0,705.0,124.095,0.8122590188643578,0.2527197263246874,129.26076385225673,Lost / Dormant
17808,3.0,33.0,582.0,46.946666666666665,0.039172117896256645,0.019928023606693938,3.7731911995237084,Lost / Dormant
17809,16.0,721.0,738.0,626.041875,0.9934264291653448,1.8511757652684315,4350.919868633666,Champions
17810,1.0,15.0,684.0,64.14,0.2790209450101768,0.055808213296210794,16.982982646094992,Lost / Dormant
17811,44.0,441.0,446.0,212.94431818181818,0.9973667988400439,7.815637889791839,6176.408747511922,Champions
17812,6.0,518.0,531.0,177.41499999999996,0.9862413582483017,0.98975735044122,671.4300938845256,Loyal Customers
17813,4.0,57.0,72.0,366.0675,0.9703218475680421,2.9382522944941574,4070.388554510652,Loyal Customers
17814,1.0,47.0,423.0,814.2,0.5834238888757804,0.17880899833975866,652.704092522884,At-Risk (High Value)
17815,0.0,0.0,394.0,0.0,1.0,0.1306171839397936,,Lost / Dormant
17816,5.0,688.0,725.0,17.538,0.981527181288455,0.6322408667186018,44.42221489113794,Loyal Customers
17817,4.0,418.0,423.0,175.92499999999998,0.9817576905373655,0.8417898698336865,574.3570397796424,Loyal Customers
17818,0.0,0.0,738.0,0.0,1.0,0.07484590271689621,,Lost / Dormant
17819,11.0,655.0,727.0,505.53363636363645,0.9800332167240666,1.29613884433833,2472.579844428248,Champions
17820,0.0,0.0,375.0,0.0,1.0,0.13622508851296514,,Lost / Dormant
17821,0.0,0.0,407.0,0.0,1.0,0.12703906108252877,,Lost / Dormant
17822,1.0,140.0,561.0,1079.16,0.7186543144675299,0.17187780010101628,833.2646448216306,At-Risk (High Value)
17823,0.0,0.0,422.0,0.0,1.0,0.12314669742831268,,Lost / Dormant
17824,0.0,0.0,52.0,0.0,1.0,0.505966525894642,,Loyal Customers
17825,1.0,127.0,726.0,264.5,0.6073778978295586,0.11505338857794158,138.49884697840145,At-Risk (High Value)
17826,0.0,0.0,375.0,0.0,1.0,0.13622508851296514,,Lost / Dormant
17827,3.0,616.0,622.0,665.1533333333333,0.9766413699775299,0.46800870372042147,1226.4393805700345,Champions
17828,3.0,162.0,185.0,163.97666666666666,0.9679972209291896,1.2684222747784086,812.3593553690118,Loyal Customers
17829,4.0,357.0,656.0,861.61,0.8215388276783209,0.4774269809573533,1595.8588998288544,At-Risk (High Value)
17830,2.0,287.0,289.0,105.1,0.9671441922934996,0.6524076260906091,280.5870544131927,Loyal Customers
17831,0.0,0.0,34.0,0.0,1.0,0.5965967432839169,,Lost / Dormant
17832,0.0,0.0,50.0,0.0,1.0,0.5146478218829703,,Lost / Dormant
17833,0.0,0.0,724.0,0.0,1.0,0.07616934246711214,,Lost / Dormant
17834,1.0,31.0,446.0,317.79,0.49981956060741617,0.1463213181714776,210.07118385320115,Lost / Dormant
17835,2.0,21.0,24.0,120.4,0.9645854311317215,2.556728570549917,1223.6507975334098,Loyal Customers
17836,0.0,0.0,48.0,0.0,1.0,0.5236335357549536,,Lost / Dormant
17837,7.0,121.0,164.0,210.51142857142855,0.9509023185721904,2.842326242957527,2244.3736928172966,At-Risk (High Value)
17838,11.0,604.0,631.0,569.6345454545454,0.9894916258160091,1.4886255828837436,3195.654873584998,Champions
17839,0.0,0.0,43.0,0.0,1.0,0.547539934556465,,Loyal Customers
17840,0.0,0.0,444.0,0.0,1.0,0.11785096501055846,,Lost / Dormant
17841,192.0,736.0,738.0,366.06140624999995,0.9993673600080786,21.524921885153507,29282.092008823885,Champions
17842,0.0,0.0,603.0,0.0,1.0,0.08991037865297224,,Lost / Dormant
17843,1.0,108.0,412.0,197.73,0.7516700495932963,0.23566108752053563,211.78651788210544,Lost / Dormant
17844,0.0,0.0,107.0,0.0,1.0,0.34579447006692915,,Lost / Dormant
17845,1.0,21.0,577.0,144.90000000000003,0.3614994983295471,0.08431157186471183,56.10677823434039,At-Risk (High Value)
17847,1.0,130.0,646.0,89.04,0.6549186457927177,0.13797076906506367,57.36550980016413,Lost / Dormant
17848,27.0,652.0,734.0,127.54925925925926,0.947417563924116,2.945108781443539,1405.0248799502808,Champions
17849,6.0,417.0,636.0,145.4466666666667,0.8716971017760462,0.7441539386690942,414.88767109119266,At-Risk (High Value)
17850,22.0,362.0,735.0,2468.0763636363636,0.00018912205096096538,0.0004810595458945038,4.442847521598456,Champions
17851,5.0,314.0,737.0,249.26,0.4963881990107755,0.3149719405527978,302.74482961160277,At-Risk (High Value)
17852,3.0,720.0,732.0,191.72,0.9760989027016871,0.4033677800506857,306.5215498435542,Loyal Customers
17853,2.0,329.0,737.0,511.9200000000001,0.816887890361839,0.24404754420133598,509.4088026088723,At-Risk (High Value)
17854,4.0,546.0,732.0,233.8775,0.9421625176717915,0.4954554675733238,451.27308847633714,At-Risk (High Value)
17855,0.0,0.0,373.0,0.0,1.0,0.1368435487257945,,Lost / Dormant
17856,3.0,280.0,282.0,268.85999999999996,0.9768901611851606,0.9241295459774818,972.8942043521178,Loyal Customers
17857,20.0,637.0,642.0,629.1980000000001,0.995715607962082,2.612203649029281,6149.382292589235,Champions
17858,27.0,728.0,734.0,448.40592592592594,0.9966098157592439,3.098026078288398,5191.917780390591,Champions
17859,0.0,0.0,305.0,0.0,1.0,0.16182534303131585,,Lost / Dormant
17860,2.0,360.0,729.0,379.425,0.8487770272806474,0.25612211153866415,396.70367017158895,At-Risk (High Value)
17861,16.0,726.0,730.0,299.91875,0.9949891845010378,1.872697912221781,2109.289499857148,Champions
17862,3.0,240.0,564.0,376.08666666666664,0.7505261366906935,0.3927041972142235,582.1396458795189,At-Risk (High Value)
17863,11.0,593.0,653.0,491.78363636363633,0.9817898667723625,1.4319083855021877,2654.8620045857892,Champions
17864,4.0,415.0,428.0,178.0525,0.9803283225777774,0.832074079914709,574.6326599090901,Loyal Customers
17865,34.0,708.0,739.0,756.8188235294118,0.9914708663422931,3.8378278316303436,10840.081817083017,Champions
17866,2.0,583.0,726.0,492.72499999999997,0.9460403685588896,0.2865513351576815,575.7049148107255,At-Risk (High Value)
17867,10.0,707.0,738.0,125.768,0.9889447455024513,1.1794996393012371,562.0131586067463,Champions
17868,0.0,0.0,387.0,0.0,1.0,0.13262868117432405,,Lost / Dormant
17869,5.0,440.0,548.0,176.19400000000002,0.9586688730422338,0.7952142064063518,539.4773020893579,At-Risk (High Value)
17870,9.0,379.0,382.0,242.0566666666667,0.9913925950772824,1.921261265216076,1751.6887179800262,Champions
17871,4.0,489.0,694.0,220.8675,0.9282917562477269,0.5125323057106181,440.7555853257211,At-Risk (High Value)
17872,0.0,0.0,382.0,0.0,1.0,0.13410383794351885,,Lost / Dormant
17873,14.0,643.0,724.0,413.83857142857147,0.974725083447376,1.6266869709041185,2531.5412771070523,Champions
17874,2.0,70.0,256.0,309.15000000000003,0.7447490998996577,0.5537182310127801,691.4259009491002,At-Risk (High Value)
17875,0.0,0.0,689.0,0.0,1.0,0.07969221806993176,,Lost / Dormant
17876,2.0,276.0,676.0,457.9200000000001,0.789172437714797,0.25511688523863835,476.17203666090063,At-Risk (High Value)
17877,0.0,0.0,171.0,0.0,1.0,0.2528225784513341,,Lost / Dormant
17878,1.0,352.0,396.0,379.45,0.9334468740847542,0.3027591424982346,517.3097494664978,Loyal Customers
17879,0.0,0.0,174.0,0.0,1.0,0.24967759854129995,,Lost / Dormant
17880,2.0,366.0,731.0,326.66,0.8526893428471934,0.25665802439006624,342.52675533379227,At-Risk (High Value)
17881,0.0,0.0,305.0,0.0,1.0,0.16182534303131585,,Lost / Dormant
17882,0.0,0.0,380.0,0.0,1.0,0.13470313472888507,,Lost / Dormant
17883,5.0,649.0,653.0,165.474,0.9854210110357586,0.6982137863098075,445.715434461204,Loyal Customers
17884,15.0,732.0,736.0,194.56733333333335,0.9946922142415744,1.7466770683579782,1277.9270835160173,Champions
17885,0.0,0.0,13.0,0.0,1.0,0.7546173966945696,,Loyal Customers
17886,5.0,558.0,590.0,292.836,0.9813058367779447,0.7619611179234831,858.3105401735461,At-Risk (High Value)
17887,0.0,0.0,130.0,0.0,1.0,0.305416219001215,,Lost / Dormant
17888,23.0,697.0,719.0,76.27130434782609,0.9936872034461248,2.6928100835856874,769.711022893547,Champions
17889,4.0,406.0,619.0,189.6075,0.9078508354913304,0.5560366108106083,410.34376955095996,At-Risk (High Value)
17890,1.0,39.0,362.0,125.13,0.60713772139882,0.21252131626252316,121.96123107294537,Lost / Dormant
17891,0.0,0.0,163.0,0.0,1.0,0.26161064225855823,,Lost / Dormant
17892,2.0,99.0,156.0,51.0,0.930593765643602,1.002379481387794,211.31064357012315,Loyal Customers
17893,0.0,0.0,226.0,0.0,1.0,0.2054020324604138,,Lost / Dormant
17894,16.0,398.0,470.0,145.03875,0.9507363073771296,2.6558323356393014,1441.8270647383124,Champions
17895,0.0,0.0,45.0,0.0,1.0,0.5377189860623989,,Lost / Dormant
17896,0.0,0.0,24.0,0.0,1.0,0.662624723082406,,Loyal Customers
17897,7.0,404.0,577.0,326.1771428571428,0.8960882815611957,0.960270356918595,1191.3978714966286,At-Risk (High Value)
17898,3.0,482.0,568.0,61.43333333333334,0.9618885765362387,0.5001275094463317,123.13829392863394,Loyal Customers
17899,0.0,0.0,160.0,0.0,1.0,0.2650660161192125,,Lost / Dormant
17900,0.0,0.0,191.0,0.0,1.0,0.23323845584040134,,Lost / Dormant
17901,1.0,492.0,522.0,110.38,0.9382591846736427,0.239249865221455,122.09772415560667,Loyal Customers
17902,0.0,0.0,547.0,0.0,1.0,0.09810153276396659,,Lost / Dormant
17903,0.0,0.0,395.0,0.0,1.0,0.13033479965911096,,Lost / Dormant
17904,0.0,0.0,22.0,0.0,1.0,0.6776348089748967,,Loyal Customers
17905,11.0,609.0,681.0,199.69000000000003,0.9785657185718789,1.3737833639122787,1035.6707460347761,At-Risk (High Value)
17906,0.0,0.0,248.0,0.0,1.0,0.19107131569064217,,Lost / Dormant
17907,0.0,0.0,641.0,0.0,1.0,0.08508951571141754,,Lost / Dormant
17908,4.0,352.0,726.0,252.6575,0.7383796378509081,0.39122937305441075,384.81509685894696,At-Risk (High Value)
17909,0.0,0.0,738.0,0.0,1.0,0.07484590271689621,,Lost / Dormant
17910,0.0,0.0,727.0,0.0,1.0,0.07588182234889457,,Lost / Dormant
17911,0.0,0.0,10.0,0.0,1.0,0.7843477337234258,,Loyal Customers
17912,4.0,65.0,376.0,77.7525,0.1542982681469549,0.14633654612402738,44.3601363624932,At-Risk (High Value)
17913,12.0,678.0,737.0,266.5075,0.9840634836845019,1.395427823040322,1402.3458254923776,Champions
17914,0.0,0.0,4.0,0.0,1.0,0.8514989375406841,,Loyal Customers
17915,0.0,0.0,552.0,0.0,1.0,0.09730997151204959,,Lost / Dormant
17916,1.0,105.0,734.0,18.41,0.5535093035415866,0.10380261213492213,10.300718708159058,Lost / Dormant
17917,2.0,317.0,363.0,115.185,0.9565985274760003,0.5342525122330497,252.14756814548406,Loyal Customers
17918,2.0,5.0,506.0,135.23,0.0955755592685217,0.040059925196676276,22.22865321906925,Lost / Dormant
17919,1.0,350.0,439.0,1304.04,0.9229779966218894,0.27393617757610345,1599.5075552142794,At-Risk (High Value)
17920,50.0,729.0,734.0,470.7554,0.9979457570637957,5.680891080671652,9964.276322917927,Champions
17921,9.0,448.0,513.0,250.8777777777778,0.9748054938744706,1.4623937540387462,1386.2007504913026,At-Risk (High Value)
17922,0.0,0.0,544.0,0.0,1.0,0.09858268306771975,,Lost / Dormant
17923,2.0,262.0,545.0,154.75,0.8491556595278892,0.33324458906673804,211.40813882253627,Lost / Dormant
17924,5.0,403.0,415.0,635.916,0.9837183078261993,1.0411420948628143,2534.0848773186426,Champions
17925,0.0,0.0,373.0,0.0,1.0,0.1368435487257945,,Lost / Dormant
17926,4.0,446.0,580.0,214.2975,0.9499765491574083,0.6169035661847467,513.9372081818602,At-Risk (High Value)
17927,0.0,0.0,722.0,0.0,1.0,0.07636223631914349,,Lost / Dormant
17928,2.0,526.0,572.0,92.22999999999999,0.9607162056197796,0.36110023468388386,137.69000334523355,Loyal Customers
17929,10.0,719.0,731.0,251.06599999999997,0.9914406130576855,1.1928482786035088,1132.8731856104762,Champions
17930,12.0,610.0,646.0,335.98833333333334,0.9882636970587958,1.5802344521955876,1999.3337564339326,Champions
17931,10.0,527.0,662.0,307.99,0.9381145456789567,1.2355131542240474,1437.8122318829346,At-Risk (High Value)
17932,2.0,182.0,212.0,371.28,0.9564747193144022,0.8233222322773928,1230.4186874853674,Loyal Customers
17933,0.0,0.0,633.0,0.0,1.0,0.0860609714921599,,Lost / Dormant
17934,2.0,355.0,407.0,352.125,0.9562648539192524,0.4845004812782246,692.54638089842,Loyal Customers
17935,5.0,597.0,736.0,115.398,0.9594072424202787,0.6095282327352906,272.16147600313525,At-Risk (High Value)
17936,0.0,0.0,6.0,0.0,1.0,0.8278638742686899,,Loyal Customers
17937,6.0,354.0,363.0,484.60999999999996,0.9863123096080557,1.3765737103555018,2534.7201480214253,Champions
17938,0.0,0.0,421.0,0.0,1.0,0.12339874925113072,,Lost / Dormant
17939,0.0,0.0,160.0,0.0,1.0,0.2650660161192125,,Lost / Dormant
17940,11.0,687.0,737.0,536.5400000000001,0.9860079137484489,1.287822236799616,2607.5930568926883,Champions
17941,3.0,572.0,703.0,339.52,0.9559687941407159,0.4099237204481587,549.917162343788,At-Risk (High Value)
17942,0.0,0.0,8.0,0.0,1.0,0.805514329869177,,Loyal Customers
17944,0.0,0.0,424.0,0.0,1.0,0.12264567161102308,,Lost / Dormant
17945,0.0,0.0,697.0,0.0,1.0,0.07885855437356444,,Lost / Dormant
17946,1.0,26.0,260.0,132.03,0.6608019340930713,0.30342651318985997,182.67785173628766,Lost / Dormant
17947,0.0,0.0,38.0,0.0,1.0,0.573745012029573,,Loyal Customers
17948,0.0,0.0,148.0,0.0,1.0,0.2798529331286569,,Lost / Dormant
17949,69.0,736.0,738.0,568.5852173913045,0.9987090352421256,7.77826298359447,16462.424373130376,Champions
17950,5.0,632.0,705.0,259.922,0.9753859154531471,0.6445592369083035,645.712694404312,At-Risk (High Value)
17951,3.0,365.0,405.0,434.68,0.9688736537670127,0.6776921249209193,1156.4986798455666,Loyal Customers
17952,1.0,163.0,542.0,438.55,0.7627767003123824,0.18811881167817135,372.33261051803186,At-Risk (High Value)
17953,0.0,0.0,541.0,0.0,1.0,0.0990685778051008,,Lost / Dormant
17954,17.0,725.0,731.0,214.14823529411765,0.9950390018343961,1.9826562854152128,1593.901447748993,Champions
17955,4.0,467.0,666.0,231.22500000000002,0.9273655243556619,0.5315758666943673,478.30331380536336,At-Risk (High Value)
17956,0.0,0.0,250.0,0.0,1.0,0.1898671486370712,,Lost / Dormant
17957,0.0,0.0,67.0,0.0,1.0,0.4491712276175015,,Lost / Dormant
17958,1.0,612.0,729.0,441.44000000000005,0.927047482595449,0.17494574261107806,349.54781608248055,At-Risk (High Value)
17959,0.0,0.0,593.0,0.0,1.0,0.09127121745161292,,Lost / Dormant
17960,2.0,470.0,642.0,62.09,0.9341088543956941,0.31644649124275526,82.09882723621278,Lost / Dormant
17961,83.0,717.0,739.0,36.065542168674696,0.9908455437331536,9.256260301409549,1243.5448380539415,Champions
17962,2.0,553.0,696.0,151.675,0.9448327091946579,0.29743392972246585,185.424313423265,At-Risk (High Value)
17963,3.0,218.0,690.0,159.13,0.5384826810534586,0.23486810486081797,148.25491421901398,At-Risk (High Value)
17964,1.0,341.0,373.0,209.94,0.9359448076224574,0.3194297363758061,304.10563899538124,Loyal Customers
17965,27.0,688.0,726.0,257.9707407407407,0.9893128690700906,3.106367886001173,2995.3879860194047,Champions
17966,6.0,653.0,691.0,263.6666666666667,0.9832930260255937,0.7785205203414672,785.9417426764327,Champions
17967,1.0,45.0,417.0,246.14,0.5810625946503116,0.18029182112358866,200.9961025972761,Lost / Dormant
17968,3.0,139.0,513.0,252.4666666666667,0.4822854521432773,0.2745348092004352,273.369512186434,At-Risk (High Value)
17969,19.0,567.0,734.0,119.39684210526316,0.7160417992491381,1.582291850801655,708.9159054361893,At-Risk (High Value)
17970,0.0,0.0,212.0,0.0,1.0,0.2156983255512196,,Lost / Dormant
17971,0.0,0.0,549.0,0.0,1.0,0.09778336747732715,,Lost / Dormant
17972,0.0,0.0,242.0,0.0,1.0,0.19477733143171788,,Lost / Dormant
17973,0.0,0.0,52.0,0.0,1.0,0.505966525894642,,Loyal Customers
17974,5.0,383.0,408.0,327.452,0.9808574450808124,1.0534133581472873,1321.4483532590734,Loyal Customers
17975,23.0,475.0,491.0,300.305652173913,0.9935738953012436,3.792743315610327,4246.774465298109,Champions
17976,0.0,0.0,373.0,0.0,1.0,0.1368435487257945,,Lost / Dormant
17977,1.0,371.0,401.0,288.14,0.9368757878552855,0.3006264332537523,391.30971801765304,Loyal Customers
17978,3.0,366.0,732.0,446.21999999999997,0.8182417153720309,0.3381341207954937,595.8620319978513,At-Risk (High Value)
17979,2.0,224.0,260.0,256.32,0.9561732604867198,0.7022138592345861,728.045150532254,Loyal Customers
17980,3.0,228.0,394.0,270.48333333333335,0.8921130064969801,0.6388888463262907,679.3856843626287,At-Risk (High Value)
17981,0.0,0.0,411.0,0.0,1.0,0.1259772284764706,,Lost / Dormant
17982,0.0,0.0,681.0,0.0,1.0,0.0805437002265406,,Lost / Dormant
17983,0.0,0.0,396.0,0.0,1.0,0.1300536343364795,,Lost / Dormant
17984,4.0,593.0,739.0,239.5775,0.9567437131885113,0.4987546019329588,465.34400823718784,At-Risk (High Value)
17985,0.0,0.0,23.0,0.0,1.0,0.6700452272176218,,Loyal Customers
17986,0.0,0.0,57.0,0.0,1.0,0.48549744064181644,,Lost / Dormant
17987,4.0,365.0,551.0,201.58,0.9130243496545156,0.6207252995179788,486.3185976141349,At-Risk (High Value)
17988,10.0,721.0,733.0,32.094,0.9914440963414077,1.1898705493802086,145.90708782461027,Loyal Customers
17989,0.0,0.0,380.0,0.0,1.0,0.13470313472888507,,Lost / Dormant
17990,5.0,496.0,733.0,238.98200000000003,0.9040900039417525,0.5765378138704396,531.3495923750671,At-Risk (High Value)
17991,2.0,366.0,592.0,46.675000000000004,0.9062899646316783,0.33030855842219814,64.98367316264802,Lost / Dormant
17992,0.0,0.0,390.0,0.0,1.0,0.13175907064372394,,Lost / Dormant
17993,0.0,0.0,618.0,0.0,1.0,0.08794356140288409,,Lost / Dormant
17994,10.0,499.0,621.0,173.31300000000002,0.9437981074664663,1.3170694966758993,862.803221509597,At-Risk (High Value)
17995,2.0,106.0,388.0,81.175,0.6866180291295082,0.3624048859255617,121.43285464203998,Lost / Dormant
17996,1.0,167.0,547.0,206.82999999999998,0.7655647359227356,0.18726973309474468,176.462019408379,Lost / Dormant
17997,7.0,90.0,165.0,235.4485714285714,0.8207824173186107,2.442794666992177,2156.987052743328,At-Risk (High Value)
17998,2.0,358.0,739.0,204.82,0.842764170579692,0.2511536121412887,210.88630554120837,Lost / Dormant
17999,2.0,341.0,379.0,286.2,0.9592156791968933,0.5164993744323967,600.2844192611449,Loyal Customers
18000,0.0,0.0,565.0,0.0,1.0,0.0953104823885446,,Lost / Dormant
18001,4.0,725.0,738.0,194.31,0.9812471067492925,0.5121636375160334,387.90791536067314,Loyal Customers
18002,3.0,356.0,732.0,66.28333333333333,0.8050370946614374,0.33267738016429227,88.45798947621998,Lost / Dormant
18003,0.0,0.0,377.0,0.0,1.0,0.13561219634841495,,Lost / Dormant
18004,0.0,0.0,363.0,0.0,1.0,0.14002208935634003,,Lost / Dormant
18005,1.0,44.0,48.0,109.75,0.9398022708632544,1.2293663721556949,605.9704624491349,Loyal Customers
18006,3.0,699.0,723.0,308.82,0.9747094526333433,0.407381203091553,497.3921803908381,Loyal Customers
18007,0.0,0.0,393.0,0.0,1.0,0.13090079512637745,,Lost / Dormant
18008,20.0,632.0,703.0,248.8195,0.9730659363410739,2.350549029929807,2190.9344614803767,Champions
18009,6.0,417.0,653.0,317.26166666666666,0.852701643567868,0.7107522736461067,862.6030284460902,At-Risk (High Value)
18010,0.0,0.0,257.0,0.0,1.0,0.1857696157229002,,Lost / Dormant
18011,1.0,194.0,568.0,205.57999999999998,0.7878059106272993,0.18634061766581314,174.61303404920272,Lost / Dormant
18012,0.0,0.0,724.0,0.0,1.0,0.07616934246711214,,Lost / Dormant
18013,0.0,0.0,156.0,0.0,1.0,0.2698179567350203,,Lost / Dormant
18014,0.0,0.0,29.0,0.0,1.0,0.627870354986633,,Loyal Customers
18015,0.0,0.0,5.0,0.0,1.0,0.8395138470884979,,Loyal Customers
18016,6.0,649.0,682.0,293.21,0.983979968218104,0.7884245013658603,884.813601801305,At-Risk (High Value)
18017,3.0,350.0,432.0,174.33333333333334,0.9569701525138543,0.6331519706583555,435.4888169624147,At-Risk (High Value)
18018,3.0,312.0,421.0,52.23,0.9443120892706091,0.6388584031306035,133.76909650247782,Lost / Dormant
18019,0.0,0.0,52.0,0.0,1.0,0.505966525894642,,Lost / Dormant
18020,0.0,0.0,544.0,0.0,1.0,0.09858268306771975,,Lost / Dormant
18021,1.0,3.0,513.0,116.41,0.31182968458723426,0.08074766664037526,43.37846607230705,Lost / Dormant
18022,4.0,511.0,547.0,363.0875,0.9770252558634132,0.6685633455642265,941.485770349324,At-Risk (High Value)
18024,0.0,0.0,153.0,0.0,1.0,0.27349544191982134,,Lost / Dormant
18025,4.0,240.0,620.0,229.8175,0.5609351317721168,0.34305916145108395,306.6047937253574,At-Risk (High Value)
18026,1.0,5.0,506.0,1087.81,0.3269704944030549,0.08570212379640721,418.34065489504945,At-Risk (High Value)
18027,0.0,0.0,99.0,0.0,1.0,0.3624694187902079,,Lost / Dormant
18028,0.0,0.0,584.0,0.0,1.0,0.09253168931613477,,Lost / Dormant
18029,0.0,0.0,643.0,0.0,1.0,0.08485006972218706,,Lost / Dormant
18030,1.0,38.0,43.0,109.55,0.9387051648440132,1.2840977312372928,631.2153447908067,Loyal Customers
18031,0.0,0.0,379.0,0.0,1.0,0.13500479733850457,,Lost / Dormant
18032,0.0,0.0,335.0,0.0,1.0,0.149762736716463,,Lost / Dormant
18033,0.0,0.0,66.0,0.0,1.0,0.4525565249597049,,Lost / Dormant
18034,1.0,354.0,376.0,422.88,0.9383802974124323,0.3180931784537914,604.7381269227035,Loyal Customers
18035,2.0,350.0,386.0,365.2,0.9598692051919223,0.508866284682277,753.7765994208635,Loyal Customers
18036,9.0,689.0,722.0,165.8711111111111,0.9878344598913111,1.0893965859335564,685.4859846535614,Champions
18037,13.0,584.0,739.0,11.19,0.903668875328228,1.3791424159670702,59.53871345860671,At-Risk (High Value)
18038,0.0,0.0,557.0,0.0,1.0,0.0965310856118029,,Lost / Dormant
18039,3.0,266.0,641.0,152.73333333333332,0.7267485336860035,0.33891580912977937,205.26034079008684,At-Risk (High Value)
18040,1.0,226.0,246.0,118.2,0.936874380468426,0.44943145065788576,242.83007276519834,Loyal Customers
18041,35.0,683.0,695.0,235.20399999999998,0.9962460316912903,4.196644435372134,3682.550230834278,Champions
18042,1.0,488.0,542.0,165.04999999999998,0.9341923696927636,0.2303939782028562,173.996502532648,Loyal Customers
18043,2.0,342.0,367.0,121.525,0.96223104826374,0.5324461547787379,264.94310640985145,Loyal Customers
18044,17.0,556.0,561.0,203.0441176470588,0.9949989776545215,2.5192677117537206,1915.8371316892326,Champions
18045,0.0,0.0,46.0,0.0,1.0,0.5329400204051814,,Loyal Customers
18046,0.0,0.0,650.0,0.0,1.0,0.08402252018925069,,Lost / Dormant
18047,0.0,0.0,382.0,0.0,1.0,0.13410383794351885,,Lost / Dormant
18048,1.0,290.0,494.0,172.29000000000002,0.8857959136957007,0.23713925320642718,186.58658942005505,Lost / Dormant
18049,1.0,153.0,591.0,283.97,0.7236706431236583,0.16519066450013847,212.86348630462135,Lost / Dormant
18050,1.0,34.0,394.0,74.4,0.5574942733871243,0.1816047465124606,63.244297229927795,Lost / Dormant
18051,6.0,96.0,731.0,324.83,0.0018694459927889766,0.0014059478726358187,1.7486821600617757,At-Risk (High Value)
18052,0.0,0.0,565.0,0.0,1.0,0.0953104823885446,,At-Risk (High Value)
18053,2.0,457.0,528.0,164.935,0.955047009748636,0.38550584867826365,260.38292590501715,Loyal Customers
18054,0.0,0.0,393.0,0.0,1.0,0.13090079512637745,,Lost / Dormant
18055,12.0,406.0,414.0,817.005,0.992451307738992,2.3524166732601133,7201.3740424736325,Champions
18056,1.0,330.0,619.0,363.65,0.8687189186702257,0.19021090371075705,313.141589423847,Lost / Dormant
18057,2.0,297.0,691.0,442.53499999999997,0.8063500572766169,0.2555133219115185,461.04633622553996,At-Risk (High Value)
18058,2.0,658.0,668.0,236.42999999999998,0.9664521673369694,0.3158257212218156,305.47078839353634,Loyal Customers
18059,2.0,44.0,68.0,91.19,0.9458691851122673,1.6851648692612036,619.0970622201223,Loyal Customers
18060,1.0,156.0,565.0,721.06,0.7414207613159376,0.1762010789058701,571.7750680284938,At-Risk (High Value)
18061,26.0,714.0,736.0,236.82000000000002,0.9940065853084717,2.970840677604861,2630.956271070393,Champions
18062,5.0,424.0,598.0,241.984,0.9252211647463437,0.7097711750152341,661.1161739610632,At-Risk (High Value)
18063,1.0,243.0,634.0,84.60000000000001,0.8079011497625556,0.17311133827751102,68.51759421475222,Lost / Dormant
18064,8.0,543.0,677.0,505.32875,0.9510787434872796,0.9972582141391279,1912.3264288207595,At-Risk (High Value)
18065,15.0,725.0,731.0,369.31533333333334,0.994475825743971,1.757238401963134,2438.7476629924813,Champions
18066,2.0,340.0,416.0,344.55,0.949642097707322,0.4721817770265551,660.6607886675322,At-Risk (High Value)
18067,0.0,0.0,41.0,0.0,1.0,0.5577280152350635,,Loyal Customers
18068,0.0,0.0,290.0,0.0,1.0,0.16861650849614757,,Lost / Dormant
18069,9.0,623.0,650.0,458.77000000000004,0.9883289689110079,1.1993843368899006,2082.1473624557293,Champions
18070,0.0,0.0,670.0,0.0,1.0,0.08174464763699743,,Lost / Dormant
18071,4.0,477.0,735.0,300.345,0.9013370248365326,0.47221388242147594,551.8770695016505,At-Risk (High Value)
18072,0.0,0.0,186.0,0.0,1.0,0.23784403317646227,,Lost / Dormant
18073,9.0,83.0,198.0,423.83555555555563,0.3138246068232145,1.0307980852915068,1631.2206731943438,At-Risk (High Value)
18074,1.0,132.0,506.0,979.2,0.735909745114976,0.19288905010823781,847.866603300727,At-Risk (High Value)
18075,19.0,475.0,499.0,271.35105263157897,0.9908750088024233,3.0987697212009757,3141.2092833821457,Champions
18076,0.0,0.0,381.0,0.0,1.0,0.13440281792733808,,Lost / Dormant
18077,17.0,724.0,733.0,242.76117647058825,0.9946979803403102,1.9770219795217503,1801.5578684534494,Champions
18078,3.0,411.0,629.0,157.28666666666666,0.915184007353379,0.4341484799421854,270.66484712372966,At-Risk (High Value)
18079,3.0,446.0,492.0,1217.3233333333333,0.9691815672370526,0.5724156110406676,2736.531672781338,At-Risk (High Value)
18080,1.0,224.0,243.0,305.28000000000003,0.9371509413297389,0.45391410388935527,621.5490668477587,Loyal Customers
18081,2.0,97.0,134.0,115.10000000000001,0.9450303308777454,1.1295078273063817,525.8667422724636,Loyal Customers
18082,0.0,0.0,26.0,0.0,1.0,0.6482687534940593,,Loyal Customers
18083,0.0,0.0,398.0,0.0,1.0,0.12949492911587054,,Lost / Dormant
18084,2.0,372.0,389.0,98.34,0.9642644459789635,0.5078339827204716,205.34969284227634,Loyal Customers
18085,3.0,298.0,629.0,462.3333333333334,0.7991656745452616,0.3791112607279496,691.1788294193107,At-Risk (High Value)
18086,0.0,0.0,275.0,0.0,1.0,0.17600314264673173,,Lost / Dormant
18087,12.0,448.0,739.0,672.86,0.35183982349701787,0.4976801536680083,1261.8863160579513,Champions
18088,0.0,0.0,62.0,0.0,1.0,0.46662582435527233,,Lost / Dormant
18089,0.0,0.0,447.0,0.0,1.0,0.11716391788606567,,Lost / Dormant
18090,0.0,0.0,422.0,0.0,1.0,0.12314669742831268,,Lost / Dormant
18091,0.0,0.0,594.0,0.0,1.0,0.0911332821564542,,Lost / Dormant
18092,16.0,733.0,736.0,917.975,0.9950955749317613,1.8589043374207639,6405.5614862275615,Champions
18093,7.0,525.0,619.0,586.2157142857143,0.9686908723214345,0.9745216965456767,2172.8761482951336,At-Risk (High Value)
18094,9.0,620.0,702.0,601.12,0.9762604829376429,1.1046313309649745,2513.845863170357,Champions
18095,4.0,287.0,600.0,320.5125,0.7418044356170642,0.46727707626177534,581.5923658082346,At-Risk (High Value)
18096,5.0,502.0,514.0,305.684,0.9841126596540115,0.8640863071354704,1014.5612677607403,Loyal Customers
18097,9.0,715.0,723.0,499.1177777777778,0.9911016849991423,1.0916162898850346,2063.493562500145,Champions
18098,0.0,0.0,397.0,0.0,1.0,0.12977368009257645,,Lost / Dormant
18099,0.0,0.0,128.0,0.0,1.0,0.3085484284856391,,Lost / Dormant
18100,0.0,0.0,551.0,0.0,1.0,0.09746725989440297,,Lost / Dormant
18101,4.0,663.0,675.0,129.165,0.9812445713837378,0.5556389132276935,280.1930929475991,Loyal Customers
18102,66.0,738.0,739.0,3660.6842424242427,0.9987677573659005,7.434526516745541,101309.65092476801,Champions
18103,0.0,0.0,550.0,0.0,1.0,0.09762505772289533,,Lost / Dormant
18104,0.0,0.0,38.0,0.0,1.0,0.573745012029573,,Loyal Customers
18105,0.0,0.0,38.0,0.0,1.0,0.573745012029573,,Lost / Dormant
18106,3.0,364.0,694.0,385.7166666666667,0.8411671222897509,0.3649609476384437,555.9113640184867,At-Risk (High Value)
18107,0.0,0.0,443.0,0.0,1.0,0.11808177557143663,,Lost / Dormant
18108,2.0,483.0,738.0,177.78,0.914925594670231,0.2729971520107697,199.2336896962912,At-Risk (High Value)
18109,36.0,525.0,527.0,268.685,0.9976556884846004,5.542436521425967,5540.596118000877,Champions
18110,1.0,392.0,412.0,236.3,0.9391840420384229,0.2944498491704718,315.2898803880088,Loyal Customers
18111,0.0,0.0,590.0,0.0,1.0,0.09168754070920555,,Lost / Dormant
18112,3.0,539.0,552.0,207.98666666666668,0.9755672527444328,0.5203478766854766,427.6163137440635,Loyal Customers
18113,0.0,0.0,369.0,0.0,1.0,0.13809747974379535,,Lost / Dormant
18114,0.0,0.0,291.0,0.0,1.0,0.16814606664732792,,Lost / Dormant
18115,0.0,0.0,698.0,0.0,1.0,0.07875557144660102,,Lost / Dormant
18116,12.0,344.0,412.0,160.35333333333332,0.9584637135342357,2.281343304619106,1372.7510656586142,At-Risk (High Value)
18117,0.0,0.0,26.0,0.0,1.0,0.6482687534940593,,Loyal Customers
18118,28.0,371.0,382.0,235.7382142857143,0.9945793800744068,5.715294041661374,5003.570013404259,Champions
18119,0.0,0.0,368.0,0.0,1.0,0.13841456339065283,,Lost / Dormant
18120,0.0,0.0,215.0,0.0,1.0,0.21340590241055427,,Lost / Dormant
18121,1.0,5.0,155.0,23.25,0.7061281272877273,0.4776277457551665,56.692873706044274,Lost / Dormant
18122,5.0,142.0,151.0,341.15999999999997,0.982058375166667,2.299300159842061,2967.7881861422275,Loyal Customers
18123,2.0,489.0,514.0,294.72,0.9637115680332331,0.39837380550357304,478.3237759692505,Loyal Customers
18124,0.0,0.0,473.0,0.0,1.0,0.111529049923416,,Lost / Dormant
18125,3.0,287.0,317.0,195.51,0.9696529865211058,0.8336644106224592,640.2374796664865,Loyal Customers
18126,0.0,0.0,61.0,0.0,1.0,0.47028142245978793,,Lost / Dormant
18127,2.0,384.0,404.0,174.365,0.9637617277158966,0.49140827031837964,349.645628960116,Loyal Customers
18128,0.0,0.0,538.0,0.0,1.0,0.09955928751871017,,Lost / Dormant
18129,0.0,0.0,244.0,0.0,1.0,0.1935261061789998,,Lost / Dormant
18130,2.0,42.0,58.0,372.765,0.9535306962255163,1.8354280952617905,2710.5648274784967,Loyal Customers
18131,0.0,0.0,632.0,0.0,1.0,0.08618396573563773,,Lost / Dormant
18132,0.0,0.0,505.0,0.0,1.0,0.10529653903049795,,Lost / Dormant
18133,0.0,0.0,213.0,0.0,1.0,0.2149287253801689,,Lost / Dormant
18134,1.0,96.0,695.0,142.85,0.5515809977893902,0.10873238175488859,71.49108141591375,Lost / Dormant
18135,9.0,605.0,635.0,117.63555555555556,0.9877204273794545,1.2242565652281143,546.2640182651488,At-Risk (High Value)
18136,4.0,388.0,452.0,237.145,0.9681737193204231,0.783759439427952,720.4065538110078,At-Risk (High Value)
18137,0.0,0.0,552.0,0.0,1.0,0.09730997151204959,,Lost / Dormant
18138,0.0,0.0,296.0,0.0,1.0,0.16583272106686342,,Lost / Dormant
18139,1.0,1.0,19.0,1825.74,0.9167907328608292,1.6074957465937012,12695.702892102192,Champions
18140,0.0,0.0,474.0,0.0,1.0,0.1113231323887291,,Lost / Dormant
18141,1.0,188.0,590.0,424.20000000000005,0.771226783208438,0.1763140061226239,337.94370195241396,Lost / Dormant
18142,1.0,58.0,216.0,737.04,0.8053125578828846,0.42726916204466725,1400.40343855753,At-Risk (High Value)
18143,1.0,25.0,142.0,519.98,0.8029953764296509,0.576962356421779,1329.337134027022,At-Risk (High Value)
18144,17.0,716.0,724.0,262.38235294117646,0.994804323840805,1.9997297149404976,1969.1987526670446,Champions
18145,10.0,719.0,732.0,530.809,0.9913260053916282,1.1912177403828546,2390.0444306695576,Champions
18146,1.0,80.0,221.0,83.70000000000002,0.8412507469798343,0.43858766109553726,169.6575076990338,Lost / Dormant
18147,1.0,63.0,109.0,80.46,0.9082072581585539,0.7750947022097279,286.0004813479778,Loyal Customers
18148,0.0,0.0,647.0,0.0,1.0,0.08437519891330678,,Lost / Dormant
18149,6.0,585.0,636.0,209.56999999999996,0.9804474585317623,0.8369923869632896,671.5119104910175,At-Risk (High Value)
18150,2.0,169.0,202.0,169.5,0.9544982412077293,0.852180172214332,584.4645883391981,Loyal Customers
18151,5.0,511.0,646.0,263.048,0.9547409659171839,0.6831160972220519,692.0049126153835,At-Risk (High Value)
18152,0.0,0.0,647.0,0.0,1.0,0.08437519891330678,,Lost / Dormant
18153,0.0,0.0,660.0,0.0,1.0,0.08286792986617049,,Lost / Dormant
18154,4.0,487.0,491.0,185.825,0.9820142119139792,0.7394066111456037,533.601788403524,Loyal Customers
18155,2.0,216.0,292.0,128.845,0.9402389119469474,0.6289578467668535,330.6027393216585,Loyal Customers
18156,1.0,357.0,370.0,528.71,0.9403672720617366,0.32314127042080204,766.59567663787,Loyal Customers
18157,0.0,0.0,572.0,0.0,1.0,0.09426750608340104,,Lost / Dormant
18158,1.0,79.0,89.0,109.6,0.9367807703173616,0.9022201926295731,447.0570947699477,Loyal Customers
18159,0.0,0.0,302.0,0.0,1.0,0.1631394252337674,,Lost / Dormant
18160,2.0,329.0,387.0,319.03,0.9538960177408525,0.5045860175150951,653.4382223324845,Loyal Customers
18161,5.0,364.0,380.0,323.738,0.9826561504637404,1.121456509887321,1389.7636895085807,Loyal Customers
18162,0.0,0.0,733.0,0.0,1.0,0.07531324641733567,,Lost / Dormant
18163,0.0,0.0,585.0,0.0,1.0,0.09238991981261929,,Lost / Dormant
18164,0.0,0.0,38.0,0.0,1.0,0.573745012029573,,Loyal Customers
18165,0.0,0.0,178.0,0.0,1.0,0.24560418989761038,,Lost / Dormant
18166,0.0,0.0,624.0,0.0,1.0,0.08718072515644305,,Lost / Dormant
18167,2.0,82.0,106.0,443.19000000000005,0.9521439091843014,1.322600998035715,2336.26783389374,Loyal Customers
18168,15.0,560.0,737.0,234.17666666666668,0.8018251582006634,1.4062518126957408,1238.0614750483376,At-Risk (High Value)
18169,0.0,0.0,61.0,0.0,1.0,0.47028142245978793,,Lost / Dormant
18170,8.0,667.0,701.0,327.45125,0.986653634496632,1.0022330926658458,1246.3593574384483,Champions
18171,8.0,645.0,704.0,266.88875,0.982086372750059,0.993712365575977,1007.5664739369147,At-Risk (High Value)
18172,34.0,714.0,729.0,502.2876470588236,0.9957592199781313,3.9028501072431263,7315.975859252335,Champions
18173,4.0,526.0,613.0,526.71,0.9674296084061826,0.5977544199080153,1221.498914382367,At-Risk (High Value)
18174,1.0,596.0,604.0,104.0,0.9420650640974334,0.21087904652800332,101.75545788521218,Loyal Customers
18175,0.0,0.0,676.0,0.0,1.0,0.08108518060507319,,Lost / Dormant
18176,0.0,0.0,359.0,0.0,1.0,0.14133526207794125,,Lost / Dormant
18177,8.0,693.0,725.0,235.29625000000001,0.9871093940186115,0.972314030522939,869.5894108190638,Champions
18178,10.0,531.0,660.0,561.807,0.943748544525552,1.2463524121521636,2644.2300683035864,At-Risk (High Value)
18179,7.0,654.0,664.0,299.7785714285714,0.9885921502785253,0.9333242784890052,1065.7853041124197,Champions
18180,5.0,138.0,143.0,308.62,0.9838005264805524,2.3912933101995013,2790.8121364311205,Loyal Customers
18181,4.0,711.0,736.0,226.7375,0.9798758888229376,0.5127215152781888,452.81982078073247,Loyal Customers
18182,0.0,0.0,464.0,0.0,1.0,0.11341718197300446,,Lost / Dormant
18183,1.0,47.0,275.0,319.27000000000004,0.7195421611750843,0.31591113238141,452.9096346834742,Lost / Dormant
18184,0.0,0.0,16.0,0.0,1.0,0.7270719474876653,,Loyal Customers
18185,0.0,0.0,250.0,0.0,1.0,0.1898671486370712,,Lost / Dormant
18186,0.0,0.0,723.0,0.0,1.0,0.0762656674015958,,Lost / Dormant
18187,0.0,0.0,632.0,0.0,1.0,0.08618396573563773,,Lost / Dormant
18188,5.0,608.0,624.0,596.168,0.9838849760313021,0.7263783460754865,1664.5301771288491,Champions
18189,2.0,548.0,626.0,545.12,0.9559334382214552,0.33131417138519326,735.1448298983476,At-Risk (High Value)
18190,4.0,525.0,718.0,138.3,0.9376005915478428,0.5018480844933972,270.9866712373641,At-Risk (High Value)
18191,1.0,216.0,478.0,207.8,0.8462114329985055,0.23318907869387528,220.4193307454282,Lost / Dormant
18192,0.0,0.0,72.0,0.0,1.0,0.43297944281078143,,Loyal Customers
18193,2.0,277.0,443.0,261.6,0.9119614295093134,0.42944643376480174,457.30694915671614,At-Risk (High Value)
18194,5.0,598.0,681.0,654.9,0.9727553669400666,0.6634429501106042,1671.2290366010775,At-Risk (High Value)
18195,0.0,0.0,388.0,0.0,1.0,0.13233753771451878,,Lost / Dormant
18196,3.0,537.0,633.0,390.32,0.9616299188872117,0.45357555101679486,698.5184068409993,At-Risk (High Value)
18197,0.0,0.0,576.0,0.0,1.0,0.09368170736263506,,Lost / Dormant
18198,16.0,332.0,337.0,320.31375,0.9943254945031688,3.692289709366921,4406.819267150624,Champions
18199,0.0,0.0,684.0,0.0,1.0,0.08022227019240685,,Lost / Dormant
18200,0.0,0.0,107.0,0.0,1.0,0.34579447006692915,,Lost / Dormant
18201,0.0,0.0,723.0,0.0,1.0,0.0762656674015958,,Lost / Dormant
18202,1.0,112.0,312.0,911.26,0.8234710144789461,0.3262561268920948,1327.2729795466564,At-Risk (High Value)
18203,3.0,574.0,732.0,128.4466666666667,0.9504102526552576,0.3927520794151795,200.58468771309853,At-Risk (High Value)
18204,2.0,121.0,193.0,722.135,0.9254539954377753,0.8548677070612493,2475.7782945325257,At-Risk (High Value)
18205,1.0,38.0,75.0,291.6,0.9081381796518083,0.961141153015731,1238.830309322652,Loyal Customers
18206,0.0,0.0,554.0,0.0,1.0,0.09699691324640256,,Lost / Dormant
18207,0.0,0.0,500.0,0.0,1.0,0.1062240315044401,,Lost / Dormant
18208,0.0,0.0,566.0,0.0,1.0,0.09516007460106479,,Lost / Dormant
18209,0.0,0.0,29.0,0.0,1.0,0.627870354986633,,Loyal Customers
18210,6.0,381.0,383.0,436.8966666666667,0.9877476479986815,1.317297425652463,2188.4098646639263,Champions
18211,4.0,253.0,279.0,115.5425,0.9750461155481915,1.1840329296858232,529.4127589910278,Loyal Customers
18212,1.0,351.0,678.0,248.42000000000002,0.8627153612128183,0.17394448657584663,196.71044919703442,Lost / Dormant
18213,0.0,0.0,237.0,0.0,1.0,0.1979774156658151,,Lost / Dormant
18214,3.0,24.0,555.0,352.2633333333333,0.03225754688806023,0.0171225577226213,23.775838841132682,At-Risk (High Value)
18215,4.0,534.0,624.0,362.235,0.967037449898406,0.5880020119776264,827.1532120475238,At-Risk (High Value)
18216,0.0,0.0,32.0,0.0,1.0,0.6087227738664183,,Loyal Customers
18217,3.0,497.0,527.0,214.73333333333335,0.9727252469161937,0.5406635820945888,458.4231636275113,Loyal Customers
18218,3.0,449.0,661.0,280.02666666666664,0.9238250526619399,0.41898866639924953,463.68382030180345,At-Risk (High Value)
18219,15.0,730.0,733.0,227.41133333333335,0.9947939543456736,1.7534061916787131,1499.0773886661116,Champions
18220,5.0,498.0,725.0,333.62399999999997,0.9105979082250827,0.5865524885134873,753.9292429972384,At-Risk (High Value)
18221,5.0,368.0,391.0,208.32200000000003,0.9811269293846442,1.092816384646618,872.8439460807941,Loyal Customers
18222,0.0,0.0,93.0,0.0,1.0,0.3760736742735771,,Lost / Dormant
18223,24.0,731.0,736.0,533.9870833333333,0.9963920539497454,2.754641324575528,5501.946920311923,Champions
18224,0.0,0.0,264.0,0.0,1.0,0.18184535653065262,,Lost / Dormant
18225,24.0,732.0,736.0,541.4483333333334,0.9965018678590742,2.754944917856357,5579.416743502007,Champions
18226,24.0,600.0,645.0,476.5129166666666,0.9845951774832017,3.0699301074554883,5465.715360163076,Champions
18227,1.0,267.0,485.0,93.75,0.8769006385987053,0.23858334914193177,103.92392222260929,Lost / Dormant
18228,1.0,23.0,80.0,359.51,0.8771583058259507,0.8966740984021229,1422.5756510300594,Loyal Customers
18229,26.0,725.0,737.0,400.8734615384615,0.9957318339709735,2.972295553000285,4454.648157231457,Champions
18230,8.0,516.0,526.0,500.38250000000005,0.9895338081959313,1.3017740725078204,2465.9893036076114,Champions
18231,24.0,506.0,699.0,275.28208333333333,0.19454253929715218,0.5638143168859354,580.4493867681492,Champions
18232,3.0,116.0,198.0,161.70666666666668,0.9157862172368582,1.141087828955958,721.4096969622997,At-Risk (High Value)
18233,0.0,0.0,326.0,0.0,1.0,0.1531882492487211,,Lost / Dormant
18234,0.0,0.0,552.0,0.0,1.0,0.09730997151204959,,Lost / Dormant
18235,2.0,146.0,218.0,683.01,0.9314766684365849,0.7849168470972903,2153.82002082612,At-Risk (High Value)
18236,9.0,574.0,604.0,173.19,0.9874735327970151,1.280494239003443,839.8598250757021,Champions
18237,4.0,132.0,135.0,165.92999999999998,0.9813449353070308,2.042336142522816,1296.0552649837214,Loyal Customers
18238,0.0,0.0,516.0,0.0,1.0,0.10331201208434142,,Lost / Dormant
18239,5.0,204.0,423.0,399.942,0.7019706833816272,0.7308175871645654,1119.7133603271955,At-Risk (High Value)
18240,0.0,0.0,47.0,0.0,1.0,0.5282456142148394,,Loyal Customers
18241,20.0,608.0,618.0,138.5345,0.9949836347421314,2.7017408780480614,1401.3318131214796,Champions
18242,6.0,625.0,698.0,546.445,0.9769716017812479,0.7664385050268109,1601.780117003742,At-Risk (High Value)
18243,0.0,0.0,415.0,0.0,1.0,0.12493300714980636,,Lost / Dormant
18244,1.0,72.0,503.0,265.84,0.60408465962173,0.15916931641894205,191.8496028341213,Lost / Dormant
18245,14.0,634.0,642.0,429.5864285714286,0.993798625291689,1.850330668452217,2985.9765729459064,Champions
18246,2.0,586.0,610.0,298.05,0.9644478439112772,0.3421623086359701,416.16733601529114,Loyal Customers
18247,2.0,217.0,632.0,326.865,0.7260031935622896,0.24946420923080007,332.68715752333617,At-Risk (High Value)
18248,1.0,64.0,187.0,307.56,0.8432871663023565,0.4985082341284143,685.2193740970484,At-Risk (High Value)
18249,0.0,0.0,18.0,0.0,1.0,0.7098055618822706,,Loyal Customers
18250,0.0,0.0,311.0,0.0,1.0,0.15925972497637525,,Lost / Dormant
18251,7.0,630.0,718.0,2744.2628571428572,0.9747207773139126,0.8569322672380872,8950.037194228686,Champions
18252,6.0,671.0,722.0,194.20666666666668,0.9815132342857185,0.74658230569724,555.8198787940922,At-Risk (High Value)
18253,0.0,0.0,643.0,0.0,1.0,0.08485006972218706,,Lost / Dormant
18254,0.0,0.0,582.0,0.0,1.0,0.09281653794419487,,Lost / Dormant
18255,1.0,367.0,457.0,103.3,0.9235798767243195,0.2647035769540627,126.51649176120921,Lost / Dormant
18256,0.0,0.0,388.0,0.0,1.0,0.13233753771451878,,Lost / Dormant
18257,10.0,620.0,660.0,422.47700000000003,0.9867165879589533,1.3030977442528888,2079.4355658642576,Champions
18258,4.0,108.0,573.0,296.22,0.11060374399403508,0.07261022262538983,83.5065112543993,At-Risk (High Value)
18259,6.0,707.0,732.0,660.3000000000001,0.9853235999280063,0.7401016375522262,1869.4133137266344,Champions
18260,21.0,552.0,725.0,459.70142857142855,0.5691444751232209,1.4013116809334893,2411.926995764824,Champions
18261,1.0,52.0,96.0,99.44,0.9064472631698398,0.8354232524441417,377.1835997535339,Loyal Customers
18262,2.0,462.0,603.0,187.74,0.9406459471313473,0.337203382212227,259.24851023577656,At-Risk (High Value)
18263,2.0,227.0,253.0,452.78,0.9596408662748497,0.7201795702594803,1314.4063231587493,Loyal Customers
18264,0.0,0.0,499.0,0.0,1.0,0.10641149487595519,,Lost / Dormant
18265,1.0,86.0,159.0,312.96,0.8952832208063988,0.5948476502304237,830.0003872043064,Loyal Customers
18266,0.0,0.0,435.0,0.0,1.0,0.11996133941370626,,Lost / Dormant
18267,0.0,0.0,673.0,0.0,1.0,0.0814135784009815,,Lost / Dormant
18268,5.0,594.0,729.0,223.01,0.9603333588070705,0.6154810885568653,529.422033754789,At-Risk (High Value)
18269,0.0,0.0,367.0,0.0,1.0,0.13873310730427635,,Lost / Dormant
18270,2.0,394.0,433.0,141.575,0.9600401107050683,0.4611261094762725,267.25827343937874,Loyal Customers
18271,1.0,122.0,732.0,488.3,0.593707318404225,0.11161972170098561,246.50701565603765,Lost / Dormant
18272,8.0,643.0,646.0,468.8725,0.9906280922427908,1.0838865061558263,1927.8277228149786,Champions
18273,3.0,588.0,591.0,68.0,0.9769900688626727,0.490227332920664,133.4009079455456,Loyal Customers
18274,0.0,0.0,31.0,0.0,1.0,0.6149735233383807,,Loyal Customers
18275,1.0,153.0,732.0,369.21000000000004,0.6540804568398342,0.12297015094701633,205.83822408915356,Lost / Dormant
18276,5.0,686.0,730.0,287.694,0.9805806853069017,0.6276692702715843,695.9963558533251,At-Risk (High Value)
18277,3.0,436.0,495.0,280.97,0.9662966790686291,0.5676658154364074,628.5281533841295,At-Risk (High Value)
18278,1.0,331.0,405.0,173.9,0.925666356519305,0.2945136022050596,233.3163552538181,Loyal Customers
18279,0.0,0.0,520.0,0.0,1.0,0.10260879234829454,,Lost / Dormant
18280,1.0,117.0,395.0,180.60000000000002,0.7779196594000005,0.2528604767966669,207.81338743583422,Lost / Dormant
18281,1.0,397.0,578.0,80.82,0.9051262445617245,0.21077309113764323,79.77820256035668,Lost / Dormant
18282,1.0,119.0,127.0,77.84,0.9391946769090798,0.7270608152874496,260.4388332306176,Loyal Customers
18283,18.0,655.0,659.0,146.075,0.9954489024594586,2.303569463740587,1261.8694300238456,Champions
18284,0.0,0.0,432.0,0.0,1.0,0.12068170169840425,,Lost / Dormant
18285,0.0,0.0,661.0,0.0,1.0,0.08275421405469349,,Lost / Dormant
18286,1.0,247.0,724.0,833.48,0.7782417952901093,0.1477920644724509,555.3293665342986,At-Risk (High Value)
18287,5.0,529.0,572.0,622.2760000000001,0.9791259758215549,0.7816819792022852,1868.0611068791118,At-Risk (High Value)
