CustomerID,Rec_1,Rec_2,Rec_3,Rec_4,Rec_5
12346,REGENCY CAKESTAND 3 TIER,WHITE HANGING HEART T-LIGHT HOLDER,"PAPER CRAFT , LITTLE BIRDIE",JUMBO BAG RED WHITE SPOTTY ,ASSORTED COLOUR BIRD ORNAMENT
12347,PACK OF 72 RETROSPOT CAKE CASES,PACK OF 60 PINK PAISLEY CAKE CASES,VINTAGE SNAP CARDS,WHITE HANGING HEART T-LIGHT HOLDER,"PAPER CRAFT , LITTLE BIRDIE"
12348,PACK OF 72 RETROSPOT CAKE CASES,PACK OF 60 DINOSAUR CAKE CASES,WHITE HANGING HEART T-LIGHT HOLDER,PICNIC BASKET WICKER SMALL,REGENCY CAKESTAND 3 TIER
12349,WHITE HANGING HEART T-LIGHT HOLDER,PAPER CHAIN KIT 50'S CHRISTMAS ,BAKING SET 9 PIECE RETROSPOT ,METAL SIGN TAKE IT OR LEAVE IT ,RABBIT NIGHT LIGHT
12350,WHITE HANGING HEART T-LIGHT HOLDER,REGENCY CAKESTAND 3 TIER,ASSORTED COLOUR BIRD ORNAMENT,PARTY BUNTING,VINTAGE UNION JACK BUNTING
12351,WHITE HANGING HEART T-LIGHT HOLDER,REGENCY CAKESTAND 3 TIER,ASSORTED COLOUR BIRD ORNAMENT,PARTY BUNTING,VINTAGE UNION JACK BUNTING
12352,WHITE HANGING HEART T-LIGHT HOLDER,SWEETHEART CERAMIC TRINKET BOX,PICNIC BASKET WICKER SMALL,PARTY BUNTING,JUMBO BAG RED WHITE SPOTTY 
12353,WHITE HANGING HEART T-LIGHT HOLDER,REGENCY CAKESTAND 3 TIER,ASSORTED COLOUR BIRD ORNAMENT,PARTY BUNTING,VINTAGE UNION JACK BUNTING
12354,BLUE 3 PIECE MINI DOTS CUTLERY SET,WHITE HANGING HEART T-LIGHT HOLDER,REGENCY CAKESTAND 3 TIER,ASSORTED COLOUR BIRD ORNAMENT,PARTY BUNTING
12355,WHITE HANGING HEART T-LIGHT HOLDER,PICNIC BASKET WICKER SMALL,PARTY BUNTING,JUMBO BAG RED WHITE SPOTTY ,ASSORTED COLOUR BIRD ORNAMENT
12356,PACK OF 72 RETROSPOT CAKE CASES,GREEN REGENCY TEACUP AND SAUCER,STRAWBERRY CERAMIC TRINKET BOX,PACK OF 60 PINK PAISLEY CAKE CASES,PINK CREAM FELT CRAFT TRINKET BOX 
12357,WHITE HANGING HEART T-LIGHT HOLDER,PICNIC BASKET WICKER SMALL,PARTY BUNTING,JUMBO BAG RED WHITE SPOTTY ,ASSORTED COLOUR BIRD ORNAMENT
12358,CHOCOLATE HOT WATER BOTTLE,JUMBO BAG PINK POLKADOT,JUMBO STORAGE BAG SUKI,JUMBO BAG RED RETROSPOT,REGENCY CAKESTAND 3 TIER
12359,JUMBO BAG PINK POLKADOT,JUMBO BAG RED RETROSPOT,WHITE HANGING HEART T-LIGHT HOLDER,GIN + TONIC DIET METAL SIGN,LUNCH BAG SUKI  DESIGN 
12360,60 TEATIME FAIRY CAKE CASES,PACK OF 72 RETROSPOT CAKE CASES,JUMBO BAG SCANDINAVIAN PAISLEY,JUMBO BAG RED RETROSPOT,WHITE HANGING HEART T-LIGHT HOLDER
12361,LUNCH BAG PINK POLKADOT,LUNCH BAG SUKI  DESIGN ,LUNCH BAG SPACEBOY DESIGN ,LUNCH BAG  BLACK SKULL.,LUNCH BAG RED RETROSPOT
12362,LUNCH BAG SUKI  DESIGN ,LUNCH BAG SPACEBOY DESIGN ,LUNCH BAG PINK POLKADOT,LUNCH BAG  BLACK SKULL.,LUNCH BAG RED RETROSPOT
12363,PACK OF 72 RETROSPOT CAKE CASES,PACK OF 60 DINOSAUR CAKE CASES,WHITE HANGING HEART T-LIGHT HOLDER,REGENCY CAKESTAND 3 TIER,ASSORTED COLOUR BIRD ORNAMENT
12364,PACK OF 72 RETROSPOT CAKE CASES,PACK OF 60 DINOSAUR CAKE CASES,72 SWEETHEART FAIRY CAKE CASES,REGENCY CAKESTAND 3 TIER,WHITE HANGING HEART T-LIGHT HOLDER
12365,PINK BLUE FELT CRAFT TRINKET BOX,WHITE HANGING HEART T-LIGHT HOLDER,ASSORTED COLOUR BIRD ORNAMENT,PARTY BUNTING,VINTAGE UNION JACK BUNTING
12366,WHITE HANGING HEART T-LIGHT HOLDER,REGENCY CAKESTAND 3 TIER,PARTY BUNTING,VINTAGE UNION JACK BUNTING,BAKING SET 9 PIECE RETROSPOT 
12367,REGENCY CAKESTAND 3 TIER,WHITE HANGING HEART T-LIGHT HOLDER,ASSORTED COLOUR BIRD ORNAMENT,PAPER CHAIN KIT 50'S CHRISTMAS ,BAKING SET 9 PIECE RETROSPOT 
12368,WHITE HANGING HEART T-LIGHT HOLDER,REGENCY CAKESTAND 3 TIER,ASSORTED COLOUR BIRD ORNAMENT,PARTY BUNTING,VINTAGE UNION JACK BUNTING
12369,LUNCH BAG SPACEBOY DESIGN ,LUNCH BAG PINK POLKADOT,LUNCH BAG SUKI  DESIGN ,LUNCH BAG  BLACK SKULL.,LUNCH BAG RED RETROSPOT
12370,PINK BLUE FELT CRAFT TRINKET BOX,PICNIC BASKET WICKER SMALL,REGENCY CAKESTAND 3 TIER,JUMBO BAG RED WHITE SPOTTY ,GIN + TONIC DIET METAL SIGN
12371,LUNCH BAG PINK POLKADOT,LUNCH BAG WOODLAND,LUNCH BAG SUKI  DESIGN ,LUNCH BAG CARS BLUE,LUNCH BAG SPACEBOY DESIGN 
12372,VINTAGE SNAP CARDS,WHITE HANGING HEART T-LIGHT HOLDER,PICNIC BASKET WICKER SMALL,REGENCY CAKESTAND 3 TIER,PARTY BUNTING
12373,LUNCH BAG SUKI  DESIGN ,LUNCH BAG PINK POLKADOT,LUNCH BAG SPACEBOY DESIGN ,LUNCH BAG  BLACK SKULL.,LUNCH BAG RED RETROSPOT
12374,JUMBO BAG PINK POLKADOT,JUMBO BAG RED RETROSPOT,LUNCH BAG SUKI  DESIGN ,LUNCH BAG CARS BLUE,LUNCH BAG SPACEBOY DESIGN 
12375,JUMBO BAG RED RETROSPOT,JUMBO BAG SCANDINAVIAN PAISLEY,JUMBO STORAGE BAG SUKI,JUMBO BAG PINK POLKADOT,REGENCY CAKESTAND 3 TIER
12376,WHITE HANGING HEART T-LIGHT HOLDER,REGENCY CAKESTAND 3 TIER,ASSORTED COLOUR BIRD ORNAMENT,PARTY BUNTING,VINTAGE UNION JACK BUNTING
12377,HOT WATER BOTTLE TEA AND SYMPATHY,WHITE HANGING HEART T-LIGHT HOLDER,PICNIC BASKET WICKER SMALL,REGENCY CAKESTAND 3 TIER,PARTY BUNTING
12378,BLUE 3 PIECE MINI DOTS CUTLERY SET,ALARM CLOCK BAKELIKE RED ,LUNCH BAG WOODLAND,LUNCH BAG PINK POLKADOT,LUNCH BAG SUKI  DESIGN 
12379,LUNCH BAG PINK POLKADOT,LUNCH BAG SUKI  DESIGN ,LUNCH BAG SPACEBOY DESIGN ,LUNCH BAG  BLACK SKULL.,LUNCH BAG RED RETROSPOT
12380,LUNCH BAG SUKI  DESIGN ,LUNCH BAG SPACEBOY DESIGN ,LUNCH BAG PINK POLKADOT,LUNCH BAG  BLACK SKULL.,LUNCH BAG RED RETROSPOT
12381,VINTAGE SNAP CARDS,WHITE HANGING HEART T-LIGHT HOLDER,ASSORTED COLOUR BIRD ORNAMENT,PAPER CHAIN KIT 50'S CHRISTMAS ,BAKING SET 9 PIECE RETROSPOT 
12383,PACK OF 72 RETROSPOT CAKE CASES,BLUE 3 PIECE MINI DOTS CUTLERY SET,60 TEATIME FAIRY CAKE CASES,WHITE HANGING HEART T-LIGHT HOLDER,PICNIC BASKET WICKER SMALL
12384,JUMBO BAG PINK POLKADOT,JUMBO STORAGE BAG SUKI,JUMBO BAG RED RETROSPOT,WHITE HANGING HEART T-LIGHT HOLDER,ASSORTED COLOUR BIRD ORNAMENT
12385,JUMBO BAG STRAWBERRY,JUMBO  BAG BAROQUE BLACK WHITE,JUMBO BAG PINK POLKADOT,JUMBO SHOPPER VINTAGE RED PAISLEY,JUMBO BAG RED RETROSPOT
12386,WHITE HANGING HEART T-LIGHT HOLDER,REGENCY CAKESTAND 3 TIER,ASSORTED COLOUR BIRD ORNAMENT,PARTY BUNTING,VINTAGE UNION JACK BUNTING
12387,WHITE HANGING HEART T-LIGHT HOLDER,REGENCY CAKESTAND 3 TIER,ASSORTED COLOUR BIRD ORNAMENT,PARTY BUNTING,VINTAGE UNION JACK BUNTING
12388,PACK OF 72 RETROSPOT CAKE CASES,REGENCY CAKESTAND 3 TIER,WHITE HANGING HEART T-LIGHT HOLDER,"PAPER CRAFT , LITTLE BIRDIE",JUMBO BAG RED WHITE SPOTTY 
12389,VINTAGE SNAP CARDS,WHITE HANGING HEART T-LIGHT HOLDER,PICNIC BASKET WICKER SMALL,REGENCY CAKESTAND 3 TIER,PARTY BUNTING
12390,WHITE HANGING HEART T-LIGHT HOLDER,REGENCY CAKESTAND 3 TIER,ASSORTED COLOUR BIRD ORNAMENT,PARTY BUNTING,VINTAGE UNION JACK BUNTING
12391,LOVE BUILDING BLOCK WORD,WOODEN FRAME ANTIQUE WHITE ,PINK CREAM FELT CRAFT TRINKET BOX ,VINTAGE HEADS AND TAILS CARD GAME ,JUMBO BAG PINK POLKADOT
12392,WHITE HANGING HEART T-LIGHT HOLDER,REGENCY CAKESTAND 3 TIER,ASSORTED COLOUR BIRD ORNAMENT,PARTY BUNTING,VINTAGE UNION JACK BUNTING
12393,LUNCH BAG PINK POLKADOT,LUNCH BAG SUKI  DESIGN ,LUNCH BAG SPACEBOY DESIGN ,LUNCH BAG RED RETROSPOT,PACK OF 72 RETROSPOT CAKE CASES
12394,REGENCY CAKESTAND 3 TIER,WHITE HANGING HEART T-LIGHT HOLDER,ASSORTED COLOUR BIRD ORNAMENT,PAPER CHAIN KIT 50'S CHRISTMAS ,BAKING SET 9 PIECE RETROSPOT 
12395,60 TEATIME FAIRY CAKE CASES,PACK OF 72 RETROSPOT CAKE CASES,WHITE HANGING HEART T-LIGHT HOLDER,"PAPER CRAFT , LITTLE BIRDIE",ASSORTED COLOUR BIRD ORNAMENT
12396,WHITE HANGING HEART T-LIGHT HOLDER,VINTAGE SNAP CARDS,PINK BLUE FELT CRAFT TRINKET BOX,REGENCY CAKESTAND 3 TIER,ASSORTED COLOUR BIRD ORNAMENT
12397,WHITE HANGING HEART T-LIGHT HOLDER,LUNCH BAG CARS BLUE,LUNCH BAG SPACEBOY DESIGN ,LUNCH BAG PINK POLKADOT,LUNCH BAG SUKI  DESIGN 
12398,BLUE 3 PIECE MINI DOTS CUTLERY SET,60 TEATIME FAIRY CAKE CASES,PACK OF 72 RETROSPOT CAKE CASES,LUNCH BAG WOODLAND,LUNCH BAG PINK POLKADOT
12399,PACK OF 72 RETROSPOT CAKE CASES,LUNCH BAG CARS BLUE,LUNCH BAG SPACEBOY DESIGN ,LUNCH BAG PINK POLKADOT,LUNCH BAG SUKI  DESIGN 
12400,VINTAGE HEADS AND TAILS CARD GAME ,LUNCH BAG CARS BLUE,LUNCH BAG SPACEBOY DESIGN ,LUNCH BAG PINK POLKADOT,LUNCH BAG SUKI  DESIGN 
12401,WHITE HANGING HEART T-LIGHT HOLDER,ASSORTED COLOUR BIRD ORNAMENT,PARTY BUNTING,VINTAGE UNION JACK BUNTING,BAKING SET 9 PIECE RETROSPOT 
12402,JUMBO BAG RED RETROSPOT,JUMBO BAG PINK POLKADOT,JUMBO STORAGE BAG SUKI,WHITE HANGING HEART T-LIGHT HOLDER,PICNIC BASKET WICKER SMALL
12403,REGENCY CAKESTAND 3 TIER,WHITE HANGING HEART T-LIGHT HOLDER,ASSORTED COLOUR BIRD ORNAMENT,PAPER CHAIN KIT 50'S CHRISTMAS ,BAKING SET 9 PIECE RETROSPOT 
12405,PACK OF 72 RETROSPOT CAKE CASES,72 SWEETHEART FAIRY CAKE CASES,WHITE HANGING HEART T-LIGHT HOLDER,REGENCY CAKESTAND 3 TIER,ASSORTED COLOUR BIRD ORNAMENT
12406,LUNCH BAG CARS BLUE,LUNCH BAG SPACEBOY DESIGN ,LUNCH BAG PINK POLKADOT,LUNCH BAG SUKI  DESIGN ,LUNCH BAG RED RETROSPOT
12407,60 TEATIME FAIRY CAKE CASES,PACK OF 72 RETROSPOT CAKE CASES,WHITE HANGING HEART T-LIGHT HOLDER,PICNIC BASKET WICKER SMALL,REGENCY CAKESTAND 3 TIER
12408,JUMBO STORAGE BAG SUKI,JUMBO BAG PINK POLKADOT,JUMBO BAG RED RETROSPOT,RED RETROSPOT CHARLOTTE BAG,VINTAGE SNAP CARDS
12409,JUMBO STORAGE BAG SUKI,JUMBO BAG PINK POLKADOT,JUMBO BAG RED RETROSPOT,PINK REGENCY TEACUP AND SAUCER,RED RETROSPOT CHARLOTTE BAG
12410,WHITE HANGING HEART T-LIGHT HOLDER,PICNIC BASKET WICKER SMALL,PARTY BUNTING,JUMBO BAG RED WHITE SPOTTY ,ASSORTED COLOUR BIRD ORNAMENT
12411,VINTAGE HEADS AND TAILS CARD GAME ,WHITE HANGING HEART T-LIGHT HOLDER,REGENCY CAKESTAND 3 TIER,ASSORTED COLOUR BIRD ORNAMENT,PARTY BUNTING
12412,PAPER CHAIN KIT VINTAGE CHRISTMAS,WHITE HANGING HEART T-LIGHT HOLDER,PICNIC BASKET WICKER SMALL,REGENCY CAKESTAND 3 TIER,PARTY BUNTING
12413,WHITE HANGING HEART T-LIGHT HOLDER,PICNIC BASKET WICKER SMALL,ASSORTED COLOUR BIRD ORNAMENT,FAIRY CAKE FLANNEL ASSORTED COLOUR,GIN + TONIC DIET METAL SIGN
12414,60 TEATIME FAIRY CAKE CASES,PACK OF 72 RETROSPOT CAKE CASES,WHITE HANGING HEART T-LIGHT HOLDER,PICNIC BASKET WICKER SMALL,REGENCY CAKESTAND 3 TIER
12415,PACK OF 72 RETROSPOT CAKE CASES,60 TEATIME FAIRY CAKE CASES,LUNCH BAG CARS BLUE,LUNCH BAG SPACEBOY DESIGN ,LUNCH BAG PINK POLKADOT
12416,GIN + TONIC DIET METAL SIGN,TOILET METAL SIGN,WHITE HANGING HEART T-LIGHT HOLDER,REGENCY CAKESTAND 3 TIER,ASSORTED COLOUR BIRD ORNAMENT
12417,PACK OF 72 RETROSPOT CAKE CASES,PINK REGENCY TEACUP AND SAUCER,BLUE 3 PIECE MINI DOTS CUTLERY SET,PACK OF 60 DINOSAUR CAKE CASES,72 SWEETHEART FAIRY CAKE CASES
12418,ALARM CLOCK BAKELIKE RED ,VINTAGE SNAP CARDS,PICNIC BASKET WICKER SMALL,REGENCY CAKESTAND 3 TIER,JUMBO BAG RED WHITE SPOTTY 
12419,BATHROOM METAL SIGN,WHITE HANGING HEART T-LIGHT HOLDER,REGENCY CAKESTAND 3 TIER,ASSORTED COLOUR BIRD ORNAMENT,PARTY BUNTING
12420,WHITE HANGING HEART T-LIGHT HOLDER,ASSORTED COLOUR BIRD ORNAMENT,PAPER CHAIN KIT 50'S CHRISTMAS ,METAL SIGN TAKE IT OR LEAVE IT ,RABBIT NIGHT LIGHT
12421,SWEETHEART CERAMIC TRINKET BOX,WHITE HANGING HEART T-LIGHT HOLDER,PACK OF 60 DINOSAUR CAKE CASES,72 SWEETHEART FAIRY CAKE CASES,PACK OF 60 PINK PAISLEY CAKE CASES
12422,JUMBO BAG RED RETROSPOT,JUMBO BAG PINK POLKADOT,LUNCH BAG SUKI  DESIGN ,LUNCH BAG SPACEBOY DESIGN ,LUNCH BAG PINK POLKADOT
12423,SWEETHEART CERAMIC TRINKET BOX,RED RETROSPOT CHARLOTTE BAG,HAND WARMER SCOTTY DOG DESIGN,HAND WARMER BIRD DESIGN,REGENCY CAKESTAND 3 TIER
12424,PAPER CHAIN KIT 50'S CHRISTMAS ,GIN + TONIC DIET METAL SIGN,VINTAGE SNAP CARDS,WHITE HANGING HEART T-LIGHT HOLDER,PICNIC BASKET WICKER SMALL
12425,JUMBO BAG PINK POLKADOT,JUMBO STORAGE BAG SUKI,JUMBO BAG RED RETROSPOT,LUNCH BAG WOODLAND,LUNCH BAG PINK POLKADOT
12426,WHITE HANGING HEART T-LIGHT HOLDER,PICNIC BASKET WICKER SMALL,REGENCY CAKESTAND 3 TIER,PARTY BUNTING,JUMBO BAG RED WHITE SPOTTY 
12427,REGENCY CAKESTAND 3 TIER,WHITE HANGING HEART T-LIGHT HOLDER,ASSORTED COLOUR BIRD ORNAMENT,PAPER CHAIN KIT 50'S CHRISTMAS ,BAKING SET 9 PIECE RETROSPOT 
12428,JUMBO BAG RED RETROSPOT,PACK OF 72 RETROSPOT CAKE CASES,PACK OF 60 DINOSAUR CAKE CASES,72 SWEETHEART FAIRY CAKE CASES,JUMBO BAG PINK POLKADOT
12429,60 TEATIME FAIRY CAKE CASES,PACK OF 72 RETROSPOT CAKE CASES,SWEETHEART CERAMIC TRINKET BOX,VINTAGE SNAP CARDS,WHITE HANGING HEART T-LIGHT HOLDER
12430,REGENCY CAKESTAND 3 TIER,WHITE HANGING HEART T-LIGHT HOLDER,ASSORTED COLOUR BIRD ORNAMENT,PAPER CHAIN KIT 50'S CHRISTMAS ,BAKING SET 9 PIECE RETROSPOT 
12431,LUNCH BAG SUKI  DESIGN ,JUMBO BAG RED RETROSPOT,LUNCH BAG SPACEBOY DESIGN ,LUNCH BAG PINK POLKADOT,LUNCH BAG  BLACK SKULL.
12432,VINTAGE HEADS AND TAILS CARD GAME ,WHITE HANGING HEART T-LIGHT HOLDER,PICNIC BASKET WICKER SMALL,REGENCY CAKESTAND 3 TIER,PARTY BUNTING
12433,PACK OF 72 RETROSPOT CAKE CASES,WHITE HANGING HEART T-LIGHT HOLDER,BATHROOM METAL SIGN,HAND WARMER BIRD DESIGN,VINTAGE SNAP CARDS
12434,WHITE HANGING HEART T-LIGHT HOLDER,PICNIC BASKET WICKER SMALL,REGENCY CAKESTAND 3 TIER,PARTY BUNTING,ASSORTED COLOUR BIRD ORNAMENT
12435,JUMBO BAG PINK POLKADOT,JUMBO BAG RED RETROSPOT,JUMBO BAG STRAWBERRY,JUMBO  BAG BAROQUE BLACK WHITE,LUNCH BAG SUKI  DESIGN 
12436,60 TEATIME FAIRY CAKE CASES,PACK OF 72 RETROSPOT CAKE CASES,WHITE HANGING HEART T-LIGHT HOLDER,REGENCY CAKESTAND 3 TIER,ASSORTED COLOUR BIRD ORNAMENT
12437,PACK OF 72 RETROSPOT CAKE CASES,LUNCH BAG SPACEBOY DESIGN ,LUNCH BAG PINK POLKADOT,LUNCH BAG SUKI  DESIGN ,LUNCH BAG  BLACK SKULL.
12438,SWEETHEART CERAMIC TRINKET BOX,WHITE HANGING HEART T-LIGHT HOLDER,ASSORTED COLOUR BIRD ORNAMENT,PAPER CHAIN KIT 50'S CHRISTMAS ,METAL SIGN TAKE IT OR LEAVE IT 
12439,LUNCH BAG WOODLAND,LUNCH BAG PINK POLKADOT,LUNCH BAG SUKI  DESIGN ,LUNCH BAG SPACEBOY DESIGN ,LUNCH BAG  BLACK SKULL.
12440,WHITE HANGING HEART T-LIGHT HOLDER,REGENCY CAKESTAND 3 TIER,ASSORTED COLOUR BIRD ORNAMENT,PARTY BUNTING,VINTAGE UNION JACK BUNTING
12441,WHITE HANGING HEART T-LIGHT HOLDER,REGENCY CAKESTAND 3 TIER,ASSORTED COLOUR BIRD ORNAMENT,PARTY BUNTING,VINTAGE UNION JACK BUNTING
12442,REGENCY CAKESTAND 3 TIER,WHITE HANGING HEART T-LIGHT HOLDER,ASSORTED COLOUR BIRD ORNAMENT,PAPER CHAIN KIT 50'S CHRISTMAS ,BAKING SET 9 PIECE RETROSPOT 
12443,SWEETHEART CERAMIC TRINKET BOX,PACK OF 72 RETROSPOT CAKE CASES,JUMBO BAG RED RETROSPOT,WHITE HANGING HEART T-LIGHT HOLDER,REGENCY CAKESTAND 3 TIER
12444,WHITE HANGING HEART T-LIGHT HOLDER,ROSES REGENCY TEACUP AND SAUCER ,ALARM CLOCK BAKELIKE RED ,HOME BUILDING BLOCK WORD,"PAPER CRAFT , LITTLE BIRDIE"
12445,REGENCY CAKESTAND 3 TIER,ASSORTED COLOUR BIRD ORNAMENT,PAPER CHAIN KIT 50'S CHRISTMAS ,BAKING SET 9 PIECE RETROSPOT ,METAL SIGN TAKE IT OR LEAVE IT 
12446,ALARM CLOCK BAKELIKE GREEN,JUMBO BAG PINK POLKADOT,JUMBO STORAGE BAG SUKI,JUMBO BAG RED RETROSPOT,WHITE HANGING HEART T-LIGHT HOLDER
12447,WHITE HANGING HEART T-LIGHT HOLDER,REGENCY CAKESTAND 3 TIER,ASSORTED COLOUR BIRD ORNAMENT,PARTY BUNTING,VINTAGE UNION JACK BUNTING
12448,REGENCY CAKESTAND 3 TIER,WHITE HANGING HEART T-LIGHT HOLDER,ASSORTED COLOUR BIRD ORNAMENT,PAPER CHAIN KIT 50'S CHRISTMAS ,BAKING SET 9 PIECE RETROSPOT 
12449,LUNCH BAG SUKI  DESIGN ,LUNCH BAG CARS BLUE,LUNCH BAG SPACEBOY DESIGN ,LUNCH BAG PINK POLKADOT,LUNCH BAG  BLACK SKULL.
12450,PINK REGENCY TEACUP AND SAUCER,GREEN REGENCY TEACUP AND SAUCER,LUNCH BAG CARS BLUE,LUNCH BAG SPACEBOY DESIGN ,LUNCH BAG PINK POLKADOT
12451,LUNCH BAG SUKI  DESIGN ,JUMBO BAG PINK POLKADOT,JUMBO BAG RED RETROSPOT,LUNCH BAG PINK POLKADOT,LUNCH BAG SPACEBOY DESIGN 
12452,PAPER CHAIN KIT VINTAGE CHRISTMAS,REGENCY CAKESTAND 3 TIER,WHITE HANGING HEART T-LIGHT HOLDER,ASSORTED COLOUR BIRD ORNAMENT,BAKING SET 9 PIECE RETROSPOT 
12453,WHITE HANGING HEART T-LIGHT HOLDER,REGENCY CAKESTAND 3 TIER,ASSORTED COLOUR BIRD ORNAMENT,PARTY BUNTING,VINTAGE UNION JACK BUNTING
12454,WHITE HANGING HEART T-LIGHT HOLDER,PICNIC BASKET WICKER SMALL,PARTY BUNTING,JUMBO BAG RED WHITE SPOTTY ,ASSORTED COLOUR BIRD ORNAMENT
12455,PACK OF 72 RETROSPOT CAKE CASES,JUMBO BAG RED RETROSPOT,60 TEATIME FAIRY CAKE CASES,JUMBO BAG STRAWBERRY,JUMBO  BAG BAROQUE BLACK WHITE
12456,BLUE 3 PIECE MINI DOTS CUTLERY SET,HEART OF WICKER SMALL,WHITE HANGING HEART T-LIGHT HOLDER,PICNIC BASKET WICKER SMALL,PARTY BUNTING
12457,VINTAGE SNAP CARDS,WHITE HANGING HEART T-LIGHT HOLDER,PICNIC BASKET WICKER SMALL,JUMBO BAG RED WHITE SPOTTY ,ASSORTED COLOUR BIRD ORNAMENT
12458,LUNCH BAG PINK POLKADOT,LUNCH BAG SUKI  DESIGN ,LUNCH BAG SPACEBOY DESIGN ,LUNCH BAG  BLACK SKULL.,LUNCH BAG RED RETROSPOT
12459,RED RETROSPOT CHARLOTTE BAG,WHITE HANGING HEART T-LIGHT HOLDER,REGENCY CAKESTAND 3 TIER,ASSORTED COLOUR BIRD ORNAMENT,PARTY BUNTING
12460,WHITE HANGING HEART T-LIGHT HOLDER,REGENCY CAKESTAND 3 TIER,ASSORTED COLOUR BIRD ORNAMENT,PARTY BUNTING,VINTAGE UNION JACK BUNTING
12461,ALARM CLOCK BAKELIKE RED ,WHITE HANGING HEART T-LIGHT HOLDER,REGENCY CAKESTAND 3 TIER,PARTY BUNTING,VINTAGE UNION JACK BUNTING
12462,ASSORTED COLOUR BIRD ORNAMENT,PAPER CHAIN KIT 50'S CHRISTMAS ,BAKING SET 9 PIECE RETROSPOT ,METAL SIGN TAKE IT OR LEAVE IT ,RABBIT NIGHT LIGHT
12463,SWEETHEART CERAMIC TRINKET BOX,LUNCH BAG CARS BLUE,LUNCH BAG SPACEBOY DESIGN ,LUNCH BAG PINK POLKADOT,LUNCH BAG SUKI  DESIGN 
12464,REGENCY CAKESTAND 3 TIER,WHITE HANGING HEART T-LIGHT HOLDER,ASSORTED COLOUR BIRD ORNAMENT,PAPER CHAIN KIT 50'S CHRISTMAS ,BAKING SET 9 PIECE RETROSPOT 
12465,60 TEATIME FAIRY CAKE CASES,PACK OF 72 RETROSPOT CAKE CASES,PINK CREAM FELT CRAFT TRINKET BOX ,REGENCY CAKESTAND 3 TIER,WHITE HANGING HEART T-LIGHT HOLDER
12467,WHITE HANGING HEART T-LIGHT HOLDER,REGENCY CAKESTAND 3 TIER,ASSORTED COLOUR BIRD ORNAMENT,PARTY BUNTING,VINTAGE UNION JACK BUNTING
12468,WHITE HANGING HEART T-LIGHT HOLDER,PICNIC BASKET WICKER SMALL,REGENCY CAKESTAND 3 TIER,PARTY BUNTING,JUMBO BAG RED WHITE SPOTTY 
12469,WHITE HANGING HEART T-LIGHT HOLDER,PICNIC BASKET WICKER SMALL,REGENCY CAKESTAND 3 TIER,PARTY BUNTING,JUMBO BAG RED WHITE SPOTTY 
12470,LUNCH BAG WOODLAND,LUNCH BAG PINK POLKADOT,LUNCH BAG SUKI  DESIGN ,LUNCH BAG SPACEBOY DESIGN ,LUNCH BAG  BLACK SKULL.
12471,CHOCOLATE HOT WATER BOTTLE,WHITE HANGING HEART T-LIGHT HOLDER,"PAPER CRAFT , LITTLE BIRDIE",JUMBO BAG RED WHITE SPOTTY ,ASSORTED COLOUR BIRD ORNAMENT
12472,LUNCH BAG PINK POLKADOT,LUNCH BAG SUKI  DESIGN ,LUNCH BAG SPACEBOY DESIGN ,LUNCH BAG  BLACK SKULL.,LUNCH BAG RED RETROSPOT
12473,LUNCH BAG CARS BLUE,LUNCH BAG SPACEBOY DESIGN ,LUNCH BAG PINK POLKADOT,LUNCH BAG SUKI  DESIGN ,LUNCH BAG  BLACK SKULL.
12474,LUNCH BAG WOODLAND,LUNCH BAG PINK POLKADOT,LUNCH BAG SUKI  DESIGN ,LUNCH BAG SPACEBOY DESIGN ,LUNCH BAG RED RETROSPOT
12475,REGENCY CAKESTAND 3 TIER,WHITE HANGING HEART T-LIGHT HOLDER,ASSORTED COLOUR BIRD ORNAMENT,PAPER CHAIN KIT 50'S CHRISTMAS ,METAL SIGN TAKE IT OR LEAVE IT 
12476,JUMBO BAG RED RETROSPOT,JUMBO BAG PINK POLKADOT,JUMBO STORAGE BAG SUKI,VINTAGE SNAP CARDS,CHOCOLATE HOT WATER BOTTLE
12477,STRAWBERRY CERAMIC TRINKET BOX,WOODEN FRAME ANTIQUE WHITE ,WOOD 2 DRAWER CABINET WHITE FINISH,PAPER CHAIN KIT VINTAGE CHRISTMAS,RED RETROSPOT CHARLOTTE BAG
12478,LUNCH BAG WOODLAND,LUNCH BAG PINK POLKADOT,LUNCH BAG SUKI  DESIGN ,LUNCH BAG SPACEBOY DESIGN ,LUNCH BAG RED RETROSPOT
12479,PACK OF 72 RETROSPOT CAKE CASES,60 TEATIME FAIRY CAKE CASES,REGENCY CAKESTAND 3 TIER,WHITE HANGING HEART T-LIGHT HOLDER,ASSORTED COLOUR BIRD ORNAMENT
12480,PACK OF 72 RETROSPOT CAKE CASES,60 TEATIME FAIRY CAKE CASES,BLUE 3 PIECE MINI DOTS CUTLERY SET,JUMBO BAG STRAWBERRY,JUMBO  BAG BAROQUE BLACK WHITE
12481,JUMBO BAG RED RETROSPOT,JUMBO BAG PINK VINTAGE PAISLEY,JUMBO BAG PINK POLKADOT,JUMBO STORAGE BAG SUKI,VINTAGE SNAP CARDS
12482,JUMBO BAG RED RETROSPOT,LUNCH BAG SUKI  DESIGN ,PACK OF 72 RETROSPOT CAKE CASES,JUMBO BAG STRAWBERRY,JUMBO  BAG BAROQUE BLACK WHITE
12483,HAND WARMER SCOTTY DOG DESIGN,BLUE 3 PIECE MINI DOTS CUTLERY SET,LUNCH BAG CARS BLUE,LUNCH BAG SPACEBOY DESIGN ,LUNCH BAG PINK POLKADOT
12484,LUNCH BAG WOODLAND,LUNCH BAG PINK POLKADOT,LUNCH BAG SUKI  DESIGN ,LUNCH BAG SPACEBOY DESIGN ,LUNCH BAG RED RETROSPOT
12485,RED RETROSPOT CHARLOTTE BAG,JUMBO BAG PINK POLKADOT,JUMBO STORAGE BAG SUKI,JUMBO BAG RED RETROSPOT,WHITE HANGING HEART T-LIGHT HOLDER
12486,VINTAGE SNAP CARDS,PINK BLUE FELT CRAFT TRINKET BOX,WHITE HANGING HEART T-LIGHT HOLDER,REGENCY CAKESTAND 3 TIER,ASSORTED COLOUR BIRD ORNAMENT
12487,WHITE HANGING HEART T-LIGHT HOLDER,REGENCY CAKESTAND 3 TIER,ASSORTED COLOUR BIRD ORNAMENT,PARTY BUNTING,VINTAGE UNION JACK BUNTING
12488,REGENCY CAKESTAND 3 TIER,WHITE HANGING HEART T-LIGHT HOLDER,ASSORTED COLOUR BIRD ORNAMENT,PAPER CHAIN KIT 50'S CHRISTMAS ,METAL SIGN TAKE IT OR LEAVE IT 
12489,WHITE HANGING HEART T-LIGHT HOLDER,REGENCY CAKESTAND 3 TIER,ASSORTED COLOUR BIRD ORNAMENT,PARTY BUNTING,VINTAGE UNION JACK BUNTING
12490,LUNCH BAG CARS BLUE,LUNCH BAG SPACEBOY DESIGN ,LUNCH BAG PINK POLKADOT,LUNCH BAG SUKI  DESIGN ,LUNCH BAG RED RETROSPOT
12491,REGENCY CAKESTAND 3 TIER,WHITE HANGING HEART T-LIGHT HOLDER,ASSORTED COLOUR BIRD ORNAMENT,PAPER CHAIN KIT 50'S CHRISTMAS ,BAKING SET 9 PIECE RETROSPOT 
12492,PINK 3 PIECE MINI DOTS CUTLERY SET,60 TEATIME FAIRY CAKE CASES,PACK OF 72 RETROSPOT CAKE CASES,REGENCY CAKESTAND 3 TIER,WHITE HANGING HEART T-LIGHT HOLDER
12493,LUNCH BAG SUKI  DESIGN ,LUNCH BAG WOODLAND,LUNCH BAG PINK POLKADOT,LUNCH BAG SPACEBOY DESIGN ,LUNCH BAG  BLACK SKULL.
12494,LUNCH BAG SUKI  DESIGN ,SWEETHEART CERAMIC TRINKET BOX,LUNCH BAG CARS BLUE,LUNCH BAG SPACEBOY DESIGN ,LUNCH BAG PINK POLKADOT
12495,WHITE HANGING HEART T-LIGHT HOLDER,REGENCY CAKESTAND 3 TIER,ASSORTED COLOUR BIRD ORNAMENT,PARTY BUNTING,VINTAGE UNION JACK BUNTING
12496,WHITE HANGING HEART T-LIGHT HOLDER,REGENCY CAKESTAND 3 TIER,ASSORTED COLOUR BIRD ORNAMENT,PARTY BUNTING,VINTAGE UNION JACK BUNTING
12497,WHITE HANGING HEART T-LIGHT HOLDER,PICNIC BASKET WICKER SMALL,REGENCY CAKESTAND 3 TIER,PARTY BUNTING,JUMBO BAG RED WHITE SPOTTY 
12498,LUNCH BAG PINK POLKADOT,LUNCH BAG SUKI  DESIGN ,LUNCH BAG SPACEBOY DESIGN ,LUNCH BAG  BLACK SKULL.,LUNCH BAG RED RETROSPOT
12499,WHITE HANGING HEART T-LIGHT HOLDER,REGENCY CAKESTAND 3 TIER,ASSORTED COLOUR BIRD ORNAMENT,PARTY BUNTING,VINTAGE UNION JACK BUNTING
12500,JUMBO BAG RED RETROSPOT,JUMBO STORAGE BAG SUKI,JUMBO BAG PINK POLKADOT,BATHROOM METAL SIGN,REGENCY CAKESTAND 3 TIER
12501,LUNCH BAG PINK POLKADOT,LUNCH BAG WOODLAND,LUNCH BAG SUKI  DESIGN ,LUNCH BAG CARS BLUE,LUNCH BAG SPACEBOY DESIGN 
12502,WHITE HANGING HEART T-LIGHT HOLDER,SWEETHEART CERAMIC TRINKET BOX,PICNIC BASKET WICKER SMALL,PARTY BUNTING,ASSORTED COLOUR BIRD ORNAMENT
12503,WHITE HANGING HEART T-LIGHT HOLDER,REGENCY CAKESTAND 3 TIER,ASSORTED COLOUR BIRD ORNAMENT,PARTY BUNTING,VINTAGE UNION JACK BUNTING
12504,PACK OF 72 RETROSPOT CAKE CASES,PACK OF 60 DINOSAUR CAKE CASES,REGENCY CAKESTAND 3 TIER,WHITE HANGING HEART T-LIGHT HOLDER,ASSORTED COLOUR BIRD ORNAMENT
12505,WHITE HANGING HEART T-LIGHT HOLDER,REGENCY CAKESTAND 3 TIER,ASSORTED COLOUR BIRD ORNAMENT,PARTY BUNTING,VINTAGE UNION JACK BUNTING
12506,WHITE HANGING HEART T-LIGHT HOLDER,REGENCY CAKESTAND 3 TIER,ASSORTED COLOUR BIRD ORNAMENT,PARTY BUNTING,VINTAGE UNION JACK BUNTING
12507,PACK OF 72 RETROSPOT CAKE CASES,PACK OF 60 DINOSAUR CAKE CASES,WHITE HANGING HEART T-LIGHT HOLDER,PICNIC BASKET WICKER SMALL,PARTY BUNTING
12508,WOODEN FRAME ANTIQUE WHITE ,WHITE HANGING HEART T-LIGHT HOLDER,PAPER CHAIN KIT VINTAGE CHRISTMAS,REGENCY CAKESTAND 3 TIER,ASSORTED COLOUR BIRD ORNAMENT
12509,RED RETROSPOT CHARLOTTE BAG,WHITE HANGING HEART T-LIGHT HOLDER,REGENCY CAKESTAND 3 TIER,ASSORTED COLOUR BIRD ORNAMENT,VINTAGE UNION JACK BUNTING
12510,VINTAGE SNAP CARDS,WHITE HANGING HEART T-LIGHT HOLDER,PICNIC BASKET WICKER SMALL,REGENCY CAKESTAND 3 TIER,PARTY BUNTING
12511,ROSES REGENCY TEACUP AND SAUCER ,WHITE HANGING HEART T-LIGHT HOLDER,ASSORTED COLOUR BIRD ORNAMENT,TOILET METAL SIGN,PICNIC BASKET WICKER SMALL
12512,REGENCY CAKESTAND 3 TIER,ASSORTED COLOUR BIRD ORNAMENT,VINTAGE UNION JACK BUNTING,BAKING SET 9 PIECE RETROSPOT ,GRAND CHOCOLATECANDLE
12513,LUNCH BAG CARS BLUE,LUNCH BAG SPACEBOY DESIGN ,LUNCH BAG PINK POLKADOT,LUNCH BAG SUKI  DESIGN ,LUNCH BAG RED RETROSPOT
12514,LUNCH BAG PINK POLKADOT,LUNCH BAG SUKI  DESIGN ,LUNCH BAG SPACEBOY DESIGN ,LUNCH BAG  BLACK SKULL.,LUNCH BAG RED RETROSPOT
12515,60 TEATIME FAIRY CAKE CASES,PACK OF 72 RETROSPOT CAKE CASES,PINK REGENCY TEACUP AND SAUCER,ROSES REGENCY TEACUP AND SAUCER ,WHITE HANGING HEART T-LIGHT HOLDER
12516,PACK OF 72 RETROSPOT CAKE CASES,JUMBO BAG RED RETROSPOT,60 TEATIME FAIRY CAKE CASES,JUMBO STORAGE BAG SUKI,JUMBO BAG PINK POLKADOT
12517,LUNCH BAG SUKI  DESIGN ,PACK OF 72 RETROSPOT CAKE CASES,JUMBO BAG RED RETROSPOT,LUNCH BAG SPACEBOY DESIGN ,LUNCH BAG PINK POLKADOT
12518,REGENCY CAKESTAND 3 TIER,WHITE HANGING HEART T-LIGHT HOLDER,ASSORTED COLOUR BIRD ORNAMENT,PAPER CHAIN KIT 50'S CHRISTMAS ,BAKING SET 9 PIECE RETROSPOT 
12519,SWEETHEART CERAMIC TRINKET BOX,BLUE 3 PIECE MINI DOTS CUTLERY SET,REGENCY CAKESTAND 3 TIER,WHITE HANGING HEART T-LIGHT HOLDER,ASSORTED COLOUR BIRD ORNAMENT
12520,60 TEATIME FAIRY CAKE CASES,PACK OF 72 RETROSPOT CAKE CASES,WHITE HANGING HEART T-LIGHT HOLDER,PICNIC BASKET WICKER SMALL,JUMBO BAG RED WHITE SPOTTY 
12521,JUMBO BAG PINK POLKADOT,JUMBO BAG RED RETROSPOT,JUMBO BAG STRAWBERRY,JUMBO  BAG BAROQUE BLACK WHITE,LUNCH BAG SUKI  DESIGN 
12522,REGENCY CAKESTAND 3 TIER,WHITE HANGING HEART T-LIGHT HOLDER,ASSORTED COLOUR BIRD ORNAMENT,PAPER CHAIN KIT 50'S CHRISTMAS ,BAKING SET 9 PIECE RETROSPOT 
12523,HAND WARMER OWL DESIGN,WHITE HANGING HEART T-LIGHT HOLDER,PINK REGENCY TEACUP AND SAUCER,GREEN REGENCY TEACUP AND SAUCER,JUMBO BAG PINK POLKADOT
12524,LUNCH BAG SPACEBOY DESIGN ,LUNCH BAG PINK POLKADOT,LUNCH BAG SUKI  DESIGN ,LUNCH BAG RED RETROSPOT,RED RETROSPOT CHARLOTTE BAG
12525,LUNCH BAG CARS BLUE,LUNCH BAG SPACEBOY DESIGN ,LUNCH BAG PINK POLKADOT,LUNCH BAG SUKI  DESIGN ,LUNCH BAG  BLACK SKULL.
12526,LUNCH BAG PINK POLKADOT,LUNCH BAG SUKI  DESIGN ,LUNCH BAG SPACEBOY DESIGN ,LUNCH BAG  BLACK SKULL.,LUNCH BAG RED RETROSPOT
12527,PACK OF 72 RETROSPOT CAKE CASES,PACK OF 60 DINOSAUR CAKE CASES,72 SWEETHEART FAIRY CAKE CASES,WHITE HANGING HEART T-LIGHT HOLDER,PICNIC BASKET WICKER SMALL
12528,PACK OF 72 RETROSPOT CAKE CASES,SWEETHEART CERAMIC TRINKET BOX,PINK CREAM FELT CRAFT TRINKET BOX ,PACK OF 60 DINOSAUR CAKE CASES,72 SWEETHEART FAIRY CAKE CASES
12529,WHITE HANGING HEART T-LIGHT HOLDER,REGENCY CAKESTAND 3 TIER,ASSORTED COLOUR BIRD ORNAMENT,PARTY BUNTING,VINTAGE UNION JACK BUNTING
12530,LUNCH BAG SPACEBOY DESIGN ,LUNCH BAG PINK POLKADOT,LUNCH BAG SUKI  DESIGN ,LUNCH BAG  BLACK SKULL.,LUNCH BAG RED RETROSPOT
12531,LUNCH BAG CARS BLUE,LUNCH BAG SPACEBOY DESIGN ,LUNCH BAG PINK POLKADOT,LUNCH BAG SUKI  DESIGN ,LUNCH BAG  BLACK SKULL.
12532,HAND WARMER OWL DESIGN,PAPER CHAIN KIT 50'S CHRISTMAS ,REGENCY CAKESTAND 3 TIER,WHITE HANGING HEART T-LIGHT HOLDER,ASSORTED COLOUR BIRD ORNAMENT
12533,ASSORTED COLOUR BIRD ORNAMENT,PARTY BUNTING,VINTAGE UNION JACK BUNTING,BAKING SET 9 PIECE RETROSPOT ,GRAND CHOCOLATECANDLE
12534,60 TEATIME FAIRY CAKE CASES,PACK OF 72 RETROSPOT CAKE CASES,HEART OF WICKER LARGE,WHITE HANGING HEART T-LIGHT HOLDER,REGENCY CAKESTAND 3 TIER
12535,HOT WATER BOTTLE TEA AND SYMPATHY,REGENCY CAKESTAND 3 TIER,WHITE HANGING HEART T-LIGHT HOLDER,ASSORTED COLOUR BIRD ORNAMENT,PAPER CHAIN KIT 50'S CHRISTMAS 
12536,SWEETHEART CERAMIC TRINKET BOX,HAND WARMER OWL DESIGN,RED RETROSPOT CHARLOTTE BAG,WHITE HANGING HEART T-LIGHT HOLDER,PICNIC BASKET WICKER SMALL
12537,HEART OF WICKER SMALL,REGENCY CAKESTAND 3 TIER,ASSORTED COLOUR BIRD ORNAMENT,PARTY BUNTING,VINTAGE UNION JACK BUNTING
12538,REGENCY CAKESTAND 3 TIER,WHITE HANGING HEART T-LIGHT HOLDER,ASSORTED COLOUR BIRD ORNAMENT,PAPER CHAIN KIT 50'S CHRISTMAS ,BAKING SET 9 PIECE RETROSPOT 
12539,JUMBO BAG RED RETROSPOT,JUMBO STORAGE BAG SUKI,JUMBO BAG PINK POLKADOT,60 TEATIME FAIRY CAKE CASES,PACK OF 72 RETROSPOT CAKE CASES
12540,PACK OF 72 RETROSPOT CAKE CASES,PACK OF 60 DINOSAUR CAKE CASES,WOODEN PICTURE FRAME WHITE FINISH,PINK REGENCY TEACUP AND SAUCER,GREEN REGENCY TEACUP AND SAUCER
12541,PACK OF 72 RETROSPOT CAKE CASES,60 TEATIME FAIRY CAKE CASES,REGENCY CAKESTAND 3 TIER,WHITE HANGING HEART T-LIGHT HOLDER,ASSORTED COLOUR BIRD ORNAMENT
12542,PACK OF 72 RETROSPOT CAKE CASES,60 TEATIME FAIRY CAKE CASES,WHITE HANGING HEART T-LIGHT HOLDER,REGENCY CAKESTAND 3 TIER,PARTY BUNTING
12543,PACK OF 72 RETROSPOT CAKE CASES,60 TEATIME FAIRY CAKE CASES,WHITE HANGING HEART T-LIGHT HOLDER,ASSORTED COLOUR BIRD ORNAMENT,PARTY BUNTING
12544,PINK CREAM FELT CRAFT TRINKET BOX ,REGENCY CAKESTAND 3 TIER,WHITE HANGING HEART T-LIGHT HOLDER,BAKING SET 9 PIECE RETROSPOT ,METAL SIGN TAKE IT OR LEAVE IT 
12545,PACK OF 72 RETROSPOT CAKE CASES,WHITE HANGING HEART T-LIGHT HOLDER,ASSORTED COLOUR BIRD ORNAMENT,PAPER CHAIN KIT 50'S CHRISTMAS ,BAKING SET 9 PIECE RETROSPOT 
12546,PAPER CHAIN KIT VINTAGE CHRISTMAS,REGENCY CAKESTAND 3 TIER,WHITE HANGING HEART T-LIGHT HOLDER,ASSORTED COLOUR BIRD ORNAMENT,BAKING SET 9 PIECE RETROSPOT 
12547,60 TEATIME FAIRY CAKE CASES,PACK OF 72 RETROSPOT CAKE CASES,WHITE HANGING HEART T-LIGHT HOLDER,REGENCY CAKESTAND 3 TIER,ASSORTED COLOUR BIRD ORNAMENT
12548,WHITE HANGING HEART T-LIGHT HOLDER,REGENCY CAKESTAND 3 TIER,ASSORTED COLOUR BIRD ORNAMENT,PARTY BUNTING,VINTAGE UNION JACK BUNTING
12549,PACK OF 72 RETROSPOT CAKE CASES,PACK OF 60 DINOSAUR CAKE CASES,PAPER CHAIN KIT VINTAGE CHRISTMAS,WHITE HANGING HEART T-LIGHT HOLDER,PICNIC BASKET WICKER SMALL
12550,REGENCY CAKESTAND 3 TIER,WHITE HANGING HEART T-LIGHT HOLDER,ASSORTED COLOUR BIRD ORNAMENT,PAPER CHAIN KIT 50'S CHRISTMAS ,BAKING SET 9 PIECE RETROSPOT 
12551,JUMBO BAG RED RETROSPOT,JUMBO BAG PINK VINTAGE PAISLEY,JUMBO STORAGE BAG SUKI,JUMBO BAG PINK POLKADOT,WHITE HANGING HEART T-LIGHT HOLDER
12552,HOME BUILDING BLOCK WORD,WHITE HANGING HEART T-LIGHT HOLDER,REGENCY CAKESTAND 3 TIER,PAPER CHAIN KIT 50'S CHRISTMAS ,BAKING SET 9 PIECE RETROSPOT 
12553,JUMBO BAG STRAWBERRY,JUMBO  BAG BAROQUE BLACK WHITE,JUMBO BAG PINK POLKADOT,JUMBO SHOPPER VINTAGE RED PAISLEY,JUMBO BAG RED RETROSPOT
12554,VINTAGE HEADS AND TAILS CARD GAME ,WHITE HANGING HEART T-LIGHT HOLDER,REGENCY CAKESTAND 3 TIER,ASSORTED COLOUR BIRD ORNAMENT,PARTY BUNTING
12556,SWEETHEART CERAMIC TRINKET BOX,LOVE BUILDING BLOCK WORD,60 TEATIME FAIRY CAKE CASES,PACK OF 72 RETROSPOT CAKE CASES,WOOD S/3 CABINET ANT WHITE FINISH
12557,LUNCH BAG WOODLAND,LUNCH BAG PINK POLKADOT,LUNCH BAG SUKI  DESIGN ,LUNCH BAG SPACEBOY DESIGN ,LUNCH BAG RED RETROSPOT
12558,REGENCY CAKESTAND 3 TIER,WHITE HANGING HEART T-LIGHT HOLDER,ASSORTED COLOUR BIRD ORNAMENT,PAPER CHAIN KIT 50'S CHRISTMAS ,BAKING SET 9 PIECE RETROSPOT 
12559,WHITE HANGING HEART T-LIGHT HOLDER,ASSORTED COLOUR BIRD ORNAMENT,PARTY BUNTING,VINTAGE UNION JACK BUNTING,BAKING SET 9 PIECE RETROSPOT 
12560,PINK REGENCY TEACUP AND SAUCER,ROSES REGENCY TEACUP AND SAUCER ,HAND WARMER SCOTTY DOG DESIGN,REGENCY CAKESTAND 3 TIER,WHITE HANGING HEART T-LIGHT HOLDER
12561,WHITE HANGING HEART T-LIGHT HOLDER,REGENCY CAKESTAND 3 TIER,ASSORTED COLOUR BIRD ORNAMENT,PARTY BUNTING,VINTAGE UNION JACK BUNTING
12562,LUNCH BAG SUKI  DESIGN ,LUNCH BAG SPACEBOY DESIGN ,LUNCH BAG PINK POLKADOT,LUNCH BAG  BLACK SKULL.,LUNCH BAG RED RETROSPOT
12563,WHITE HANGING HEART T-LIGHT HOLDER,REGENCY CAKESTAND 3 TIER,ASSORTED COLOUR BIRD ORNAMENT,PARTY BUNTING,VINTAGE UNION JACK BUNTING
12564,WHITE HANGING HEART T-LIGHT HOLDER,REGENCY CAKESTAND 3 TIER,ASSORTED COLOUR BIRD ORNAMENT,PARTY BUNTING,VINTAGE UNION JACK BUNTING
12565,WHITE HANGING HEART T-LIGHT HOLDER,REGENCY CAKESTAND 3 TIER,ASSORTED COLOUR BIRD ORNAMENT,PARTY BUNTING,VINTAGE UNION JACK BUNTING
12566,WHITE HANGING HEART T-LIGHT HOLDER,REGENCY CAKESTAND 3 TIER,ASSORTED COLOUR BIRD ORNAMENT,PARTY BUNTING,VINTAGE UNION JACK BUNTING
12567,LUNCH BAG PINK POLKADOT,LUNCH BAG SUKI  DESIGN ,LUNCH BAG SPACEBOY DESIGN ,LUNCH BAG RED RETROSPOT,PACK OF 72 RETROSPOT CAKE CASES
12568,WHITE HANGING HEART T-LIGHT HOLDER,REGENCY CAKESTAND 3 TIER,ASSORTED COLOUR BIRD ORNAMENT,PARTY BUNTING,VINTAGE UNION JACK BUNTING
12569,PACK OF 72 RETROSPOT CAKE CASES,60 TEATIME FAIRY CAKE CASES,REGENCY CAKESTAND 3 TIER,WHITE HANGING HEART T-LIGHT HOLDER,"PAPER CRAFT , LITTLE BIRDIE"
12571,PACK OF 72 RETROSPOT CAKE CASES,60 TEATIME FAIRY CAKE CASES,PINK BLUE FELT CRAFT TRINKET BOX,REGENCY CAKESTAND 3 TIER,WHITE HANGING HEART T-LIGHT HOLDER
12572,WHITE HANGING HEART T-LIGHT HOLDER,ASSORTED COLOUR BIRD ORNAMENT,PAPER CHAIN KIT 50'S CHRISTMAS ,BAKING SET 9 PIECE RETROSPOT ,METAL SIGN TAKE IT OR LEAVE IT 
12573,JUMBO BAG RED RETROSPOT,JUMBO STORAGE BAG SUKI,JUMBO BAG PINK POLKADOT,GIN + TONIC DIET METAL SIGN,PAPER CHAIN KIT VINTAGE CHRISTMAS
12574,WOODEN FRAME ANTIQUE WHITE ,WHITE HANGING HEART T-LIGHT HOLDER,REGENCY CAKESTAND 3 TIER,ASSORTED COLOUR BIRD ORNAMENT,PARTY BUNTING
12575,WHITE HANGING HEART T-LIGHT HOLDER,ASSORTED COLOUR BIRD ORNAMENT,PARTY BUNTING,VINTAGE UNION JACK BUNTING,GRAND CHOCOLATECANDLE
12576,HEART OF WICKER LARGE,WHITE HANGING HEART T-LIGHT HOLDER,TOILET METAL SIGN,PICNIC BASKET WICKER SMALL,REGENCY CAKESTAND 3 TIER
12577,LUNCH BAG CARS BLUE,LUNCH BAG SPACEBOY DESIGN ,LUNCH BAG PINK POLKADOT,LUNCH BAG SUKI  DESIGN ,LUNCH BAG RED RETROSPOT
12578,HAND WARMER OWL DESIGN,BLUE 3 PIECE MINI DOTS CUTLERY SET,PINK REGENCY TEACUP AND SAUCER,GREEN REGENCY TEACUP AND SAUCER,WHITE HANGING HEART T-LIGHT HOLDER
12579,WHITE HANGING HEART T-LIGHT HOLDER,ASSORTED COLOUR BIRD ORNAMENT,PARTY BUNTING,VINTAGE UNION JACK BUNTING,BAKING SET 9 PIECE RETROSPOT 
12580,JUMBO BAG RED RETROSPOT,LUNCH BAG WOODLAND,LUNCH BAG PINK POLKADOT,LUNCH BAG SUKI  DESIGN ,LUNCH BAG SPACEBOY DESIGN 
12581,REGENCY CAKESTAND 3 TIER,WHITE HANGING HEART T-LIGHT HOLDER,ASSORTED COLOUR BIRD ORNAMENT,PAPER CHAIN KIT 50'S CHRISTMAS ,BAKING SET 9 PIECE RETROSPOT 
12582,ALARM CLOCK BAKELIKE GREEN,PAPER CHAIN KIT 50'S CHRISTMAS ,CHOCOLATE HOT WATER BOTTLE,WHITE HANGING HEART T-LIGHT HOLDER,PICNIC BASKET WICKER SMALL
12583,PINK 3 PIECE MINI DOTS CUTLERY SET,VINTAGE SNAP CARDS,REGENCY CAKESTAND 3 TIER,WHITE HANGING HEART T-LIGHT HOLDER,"PAPER CRAFT , LITTLE BIRDIE"
12584,LOVE BUILDING BLOCK WORD,"PAPER CRAFT , LITTLE BIRDIE",JUMBO BAG RED WHITE SPOTTY ,ASSORTED COLOUR BIRD ORNAMENT,MEDIUM CERAMIC TOP STORAGE JAR
12585,PACK OF 72 RETROSPOT CAKE CASES,72 SWEETHEART FAIRY CAKE CASES,PACK OF 60 PINK PAISLEY CAKE CASES,PINK CREAM FELT CRAFT TRINKET BOX ,WHITE HANGING HEART T-LIGHT HOLDER
12586,ALARM CLOCK BAKELIKE GREEN,ASSORTED COLOUR BIRD ORNAMENT,PAPER CHAIN KIT 50'S CHRISTMAS ,METAL SIGN TAKE IT OR LEAVE IT ,RABBIT NIGHT LIGHT
12587,REGENCY CAKESTAND 3 TIER,WHITE HANGING HEART T-LIGHT HOLDER,ASSORTED COLOUR BIRD ORNAMENT,PAPER CHAIN KIT 50'S CHRISTMAS ,BAKING SET 9 PIECE RETROSPOT 
12588,PACK OF 72 RETROSPOT CAKE CASES,72 SWEETHEART FAIRY CAKE CASES,WHITE HANGING HEART T-LIGHT HOLDER,ASSORTED COLOUR BIRD ORNAMENT,PAPER CHAIN KIT 50'S CHRISTMAS 
12589,PACK OF 72 RETROSPOT CAKE CASES,JUMBO BAG RED RETROSPOT,JUMBO STORAGE BAG SUKI,JUMBO BAG PINK POLKADOT,72 SWEETHEART FAIRY CAKE CASES
12590,RED RETROSPOT CHARLOTTE BAG,LUNCH BAG CARS BLUE,LUNCH BAG SPACEBOY DESIGN ,LUNCH BAG PINK POLKADOT,LUNCH BAG SUKI  DESIGN 
12591,PACK OF 72 RETROSPOT CAKE CASES,PACK OF 60 DINOSAUR CAKE CASES,WHITE HANGING HEART T-LIGHT HOLDER,PICNIC BASKET WICKER SMALL,REGENCY CAKESTAND 3 TIER
12592,LUNCH BAG CARS BLUE,LUNCH BAG SPACEBOY DESIGN ,LUNCH BAG PINK POLKADOT,LUNCH BAG SUKI  DESIGN ,LUNCH BAG RED RETROSPOT
12593,LUNCH BAG PINK POLKADOT,LUNCH BAG SUKI  DESIGN ,LUNCH BAG CARS BLUE,LUNCH BAG SPACEBOY DESIGN ,LUNCH BAG RED RETROSPOT
12594,LUNCH BAG SUKI  DESIGN ,JUMBO BAG RED RETROSPOT,LUNCH BAG SPACEBOY DESIGN ,LUNCH BAG PINK POLKADOT,LUNCH BAG  BLACK SKULL.
12595,WHITE HANGING HEART T-LIGHT HOLDER,REGENCY CAKESTAND 3 TIER,ASSORTED COLOUR BIRD ORNAMENT,PARTY BUNTING,VINTAGE UNION JACK BUNTING
12596,REGENCY CAKESTAND 3 TIER,WHITE HANGING HEART T-LIGHT HOLDER,ASSORTED COLOUR BIRD ORNAMENT,PAPER CHAIN KIT 50'S CHRISTMAS ,BAKING SET 9 PIECE RETROSPOT 
12597,PACK OF 72 RETROSPOT CAKE CASES,PINK REGENCY TEACUP AND SAUCER,LUNCH BAG CARS BLUE,LUNCH BAG SPACEBOY DESIGN ,LUNCH BAG PINK POLKADOT
12598,LUNCH BAG CARS BLUE,LUNCH BAG SPACEBOY DESIGN ,LUNCH BAG PINK POLKADOT,LUNCH BAG SUKI  DESIGN ,LUNCH BAG  BLACK SKULL.
12599,PACK OF 72 RETROSPOT CAKE CASES,PAPER CHAIN KIT VINTAGE CHRISTMAS,REGENCY CAKESTAND 3 TIER,WHITE HANGING HEART T-LIGHT HOLDER,"PAPER CRAFT , LITTLE BIRDIE"
12600,LUNCH BAG CARS BLUE,LUNCH BAG SPACEBOY DESIGN ,LUNCH BAG PINK POLKADOT,LUNCH BAG SUKI  DESIGN ,LUNCH BAG  BLACK SKULL.
12601,WHITE HANGING HEART T-LIGHT HOLDER,PICNIC BASKET WICKER SMALL,REGENCY CAKESTAND 3 TIER,PARTY BUNTING,JUMBO BAG RED WHITE SPOTTY 
12602,WHITE HANGING HEART T-LIGHT HOLDER,REGENCY CAKESTAND 3 TIER,ASSORTED COLOUR BIRD ORNAMENT,PARTY BUNTING,VINTAGE UNION JACK BUNTING
12603,WHITE HANGING HEART T-LIGHT HOLDER,ASSORTED COLOUR BIRD ORNAMENT,PAPER CHAIN KIT 50'S CHRISTMAS ,BAKING SET 9 PIECE RETROSPOT ,METAL SIGN TAKE IT OR LEAVE IT 
12604,PACK OF 72 RETROSPOT CAKE CASES,PACK OF 60 DINOSAUR CAKE CASES,72 SWEETHEART FAIRY CAKE CASES,PACK OF 60 PINK PAISLEY CAKE CASES,WHITE HANGING HEART T-LIGHT HOLDER
12605,60 TEATIME FAIRY CAKE CASES,PACK OF 72 RETROSPOT CAKE CASES,WHITE HANGING HEART T-LIGHT HOLDER,PICNIC BASKET WICKER SMALL,REGENCY CAKESTAND 3 TIER
12607,PACK OF 60 DINOSAUR CAKE CASES,72 SWEETHEART FAIRY CAKE CASES,PACK OF 60 PINK PAISLEY CAKE CASES,PACK OF 72 RETROSPOT CAKE CASES,REGENCY CAKESTAND 3 TIER
12608,REGENCY CAKESTAND 3 TIER,PARTY BUNTING,VINTAGE UNION JACK BUNTING,BAKING SET 9 PIECE RETROSPOT ,GRAND CHOCOLATECANDLE
12609,LUNCH BAG SPACEBOY DESIGN ,LUNCH BAG PINK POLKADOT,LUNCH BAG SUKI  DESIGN ,LUNCH BAG  BLACK SKULL.,LUNCH BAG RED RETROSPOT
12610,WOOD 2 DRAWER CABINET WHITE FINISH,PACK OF 72 RETROSPOT CAKE CASES,HAND WARMER SCOTTY DOG DESIGN,HAND WARMER BIRD DESIGN,ASSORTED COLOUR BIRD ORNAMENT
12611,REGENCY CAKESTAND 3 TIER,WHITE HANGING HEART T-LIGHT HOLDER,ASSORTED COLOUR BIRD ORNAMENT,PAPER CHAIN KIT 50'S CHRISTMAS ,BAKING SET 9 PIECE RETROSPOT 
12612,REGENCY CAKESTAND 3 TIER,WHITE HANGING HEART T-LIGHT HOLDER,ASSORTED COLOUR BIRD ORNAMENT,PAPER CHAIN KIT 50'S CHRISTMAS ,BAKING SET 9 PIECE RETROSPOT 
12613,JUMBO BAG RED RETROSPOT,LUNCH BAG SUKI  DESIGN ,JUMBO BAG PINK POLKADOT,LUNCH BAG CARS BLUE,LUNCH BAG SPACEBOY DESIGN 
12614,WHITE HANGING HEART T-LIGHT HOLDER,REGENCY CAKESTAND 3 TIER,ASSORTED COLOUR BIRD ORNAMENT,PARTY BUNTING,VINTAGE UNION JACK BUNTING
12615,JUMBO BAG RED RETROSPOT,JUMBO BAG PINK POLKADOT,JUMBO STORAGE BAG SUKI,HAND WARMER OWL DESIGN,JUMBO BAG SCANDINAVIAN PAISLEY
12616,VINTAGE SNAP CARDS,WHITE HANGING HEART T-LIGHT HOLDER,PICNIC BASKET WICKER SMALL,REGENCY CAKESTAND 3 TIER,PARTY BUNTING
12617,HEART OF WICKER LARGE,WHITE HANGING HEART T-LIGHT HOLDER,REGENCY CAKESTAND 3 TIER,ASSORTED COLOUR BIRD ORNAMENT,PAPER CHAIN KIT 50'S CHRISTMAS 
12618,REGENCY CAKESTAND 3 TIER,WHITE HANGING HEART T-LIGHT HOLDER,ASSORTED COLOUR BIRD ORNAMENT,PAPER CHAIN KIT 50'S CHRISTMAS ,METAL SIGN TAKE IT OR LEAVE IT 
12619,60 TEATIME FAIRY CAKE CASES,PACK OF 72 RETROSPOT CAKE CASES,WHITE HANGING HEART T-LIGHT HOLDER,"PAPER CRAFT , LITTLE BIRDIE",JUMBO BAG RED WHITE SPOTTY 
12620,LUNCH BAG SPACEBOY DESIGN ,LUNCH BAG PINK POLKADOT,LUNCH BAG SUKI  DESIGN ,LUNCH BAG  BLACK SKULL.,LUNCH BAG RED RETROSPOT
12621,LUNCH BAG SUKI  DESIGN ,LUNCH BAG PINK POLKADOT,LUNCH BAG SPACEBOY DESIGN ,LUNCH BAG  BLACK SKULL.,LUNCH BAG RED RETROSPOT
12622,WHITE HANGING HEART T-LIGHT HOLDER,ASSORTED COLOUR BIRD ORNAMENT,PARTY BUNTING,VINTAGE UNION JACK BUNTING,BAKING SET 9 PIECE RETROSPOT 
12623,LUNCH BAG SUKI  DESIGN ,LUNCH BAG SPACEBOY DESIGN ,LUNCH BAG PINK POLKADOT,LUNCH BAG  BLACK SKULL.,LUNCH BAG RED RETROSPOT
12624,LOVE BUILDING BLOCK WORD,WHITE HANGING HEART T-LIGHT HOLDER,ASSORTED COLOUR BIRD ORNAMENT,PARTY BUNTING,VINTAGE UNION JACK BUNTING
12625,LUNCH BAG SPACEBOY DESIGN ,LUNCH BAG PINK POLKADOT,LUNCH BAG SUKI  DESIGN ,LUNCH BAG  BLACK SKULL.,LUNCH BAG RED RETROSPOT
12626,LUNCH BAG CARS BLUE,LUNCH BAG SPACEBOY DESIGN ,LUNCH BAG PINK POLKADOT,LUNCH BAG SUKI  DESIGN ,LUNCH BAG  BLACK SKULL.
12627,JUMBO BAG RED RETROSPOT,LUNCH BAG SPACEBOY DESIGN ,LUNCH BAG PINK POLKADOT,LUNCH BAG SUKI  DESIGN ,LUNCH BAG RED RETROSPOT
12628,REGENCY CAKESTAND 3 TIER,WHITE HANGING HEART T-LIGHT HOLDER,ASSORTED COLOUR BIRD ORNAMENT,PAPER CHAIN KIT 50'S CHRISTMAS ,BAKING SET 9 PIECE RETROSPOT 
12629,PACK OF 72 RETROSPOT CAKE CASES,60 TEATIME FAIRY CAKE CASES,WHITE HANGING HEART T-LIGHT HOLDER,PICNIC BASKET WICKER SMALL,REGENCY CAKESTAND 3 TIER
12630,ASSORTED COLOUR BIRD ORNAMENT,PAPER CHAIN KIT 50'S CHRISTMAS ,BAKING SET 9 PIECE RETROSPOT ,METAL SIGN TAKE IT OR LEAVE IT ,RABBIT NIGHT LIGHT
12631,LOVE BUILDING BLOCK WORD,WHITE HANGING HEART T-LIGHT HOLDER,VINTAGE SNAP CARDS,PICNIC BASKET WICKER SMALL,REGENCY CAKESTAND 3 TIER
12632,WHITE HANGING HEART T-LIGHT HOLDER,REGENCY CAKESTAND 3 TIER,ASSORTED COLOUR BIRD ORNAMENT,PARTY BUNTING,VINTAGE UNION JACK BUNTING
12633,JUMBO BAG RED RETROSPOT,LUNCH BAG PINK POLKADOT,LUNCH BAG WOODLAND,LUNCH BAG SUKI  DESIGN ,LUNCH BAG CARS BLUE
12634,PACK OF 72 RETROSPOT CAKE CASES,60 TEATIME FAIRY CAKE CASES,VINTAGE SNAP CARDS,WHITE HANGING HEART T-LIGHT HOLDER,REGENCY CAKESTAND 3 TIER
12635,PACK OF 72 RETROSPOT CAKE CASES,PACK OF 60 PINK PAISLEY CAKE CASES,WHITE HANGING HEART T-LIGHT HOLDER,PICNIC BASKET WICKER SMALL,REGENCY CAKESTAND 3 TIER
12637,LUNCH BAG SUKI  DESIGN ,LUNCH BAG SPACEBOY DESIGN ,LUNCH BAG PINK POLKADOT,LUNCH BAG RED RETROSPOT,JUMBO BAG RED RETROSPOT
12638,SWEETHEART CERAMIC TRINKET BOX,REGENCY CAKESTAND 3 TIER,WHITE HANGING HEART T-LIGHT HOLDER,ASSORTED COLOUR BIRD ORNAMENT,PAPER CHAIN KIT 50'S CHRISTMAS 
12639,LUNCH BAG WOODLAND,LUNCH BAG PINK POLKADOT,LUNCH BAG SUKI  DESIGN ,LUNCH BAG SPACEBOY DESIGN ,LUNCH BAG  BLACK SKULL.
12640,WHITE HANGING HEART T-LIGHT HOLDER,ASSORTED COLOUR BIRD ORNAMENT,PAPER CHAIN KIT 50'S CHRISTMAS ,BAKING SET 9 PIECE RETROSPOT ,METAL SIGN TAKE IT OR LEAVE IT 
12641,60 TEATIME FAIRY CAKE CASES,PACK OF 72 RETROSPOT CAKE CASES,WHITE HANGING HEART T-LIGHT HOLDER,REGENCY CAKESTAND 3 TIER,ASSORTED COLOUR BIRD ORNAMENT
12642,REGENCY CAKESTAND 3 TIER,WHITE HANGING HEART T-LIGHT HOLDER,ASSORTED COLOUR BIRD ORNAMENT,PAPER CHAIN KIT 50'S CHRISTMAS ,METAL SIGN TAKE IT OR LEAVE IT 
12643,PACK OF 72 RETROSPOT CAKE CASES,WHITE HANGING HEART T-LIGHT HOLDER,PICNIC BASKET WICKER SMALL,REGENCY CAKESTAND 3 TIER,PARTY BUNTING
12644,HAND WARMER OWL DESIGN,PAPER CHAIN KIT 50'S CHRISTMAS ,WHITE HANGING HEART T-LIGHT HOLDER,PICNIC BASKET WICKER SMALL,PARTY BUNTING
12645,LUNCH BAG SUKI  DESIGN ,PACK OF 72 RETROSPOT CAKE CASES,LUNCH BAG CARS BLUE,LUNCH BAG SPACEBOY DESIGN ,LUNCH BAG PINK POLKADOT
12646,WHITE HANGING HEART T-LIGHT HOLDER,ASSORTED COLOUR BIRD ORNAMENT,PAPER CHAIN KIT 50'S CHRISTMAS ,BAKING SET 9 PIECE RETROSPOT ,METAL SIGN TAKE IT OR LEAVE IT 
12647,JUMBO BAG RED RETROSPOT,LUNCH BAG CARS BLUE,LUNCH BAG SPACEBOY DESIGN ,LUNCH BAG PINK POLKADOT,LUNCH BAG SUKI  DESIGN 
12648,WHITE HANGING HEART T-LIGHT HOLDER,PICNIC BASKET WICKER SMALL,REGENCY CAKESTAND 3 TIER,PARTY BUNTING,JUMBO BAG RED WHITE SPOTTY 
12649,WHITE HANGING HEART T-LIGHT HOLDER,PICNIC BASKET WICKER SMALL,REGENCY CAKESTAND 3 TIER,PARTY BUNTING,JUMBO BAG RED WHITE SPOTTY 
12650,REGENCY CAKESTAND 3 TIER,WHITE HANGING HEART T-LIGHT HOLDER,ASSORTED COLOUR BIRD ORNAMENT,PAPER CHAIN KIT 50'S CHRISTMAS ,BAKING SET 9 PIECE RETROSPOT 
12651,WHITE HANGING HEART T-LIGHT HOLDER,REGENCY CAKESTAND 3 TIER,ASSORTED COLOUR BIRD ORNAMENT,PARTY BUNTING,VINTAGE UNION JACK BUNTING
12652,WHITE HANGING HEART T-LIGHT HOLDER,REGENCY CAKESTAND 3 TIER,ASSORTED COLOUR BIRD ORNAMENT,PARTY BUNTING,VINTAGE UNION JACK BUNTING
12653,WHITE HANGING HEART T-LIGHT HOLDER,PICNIC BASKET WICKER SMALL,PARTY BUNTING,JUMBO BAG RED WHITE SPOTTY ,ASSORTED COLOUR BIRD ORNAMENT
12654,HAND WARMER OWL DESIGN,WHITE HANGING HEART T-LIGHT HOLDER,ASSORTED COLOUR BIRD ORNAMENT,PAPER CHAIN KIT 50'S CHRISTMAS ,METAL SIGN TAKE IT OR LEAVE IT 
12655,LUNCH BAG WOODLAND,LUNCH BAG PINK POLKADOT,LUNCH BAG SUKI  DESIGN ,LUNCH BAG SPACEBOY DESIGN ,LUNCH BAG  BLACK SKULL.
12656,LUNCH BAG SPACEBOY DESIGN ,LUNCH BAG PINK POLKADOT,LUNCH BAG SUKI  DESIGN ,LUNCH BAG RED RETROSPOT,60 TEATIME FAIRY CAKE CASES
12657,GIN + TONIC DIET METAL SIGN,PINK REGENCY TEACUP AND SAUCER,ROSES REGENCY TEACUP AND SAUCER ,WHITE HANGING HEART T-LIGHT HOLDER,ASSORTED COLOUR BIRD ORNAMENT
12658,REGENCY CAKESTAND 3 TIER,WHITE HANGING HEART T-LIGHT HOLDER,ASSORTED COLOUR BIRD ORNAMENT,PAPER CHAIN KIT 50'S CHRISTMAS ,BAKING SET 9 PIECE RETROSPOT 
12659,REGENCY CAKESTAND 3 TIER,WHITE HANGING HEART T-LIGHT HOLDER,ASSORTED COLOUR BIRD ORNAMENT,PAPER CHAIN KIT 50'S CHRISTMAS ,BAKING SET 9 PIECE RETROSPOT 
12660,REGENCY CAKESTAND 3 TIER,WHITE HANGING HEART T-LIGHT HOLDER,ASSORTED COLOUR BIRD ORNAMENT,PAPER CHAIN KIT 50'S CHRISTMAS ,BAKING SET 9 PIECE RETROSPOT 
12661,60 TEATIME FAIRY CAKE CASES,PACK OF 72 RETROSPOT CAKE CASES,WHITE HANGING HEART T-LIGHT HOLDER,REGENCY CAKESTAND 3 TIER,ASSORTED COLOUR BIRD ORNAMENT
12662,JUMBO BAG RED RETROSPOT,JUMBO BAG PINK POLKADOT,JUMBO STORAGE BAG SUKI,LUNCH BAG CARS BLUE,LUNCH BAG SPACEBOY DESIGN 
12663,PACK OF 60 DINOSAUR CAKE CASES,72 SWEETHEART FAIRY CAKE CASES,PACK OF 60 PINK PAISLEY CAKE CASES,PACK OF 72 RETROSPOT CAKE CASES,WHITE HANGING HEART T-LIGHT HOLDER
12664,REGENCY CAKESTAND 3 TIER,WHITE HANGING HEART T-LIGHT HOLDER,"PAPER CRAFT , LITTLE BIRDIE",JUMBO BAG RED WHITE SPOTTY ,ASSORTED COLOUR BIRD ORNAMENT
12665,TOILET METAL SIGN,WHITE HANGING HEART T-LIGHT HOLDER,REGENCY CAKESTAND 3 TIER,ASSORTED COLOUR BIRD ORNAMENT,PARTY BUNTING
12666,WOODEN FRAME ANTIQUE WHITE ,WHITE HANGING HEART T-LIGHT HOLDER,REGENCY CAKESTAND 3 TIER,ASSORTED COLOUR BIRD ORNAMENT,PARTY BUNTING
12667,WOODEN FRAME ANTIQUE WHITE ,REGENCY CAKESTAND 3 TIER,ASSORTED COLOUR BIRD ORNAMENT,PAPER CHAIN KIT 50'S CHRISTMAS ,METAL SIGN TAKE IT OR LEAVE IT 
12668,PACK OF 72 RETROSPOT CAKE CASES,GIN + TONIC DIET METAL SIGN,PACK OF 60 DINOSAUR CAKE CASES,PACK OF 60 PINK PAISLEY CAKE CASES,JUMBO BAG PINK POLKADOT
12669,PACK OF 72 RETROSPOT CAKE CASES,LUNCH BAG CARS BLUE,LUNCH BAG SPACEBOY DESIGN ,LUNCH BAG PINK POLKADOT,LUNCH BAG SUKI  DESIGN 
12670,LUNCH BAG CARS BLUE,LUNCH BAG SPACEBOY DESIGN ,LUNCH BAG PINK POLKADOT,LUNCH BAG SUKI  DESIGN ,LUNCH BAG  BLACK SKULL.
12671,WHITE HANGING HEART T-LIGHT HOLDER,PICNIC BASKET WICKER SMALL,REGENCY CAKESTAND 3 TIER,PARTY BUNTING,JUMBO BAG RED WHITE SPOTTY 
12672,WHITE HANGING HEART T-LIGHT HOLDER,REGENCY CAKESTAND 3 TIER,ASSORTED COLOUR BIRD ORNAMENT,VINTAGE UNION JACK BUNTING,BAKING SET 9 PIECE RETROSPOT 
12673,JUMBO BAG RED RETROSPOT,60 TEATIME FAIRY CAKE CASES,PACK OF 72 RETROSPOT CAKE CASES,LUNCH BAG CARS BLUE,LUNCH BAG SPACEBOY DESIGN 
12674,BLUE 3 PIECE MINI DOTS CUTLERY SET,WHITE HANGING HEART T-LIGHT HOLDER,PICNIC BASKET WICKER SMALL,REGENCY CAKESTAND 3 TIER,PARTY BUNTING
12675,WOODEN PICTURE FRAME WHITE FINISH,REGENCY CAKESTAND 3 TIER,ASSORTED COLOUR BIRD ORNAMENT,PARTY BUNTING,VINTAGE UNION JACK BUNTING
12676,PACK OF 72 RETROSPOT CAKE CASES,60 TEATIME FAIRY CAKE CASES,REGENCY CAKESTAND 3 TIER,WHITE HANGING HEART T-LIGHT HOLDER,"PAPER CRAFT , LITTLE BIRDIE"
12677,RED RETROSPOT CHARLOTTE BAG,LUNCH BAG CARS BLUE,LUNCH BAG SPACEBOY DESIGN ,LUNCH BAG PINK POLKADOT,LUNCH BAG SUKI  DESIGN 
12678,PACK OF 72 RETROSPOT CAKE CASES,PACK OF 60 DINOSAUR CAKE CASES,72 SWEETHEART FAIRY CAKE CASES,JUMBO BAG PINK POLKADOT,JUMBO STORAGE BAG SUKI
12679,SWEETHEART CERAMIC TRINKET BOX,WHITE HANGING HEART T-LIGHT HOLDER,PICNIC BASKET WICKER SMALL,REGENCY CAKESTAND 3 TIER,PARTY BUNTING
12680,REGENCY CAKESTAND 3 TIER,WHITE HANGING HEART T-LIGHT HOLDER,ASSORTED COLOUR BIRD ORNAMENT,PAPER CHAIN KIT 50'S CHRISTMAS ,METAL SIGN TAKE IT OR LEAVE IT 
12681,PACK OF 72 RETROSPOT CAKE CASES,60 TEATIME FAIRY CAKE CASES,LUNCH BAG SUKI  DESIGN ,JUMBO BAG PINK POLKADOT,JUMBO BAG RED RETROSPOT
12682,PACK OF 72 RETROSPOT CAKE CASES,LUNCH BAG SUKI  DESIGN ,LUNCH BAG PINK POLKADOT,LUNCH BAG SPACEBOY DESIGN ,LUNCH BAG  BLACK SKULL.
12683,PACK OF 72 RETROSPOT CAKE CASES,LUNCH BAG CARS BLUE,LUNCH BAG SPACEBOY DESIGN ,LUNCH BAG PINK POLKADOT,LUNCH BAG SUKI  DESIGN 
12684,PACK OF 72 RETROSPOT CAKE CASES,LUNCH BAG PINK POLKADOT,LUNCH BAG SUKI  DESIGN ,LUNCH BAG SPACEBOY DESIGN ,LUNCH BAG  BLACK SKULL.
12685,LUNCH BAG CARS BLUE,LUNCH BAG SPACEBOY DESIGN ,LUNCH BAG PINK POLKADOT,LUNCH BAG SUKI  DESIGN ,LUNCH BAG  BLACK SKULL.
12686,VINTAGE SNAP CARDS,WHITE HANGING HEART T-LIGHT HOLDER,REGENCY CAKESTAND 3 TIER,ASSORTED COLOUR BIRD ORNAMENT,PARTY BUNTING
12687,PACK OF 72 RETROSPOT CAKE CASES,WHITE HANGING HEART T-LIGHT HOLDER,PACK OF 60 DINOSAUR CAKE CASES,72 SWEETHEART FAIRY CAKE CASES,ASSORTED COLOUR BIRD ORNAMENT
12688,60 TEATIME FAIRY CAKE CASES,PACK OF 72 RETROSPOT CAKE CASES,WHITE HANGING HEART T-LIGHT HOLDER,PINK REGENCY TEACUP AND SAUCER,RED RETROSPOT CHARLOTTE BAG
12689,ALARM CLOCK BAKELIKE GREEN,LUNCH BAG CARS BLUE,LUNCH BAG SPACEBOY DESIGN ,LUNCH BAG PINK POLKADOT,LUNCH BAG SUKI  DESIGN 
12690,PINK REGENCY TEACUP AND SAUCER,GREEN REGENCY TEACUP AND SAUCER,REGENCY CAKESTAND 3 TIER,WHITE HANGING HEART T-LIGHT HOLDER,ASSORTED COLOUR BIRD ORNAMENT
12691,REGENCY CAKESTAND 3 TIER,WHITE HANGING HEART T-LIGHT HOLDER,ASSORTED COLOUR BIRD ORNAMENT,PAPER CHAIN KIT 50'S CHRISTMAS ,BAKING SET 9 PIECE RETROSPOT 
12692,GIN + TONIC DIET METAL SIGN,WHITE HANGING HEART T-LIGHT HOLDER,REGENCY CAKESTAND 3 TIER,ASSORTED COLOUR BIRD ORNAMENT,PARTY BUNTING
12693,JUMBO BAG PINK VINTAGE PAISLEY,JUMBO BAG RED RETROSPOT,WHITE HANGING HEART T-LIGHT HOLDER,PICNIC BASKET WICKER SMALL,REGENCY CAKESTAND 3 TIER
12694,PACK OF 72 RETROSPOT CAKE CASES,60 TEATIME FAIRY CAKE CASES,WHITE HANGING HEART T-LIGHT HOLDER,PICNIC BASKET WICKER SMALL,JUMBO BAG RED WHITE SPOTTY 
12695,PINK CREAM FELT CRAFT TRINKET BOX ,REGENCY CAKESTAND 3 TIER,WHITE HANGING HEART T-LIGHT HOLDER,ASSORTED COLOUR BIRD ORNAMENT,PAPER CHAIN KIT 50'S CHRISTMAS 
12696,WHITE HANGING HEART T-LIGHT HOLDER,PINK 3 PIECE MINI DOTS CUTLERY SET,REGENCY CAKESTAND 3 TIER,ASSORTED COLOUR BIRD ORNAMENT,PARTY BUNTING
12697,REGENCY CAKESTAND 3 TIER,WHITE HANGING HEART T-LIGHT HOLDER,ASSORTED COLOUR BIRD ORNAMENT,PAPER CHAIN KIT 50'S CHRISTMAS ,BAKING SET 9 PIECE RETROSPOT 
12698,WHITE HANGING HEART T-LIGHT HOLDER,REGENCY CAKESTAND 3 TIER,ASSORTED COLOUR BIRD ORNAMENT,PARTY BUNTING,VINTAGE UNION JACK BUNTING
12699,ALARM CLOCK BAKELIKE GREEN,VINTAGE HEADS AND TAILS CARD GAME ,WHITE HANGING HEART T-LIGHT HOLDER,REGENCY CAKESTAND 3 TIER,ASSORTED COLOUR BIRD ORNAMENT
12700,JUMBO STORAGE BAG SUKI,JUMBO BAG PINK POLKADOT,JUMBO BAG RED RETROSPOT,BLUE 3 PIECE MINI DOTS CUTLERY SET,LUNCH BAG CARS BLUE
12701,LUNCH BAG SPACEBOY DESIGN ,LUNCH BAG PINK POLKADOT,LUNCH BAG SUKI  DESIGN ,LUNCH BAG  BLACK SKULL.,LUNCH BAG RED RETROSPOT
12702,CHOCOLATE HOT WATER BOTTLE,REGENCY CAKESTAND 3 TIER,WHITE HANGING HEART T-LIGHT HOLDER,ASSORTED COLOUR BIRD ORNAMENT,PAPER CHAIN KIT 50'S CHRISTMAS 
12703,HAND WARMER SCOTTY DOG DESIGN,HAND WARMER BIRD DESIGN,WHITE HANGING HEART T-LIGHT HOLDER,PICNIC BASKET WICKER SMALL,REGENCY CAKESTAND 3 TIER
12704,HEART OF WICKER LARGE,WHITE HANGING HEART T-LIGHT HOLDER,LUNCH BAG CARS BLUE,LUNCH BAG SPACEBOY DESIGN ,LUNCH BAG PINK POLKADOT
12705,LUNCH BAG SUKI  DESIGN ,LUNCH BAG PINK POLKADOT,LUNCH BAG SPACEBOY DESIGN ,LUNCH BAG  BLACK SKULL.,LUNCH BAG RED RETROSPOT
12707,WHITE HANGING HEART T-LIGHT HOLDER,REGENCY CAKESTAND 3 TIER,ASSORTED COLOUR BIRD ORNAMENT,PARTY BUNTING,VINTAGE UNION JACK BUNTING
12708,ALARM CLOCK BAKELIKE GREEN,WHITE HANGING HEART T-LIGHT HOLDER,"PAPER CRAFT , LITTLE BIRDIE",JUMBO BAG RED WHITE SPOTTY ,ASSORTED COLOUR BIRD ORNAMENT
12709,WHITE HANGING HEART T-LIGHT HOLDER,"PAPER CRAFT , LITTLE BIRDIE",ASSORTED COLOUR BIRD ORNAMENT,MEDIUM CERAMIC TOP STORAGE JAR,CHILLI LIGHTS
12710,PACK OF 72 RETROSPOT CAKE CASES,BLUE 3 PIECE MINI DOTS CUTLERY SET,LUNCH BAG PINK POLKADOT,LUNCH BAG WOODLAND,LUNCH BAG SUKI  DESIGN 
12711,JUMBO BAG PINK POLKADOT,JUMBO STORAGE BAG SUKI,JUMBO BAG RED RETROSPOT,LOVE BUILDING BLOCK WORD,WHITE HANGING HEART T-LIGHT HOLDER
12712,WHITE HANGING HEART T-LIGHT HOLDER,CHOCOLATE HOT WATER BOTTLE,HAND WARMER SCOTTY DOG DESIGN,REGENCY CAKESTAND 3 TIER,"PAPER CRAFT , LITTLE BIRDIE"
12713,REGENCY CAKESTAND 3 TIER,WHITE HANGING HEART T-LIGHT HOLDER,ASSORTED COLOUR BIRD ORNAMENT,PAPER CHAIN KIT 50'S CHRISTMAS ,BAKING SET 9 PIECE RETROSPOT 
12714,JUMBO BAG RED RETROSPOT,PACK OF 72 RETROSPOT CAKE CASES,LUNCH BAG SUKI  DESIGN ,LUNCH BAG PINK POLKADOT,LUNCH BAG SPACEBOY DESIGN 
12715,WHITE HANGING HEART T-LIGHT HOLDER,REGENCY CAKESTAND 3 TIER,ASSORTED COLOUR BIRD ORNAMENT,PARTY BUNTING,VINTAGE UNION JACK BUNTING
12716,REGENCY CAKESTAND 3 TIER,WHITE HANGING HEART T-LIGHT HOLDER,ASSORTED COLOUR BIRD ORNAMENT,PAPER CHAIN KIT 50'S CHRISTMAS ,BAKING SET 9 PIECE RETROSPOT 
12717,ALARM CLOCK BAKELIKE GREEN,WHITE HANGING HEART T-LIGHT HOLDER,PICNIC BASKET WICKER SMALL,REGENCY CAKESTAND 3 TIER,PARTY BUNTING
12718,PINK REGENCY TEACUP AND SAUCER,GREEN REGENCY TEACUP AND SAUCER,REGENCY CAKESTAND 3 TIER,WHITE HANGING HEART T-LIGHT HOLDER,ASSORTED COLOUR BIRD ORNAMENT
12719,60 TEATIME FAIRY CAKE CASES,PACK OF 72 RETROSPOT CAKE CASES,REGENCY CAKESTAND 3 TIER,WHITE HANGING HEART T-LIGHT HOLDER,ASSORTED COLOUR BIRD ORNAMENT
12720,LUNCH BAG CARS BLUE,LUNCH BAG SPACEBOY DESIGN ,LUNCH BAG PINK POLKADOT,LUNCH BAG SUKI  DESIGN ,LUNCH BAG RED RETROSPOT
12721,BLUE 3 PIECE MINI DOTS CUTLERY SET,LUNCH BAG CARS BLUE,LUNCH BAG SPACEBOY DESIGN ,LUNCH BAG PINK POLKADOT,LUNCH BAG SUKI  DESIGN 
12722,PICNIC BASKET WICKER SMALL,REGENCY CAKESTAND 3 TIER,PARTY BUNTING,JUMBO BAG RED WHITE SPOTTY ,ASSORTED COLOUR BIRD ORNAMENT
12723,REGENCY CAKESTAND 3 TIER,WHITE HANGING HEART T-LIGHT HOLDER,ASSORTED COLOUR BIRD ORNAMENT,PAPER CHAIN KIT 50'S CHRISTMAS ,BAKING SET 9 PIECE RETROSPOT 
12724,JUMBO BAG RED RETROSPOT,LUNCH BAG SPACEBOY DESIGN ,LUNCH BAG PINK POLKADOT,LUNCH BAG SUKI  DESIGN ,LUNCH BAG  BLACK SKULL.
12725,PINK REGENCY TEACUP AND SAUCER,ROSES REGENCY TEACUP AND SAUCER ,WHITE HANGING HEART T-LIGHT HOLDER,PICNIC BASKET WICKER SMALL,PARTY BUNTING
12726,VINTAGE SNAP CARDS,REGENCY CAKESTAND 3 TIER,WHITE HANGING HEART T-LIGHT HOLDER,"PAPER CRAFT , LITTLE BIRDIE",JUMBO BAG RED WHITE SPOTTY 
12727,60 TEATIME FAIRY CAKE CASES,PACK OF 72 RETROSPOT CAKE CASES,ALARM CLOCK BAKELIKE GREEN,REGENCY CAKESTAND 3 TIER,WHITE HANGING HEART T-LIGHT HOLDER
12728,PINK 3 PIECE MINI DOTS CUTLERY SET,WHITE HANGING HEART T-LIGHT HOLDER,PICNIC BASKET WICKER SMALL,PARTY BUNTING,JUMBO BAG RED WHITE SPOTTY 
12729,WHITE HANGING HEART T-LIGHT HOLDER,REGENCY CAKESTAND 3 TIER,ASSORTED COLOUR BIRD ORNAMENT,PARTY BUNTING,VINTAGE UNION JACK BUNTING
12730,JUMBO BAG PINK VINTAGE PAISLEY,JUMBO BAG RED RETROSPOT,WHITE HANGING HEART T-LIGHT HOLDER,REGENCY CAKESTAND 3 TIER,ASSORTED COLOUR BIRD ORNAMENT
12731,LUNCH BAG PINK POLKADOT,LUNCH BAG WOODLAND,LUNCH BAG SUKI  DESIGN ,LUNCH BAG CARS BLUE,LUNCH BAG SPACEBOY DESIGN 
12732,WHITE HANGING HEART T-LIGHT HOLDER,REGENCY CAKESTAND 3 TIER,ASSORTED COLOUR BIRD ORNAMENT,PARTY BUNTING,VINTAGE UNION JACK BUNTING
12733,JUMBO BAG PINK POLKADOT,JUMBO STORAGE BAG SUKI,JUMBO BAG RED RETROSPOT,CHOCOLATE HOT WATER BOTTLE,WHITE HANGING HEART T-LIGHT HOLDER
12734,SWEETHEART CERAMIC TRINKET BOX,WHITE HANGING HEART T-LIGHT HOLDER,REGENCY CAKESTAND 3 TIER,ASSORTED COLOUR BIRD ORNAMENT,PARTY BUNTING
12735,60 TEATIME FAIRY CAKE CASES,PACK OF 72 RETROSPOT CAKE CASES,WHITE HANGING HEART T-LIGHT HOLDER,REGENCY CAKESTAND 3 TIER,ASSORTED COLOUR BIRD ORNAMENT
12736,WHITE HANGING HEART T-LIGHT HOLDER,REGENCY CAKESTAND 3 TIER,ASSORTED COLOUR BIRD ORNAMENT,PARTY BUNTING,VINTAGE UNION JACK BUNTING
12737,WHITE HANGING HEART T-LIGHT HOLDER,REGENCY CAKESTAND 3 TIER,ASSORTED COLOUR BIRD ORNAMENT,PARTY BUNTING,VINTAGE UNION JACK BUNTING
12738,PACK OF 72 RETROSPOT CAKE CASES,PACK OF 60 DINOSAUR CAKE CASES,72 SWEETHEART FAIRY CAKE CASES,WHITE HANGING HEART T-LIGHT HOLDER,REGENCY CAKESTAND 3 TIER
12739,WHITE HANGING HEART T-LIGHT HOLDER,PICNIC BASKET WICKER SMALL,PARTY BUNTING,JUMBO BAG RED WHITE SPOTTY ,ASSORTED COLOUR BIRD ORNAMENT
12740,PACK OF 72 RETROSPOT CAKE CASES,60 TEATIME FAIRY CAKE CASES,REGENCY CAKESTAND 3 TIER,WHITE HANGING HEART T-LIGHT HOLDER,ASSORTED COLOUR BIRD ORNAMENT
12741,WHITE HANGING HEART T-LIGHT HOLDER,REGENCY CAKESTAND 3 TIER,ASSORTED COLOUR BIRD ORNAMENT,PARTY BUNTING,VINTAGE UNION JACK BUNTING
12742,PACK OF 72 RETROSPOT CAKE CASES,LUNCH BAG PINK POLKADOT,LUNCH BAG SUKI  DESIGN ,LUNCH BAG SPACEBOY DESIGN ,LUNCH BAG RED RETROSPOT
12743,JUMBO BAG PINK POLKADOT,JUMBO BAG RED RETROSPOT,WHITE HANGING HEART T-LIGHT HOLDER,JUMBO BAG STRAWBERRY,JUMBO  BAG BAROQUE BLACK WHITE
12744,JUMBO BAG RED RETROSPOT,60 TEATIME FAIRY CAKE CASES,PACK OF 72 RETROSPOT CAKE CASES,SWEETHEART CERAMIC TRINKET BOX,HOME BUILDING BLOCK WORD
12745,PACK OF 72 RETROSPOT CAKE CASES,SWEETHEART CERAMIC TRINKET BOX,PACK OF 60 DINOSAUR CAKE CASES,WHITE HANGING HEART T-LIGHT HOLDER,REGENCY CAKESTAND 3 TIER
12746,LUNCH BAG PINK POLKADOT,LUNCH BAG WOODLAND,LUNCH BAG SUKI  DESIGN ,LUNCH BAG CARS BLUE,LUNCH BAG SPACEBOY DESIGN 
12747,JUMBO BAG RED RETROSPOT,JUMBO STORAGE BAG SUKI,JUMBO BAG PINK POLKADOT,LOVE BUILDING BLOCK WORD,WOOD 2 DRAWER CABINET WHITE FINISH
12748,JUMBO BAG RED RETROSPOT,PACK OF 72 RETROSPOT CAKE CASES,JUMBO BAG PINK POLKADOT,LUNCH BAG SUKI  DESIGN ,LUNCH BAG PINK POLKADOT
12749,WHITE HANGING HEART T-LIGHT HOLDER,WOODEN FRAME ANTIQUE WHITE ,60 TEATIME FAIRY CAKE CASES,PACK OF 72 RETROSPOT CAKE CASES,HEART OF WICKER SMALL
12750,ALARM CLOCK BAKELIKE RED ,WHITE HANGING HEART T-LIGHT HOLDER,REGENCY CAKESTAND 3 TIER,ASSORTED COLOUR BIRD ORNAMENT,PARTY BUNTING
12751,GIN + TONIC DIET METAL SIGN,WOODEN FRAME ANTIQUE WHITE ,PACK OF 60 DINOSAUR CAKE CASES,72 SWEETHEART FAIRY CAKE CASES,PACK OF 60 PINK PAISLEY CAKE CASES
12752,60 TEATIME FAIRY CAKE CASES,PACK OF 72 RETROSPOT CAKE CASES,WHITE HANGING HEART T-LIGHT HOLDER,PICNIC BASKET WICKER SMALL,REGENCY CAKESTAND 3 TIER
12753,RED RETROSPOT CHARLOTTE BAG,REGENCY CAKESTAND 3 TIER,WHITE HANGING HEART T-LIGHT HOLDER,"PAPER CRAFT , LITTLE BIRDIE",JUMBO BAG RED WHITE SPOTTY 
12754,WHITE HANGING HEART T-LIGHT HOLDER,PICNIC BASKET WICKER SMALL,REGENCY CAKESTAND 3 TIER,PARTY BUNTING,JUMBO BAG RED WHITE SPOTTY 
12755,WHITE HANGING HEART T-LIGHT HOLDER,PICNIC BASKET WICKER SMALL,REGENCY CAKESTAND 3 TIER,PARTY BUNTING,JUMBO BAG RED WHITE SPOTTY 
12756,WHITE HANGING HEART T-LIGHT HOLDER,REGENCY CAKESTAND 3 TIER,ASSORTED COLOUR BIRD ORNAMENT,PARTY BUNTING,VINTAGE UNION JACK BUNTING
12757,JUMBO BAG RED RETROSPOT,JUMBO BAG PINK POLKADOT,LUNCH BAG SUKI  DESIGN ,PACK OF 72 RETROSPOT CAKE CASES,LUNCH BAG SPACEBOY DESIGN 
12758,JUMBO BAG RED RETROSPOT,JUMBO BAG PINK POLKADOT,LUNCH BAG SUKI  DESIGN ,LUNCH BAG SPACEBOY DESIGN ,LUNCH BAG PINK POLKADOT
12759,PACK OF 72 RETROSPOT CAKE CASES,60 TEATIME FAIRY CAKE CASES,LUNCH BAG CARS BLUE,LUNCH BAG SPACEBOY DESIGN ,LUNCH BAG PINK POLKADOT
12760,WHITE HANGING HEART T-LIGHT HOLDER,REGENCY CAKESTAND 3 TIER,ASSORTED COLOUR BIRD ORNAMENT,PARTY BUNTING,VINTAGE UNION JACK BUNTING
12761,LUNCH BAG PINK POLKADOT,LUNCH BAG SUKI  DESIGN ,LUNCH BAG SPACEBOY DESIGN ,LUNCH BAG RED RETROSPOT,WHITE HANGING HEART T-LIGHT HOLDER
12762,60 TEATIME FAIRY CAKE CASES,PACK OF 72 RETROSPOT CAKE CASES,VINTAGE SNAP CARDS,REGENCY CAKESTAND 3 TIER,WHITE HANGING HEART T-LIGHT HOLDER
12763,WHITE HANGING HEART T-LIGHT HOLDER,PICNIC BASKET WICKER SMALL,REGENCY CAKESTAND 3 TIER,PARTY BUNTING,JUMBO BAG RED WHITE SPOTTY 
12764,WHITE HANGING HEART T-LIGHT HOLDER,LOVE BUILDING BLOCK WORD,ASSORTED COLOUR BIRD ORNAMENT,VINTAGE UNION JACK BUNTING,BAKING SET 9 PIECE RETROSPOT 
12765,WHITE HANGING HEART T-LIGHT HOLDER,PICNIC BASKET WICKER SMALL,REGENCY CAKESTAND 3 TIER,PARTY BUNTING,JUMBO BAG RED WHITE SPOTTY 
12766,JUMBO BAG RED RETROSPOT,JUMBO BAG PINK POLKADOT,LUNCH BAG SUKI  DESIGN ,LUNCH BAG SPACEBOY DESIGN ,LUNCH BAG PINK POLKADOT
12767,WHITE HANGING HEART T-LIGHT HOLDER,REGENCY CAKESTAND 3 TIER,ASSORTED COLOUR BIRD ORNAMENT,PARTY BUNTING,VINTAGE UNION JACK BUNTING
12768,REGENCY CAKESTAND 3 TIER,ASSORTED COLOUR BIRD ORNAMENT,PARTY BUNTING,VINTAGE UNION JACK BUNTING,BAKING SET 9 PIECE RETROSPOT 
12769,GIN + TONIC DIET METAL SIGN,WHITE HANGING HEART T-LIGHT HOLDER,ASSORTED COLOUR BIRD ORNAMENT,PARTY BUNTING,VINTAGE UNION JACK BUNTING
12770,LUNCH BAG WOODLAND,LUNCH BAG PINK POLKADOT,LUNCH BAG SUKI  DESIGN ,LUNCH BAG SPACEBOY DESIGN ,LUNCH BAG  BLACK SKULL.
12771,WHITE HANGING HEART T-LIGHT HOLDER,REGENCY CAKESTAND 3 TIER,ASSORTED COLOUR BIRD ORNAMENT,PARTY BUNTING,VINTAGE UNION JACK BUNTING
12772,60 TEATIME FAIRY CAKE CASES,PACK OF 72 RETROSPOT CAKE CASES,REGENCY CAKESTAND 3 TIER,WHITE HANGING HEART T-LIGHT HOLDER,ASSORTED COLOUR BIRD ORNAMENT
12773,WHITE HANGING HEART T-LIGHT HOLDER,REGENCY CAKESTAND 3 TIER,ASSORTED COLOUR BIRD ORNAMENT,PARTY BUNTING,VINTAGE UNION JACK BUNTING
12774,REGENCY CAKESTAND 3 TIER,ASSORTED COLOUR BIRD ORNAMENT,PARTY BUNTING,VINTAGE UNION JACK BUNTING,BAKING SET 9 PIECE RETROSPOT 
12775,REGENCY CAKESTAND 3 TIER,ASSORTED COLOUR BIRD ORNAMENT,PAPER CHAIN KIT 50'S CHRISTMAS ,BAKING SET 9 PIECE RETROSPOT ,METAL SIGN TAKE IT OR LEAVE IT 
12776,WHITE HANGING HEART T-LIGHT HOLDER,REGENCY CAKESTAND 3 TIER,ASSORTED COLOUR BIRD ORNAMENT,PARTY BUNTING,VINTAGE UNION JACK BUNTING
12777,WHITE HANGING HEART T-LIGHT HOLDER,REGENCY CAKESTAND 3 TIER,ASSORTED COLOUR BIRD ORNAMENT,PARTY BUNTING,VINTAGE UNION JACK BUNTING
12778,PACK OF 72 RETROSPOT CAKE CASES,RED RETROSPOT CHARLOTTE BAG,WHITE HANGING HEART T-LIGHT HOLDER,"PAPER CRAFT , LITTLE BIRDIE",JUMBO BAG RED WHITE SPOTTY 
12779,WHITE HANGING HEART T-LIGHT HOLDER,JUMBO BAG RED RETROSPOT,SWEETHEART CERAMIC TRINKET BOX,LUNCH BAG CARS BLUE,LUNCH BAG SPACEBOY DESIGN 
12780,WHITE HANGING HEART T-LIGHT HOLDER,REGENCY CAKESTAND 3 TIER,ASSORTED COLOUR BIRD ORNAMENT,PARTY BUNTING,VINTAGE UNION JACK BUNTING
12781,VINTAGE SNAP CARDS,PINK BLUE FELT CRAFT TRINKET BOX,REGENCY CAKESTAND 3 TIER,WHITE HANGING HEART T-LIGHT HOLDER,ASSORTED COLOUR BIRD ORNAMENT
12782,SWEETHEART CERAMIC TRINKET BOX,LOVE BUILDING BLOCK WORD,PACK OF 60 DINOSAUR CAKE CASES,72 SWEETHEART FAIRY CAKE CASES,PACK OF 60 PINK PAISLEY CAKE CASES
12783,WHITE HANGING HEART T-LIGHT HOLDER,HEART OF WICKER LARGE,WOODEN PICTURE FRAME WHITE FINISH,REGENCY CAKESTAND 3 TIER,PAPER CHAIN KIT 50'S CHRISTMAS 
12784,60 TEATIME FAIRY CAKE CASES,PACK OF 72 RETROSPOT CAKE CASES,JUMBO BAG RED RETROSPOT,JUMBO BAG PINK VINTAGE PAISLEY,PINK CREAM FELT CRAFT TRINKET BOX 
12785,JUMBO BAG RED RETROSPOT,LUNCH BAG SUKI  DESIGN ,JUMBO BAG PINK POLKADOT,LUNCH BAG WOODLAND,LUNCH BAG PINK POLKADOT
12786,WHITE HANGING HEART T-LIGHT HOLDER,REGENCY CAKESTAND 3 TIER,ASSORTED COLOUR BIRD ORNAMENT,VINTAGE UNION JACK BUNTING,BAKING SET 9 PIECE RETROSPOT 
12787,CHOCOLATE HOT WATER BOTTLE,VINTAGE SNAP CARDS,REGENCY CAKESTAND 3 TIER,WHITE HANGING HEART T-LIGHT HOLDER,ASSORTED COLOUR BIRD ORNAMENT
12788,LUNCH BAG PINK POLKADOT,LUNCH BAG SUKI  DESIGN ,LUNCH BAG SPACEBOY DESIGN ,LUNCH BAG RED RETROSPOT,WHITE HANGING HEART T-LIGHT HOLDER
12789,REGENCY CAKESTAND 3 TIER,WHITE HANGING HEART T-LIGHT HOLDER,ASSORTED COLOUR BIRD ORNAMENT,PAPER CHAIN KIT 50'S CHRISTMAS ,BAKING SET 9 PIECE RETROSPOT 
12790,REGENCY CAKESTAND 3 TIER,VINTAGE SNAP CARDS,WHITE HANGING HEART T-LIGHT HOLDER,PARTY BUNTING,VINTAGE UNION JACK BUNTING
12791,HAND WARMER OWL DESIGN,WHITE HANGING HEART T-LIGHT HOLDER,PICNIC BASKET WICKER SMALL,REGENCY CAKESTAND 3 TIER,PARTY BUNTING
12792,VINTAGE SNAP CARDS,WHITE HANGING HEART T-LIGHT HOLDER,REGENCY CAKESTAND 3 TIER,PARTY BUNTING,VINTAGE UNION JACK BUNTING
12793,JUMBO BAG RED RETROSPOT,LUNCH BAG PINK POLKADOT,LUNCH BAG SUKI  DESIGN ,LUNCH BAG SPACEBOY DESIGN ,LUNCH BAG  BLACK SKULL.
12794,SWEETHEART CERAMIC TRINKET BOX,PACK OF 60 DINOSAUR CAKE CASES,72 SWEETHEART FAIRY CAKE CASES,PACK OF 60 PINK PAISLEY CAKE CASES,PACK OF 72 RETROSPOT CAKE CASES
12795,PINK REGENCY TEACUP AND SAUCER,GREEN REGENCY TEACUP AND SAUCER,WHITE HANGING HEART T-LIGHT HOLDER,ASSORTED COLOUR BIRD ORNAMENT,PAPER CHAIN KIT 50'S CHRISTMAS 
12796,JUMBO BAG RED RETROSPOT,JUMBO BAG PINK POLKADOT,JUMBO STORAGE BAG SUKI,JUMBO BAG SCANDINAVIAN PAISLEY,WHITE HANGING HEART T-LIGHT HOLDER
12797,VINTAGE SNAP CARDS,WHITE HANGING HEART T-LIGHT HOLDER,REGENCY CAKESTAND 3 TIER,ASSORTED COLOUR BIRD ORNAMENT,PARTY BUNTING
12798,VINTAGE HEADS AND TAILS CARD GAME ,REGENCY CAKESTAND 3 TIER,WHITE HANGING HEART T-LIGHT HOLDER,"PAPER CRAFT , LITTLE BIRDIE",JUMBO BAG RED WHITE SPOTTY 
12799,WHITE HANGING HEART T-LIGHT HOLDER,REGENCY CAKESTAND 3 TIER,ASSORTED COLOUR BIRD ORNAMENT,PARTY BUNTING,VINTAGE UNION JACK BUNTING
12800,GIN + TONIC DIET METAL SIGN,REGENCY CAKESTAND 3 TIER,PARTY BUNTING,VINTAGE UNION JACK BUNTING,BAKING SET 9 PIECE RETROSPOT 
12801,WHITE HANGING HEART T-LIGHT HOLDER,REGENCY CAKESTAND 3 TIER,ASSORTED COLOUR BIRD ORNAMENT,PARTY BUNTING,VINTAGE UNION JACK BUNTING
12802,PACK OF 72 RETROSPOT CAKE CASES,60 TEATIME FAIRY CAKE CASES,HAND WARMER SCOTTY DOG DESIGN,HAND WARMER BIRD DESIGN,WHITE HANGING HEART T-LIGHT HOLDER
12803,HAND WARMER SCOTTY DOG DESIGN,HAND WARMER BIRD DESIGN,VINTAGE SNAP CARDS,WHITE HANGING HEART T-LIGHT HOLDER,REGENCY CAKESTAND 3 TIER
12804,WHITE HANGING HEART T-LIGHT HOLDER,REGENCY CAKESTAND 3 TIER,ASSORTED COLOUR BIRD ORNAMENT,PARTY BUNTING,VINTAGE UNION JACK BUNTING
12805,WHITE HANGING HEART T-LIGHT HOLDER,PICNIC BASKET WICKER SMALL,REGENCY CAKESTAND 3 TIER,PARTY BUNTING,JUMBO BAG RED WHITE SPOTTY 
12806,JUMBO BAG RED RETROSPOT,LUNCH BAG SUKI  DESIGN ,JUMBO BAG PINK POLKADOT,LUNCH BAG CARS BLUE,LUNCH BAG SPACEBOY DESIGN 
12807,VINTAGE SNAP CARDS,PACK OF 72 RETROSPOT CAKE CASES,WHITE HANGING HEART T-LIGHT HOLDER,REGENCY CAKESTAND 3 TIER,ASSORTED COLOUR BIRD ORNAMENT
12808,LUNCH BAG SUKI  DESIGN ,LUNCH BAG PINK POLKADOT,LUNCH BAG SPACEBOY DESIGN ,LUNCH BAG  BLACK SKULL.,LUNCH BAG RED RETROSPOT
12809,WHITE HANGING HEART T-LIGHT HOLDER,PICNIC BASKET WICKER SMALL,PARTY BUNTING,JUMBO BAG RED WHITE SPOTTY ,ASSORTED COLOUR BIRD ORNAMENT
12810,WHITE HANGING HEART T-LIGHT HOLDER,REGENCY CAKESTAND 3 TIER,ASSORTED COLOUR BIRD ORNAMENT,PARTY BUNTING,VINTAGE UNION JACK BUNTING
12811,JUMBO BAG RED RETROSPOT,LUNCH BAG WOODLAND,LUNCH BAG PINK POLKADOT,LUNCH BAG SUKI  DESIGN ,LUNCH BAG SPACEBOY DESIGN 
12812,CHOCOLATE HOT WATER BOTTLE,REGENCY CAKESTAND 3 TIER,WHITE HANGING HEART T-LIGHT HOLDER,ASSORTED COLOUR BIRD ORNAMENT,PAPER CHAIN KIT 50'S CHRISTMAS 
12813,PICNIC BASKET WICKER SMALL,REGENCY CAKESTAND 3 TIER,PARTY BUNTING,JUMBO BAG RED WHITE SPOTTY ,ASSORTED COLOUR BIRD ORNAMENT
12814,WHITE HANGING HEART T-LIGHT HOLDER,REGENCY CAKESTAND 3 TIER,ASSORTED COLOUR BIRD ORNAMENT,PARTY BUNTING,VINTAGE UNION JACK BUNTING
12815,WHITE HANGING HEART T-LIGHT HOLDER,PICNIC BASKET WICKER SMALL,REGENCY CAKESTAND 3 TIER,PARTY BUNTING,JUMBO BAG RED WHITE SPOTTY 
12816,WHITE HANGING HEART T-LIGHT HOLDER,REGENCY CAKESTAND 3 TIER,ASSORTED COLOUR BIRD ORNAMENT,PARTY BUNTING,VINTAGE UNION JACK BUNTING
12817,VINTAGE SNAP CARDS,WHITE HANGING HEART T-LIGHT HOLDER,REGENCY CAKESTAND 3 TIER,PARTY BUNTING,VINTAGE UNION JACK BUNTING
12818,PINK REGENCY TEACUP AND SAUCER,REGENCY CAKESTAND 3 TIER,WHITE HANGING HEART T-LIGHT HOLDER,ASSORTED COLOUR BIRD ORNAMENT,PARTY BUNTING
12819,HOT WATER BOTTLE TEA AND SYMPATHY,REGENCY CAKESTAND 3 TIER,ASSORTED COLOUR BIRD ORNAMENT,PARTY BUNTING,VINTAGE UNION JACK BUNTING
12820,PACK OF 72 RETROSPOT CAKE CASES,PAPER CHAIN KIT VINTAGE CHRISTMAS,JUMBO BAG SCANDINAVIAN PAISLEY,JUMBO BAG RED RETROSPOT,PINK BLUE FELT CRAFT TRINKET BOX
12821,REGENCY CAKESTAND 3 TIER,ASSORTED COLOUR BIRD ORNAMENT,PARTY BUNTING,VINTAGE UNION JACK BUNTING,BAKING SET 9 PIECE RETROSPOT 
12822,HAND WARMER OWL DESIGN,LUNCH BAG WOODLAND,LUNCH BAG PINK POLKADOT,LUNCH BAG SUKI  DESIGN ,LUNCH BAG SPACEBOY DESIGN 
12823,REGENCY CAKESTAND 3 TIER,WHITE HANGING HEART T-LIGHT HOLDER,"PAPER CRAFT , LITTLE BIRDIE",JUMBO BAG RED WHITE SPOTTY ,ASSORTED COLOUR BIRD ORNAMENT
12824,PAPER CHAIN KIT 50'S CHRISTMAS ,WHITE HANGING HEART T-LIGHT HOLDER,REGENCY CAKESTAND 3 TIER,ASSORTED COLOUR BIRD ORNAMENT,BAKING SET 9 PIECE RETROSPOT 
12825,HOME BUILDING BLOCK WORD,REGENCY CAKESTAND 3 TIER,ASSORTED COLOUR BIRD ORNAMENT,VINTAGE UNION JACK BUNTING,BAKING SET 9 PIECE RETROSPOT 
12826,LUNCH BAG SUKI  DESIGN ,LUNCH BAG SPACEBOY DESIGN ,LUNCH BAG PINK POLKADOT,LUNCH BAG RED RETROSPOT,JUMBO BAG RED RETROSPOT
12827,REGENCY CAKESTAND 3 TIER,WHITE HANGING HEART T-LIGHT HOLDER,ASSORTED COLOUR BIRD ORNAMENT,PAPER CHAIN KIT 50'S CHRISTMAS ,METAL SIGN TAKE IT OR LEAVE IT 
12828,PINK REGENCY TEACUP AND SAUCER,GREEN REGENCY TEACUP AND SAUCER,REGENCY CAKESTAND 3 TIER,WHITE HANGING HEART T-LIGHT HOLDER,ASSORTED COLOUR BIRD ORNAMENT
12829,WHITE HANGING HEART T-LIGHT HOLDER,REGENCY CAKESTAND 3 TIER,ASSORTED COLOUR BIRD ORNAMENT,PARTY BUNTING,VINTAGE UNION JACK BUNTING
12830,VINTAGE HEADS AND TAILS CARD GAME ,REGENCY CAKESTAND 3 TIER,WHITE HANGING HEART T-LIGHT HOLDER,"PAPER CRAFT , LITTLE BIRDIE",JUMBO BAG RED WHITE SPOTTY 
12831,HEART OF WICKER SMALL,WHITE HANGING HEART T-LIGHT HOLDER,REGENCY CAKESTAND 3 TIER,ASSORTED COLOUR BIRD ORNAMENT,PARTY BUNTING
12832,CHOCOLATE HOT WATER BOTTLE,VINTAGE HEADS AND TAILS CARD GAME ,HOME BUILDING BLOCK WORD,WHITE HANGING HEART T-LIGHT HOLDER,STRAWBERRY CERAMIC TRINKET BOX
12833,HEART OF WICKER LARGE,WHITE HANGING HEART T-LIGHT HOLDER,REGENCY CAKESTAND 3 TIER,VINTAGE UNION JACK BUNTING,BAKING SET 9 PIECE RETROSPOT 
12834,WHITE HANGING HEART T-LIGHT HOLDER,REGENCY CAKESTAND 3 TIER,ASSORTED COLOUR BIRD ORNAMENT,VINTAGE UNION JACK BUNTING,BAKING SET 9 PIECE RETROSPOT 
12835,LUNCH BAG SUKI  DESIGN ,JUMBO BAG RED RETROSPOT,LUNCH BAG SPACEBOY DESIGN ,LUNCH BAG PINK POLKADOT,LUNCH BAG RED RETROSPOT
12836,JUMBO BAG RED RETROSPOT,JUMBO BAG PINK POLKADOT,LUNCH BAG SUKI  DESIGN ,WOOD 2 DRAWER CABINET WHITE FINISH,PAPER CHAIN KIT VINTAGE CHRISTMAS
12837,STRAWBERRY CERAMIC TRINKET BOX,HOME BUILDING BLOCK WORD,REGENCY CAKESTAND 3 TIER,ASSORTED COLOUR BIRD ORNAMENT,PARTY BUNTING
12838,WHITE HANGING HEART T-LIGHT HOLDER,PACK OF 72 RETROSPOT CAKE CASES,60 TEATIME FAIRY CAKE CASES,ROSES REGENCY TEACUP AND SAUCER ,BLUE 3 PIECE MINI DOTS CUTLERY SET
12839,JUMBO BAG RED RETROSPOT,JUMBO BAG PINK POLKADOT,WHITE HANGING HEART T-LIGHT HOLDER,JUMBO SHOPPER VINTAGE RED PAISLEY,LUNCH BAG SUKI  DESIGN 
12840,JUMBO BAG RED RETROSPOT,LUNCH BAG SUKI  DESIGN ,LUNCH BAG SPACEBOY DESIGN ,LUNCH BAG PINK POLKADOT,LUNCH BAG RED RETROSPOT
12841,PACK OF 72 RETROSPOT CAKE CASES,PACK OF 60 DINOSAUR CAKE CASES,72 SWEETHEART FAIRY CAKE CASES,PACK OF 60 PINK PAISLEY CAKE CASES,HEART OF WICKER SMALL
12842,PAPER CHAIN KIT VINTAGE CHRISTMAS,PICNIC BASKET WICKER SMALL,REGENCY CAKESTAND 3 TIER,PARTY BUNTING,JUMBO BAG RED WHITE SPOTTY 
12843,PACK OF 72 RETROSPOT CAKE CASES,JUMBO STORAGE BAG SUKI,JUMBO BAG PINK POLKADOT,JUMBO BAG RED RETROSPOT,LUNCH BAG SPACEBOY DESIGN 
12844,WHITE HANGING HEART T-LIGHT HOLDER,60 TEATIME FAIRY CAKE CASES,PACK OF 72 RETROSPOT CAKE CASES,WOOD S/3 CABINET ANT WHITE FINISH,PAPER CHAIN KIT 50'S CHRISTMAS 
12845,WHITE HANGING HEART T-LIGHT HOLDER,REGENCY CAKESTAND 3 TIER,ASSORTED COLOUR BIRD ORNAMENT,PARTY BUNTING,VINTAGE UNION JACK BUNTING
12847,SWEETHEART CERAMIC TRINKET BOX,PACK OF 72 RETROSPOT CAKE CASES,REGENCY CAKESTAND 3 TIER,WHITE HANGING HEART T-LIGHT HOLDER,ASSORTED COLOUR BIRD ORNAMENT
12848,WOODEN PICTURE FRAME WHITE FINISH,REGENCY CAKESTAND 3 TIER,ASSORTED COLOUR BIRD ORNAMENT,PARTY BUNTING,VINTAGE UNION JACK BUNTING
12849,WHITE HANGING HEART T-LIGHT HOLDER,PAPER CHAIN KIT VINTAGE CHRISTMAS,60 TEATIME FAIRY CAKE CASES,PACK OF 72 RETROSPOT CAKE CASES,JUMBO BAG RED WHITE SPOTTY 
12850,JUMBO BAG RED RETROSPOT,JUMBO BAG PINK VINTAGE PAISLEY,JUMBO BAG PINK POLKADOT,JUMBO STORAGE BAG SUKI,WHITE HANGING HEART T-LIGHT HOLDER
12851,JUMBO STORAGE BAG SUKI,JUMBO BAG PINK POLKADOT,JUMBO BAG RED RETROSPOT,VINTAGE SNAP CARDS,PINK REGENCY TEACUP AND SAUCER
12852,60 TEATIME FAIRY CAKE CASES,PACK OF 72 RETROSPOT CAKE CASES,WHITE HANGING HEART T-LIGHT HOLDER,ASSORTED COLOUR BIRD ORNAMENT,PARTY BUNTING
12853,PACK OF 72 RETROSPOT CAKE CASES,WHITE HANGING HEART T-LIGHT HOLDER,PAPER CHAIN KIT VINTAGE CHRISTMAS,ALARM CLOCK BAKELIKE GREEN,HAND WARMER BIRD DESIGN
12854,PICNIC BASKET WICKER SMALL,JUMBO BAG RED WHITE SPOTTY ,FAIRY CAKE FLANNEL ASSORTED COLOUR,DOOR MAT FAIRY CAKE,ROUND SNACK BOXES SET OF 4 FRUITS 
12855,REGENCY CAKESTAND 3 TIER,PARTY BUNTING,JUMBO BAG RED WHITE SPOTTY ,FAIRY CAKE FLANNEL ASSORTED COLOUR,GIN + TONIC DIET METAL SIGN
12856,LUNCH BAG SUKI  DESIGN ,PACK OF 72 RETROSPOT CAKE CASES,LUNCH BAG SPACEBOY DESIGN ,LUNCH BAG PINK POLKADOT,LUNCH BAG RED RETROSPOT
12857,WHITE HANGING HEART T-LIGHT HOLDER,HEART OF WICKER SMALL,PICNIC BASKET WICKER SMALL,REGENCY CAKESTAND 3 TIER,PARTY BUNTING
12858,GIN + TONIC DIET METAL SIGN,WHITE HANGING HEART T-LIGHT HOLDER,REGENCY CAKESTAND 3 TIER,ASSORTED COLOUR BIRD ORNAMENT,PARTY BUNTING
12859,WHITE HANGING HEART T-LIGHT HOLDER,REGENCY CAKESTAND 3 TIER,ASSORTED COLOUR BIRD ORNAMENT,PARTY BUNTING,VINTAGE UNION JACK BUNTING
12860,WHITE HANGING HEART T-LIGHT HOLDER,REGENCY CAKESTAND 3 TIER,ASSORTED COLOUR BIRD ORNAMENT,PARTY BUNTING,VINTAGE UNION JACK BUNTING
12861,WHITE HANGING HEART T-LIGHT HOLDER,REGENCY CAKESTAND 3 TIER,ASSORTED COLOUR BIRD ORNAMENT,PARTY BUNTING,VINTAGE UNION JACK BUNTING
12862,WHITE HANGING HEART T-LIGHT HOLDER,ROSES REGENCY TEACUP AND SAUCER ,PAPER CHAIN KIT VINTAGE CHRISTMAS,LUNCH BAG WOODLAND,LUNCH BAG PINK POLKADOT
12863,STRAWBERRY CERAMIC TRINKET BOX,WHITE HANGING HEART T-LIGHT HOLDER,PICNIC BASKET WICKER SMALL,REGENCY CAKESTAND 3 TIER,PARTY BUNTING
12864,WHITE HANGING HEART T-LIGHT HOLDER,REGENCY CAKESTAND 3 TIER,ASSORTED COLOUR BIRD ORNAMENT,PARTY BUNTING,VINTAGE UNION JACK BUNTING
12865,60 TEATIME FAIRY CAKE CASES,PACK OF 72 RETROSPOT CAKE CASES,REGENCY CAKESTAND 3 TIER,WHITE HANGING HEART T-LIGHT HOLDER,ASSORTED COLOUR BIRD ORNAMENT
12866,WHITE HANGING HEART T-LIGHT HOLDER,PICNIC BASKET WICKER SMALL,REGENCY CAKESTAND 3 TIER,PARTY BUNTING,JUMBO BAG RED WHITE SPOTTY 
12867,JUMBO BAG RED RETROSPOT,PACK OF 72 RETROSPOT CAKE CASES,LUNCH BAG SUKI  DESIGN ,LUNCH BAG PINK POLKADOT,LUNCH BAG SPACEBOY DESIGN 
12868,STRAWBERRY CERAMIC TRINKET BOX,WOODEN FRAME ANTIQUE WHITE ,PICNIC BASKET WICKER SMALL,PARTY BUNTING,JUMBO BAG RED WHITE SPOTTY 
12869,JUMBO BAG RED RETROSPOT,JUMBO BAG STRAWBERRY,JUMBO  BAG BAROQUE BLACK WHITE,JUMBO BAG PINK POLKADOT,JUMBO SHOPPER VINTAGE RED PAISLEY
12870,PINK REGENCY TEACUP AND SAUCER,VINTAGE HEADS AND TAILS CARD GAME ,WHITE HANGING HEART T-LIGHT HOLDER,PICNIC BASKET WICKER SMALL,PARTY BUNTING
12871,PICNIC BASKET WICKER SMALL,REGENCY CAKESTAND 3 TIER,PARTY BUNTING,JUMBO BAG RED WHITE SPOTTY ,ASSORTED COLOUR BIRD ORNAMENT
12872,PACK OF 72 RETROSPOT CAKE CASES,LUNCH BAG PINK POLKADOT,LUNCH BAG WOODLAND,LUNCH BAG SUKI  DESIGN ,LUNCH BAG CARS BLUE
12873,PICNIC BASKET WICKER SMALL,REGENCY CAKESTAND 3 TIER,PARTY BUNTING,JUMBO BAG RED WHITE SPOTTY ,FAIRY CAKE FLANNEL ASSORTED COLOUR
12874,60 TEATIME FAIRY CAKE CASES,PACK OF 72 RETROSPOT CAKE CASES,VINTAGE SNAP CARDS,WHITE HANGING HEART T-LIGHT HOLDER,REGENCY CAKESTAND 3 TIER
12875,WHITE HANGING HEART T-LIGHT HOLDER,PICNIC BASKET WICKER SMALL,REGENCY CAKESTAND 3 TIER,PARTY BUNTING,JUMBO BAG RED WHITE SPOTTY 
12876,PACK OF 72 RETROSPOT CAKE CASES,JUMBO BAG RED RETROSPOT,JUMBO BAG PINK POLKADOT,WHITE HANGING HEART T-LIGHT HOLDER,JUMBO  BAG BAROQUE BLACK WHITE
12877,PINK REGENCY TEACUP AND SAUCER,ROSES REGENCY TEACUP AND SAUCER ,PAPER CHAIN KIT 50'S CHRISTMAS ,RED RETROSPOT CHARLOTTE BAG,BATHROOM METAL SIGN
12878,LOVE BUILDING BLOCK WORD,WHITE HANGING HEART T-LIGHT HOLDER,REGENCY CAKESTAND 3 TIER,ASSORTED COLOUR BIRD ORNAMENT,PARTY BUNTING
12879,REGENCY CAKESTAND 3 TIER,WHITE HANGING HEART T-LIGHT HOLDER,ASSORTED COLOUR BIRD ORNAMENT,PAPER CHAIN KIT 50'S CHRISTMAS ,BAKING SET 9 PIECE RETROSPOT 
12880,ASSORTED COLOUR BIRD ORNAMENT,LUNCH BAG CARS BLUE,LUNCH BAG SPACEBOY DESIGN ,LUNCH BAG PINK POLKADOT,LUNCH BAG SUKI  DESIGN 
12881,WHITE HANGING HEART T-LIGHT HOLDER,REGENCY CAKESTAND 3 TIER,ASSORTED COLOUR BIRD ORNAMENT,PARTY BUNTING,VINTAGE UNION JACK BUNTING
12882,REGENCY CAKESTAND 3 TIER,WHITE HANGING HEART T-LIGHT HOLDER,ASSORTED COLOUR BIRD ORNAMENT,PAPER CHAIN KIT 50'S CHRISTMAS ,BAKING SET 9 PIECE RETROSPOT 
12883,WHITE HANGING HEART T-LIGHT HOLDER,LOVE BUILDING BLOCK WORD,REGENCY CAKESTAND 3 TIER,ASSORTED COLOUR BIRD ORNAMENT,PAPER CHAIN KIT 50'S CHRISTMAS 
12884,WHITE HANGING HEART T-LIGHT HOLDER,REGENCY CAKESTAND 3 TIER,ASSORTED COLOUR BIRD ORNAMENT,PARTY BUNTING,VINTAGE UNION JACK BUNTING
12885,PAPER CHAIN KIT 50'S CHRISTMAS ,PINK REGENCY TEACUP AND SAUCER,GREEN REGENCY TEACUP AND SAUCER,PACK OF 60 DINOSAUR CAKE CASES,72 SWEETHEART FAIRY CAKE CASES
12886,GREEN REGENCY TEACUP AND SAUCER,ALARM CLOCK BAKELIKE GREEN,VINTAGE HEADS AND TAILS CARD GAME ,ASSORTED COLOUR BIRD ORNAMENT,BAKING SET 9 PIECE RETROSPOT 
12887,HOME BUILDING BLOCK WORD,WHITE HANGING HEART T-LIGHT HOLDER,ASSORTED COLOUR BIRD ORNAMENT,PARTY BUNTING,VINTAGE UNION JACK BUNTING
12888,WHITE HANGING HEART T-LIGHT HOLDER,REGENCY CAKESTAND 3 TIER,ASSORTED COLOUR BIRD ORNAMENT,PARTY BUNTING,VINTAGE UNION JACK BUNTING
12889,REGENCY CAKESTAND 3 TIER,WHITE HANGING HEART T-LIGHT HOLDER,ASSORTED COLOUR BIRD ORNAMENT,PARTY BUNTING,VINTAGE UNION JACK BUNTING
12890,JUMBO BAG RED RETROSPOT,PACK OF 60 DINOSAUR CAKE CASES,72 SWEETHEART FAIRY CAKE CASES,PACK OF 60 PINK PAISLEY CAKE CASES,PACK OF 72 RETROSPOT CAKE CASES
12891,WHITE HANGING HEART T-LIGHT HOLDER,PICNIC BASKET WICKER SMALL,REGENCY CAKESTAND 3 TIER,PARTY BUNTING,JUMBO BAG RED WHITE SPOTTY 
12892,PINK BLUE FELT CRAFT TRINKET BOX,WOODEN FRAME ANTIQUE WHITE ,REGENCY CAKESTAND 3 TIER,PARTY BUNTING,VINTAGE UNION JACK BUNTING
12893,HEART OF WICKER LARGE,WHITE HANGING HEART T-LIGHT HOLDER,PAPER CHAIN KIT VINTAGE CHRISTMAS,REGENCY CAKESTAND 3 TIER,ASSORTED COLOUR BIRD ORNAMENT
12894,WHITE HANGING HEART T-LIGHT HOLDER,REGENCY CAKESTAND 3 TIER,ASSORTED COLOUR BIRD ORNAMENT,PARTY BUNTING,VINTAGE UNION JACK BUNTING
12895,60 TEATIME FAIRY CAKE CASES,PACK OF 72 RETROSPOT CAKE CASES,REGENCY CAKESTAND 3 TIER,WHITE HANGING HEART T-LIGHT HOLDER,ASSORTED COLOUR BIRD ORNAMENT
12897,WHITE HANGING HEART T-LIGHT HOLDER,PICNIC BASKET WICKER SMALL,REGENCY CAKESTAND 3 TIER,PARTY BUNTING,JUMBO BAG RED WHITE SPOTTY 
12898,WHITE HANGING HEART T-LIGHT HOLDER,REGENCY CAKESTAND 3 TIER,ASSORTED COLOUR BIRD ORNAMENT,PARTY BUNTING,BAKING SET 9 PIECE RETROSPOT 
12899,HOT WATER BOTTLE TEA AND SYMPATHY,WHITE HANGING HEART T-LIGHT HOLDER,REGENCY CAKESTAND 3 TIER,ASSORTED COLOUR BIRD ORNAMENT,PARTY BUNTING
12900,WHITE HANGING HEART T-LIGHT HOLDER,ASSORTED COLOUR BIRD ORNAMENT,PARTY BUNTING,VINTAGE UNION JACK BUNTING,BAKING SET 9 PIECE RETROSPOT 
12901,PACK OF 72 RETROSPOT CAKE CASES,PACK OF 60 DINOSAUR CAKE CASES,72 SWEETHEART FAIRY CAKE CASES,REGENCY CAKESTAND 3 TIER,WHITE HANGING HEART T-LIGHT HOLDER
12902,WHITE HANGING HEART T-LIGHT HOLDER,REGENCY CAKESTAND 3 TIER,ASSORTED COLOUR BIRD ORNAMENT,PARTY BUNTING,VINTAGE UNION JACK BUNTING
12903,PAPER CHAIN KIT 50'S CHRISTMAS ,HOT WATER BOTTLE TEA AND SYMPATHY,REGENCY CAKESTAND 3 TIER,ASSORTED COLOUR BIRD ORNAMENT,PARTY BUNTING
12904,WHITE HANGING HEART T-LIGHT HOLDER,REGENCY CAKESTAND 3 TIER,PAPER CHAIN KIT 50'S CHRISTMAS ,BAKING SET 9 PIECE RETROSPOT ,METAL SIGN TAKE IT OR LEAVE IT 
12905,PACK OF 72 RETROSPOT CAKE CASES,PACK OF 60 DINOSAUR CAKE CASES,PACK OF 60 PINK PAISLEY CAKE CASES,REGENCY CAKESTAND 3 TIER,ASSORTED COLOUR BIRD ORNAMENT
12906,PAPER CHAIN KIT 50'S CHRISTMAS ,GREEN REGENCY TEACUP AND SAUCER,ROSES REGENCY TEACUP AND SAUCER ,WHITE HANGING HEART T-LIGHT HOLDER,BAKING SET 9 PIECE RETROSPOT 
12907,REGENCY CAKESTAND 3 TIER,ASSORTED COLOUR BIRD ORNAMENT,PARTY BUNTING,VINTAGE UNION JACK BUNTING,BAKING SET 9 PIECE RETROSPOT 
12908,WHITE HANGING HEART T-LIGHT HOLDER,PICNIC BASKET WICKER SMALL,REGENCY CAKESTAND 3 TIER,PARTY BUNTING,JUMBO BAG RED WHITE SPOTTY 
12909,WHITE HANGING HEART T-LIGHT HOLDER,BLUE 3 PIECE MINI DOTS CUTLERY SET,60 TEATIME FAIRY CAKE CASES,PACK OF 72 RETROSPOT CAKE CASES,RED RETROSPOT CHARLOTTE BAG
12910,PINK 3 PIECE MINI DOTS CUTLERY SET,REGENCY CAKESTAND 3 TIER,WHITE HANGING HEART T-LIGHT HOLDER,"PAPER CRAFT , LITTLE BIRDIE",JUMBO BAG RED WHITE SPOTTY 
12911,SWEETHEART CERAMIC TRINKET BOX,PINK CREAM FELT CRAFT TRINKET BOX ,GIN + TONIC DIET METAL SIGN,WHITE HANGING HEART T-LIGHT HOLDER,REGENCY CAKESTAND 3 TIER
12912,ROSES REGENCY TEACUP AND SAUCER ,PAPER CHAIN KIT 50'S CHRISTMAS ,REGENCY CAKESTAND 3 TIER,WHITE HANGING HEART T-LIGHT HOLDER,ASSORTED COLOUR BIRD ORNAMENT
12913,WHITE HANGING HEART T-LIGHT HOLDER,HEART OF WICKER LARGE,"PAPER CRAFT , LITTLE BIRDIE",MEDIUM CERAMIC TOP STORAGE JAR,PARTY BUNTING
12914,WHITE HANGING HEART T-LIGHT HOLDER,REGENCY CAKESTAND 3 TIER,ASSORTED COLOUR BIRD ORNAMENT,PARTY BUNTING,VINTAGE UNION JACK BUNTING
12915,PACK OF 72 RETROSPOT CAKE CASES,SWEETHEART CERAMIC TRINKET BOX,72 SWEETHEART FAIRY CAKE CASES,PACK OF 60 PINK PAISLEY CAKE CASES,WHITE HANGING HEART T-LIGHT HOLDER
12916,JUMBO BAG RED RETROSPOT,JUMBO STORAGE BAG SUKI,JUMBO BAG PINK POLKADOT,60 TEATIME FAIRY CAKE CASES,PACK OF 72 RETROSPOT CAKE CASES
12917,HOME BUILDING BLOCK WORD,WHITE HANGING HEART T-LIGHT HOLDER,PICNIC BASKET WICKER SMALL,REGENCY CAKESTAND 3 TIER,PARTY BUNTING
12919,WHITE HANGING HEART T-LIGHT HOLDER,REGENCY CAKESTAND 3 TIER,ASSORTED COLOUR BIRD ORNAMENT,PAPER CHAIN KIT 50'S CHRISTMAS ,BAKING SET 9 PIECE RETROSPOT 
12920,WHITE HANGING HEART T-LIGHT HOLDER,BATHROOM METAL SIGN,REGENCY CAKESTAND 3 TIER,ASSORTED COLOUR BIRD ORNAMENT,PAPER CHAIN KIT 50'S CHRISTMAS 
12921,JUMBO BAG RED RETROSPOT,PACK OF 72 RETROSPOT CAKE CASES,LUNCH BAG SUKI  DESIGN ,JUMBO BAG PINK POLKADOT,LUNCH BAG PINK POLKADOT
12922,PACK OF 72 RETROSPOT CAKE CASES,WHITE HANGING HEART T-LIGHT HOLDER,REGENCY CAKESTAND 3 TIER,ASSORTED COLOUR BIRD ORNAMENT,PARTY BUNTING
12923,JUMBO BAG SCANDINAVIAN PAISLEY,JUMBO BAG RED RETROSPOT,PINK 3 PIECE MINI DOTS CUTLERY SET,HEART OF WICKER SMALL,WHITE HANGING HEART T-LIGHT HOLDER
12924,WHITE HANGING HEART T-LIGHT HOLDER,WOODEN FRAME ANTIQUE WHITE ,HEART OF WICKER SMALL,PICNIC BASKET WICKER SMALL,REGENCY CAKESTAND 3 TIER
12925,REGENCY CAKESTAND 3 TIER,WHITE HANGING HEART T-LIGHT HOLDER,ASSORTED COLOUR BIRD ORNAMENT,PAPER CHAIN KIT 50'S CHRISTMAS ,BAKING SET 9 PIECE RETROSPOT 
12926,JUMBO BAG RED RETROSPOT,LUNCH BAG PINK POLKADOT,LUNCH BAG WOODLAND,LUNCH BAG SUKI  DESIGN ,LUNCH BAG CARS BLUE
12927,VINTAGE SNAP CARDS,WHITE HANGING HEART T-LIGHT HOLDER,REGENCY CAKESTAND 3 TIER,ASSORTED COLOUR BIRD ORNAMENT,PARTY BUNTING
12928,JUMBO BAG RED RETROSPOT,JUMBO BAG PINK POLKADOT,LUNCH BAG SUKI  DESIGN ,LUNCH BAG SPACEBOY DESIGN ,LUNCH BAG PINK POLKADOT
12929,WHITE HANGING HEART T-LIGHT HOLDER,REGENCY CAKESTAND 3 TIER,ASSORTED COLOUR BIRD ORNAMENT,PARTY BUNTING,VINTAGE UNION JACK BUNTING
12930,REGENCY CAKESTAND 3 TIER,HEART OF WICKER SMALL,WHITE HANGING HEART T-LIGHT HOLDER,PAPER CHAIN KIT 50'S CHRISTMAS ,BAKING SET 9 PIECE RETROSPOT 
12931,VINTAGE SNAP CARDS,PINK BLUE FELT CRAFT TRINKET BOX,REGENCY CAKESTAND 3 TIER,WHITE HANGING HEART T-LIGHT HOLDER,"PAPER CRAFT , LITTLE BIRDIE"
12932,60 TEATIME FAIRY CAKE CASES,PACK OF 72 RETROSPOT CAKE CASES,WHITE HANGING HEART T-LIGHT HOLDER,PICNIC BASKET WICKER SMALL,REGENCY CAKESTAND 3 TIER
12933,ALARM CLOCK BAKELIKE RED ,HAND WARMER OWL DESIGN,JUMBO BAG STRAWBERRY,JUMBO  BAG BAROQUE BLACK WHITE,JUMBO BAG PINK POLKADOT
12934,WHITE HANGING HEART T-LIGHT HOLDER,REGENCY CAKESTAND 3 TIER,ASSORTED COLOUR BIRD ORNAMENT,PARTY BUNTING,VINTAGE UNION JACK BUNTING
12935,PACK OF 72 RETROSPOT CAKE CASES,WHITE HANGING HEART T-LIGHT HOLDER,PACK OF 60 DINOSAUR CAKE CASES,VINTAGE HEADS AND TAILS CARD GAME ,JUMBO BAG PINK POLKADOT
12936,REGENCY CAKESTAND 3 TIER,WHITE HANGING HEART T-LIGHT HOLDER,ASSORTED COLOUR BIRD ORNAMENT,BAKING SET 9 PIECE RETROSPOT ,METAL SIGN TAKE IT OR LEAVE IT 
12937,JUMBO BAG RED RETROSPOT,LUNCH BAG SPACEBOY DESIGN ,LUNCH BAG PINK POLKADOT,LUNCH BAG SUKI  DESIGN ,LUNCH BAG RED RETROSPOT
12938,HEART OF WICKER LARGE,REGENCY CAKESTAND 3 TIER,PAPER CHAIN KIT 50'S CHRISTMAS ,BAKING SET 9 PIECE RETROSPOT ,METAL SIGN TAKE IT OR LEAVE IT 
12939,JUMBO BAG SCANDINAVIAN PAISLEY,JUMBO BAG RED RETROSPOT,HOT WATER BOTTLE TEA AND SYMPATHY,REGENCY CAKESTAND 3 TIER,WHITE HANGING HEART T-LIGHT HOLDER
12940,WOODEN PICTURE FRAME WHITE FINISH,HEART OF WICKER LARGE,PAPER CHAIN KIT 50'S CHRISTMAS ,BAKING SET 9 PIECE RETROSPOT ,METAL SIGN TAKE IT OR LEAVE IT 
12941,LOVE BUILDING BLOCK WORD,WHITE HANGING HEART T-LIGHT HOLDER,REGENCY CAKESTAND 3 TIER,ASSORTED COLOUR BIRD ORNAMENT,PARTY BUNTING
12942,JUMBO BAG RED RETROSPOT,WHITE HANGING HEART T-LIGHT HOLDER,JUMBO BAG PINK POLKADOT,JUMBO STORAGE BAG SUKI,HEART OF WICKER SMALL
12943,WHITE HANGING HEART T-LIGHT HOLDER,ASSORTED COLOUR BIRD ORNAMENT,PARTY BUNTING,VINTAGE UNION JACK BUNTING,BAKING SET 9 PIECE RETROSPOT 
12944,GIN + TONIC DIET METAL SIGN,VINTAGE HEADS AND TAILS CARD GAME ,REGENCY CAKESTAND 3 TIER,WHITE HANGING HEART T-LIGHT HOLDER,ASSORTED COLOUR BIRD ORNAMENT
12945,JUMBO BAG RED RETROSPOT,JUMBO STORAGE BAG SUKI,JUMBO BAG PINK POLKADOT,PACK OF 72 RETROSPOT CAKE CASES,LUNCH BAG WOODLAND
12946,PAPER CHAIN KIT 50'S CHRISTMAS ,PINK BLUE FELT CRAFT TRINKET BOX,WHITE HANGING HEART T-LIGHT HOLDER,REGENCY CAKESTAND 3 TIER,ASSORTED COLOUR BIRD ORNAMENT
12947,LUNCH BAG SPACEBOY DESIGN ,LUNCH BAG PINK POLKADOT,LUNCH BAG SUKI  DESIGN ,LUNCH BAG RED RETROSPOT,WHITE HANGING HEART T-LIGHT HOLDER
12948,LUNCH BAG SPACEBOY DESIGN ,LUNCH BAG PINK POLKADOT,LUNCH BAG SUKI  DESIGN ,LUNCH BAG RED RETROSPOT,REGENCY CAKESTAND 3 TIER
12949,PACK OF 72 RETROSPOT CAKE CASES,PACK OF 60 DINOSAUR CAKE CASES,JUMBO BAG PINK POLKADOT,JUMBO STORAGE BAG SUKI,JUMBO BAG RED RETROSPOT
12950,JUMBO BAG PINK POLKADOT,JUMBO BAG RED RETROSPOT,JUMBO BAG STRAWBERRY,JUMBO  BAG BAROQUE BLACK WHITE,LUNCH BAG SUKI  DESIGN 
12951,JUMBO BAG RED RETROSPOT,JUMBO BAG PINK POLKADOT,JUMBO STORAGE BAG SUKI,BLUE 3 PIECE MINI DOTS CUTLERY SET,JUMBO BAG SCANDINAVIAN PAISLEY
12952,60 TEATIME FAIRY CAKE CASES,PACK OF 72 RETROSPOT CAKE CASES,PINK REGENCY TEACUP AND SAUCER,GREEN REGENCY TEACUP AND SAUCER,JUMBO BAG STRAWBERRY
12953,PACK OF 72 RETROSPOT CAKE CASES,SWEETHEART CERAMIC TRINKET BOX,72 SWEETHEART FAIRY CAKE CASES,REGENCY CAKESTAND 3 TIER,ASSORTED COLOUR BIRD ORNAMENT
12954,WHITE HANGING HEART T-LIGHT HOLDER,REGENCY CAKESTAND 3 TIER,ASSORTED COLOUR BIRD ORNAMENT,PARTY BUNTING,VINTAGE UNION JACK BUNTING
12955,PINK REGENCY TEACUP AND SAUCER,PACK OF 60 DINOSAUR CAKE CASES,72 SWEETHEART FAIRY CAKE CASES,PACK OF 60 PINK PAISLEY CAKE CASES,PACK OF 72 RETROSPOT CAKE CASES
12956,HEART OF WICKER LARGE,PICNIC BASKET WICKER SMALL,REGENCY CAKESTAND 3 TIER,JUMBO BAG RED WHITE SPOTTY ,FAIRY CAKE FLANNEL ASSORTED COLOUR
12957,PACK OF 72 RETROSPOT CAKE CASES,PINK REGENCY TEACUP AND SAUCER,SWEETHEART CERAMIC TRINKET BOX,BLUE 3 PIECE MINI DOTS CUTLERY SET,PACK OF 60 DINOSAUR CAKE CASES
12958,WHITE HANGING HEART T-LIGHT HOLDER,REGENCY CAKESTAND 3 TIER,ASSORTED COLOUR BIRD ORNAMENT,PARTY BUNTING,VINTAGE UNION JACK BUNTING
12959,JUMBO BAG STRAWBERRY,JUMBO  BAG BAROQUE BLACK WHITE,JUMBO BAG PINK POLKADOT,JUMBO SHOPPER VINTAGE RED PAISLEY,JUMBO BAG RED RETROSPOT
12960,HEART OF WICKER LARGE,WHITE HANGING HEART T-LIGHT HOLDER,PAPER CHAIN KIT VINTAGE CHRISTMAS,PINK BLUE FELT CRAFT TRINKET BOX,PICNIC BASKET WICKER SMALL
12961,JUMBO BAG PINK POLKADOT,JUMBO BAG RED RETROSPOT,60 TEATIME FAIRY CAKE CASES,PACK OF 72 RETROSPOT CAKE CASES,JUMBO  BAG BAROQUE BLACK WHITE
12962,LUNCH BAG CARS BLUE,LUNCH BAG SPACEBOY DESIGN ,LUNCH BAG PINK POLKADOT,LUNCH BAG SUKI  DESIGN ,LUNCH BAG  BLACK SKULL.
12963,PAPER CHAIN KIT VINTAGE CHRISTMAS,CHOCOLATE HOT WATER BOTTLE,ASSORTED COLOUR BIRD ORNAMENT,"PAPER CRAFT , LITTLE BIRDIE",JUMBO BAG RED WHITE SPOTTY 
12964,WHITE HANGING HEART T-LIGHT HOLDER,REGENCY CAKESTAND 3 TIER,ASSORTED COLOUR BIRD ORNAMENT,PARTY BUNTING,VINTAGE UNION JACK BUNTING
12965,WHITE HANGING HEART T-LIGHT HOLDER,HAND WARMER OWL DESIGN,WOOD S/3 CABINET ANT WHITE FINISH,HEART OF WICKER LARGE,CHOCOLATE HOT WATER BOTTLE
12966,REGENCY CAKESTAND 3 TIER,WHITE HANGING HEART T-LIGHT HOLDER,ASSORTED COLOUR BIRD ORNAMENT,PAPER CHAIN KIT 50'S CHRISTMAS ,BAKING SET 9 PIECE RETROSPOT 
12967,WHITE HANGING HEART T-LIGHT HOLDER,PICNIC BASKET WICKER SMALL,REGENCY CAKESTAND 3 TIER,PARTY BUNTING,JUMBO BAG RED WHITE SPOTTY 
12968,WHITE HANGING HEART T-LIGHT HOLDER,REGENCY CAKESTAND 3 TIER,ASSORTED COLOUR BIRD ORNAMENT,PARTY BUNTING,VINTAGE UNION JACK BUNTING
12969,60 TEATIME FAIRY CAKE CASES,PACK OF 72 RETROSPOT CAKE CASES,LUNCH BAG CARS BLUE,LUNCH BAG SPACEBOY DESIGN ,LUNCH BAG PINK POLKADOT
12970,JUMBO BAG RED RETROSPOT,LUNCH BAG PINK POLKADOT,LUNCH BAG WOODLAND,LUNCH BAG SUKI  DESIGN ,LUNCH BAG SPACEBOY DESIGN 
12971,PACK OF 72 RETROSPOT CAKE CASES,PAPER CHAIN KIT VINTAGE CHRISTMAS,REGENCY CAKESTAND 3 TIER,WHITE HANGING HEART T-LIGHT HOLDER,"PAPER CRAFT , LITTLE BIRDIE"
12972,PACK OF 60 DINOSAUR CAKE CASES,72 SWEETHEART FAIRY CAKE CASES,PACK OF 60 PINK PAISLEY CAKE CASES,PACK OF 72 RETROSPOT CAKE CASES,PICNIC BASKET WICKER SMALL
12973,PAPER CHAIN KIT VINTAGE CHRISTMAS,WHITE HANGING HEART T-LIGHT HOLDER,REGENCY CAKESTAND 3 TIER,ASSORTED COLOUR BIRD ORNAMENT,PARTY BUNTING
12974,WHITE HANGING HEART T-LIGHT HOLDER,REGENCY CAKESTAND 3 TIER,ASSORTED COLOUR BIRD ORNAMENT,PARTY BUNTING,VINTAGE UNION JACK BUNTING
12975,JUMBO BAG STRAWBERRY,JUMBO  BAG BAROQUE BLACK WHITE,JUMBO BAG PINK POLKADOT,JUMBO SHOPPER VINTAGE RED PAISLEY,JUMBO BAG RED RETROSPOT
12976,LUNCH BAG SPACEBOY DESIGN ,LUNCH BAG PINK POLKADOT,LUNCH BAG SUKI  DESIGN ,LUNCH BAG RED RETROSPOT,WHITE HANGING HEART T-LIGHT HOLDER
12977,JUMBO STORAGE BAG SUKI,JUMBO BAG PINK POLKADOT,JUMBO BAG RED RETROSPOT,HOME BUILDING BLOCK WORD,PICNIC BASKET WICKER SMALL
12978,JUMBO BAG PINK POLKADOT,JUMBO BAG RED RETROSPOT,60 TEATIME FAIRY CAKE CASES,PACK OF 72 RETROSPOT CAKE CASES,PAPER CHAIN KIT VINTAGE CHRISTMAS
12979,CHOCOLATE HOT WATER BOTTLE,LUNCH BAG CARS BLUE,LUNCH BAG SPACEBOY DESIGN ,LUNCH BAG PINK POLKADOT,LUNCH BAG SUKI  DESIGN 
12980,REGENCY CAKESTAND 3 TIER,WHITE HANGING HEART T-LIGHT HOLDER,"PAPER CRAFT , LITTLE BIRDIE",JUMBO BAG RED WHITE SPOTTY ,ASSORTED COLOUR BIRD ORNAMENT
12981,HAND WARMER OWL DESIGN,REGENCY CAKESTAND 3 TIER,WHITE HANGING HEART T-LIGHT HOLDER,ASSORTED COLOUR BIRD ORNAMENT,PAPER CHAIN KIT 50'S CHRISTMAS 
12982,PINK CREAM FELT CRAFT TRINKET BOX ,VINTAGE SNAP CARDS,TOILET METAL SIGN,WHITE HANGING HEART T-LIGHT HOLDER,PICNIC BASKET WICKER SMALL
12983,PACK OF 72 RETROSPOT CAKE CASES,LUNCH BAG WOODLAND,LUNCH BAG PINK POLKADOT,LUNCH BAG SUKI  DESIGN ,LUNCH BAG SPACEBOY DESIGN 
12984,REGENCY CAKESTAND 3 TIER,WHITE HANGING HEART T-LIGHT HOLDER,ASSORTED COLOUR BIRD ORNAMENT,PAPER CHAIN KIT 50'S CHRISTMAS ,BAKING SET 9 PIECE RETROSPOT 
12985,REGENCY CAKESTAND 3 TIER,WHITE HANGING HEART T-LIGHT HOLDER,ASSORTED COLOUR BIRD ORNAMENT,PAPER CHAIN KIT 50'S CHRISTMAS ,METAL SIGN TAKE IT OR LEAVE IT 
12986,PACK OF 72 RETROSPOT CAKE CASES,PACK OF 60 DINOSAUR CAKE CASES,72 SWEETHEART FAIRY CAKE CASES,PACK OF 60 PINK PAISLEY CAKE CASES,PINK BLUE FELT CRAFT TRINKET BOX
12987,GREEN REGENCY TEACUP AND SAUCER,ROSES REGENCY TEACUP AND SAUCER ,PARTY BUNTING,JUMBO BAG RED WHITE SPOTTY ,ASSORTED COLOUR BIRD ORNAMENT
12988,WHITE HANGING HEART T-LIGHT HOLDER,WOODEN PICTURE FRAME WHITE FINISH,HEART OF WICKER SMALL,PARTY BUNTING,VINTAGE UNION JACK BUNTING
12989,CHOCOLATE HOT WATER BOTTLE,GREEN REGENCY TEACUP AND SAUCER,ROSES REGENCY TEACUP AND SAUCER ,LUNCH BAG PINK POLKADOT,LUNCH BAG WOODLAND
12990,JUMBO BAG RED RETROSPOT,JUMBO BAG PINK POLKADOT,JUMBO SHOPPER VINTAGE RED PAISLEY,LUNCH BAG SUKI  DESIGN ,REGENCY CAKESTAND 3 TIER
12991,REGENCY CAKESTAND 3 TIER,WHITE HANGING HEART T-LIGHT HOLDER,ASSORTED COLOUR BIRD ORNAMENT,BAKING SET 9 PIECE RETROSPOT ,METAL SIGN TAKE IT OR LEAVE IT 
12992,WHITE HANGING HEART T-LIGHT HOLDER,REGENCY CAKESTAND 3 TIER,ASSORTED COLOUR BIRD ORNAMENT,PARTY BUNTING,VINTAGE UNION JACK BUNTING
12993,LUNCH BAG PINK POLKADOT,LUNCH BAG SUKI  DESIGN ,LUNCH BAG SPACEBOY DESIGN ,LUNCH BAG  BLACK SKULL.,LUNCH BAG RED RETROSPOT
12994,PAPER CHAIN KIT 50'S CHRISTMAS ,60 TEATIME FAIRY CAKE CASES,PACK OF 72 RETROSPOT CAKE CASES,WHITE HANGING HEART T-LIGHT HOLDER,ASSORTED COLOUR BIRD ORNAMENT
12995,WHITE HANGING HEART T-LIGHT HOLDER,REGENCY CAKESTAND 3 TIER,ASSORTED COLOUR BIRD ORNAMENT,PARTY BUNTING,VINTAGE UNION JACK BUNTING
12996,WHITE HANGING HEART T-LIGHT HOLDER,REGENCY CAKESTAND 3 TIER,ASSORTED COLOUR BIRD ORNAMENT,PARTY BUNTING,VINTAGE UNION JACK BUNTING
12997,REGENCY CAKESTAND 3 TIER,"PAPER CRAFT , LITTLE BIRDIE",JUMBO BAG RED WHITE SPOTTY ,ASSORTED COLOUR BIRD ORNAMENT,MEDIUM CERAMIC TOP STORAGE JAR
12998,SWEETHEART CERAMIC TRINKET BOX,WHITE HANGING HEART T-LIGHT HOLDER,PICNIC BASKET WICKER SMALL,REGENCY CAKESTAND 3 TIER,PARTY BUNTING
12999,VINTAGE HEADS AND TAILS CARD GAME ,WHITE HANGING HEART T-LIGHT HOLDER,REGENCY CAKESTAND 3 TIER,ASSORTED COLOUR BIRD ORNAMENT,PARTY BUNTING
13000,VINTAGE HEADS AND TAILS CARD GAME ,PINK BLUE FELT CRAFT TRINKET BOX,PICNIC BASKET WICKER SMALL,REGENCY CAKESTAND 3 TIER,PARTY BUNTING
13001,JUMBO BAG RED RETROSPOT,JUMBO BAG PINK POLKADOT,PACK OF 72 RETROSPOT CAKE CASES,LUNCH BAG SUKI  DESIGN ,GIN + TONIC DIET METAL SIGN
13002,HEART OF WICKER LARGE,WHITE HANGING HEART T-LIGHT HOLDER,HOT WATER BOTTLE TEA AND SYMPATHY,PAPER CHAIN KIT VINTAGE CHRISTMAS,REGENCY CAKESTAND 3 TIER
13003,SWEETHEART CERAMIC TRINKET BOX,WHITE HANGING HEART T-LIGHT HOLDER,REGENCY CAKESTAND 3 TIER,ASSORTED COLOUR BIRD ORNAMENT,PARTY BUNTING
13004,PACK OF 72 RETROSPOT CAKE CASES,JUMBO BAG RED RETROSPOT,JUMBO BAG PINK POLKADOT,LUNCH BAG SUKI  DESIGN ,PACK OF 60 DINOSAUR CAKE CASES
13005,VINTAGE HEADS AND TAILS CARD GAME ,WHITE HANGING HEART T-LIGHT HOLDER,PICNIC BASKET WICKER SMALL,PARTY BUNTING,JUMBO BAG RED WHITE SPOTTY 
13006,WHITE HANGING HEART T-LIGHT HOLDER,ASSORTED COLOUR BIRD ORNAMENT,PARTY BUNTING,VINTAGE UNION JACK BUNTING,BAKING SET 9 PIECE RETROSPOT 
13007,ASSORTED COLOUR BIRD ORNAMENT,PARTY BUNTING,VINTAGE UNION JACK BUNTING,BAKING SET 9 PIECE RETROSPOT ,GRAND CHOCOLATECANDLE
13008,LUNCH BAG PINK POLKADOT,LUNCH BAG SUKI  DESIGN ,LUNCH BAG SPACEBOY DESIGN ,LUNCH BAG  BLACK SKULL.,LUNCH BAG RED RETROSPOT
13009,JUMBO BAG RED RETROSPOT,JUMBO BAG PINK POLKADOT,JUMBO  BAG BAROQUE BLACK WHITE,JUMBO SHOPPER VINTAGE RED PAISLEY,LUNCH BAG SUKI  DESIGN 
13010,WHITE HANGING HEART T-LIGHT HOLDER,REGENCY CAKESTAND 3 TIER,ASSORTED COLOUR BIRD ORNAMENT,PARTY BUNTING,VINTAGE UNION JACK BUNTING
13011,WOODEN PICTURE FRAME WHITE FINISH,WHITE HANGING HEART T-LIGHT HOLDER,REGENCY CAKESTAND 3 TIER,ASSORTED COLOUR BIRD ORNAMENT,PARTY BUNTING
13012,HOME BUILDING BLOCK WORD,WHITE HANGING HEART T-LIGHT HOLDER,TOILET METAL SIGN,REGENCY CAKESTAND 3 TIER,"PAPER CRAFT , LITTLE BIRDIE"
13013,PACK OF 72 RETROSPOT CAKE CASES,PACK OF 60 DINOSAUR CAKE CASES,72 SWEETHEART FAIRY CAKE CASES,WHITE HANGING HEART T-LIGHT HOLDER,"PAPER CRAFT , LITTLE BIRDIE"
13014,JUMBO BAG RED RETROSPOT,WHITE HANGING HEART T-LIGHT HOLDER,LUNCH BAG PINK POLKADOT,LUNCH BAG WOODLAND,LUNCH BAG SUKI  DESIGN 
13015,PACK OF 72 RETROSPOT CAKE CASES,PINK REGENCY TEACUP AND SAUCER,PACK OF 60 DINOSAUR CAKE CASES,72 SWEETHEART FAIRY CAKE CASES,"PAPER CRAFT , LITTLE BIRDIE"
13016,PACK OF 72 RETROSPOT CAKE CASES,PACK OF 60 DINOSAUR CAKE CASES,REGENCY CAKESTAND 3 TIER,WHITE HANGING HEART T-LIGHT HOLDER,ASSORTED COLOUR BIRD ORNAMENT
13017,HOT WATER BOTTLE TEA AND SYMPATHY,REGENCY CAKESTAND 3 TIER,WHITE HANGING HEART T-LIGHT HOLDER,ASSORTED COLOUR BIRD ORNAMENT,PAPER CHAIN KIT 50'S CHRISTMAS 
13018,60 TEATIME FAIRY CAKE CASES,PACK OF 72 RETROSPOT CAKE CASES,JUMBO BAG RED RETROSPOT,WHITE HANGING HEART T-LIGHT HOLDER,LUNCH BAG CARS BLUE
13019,HAND WARMER OWL DESIGN,HOT WATER BOTTLE TEA AND SYMPATHY,PAPER CHAIN KIT VINTAGE CHRISTMAS,WHITE HANGING HEART T-LIGHT HOLDER,REGENCY CAKESTAND 3 TIER
13020,LUNCH BAG PINK POLKADOT,LUNCH BAG WOODLAND,LUNCH BAG SUKI  DESIGN ,LUNCH BAG CARS BLUE,LUNCH BAG SPACEBOY DESIGN 
13021,JUMBO BAG RED RETROSPOT,JUMBO BAG PINK POLKADOT,PACK OF 72 RETROSPOT CAKE CASES,WHITE HANGING HEART T-LIGHT HOLDER,PACK OF 60 DINOSAUR CAKE CASES
13022,WHITE HANGING HEART T-LIGHT HOLDER,REGENCY CAKESTAND 3 TIER,ASSORTED COLOUR BIRD ORNAMENT,PARTY BUNTING,VINTAGE UNION JACK BUNTING
13023,ASSORTED COLOUR BIRD ORNAMENT,WHITE HANGING HEART T-LIGHT HOLDER,PICNIC BASKET WICKER SMALL,REGENCY CAKESTAND 3 TIER,PARTY BUNTING
13024,LOVE BUILDING BLOCK WORD,WHITE HANGING HEART T-LIGHT HOLDER,ASSORTED COLOUR BIRD ORNAMENT,PARTY BUNTING,BAKING SET 9 PIECE RETROSPOT 
13025,PAPER CHAIN KIT VINTAGE CHRISTMAS,WHITE HANGING HEART T-LIGHT HOLDER,REGENCY CAKESTAND 3 TIER,ASSORTED COLOUR BIRD ORNAMENT,PARTY BUNTING
13026,ASSORTED COLOUR BIRD ORNAMENT,REGENCY CAKESTAND 3 TIER,WHITE HANGING HEART T-LIGHT HOLDER,"PAPER CRAFT , LITTLE BIRDIE",JUMBO BAG RED WHITE SPOTTY 
13027,PACK OF 72 RETROSPOT CAKE CASES,REGENCY CAKESTAND 3 TIER,WHITE HANGING HEART T-LIGHT HOLDER,"PAPER CRAFT , LITTLE BIRDIE",JUMBO BAG RED WHITE SPOTTY 
13028,RED RETROSPOT CHARLOTTE BAG,PACK OF 60 DINOSAUR CAKE CASES,72 SWEETHEART FAIRY CAKE CASES,PACK OF 60 PINK PAISLEY CAKE CASES,PACK OF 72 RETROSPOT CAKE CASES
13029,LUNCH BAG WOODLAND,LUNCH BAG PINK POLKADOT,LUNCH BAG SUKI  DESIGN ,LUNCH BAG SPACEBOY DESIGN ,LUNCH BAG RED RETROSPOT
13030,JUMBO BAG RED RETROSPOT,JUMBO BAG PINK POLKADOT,JUMBO BAG STRAWBERRY,JUMBO SHOPPER VINTAGE RED PAISLEY,LUNCH BAG SUKI  DESIGN 
13031,JUMBO BAG RED RETROSPOT,PACK OF 72 RETROSPOT CAKE CASES,JUMBO BAG PINK POLKADOT,LUNCH BAG SUKI  DESIGN ,LUNCH BAG PINK POLKADOT
13032,ROSES REGENCY TEACUP AND SAUCER ,WHITE HANGING HEART T-LIGHT HOLDER,HAND WARMER OWL DESIGN,HOT WATER BOTTLE TEA AND SYMPATHY,LUNCH BAG WOODLAND
13033,JUMBO BAG PINK POLKADOT,JUMBO STORAGE BAG SUKI,JUMBO BAG RED RETROSPOT,WHITE HANGING HEART T-LIGHT HOLDER,REGENCY CAKESTAND 3 TIER
13034,WHITE HANGING HEART T-LIGHT HOLDER,REGENCY CAKESTAND 3 TIER,PAPER CHAIN KIT 50'S CHRISTMAS ,BAKING SET 9 PIECE RETROSPOT ,METAL SIGN TAKE IT OR LEAVE IT 
13035,PACK OF 72 RETROSPOT CAKE CASES,60 TEATIME FAIRY CAKE CASES,PAPER CHAIN KIT VINTAGE CHRISTMAS,WHITE HANGING HEART T-LIGHT HOLDER,PICNIC BASKET WICKER SMALL
13036,WHITE HANGING HEART T-LIGHT HOLDER,REGENCY CAKESTAND 3 TIER,ASSORTED COLOUR BIRD ORNAMENT,PARTY BUNTING,VINTAGE UNION JACK BUNTING
13037,JUMBO BAG RED RETROSPOT,JUMBO BAG PINK POLKADOT,JUMBO STORAGE BAG SUKI,WOOD 2 DRAWER CABINET WHITE FINISH,60 TEATIME FAIRY CAKE CASES
13038,STRAWBERRY CERAMIC TRINKET BOX,WHITE HANGING HEART T-LIGHT HOLDER,PICNIC BASKET WICKER SMALL,REGENCY CAKESTAND 3 TIER,PARTY BUNTING
13039,LUNCH BAG CARS BLUE,LUNCH BAG SPACEBOY DESIGN ,LUNCH BAG PINK POLKADOT,LUNCH BAG SUKI  DESIGN ,LUNCH BAG RED RETROSPOT
13040,HAND WARMER OWL DESIGN,REGENCY CAKESTAND 3 TIER,WHITE HANGING HEART T-LIGHT HOLDER,BAKING SET 9 PIECE RETROSPOT ,METAL SIGN TAKE IT OR LEAVE IT 
13041,JUMBO BAG PINK POLKADOT,JUMBO STORAGE BAG SUKI,JUMBO BAG RED RETROSPOT,PICNIC BASKET WICKER SMALL,REGENCY CAKESTAND 3 TIER
13042,LUNCH BAG SPACEBOY DESIGN ,LUNCH BAG PINK POLKADOT,LUNCH BAG SUKI  DESIGN ,LUNCH BAG RED RETROSPOT,WHITE HANGING HEART T-LIGHT HOLDER
13043,WHITE HANGING HEART T-LIGHT HOLDER,REGENCY CAKESTAND 3 TIER,ASSORTED COLOUR BIRD ORNAMENT,PARTY BUNTING,VINTAGE UNION JACK BUNTING
13044,JUMBO BAG RED RETROSPOT,PACK OF 72 RETROSPOT CAKE CASES,JUMBO BAG PINK POLKADOT,LUNCH BAG SUKI  DESIGN ,PACK OF 60 DINOSAUR CAKE CASES
13045,WHITE HANGING HEART T-LIGHT HOLDER,PICNIC BASKET WICKER SMALL,REGENCY CAKESTAND 3 TIER,PARTY BUNTING,ASSORTED COLOUR BIRD ORNAMENT
13046,WHITE HANGING HEART T-LIGHT HOLDER,PAPER CHAIN KIT 50'S CHRISTMAS ,BAKING SET 9 PIECE RETROSPOT ,METAL SIGN TAKE IT OR LEAVE IT ,RABBIT NIGHT LIGHT
13047,PAPER CHAIN KIT VINTAGE CHRISTMAS,PINK BLUE FELT CRAFT TRINKET BOX,HEART OF WICKER LARGE,TOILET METAL SIGN,"PAPER CRAFT , LITTLE BIRDIE"
13048,JUMBO BAG RED RETROSPOT,LUNCH BAG SUKI  DESIGN ,JUMBO BAG PINK POLKADOT,LUNCH BAG SPACEBOY DESIGN ,LUNCH BAG PINK POLKADOT
13049,HAND WARMER OWL DESIGN,REGENCY CAKESTAND 3 TIER,HOT WATER BOTTLE TEA AND SYMPATHY,WHITE HANGING HEART T-LIGHT HOLDER,PICNIC BASKET WICKER SMALL
13050,LUNCH BAG PINK POLKADOT,LUNCH BAG SUKI  DESIGN ,LUNCH BAG SPACEBOY DESIGN ,LUNCH BAG RED RETROSPOT,BLUE 3 PIECE MINI DOTS CUTLERY SET
13051,WHITE HANGING HEART T-LIGHT HOLDER,REGENCY CAKESTAND 3 TIER,ASSORTED COLOUR BIRD ORNAMENT,PARTY BUNTING,VINTAGE UNION JACK BUNTING
13052,LUNCH BAG SPACEBOY DESIGN ,LUNCH BAG PINK POLKADOT,LUNCH BAG SUKI  DESIGN ,LUNCH BAG RED RETROSPOT,PICNIC BASKET WICKER SMALL
13053,WHITE HANGING HEART T-LIGHT HOLDER,REGENCY CAKESTAND 3 TIER,ASSORTED COLOUR BIRD ORNAMENT,PARTY BUNTING,VINTAGE UNION JACK BUNTING
13055,PACK OF 72 RETROSPOT CAKE CASES,PACK OF 60 DINOSAUR CAKE CASES,PACK OF 60 PINK PAISLEY CAKE CASES,PINK BLUE FELT CRAFT TRINKET BOX,RED RETROSPOT CHARLOTTE BAG
13056,HEART OF WICKER SMALL,LOVE BUILDING BLOCK WORD,REGENCY CAKESTAND 3 TIER,ASSORTED COLOUR BIRD ORNAMENT,VINTAGE UNION JACK BUNTING
13057,JUMBO BAG STRAWBERRY,JUMBO  BAG BAROQUE BLACK WHITE,JUMBO BAG PINK POLKADOT,JUMBO SHOPPER VINTAGE RED PAISLEY,JUMBO BAG RED RETROSPOT
13058,REGENCY CAKESTAND 3 TIER,WHITE HANGING HEART T-LIGHT HOLDER,ASSORTED COLOUR BIRD ORNAMENT,PAPER CHAIN KIT 50'S CHRISTMAS ,BAKING SET 9 PIECE RETROSPOT 
13059,PINK 3 PIECE MINI DOTS CUTLERY SET,CHOCOLATE HOT WATER BOTTLE,PICNIC BASKET WICKER SMALL,PARTY BUNTING,JUMBO BAG RED WHITE SPOTTY 
13060,ALARM CLOCK BAKELIKE RED ,REGENCY CAKESTAND 3 TIER,ASSORTED COLOUR BIRD ORNAMENT,PARTY BUNTING,VINTAGE UNION JACK BUNTING
13061,LUNCH BAG WOODLAND,LUNCH BAG PINK POLKADOT,LUNCH BAG SUKI  DESIGN ,LUNCH BAG SPACEBOY DESIGN ,LUNCH BAG  BLACK SKULL.
13062,WHITE HANGING HEART T-LIGHT HOLDER,REGENCY CAKESTAND 3 TIER,ASSORTED COLOUR BIRD ORNAMENT,PARTY BUNTING,VINTAGE UNION JACK BUNTING
13063,PINK BLUE FELT CRAFT TRINKET BOX,CHOCOLATE HOT WATER BOTTLE,WHITE HANGING HEART T-LIGHT HOLDER,REGENCY CAKESTAND 3 TIER,ASSORTED COLOUR BIRD ORNAMENT
13064,HOT WATER BOTTLE TEA AND SYMPATHY,REGENCY CAKESTAND 3 TIER,ASSORTED COLOUR BIRD ORNAMENT,PAPER CHAIN KIT 50'S CHRISTMAS ,BAKING SET 9 PIECE RETROSPOT 
13065,GIN + TONIC DIET METAL SIGN,HAND WARMER OWL DESIGN,HOME BUILDING BLOCK WORD,PICNIC BASKET WICKER SMALL,REGENCY CAKESTAND 3 TIER
13066,WOODEN PICTURE FRAME WHITE FINISH,WHITE HANGING HEART T-LIGHT HOLDER,TOILET METAL SIGN,ASSORTED COLOUR BIRD ORNAMENT,PAPER CHAIN KIT 50'S CHRISTMAS 
13067,REGENCY CAKESTAND 3 TIER,ASSORTED COLOUR BIRD ORNAMENT,PAPER CHAIN KIT 50'S CHRISTMAS ,BAKING SET 9 PIECE RETROSPOT ,METAL SIGN TAKE IT OR LEAVE IT 
13068,JUMBO STORAGE BAG SUKI,JUMBO BAG PINK POLKADOT,JUMBO BAG RED RETROSPOT,REGENCY CAKESTAND 3 TIER,WHITE HANGING HEART T-LIGHT HOLDER
13069,PACK OF 72 RETROSPOT CAKE CASES,LUNCH BAG SUKI  DESIGN ,LUNCH BAG PINK POLKADOT,LUNCH BAG SPACEBOY DESIGN ,LUNCH BAG RED RETROSPOT
13070,JUMBO BAG RED RETROSPOT,JUMBO BAG PINK POLKADOT,LUNCH BAG SUKI  DESIGN ,PICNIC BASKET WICKER SMALL,REGENCY CAKESTAND 3 TIER
13071,WHITE HANGING HEART T-LIGHT HOLDER,ASSORTED COLOUR BIRD ORNAMENT,PARTY BUNTING,VINTAGE UNION JACK BUNTING,BAKING SET 9 PIECE RETROSPOT 
13072,WHITE HANGING HEART T-LIGHT HOLDER,REGENCY CAKESTAND 3 TIER,ASSORTED COLOUR BIRD ORNAMENT,PARTY BUNTING,VINTAGE UNION JACK BUNTING
13073,HEART OF WICKER SMALL,WHITE HANGING HEART T-LIGHT HOLDER,REGENCY CAKESTAND 3 TIER,ASSORTED COLOUR BIRD ORNAMENT,PARTY BUNTING
13074,JUMBO BAG STRAWBERRY,JUMBO  BAG BAROQUE BLACK WHITE,JUMBO BAG PINK POLKADOT,JUMBO SHOPPER VINTAGE RED PAISLEY,JUMBO BAG RED RETROSPOT
13075,PAPER CHAIN KIT VINTAGE CHRISTMAS,WHITE HANGING HEART T-LIGHT HOLDER,REGENCY CAKESTAND 3 TIER,ASSORTED COLOUR BIRD ORNAMENT,PARTY BUNTING
13076,WHITE HANGING HEART T-LIGHT HOLDER,REGENCY CAKESTAND 3 TIER,ASSORTED COLOUR BIRD ORNAMENT,PARTY BUNTING,VINTAGE UNION JACK BUNTING
13077,CHOCOLATE HOT WATER BOTTLE,REGENCY CAKESTAND 3 TIER,WHITE HANGING HEART T-LIGHT HOLDER,"PAPER CRAFT , LITTLE BIRDIE",JUMBO BAG RED WHITE SPOTTY 
13078,WHITE HANGING HEART T-LIGHT HOLDER,PAPER CHAIN KIT 50'S CHRISTMAS ,GIN + TONIC DIET METAL SIGN,VINTAGE SNAP CARDS,"PAPER CRAFT , LITTLE BIRDIE"
13079,REGENCY CAKESTAND 3 TIER,ASSORTED COLOUR BIRD ORNAMENT,PAPER CHAIN KIT 50'S CHRISTMAS ,BAKING SET 9 PIECE RETROSPOT ,METAL SIGN TAKE IT OR LEAVE IT 
13080,60 TEATIME FAIRY CAKE CASES,PACK OF 72 RETROSPOT CAKE CASES,WHITE HANGING HEART T-LIGHT HOLDER,REGENCY CAKESTAND 3 TIER,ASSORTED COLOUR BIRD ORNAMENT
13081,PACK OF 72 RETROSPOT CAKE CASES,LUNCH BAG PINK POLKADOT,LUNCH BAG SUKI  DESIGN ,LUNCH BAG SPACEBOY DESIGN ,LUNCH BAG RED RETROSPOT
13082,VINTAGE SNAP CARDS,REGENCY CAKESTAND 3 TIER,WHITE HANGING HEART T-LIGHT HOLDER,"PAPER CRAFT , LITTLE BIRDIE",JUMBO BAG RED WHITE SPOTTY 
13083,STRAWBERRY CERAMIC TRINKET BOX,REGENCY CAKESTAND 3 TIER,WHITE HANGING HEART T-LIGHT HOLDER,ASSORTED COLOUR BIRD ORNAMENT,PAPER CHAIN KIT 50'S CHRISTMAS 
13084,WHITE HANGING HEART T-LIGHT HOLDER,REGENCY CAKESTAND 3 TIER,ASSORTED COLOUR BIRD ORNAMENT,PARTY BUNTING,VINTAGE UNION JACK BUNTING
13085,60 TEATIME FAIRY CAKE CASES,PACK OF 72 RETROSPOT CAKE CASES,SWEETHEART CERAMIC TRINKET BOX,WHITE HANGING HEART T-LIGHT HOLDER,PICNIC BASKET WICKER SMALL
13086,HOME BUILDING BLOCK WORD,REGENCY CAKESTAND 3 TIER,ASSORTED COLOUR BIRD ORNAMENT,PARTY BUNTING,VINTAGE UNION JACK BUNTING
13087,REGENCY CAKESTAND 3 TIER,ASSORTED COLOUR BIRD ORNAMENT,PARTY BUNTING,VINTAGE UNION JACK BUNTING,BAKING SET 9 PIECE RETROSPOT 
13088,HEART OF WICKER SMALL,WHITE HANGING HEART T-LIGHT HOLDER,REGENCY CAKESTAND 3 TIER,ASSORTED COLOUR BIRD ORNAMENT,PARTY BUNTING
13089,PACK OF 72 RETROSPOT CAKE CASES,LUNCH BAG PINK POLKADOT,LUNCH BAG SUKI  DESIGN ,LUNCH BAG SPACEBOY DESIGN ,LUNCH BAG RED RETROSPOT
13090,WHITE HANGING HEART T-LIGHT HOLDER,LUNCH BAG CARS BLUE,LUNCH BAG SPACEBOY DESIGN ,LUNCH BAG PINK POLKADOT,LUNCH BAG SUKI  DESIGN 
13091,REGENCY CAKESTAND 3 TIER,WHITE HANGING HEART T-LIGHT HOLDER,ASSORTED COLOUR BIRD ORNAMENT,PAPER CHAIN KIT 50'S CHRISTMAS ,BAKING SET 9 PIECE RETROSPOT 
13092,LOVE BUILDING BLOCK WORD,WHITE HANGING HEART T-LIGHT HOLDER,PICNIC BASKET WICKER SMALL,REGENCY CAKESTAND 3 TIER,JUMBO BAG RED WHITE SPOTTY 
13093,LUNCH BAG SPACEBOY DESIGN ,LUNCH BAG PINK POLKADOT,LUNCH BAG SUKI  DESIGN ,LUNCH BAG  BLACK SKULL.,LUNCH BAG RED RETROSPOT
13094,REGENCY CAKESTAND 3 TIER,"PAPER CRAFT , LITTLE BIRDIE",JUMBO BAG RED WHITE SPOTTY ,ASSORTED COLOUR BIRD ORNAMENT,MEDIUM CERAMIC TOP STORAGE JAR
13095,WHITE HANGING HEART T-LIGHT HOLDER,REGENCY CAKESTAND 3 TIER,ASSORTED COLOUR BIRD ORNAMENT,PARTY BUNTING,VINTAGE UNION JACK BUNTING
13096,WHITE HANGING HEART T-LIGHT HOLDER,REGENCY CAKESTAND 3 TIER,ASSORTED COLOUR BIRD ORNAMENT,PARTY BUNTING,VINTAGE UNION JACK BUNTING
13097,HAND WARMER OWL DESIGN,PAPER CHAIN KIT 50'S CHRISTMAS ,WHITE HANGING HEART T-LIGHT HOLDER,"PAPER CRAFT , LITTLE BIRDIE",JUMBO BAG RED WHITE SPOTTY 
13098,LUNCH BAG SPACEBOY DESIGN ,LUNCH BAG PINK POLKADOT,LUNCH BAG SUKI  DESIGN ,LUNCH BAG RED RETROSPOT,PAPER CHAIN KIT VINTAGE CHRISTMAS
13099,WHITE HANGING HEART T-LIGHT HOLDER,REGENCY CAKESTAND 3 TIER,ASSORTED COLOUR BIRD ORNAMENT,PARTY BUNTING,VINTAGE UNION JACK BUNTING
13101,HEART OF WICKER LARGE,PICNIC BASKET WICKER SMALL,REGENCY CAKESTAND 3 TIER,PARTY BUNTING,JUMBO BAG RED WHITE SPOTTY 
13102,ROSES REGENCY TEACUP AND SAUCER ,PAPER CHAIN KIT 50'S CHRISTMAS ,"PAPER CRAFT , LITTLE BIRDIE",JUMBO BAG RED WHITE SPOTTY ,ASSORTED COLOUR BIRD ORNAMENT
13103,REGENCY CAKESTAND 3 TIER,WHITE HANGING HEART T-LIGHT HOLDER,PAPER CHAIN KIT 50'S CHRISTMAS ,BAKING SET 9 PIECE RETROSPOT ,METAL SIGN TAKE IT OR LEAVE IT 
13104,REGENCY CAKESTAND 3 TIER,WHITE HANGING HEART T-LIGHT HOLDER,"PAPER CRAFT , LITTLE BIRDIE",JUMBO BAG RED WHITE SPOTTY ,ASSORTED COLOUR BIRD ORNAMENT
13105,WHITE HANGING HEART T-LIGHT HOLDER,REGENCY CAKESTAND 3 TIER,ASSORTED COLOUR BIRD ORNAMENT,PARTY BUNTING,VINTAGE UNION JACK BUNTING
13106,WHITE HANGING HEART T-LIGHT HOLDER,REGENCY CAKESTAND 3 TIER,ASSORTED COLOUR BIRD ORNAMENT,PARTY BUNTING,VINTAGE UNION JACK BUNTING
13107,HAND WARMER OWL DESIGN,PACK OF 72 RETROSPOT CAKE CASES,WHITE HANGING HEART T-LIGHT HOLDER,"PAPER CRAFT , LITTLE BIRDIE",JUMBO BAG RED WHITE SPOTTY 
13108,WHITE HANGING HEART T-LIGHT HOLDER,PICNIC BASKET WICKER SMALL,REGENCY CAKESTAND 3 TIER,PARTY BUNTING,JUMBO BAG RED WHITE SPOTTY 
13109,BLUE 3 PIECE MINI DOTS CUTLERY SET,LUNCH BAG PINK POLKADOT,LUNCH BAG WOODLAND,LUNCH BAG SUKI  DESIGN ,LUNCH BAG CARS BLUE
13110,PACK OF 72 RETROSPOT CAKE CASES,HAND WARMER OWL DESIGN,JUMBO STORAGE BAG SUKI,JUMBO BAG PINK POLKADOT,JUMBO BAG RED RETROSPOT
13111,LUNCH BAG PINK POLKADOT,LUNCH BAG WOODLAND,LUNCH BAG SUKI  DESIGN ,LUNCH BAG CARS BLUE,LUNCH BAG SPACEBOY DESIGN 
13112,VINTAGE HEADS AND TAILS CARD GAME ,WHITE HANGING HEART T-LIGHT HOLDER,REGENCY CAKESTAND 3 TIER,ASSORTED COLOUR BIRD ORNAMENT,PARTY BUNTING
13113,60 TEATIME FAIRY CAKE CASES,PACK OF 72 RETROSPOT CAKE CASES,JUMBO BAG PINK POLKADOT,JUMBO STORAGE BAG SUKI,JUMBO BAG RED RETROSPOT
13114,PINK BLUE FELT CRAFT TRINKET BOX,WHITE HANGING HEART T-LIGHT HOLDER,REGENCY CAKESTAND 3 TIER,ASSORTED COLOUR BIRD ORNAMENT,PARTY BUNTING
13115,LUNCH BAG PINK POLKADOT,LUNCH BAG WOODLAND,LUNCH BAG SUKI  DESIGN ,LUNCH BAG SPACEBOY DESIGN ,LUNCH BAG RED RETROSPOT
13116,REGENCY CAKESTAND 3 TIER,ASSORTED COLOUR BIRD ORNAMENT,PARTY BUNTING,VINTAGE UNION JACK BUNTING,BAKING SET 9 PIECE RETROSPOT 
13117,VINTAGE HEADS AND TAILS CARD GAME ,REGENCY CAKESTAND 3 TIER,WHITE HANGING HEART T-LIGHT HOLDER,"PAPER CRAFT , LITTLE BIRDIE",JUMBO BAG RED WHITE SPOTTY 
13118,LUNCH BAG SPACEBOY DESIGN ,LUNCH BAG PINK POLKADOT,LUNCH BAG SUKI  DESIGN ,LUNCH BAG RED RETROSPOT,"PAPER CRAFT , LITTLE BIRDIE"
13119,60 TEATIME FAIRY CAKE CASES,PACK OF 72 RETROSPOT CAKE CASES,WHITE HANGING HEART T-LIGHT HOLDER,REGENCY CAKESTAND 3 TIER,ASSORTED COLOUR BIRD ORNAMENT
13120,WOODEN FRAME ANTIQUE WHITE ,WHITE HANGING HEART T-LIGHT HOLDER,REGENCY CAKESTAND 3 TIER,ASSORTED COLOUR BIRD ORNAMENT,PARTY BUNTING
13121,PACK OF 72 RETROSPOT CAKE CASES,JUMBO BAG RED RETROSPOT,LUNCH BAG PINK POLKADOT,LUNCH BAG WOODLAND,LUNCH BAG SUKI  DESIGN 
13122,PICNIC BASKET WICKER SMALL,REGENCY CAKESTAND 3 TIER,PARTY BUNTING,JUMBO BAG RED WHITE SPOTTY ,ASSORTED COLOUR BIRD ORNAMENT
13123,TOILET METAL SIGN,REGENCY CAKESTAND 3 TIER,ASSORTED COLOUR BIRD ORNAMENT,PARTY BUNTING,VINTAGE UNION JACK BUNTING
13124,LUNCH BAG SUKI  DESIGN ,JUMBO BAG PINK POLKADOT,JUMBO BAG RED RETROSPOT,LUNCH BAG CARS BLUE,LUNCH BAG SPACEBOY DESIGN 
13125,HOME BUILDING BLOCK WORD,WHITE HANGING HEART T-LIGHT HOLDER,REGENCY CAKESTAND 3 TIER,ASSORTED COLOUR BIRD ORNAMENT,PARTY BUNTING
13126,WHITE HANGING HEART T-LIGHT HOLDER,HEART OF WICKER LARGE,REGENCY CAKESTAND 3 TIER,"PAPER CRAFT , LITTLE BIRDIE",JUMBO BAG RED WHITE SPOTTY 
13127,PAPER CHAIN KIT 50'S CHRISTMAS ,WHITE HANGING HEART T-LIGHT HOLDER,REGENCY CAKESTAND 3 TIER,ASSORTED COLOUR BIRD ORNAMENT,PARTY BUNTING
13128,WHITE HANGING HEART T-LIGHT HOLDER,REGENCY CAKESTAND 3 TIER,ASSORTED COLOUR BIRD ORNAMENT,PARTY BUNTING,BAKING SET 9 PIECE RETROSPOT 
13129,WHITE HANGING HEART T-LIGHT HOLDER,REGENCY CAKESTAND 3 TIER,ASSORTED COLOUR BIRD ORNAMENT,PARTY BUNTING,VINTAGE UNION JACK BUNTING
13130,WHITE HANGING HEART T-LIGHT HOLDER,REGENCY CAKESTAND 3 TIER,ASSORTED COLOUR BIRD ORNAMENT,PARTY BUNTING,VINTAGE UNION JACK BUNTING
13131,LUNCH BAG CARS BLUE,LUNCH BAG SPACEBOY DESIGN ,LUNCH BAG PINK POLKADOT,LUNCH BAG SUKI  DESIGN ,LUNCH BAG  BLACK SKULL.
13132,WHITE HANGING HEART T-LIGHT HOLDER,REGENCY CAKESTAND 3 TIER,ASSORTED COLOUR BIRD ORNAMENT,PARTY BUNTING,VINTAGE UNION JACK BUNTING
13133,WHITE HANGING HEART T-LIGHT HOLDER,REGENCY CAKESTAND 3 TIER,ASSORTED COLOUR BIRD ORNAMENT,VINTAGE UNION JACK BUNTING,BAKING SET 9 PIECE RETROSPOT 
13134,JUMBO BAG SCANDINAVIAN PAISLEY,JUMBO BAG RED RETROSPOT,LUNCH BAG WOODLAND,LUNCH BAG PINK POLKADOT,LUNCH BAG SUKI  DESIGN 
13135,WHITE HANGING HEART T-LIGHT HOLDER,PICNIC BASKET WICKER SMALL,REGENCY CAKESTAND 3 TIER,PARTY BUNTING,JUMBO BAG RED WHITE SPOTTY 
13136,JUMBO BAG RED RETROSPOT,JUMBO BAG PINK POLKADOT,LUNCH BAG SUKI  DESIGN ,LUNCH BAG SPACEBOY DESIGN ,LUNCH BAG PINK POLKADOT
13137,JUMBO BAG RED RETROSPOT,PACK OF 72 RETROSPOT CAKE CASES,LUNCH BAG SUKI  DESIGN ,LUNCH BAG PINK POLKADOT,LUNCH BAG SPACEBOY DESIGN 
13138,REGENCY CAKESTAND 3 TIER,WHITE HANGING HEART T-LIGHT HOLDER,PAPER CHAIN KIT 50'S CHRISTMAS ,BAKING SET 9 PIECE RETROSPOT ,METAL SIGN TAKE IT OR LEAVE IT 
13139,LUNCH BAG CARS BLUE,LUNCH BAG SPACEBOY DESIGN ,LUNCH BAG PINK POLKADOT,LUNCH BAG SUKI  DESIGN ,LUNCH BAG  BLACK SKULL.
13140,GIN + TONIC DIET METAL SIGN,PICNIC BASKET WICKER SMALL,REGENCY CAKESTAND 3 TIER,PARTY BUNTING,JUMBO BAG RED WHITE SPOTTY 
13141,LUNCH BAG SPACEBOY DESIGN ,LUNCH BAG PINK POLKADOT,LUNCH BAG SUKI  DESIGN ,LUNCH BAG RED RETROSPOT,JUMBO BAG RED RETROSPOT
13142,ROSES REGENCY TEACUP AND SAUCER ,JUMBO BAG PINK POLKADOT,JUMBO STORAGE BAG SUKI,JUMBO BAG RED RETROSPOT,REGENCY CAKESTAND 3 TIER
13143,WHITE HANGING HEART T-LIGHT HOLDER,REGENCY CAKESTAND 3 TIER,ASSORTED COLOUR BIRD ORNAMENT,PARTY BUNTING,VINTAGE UNION JACK BUNTING
13144,PINK REGENCY TEACUP AND SAUCER,WHITE HANGING HEART T-LIGHT HOLDER,ASSORTED COLOUR BIRD ORNAMENT,PARTY BUNTING,VINTAGE UNION JACK BUNTING
13145,WHITE HANGING HEART T-LIGHT HOLDER,PICNIC BASKET WICKER SMALL,REGENCY CAKESTAND 3 TIER,PARTY BUNTING,JUMBO BAG RED WHITE SPOTTY 
13146,REGENCY CAKESTAND 3 TIER,WHITE HANGING HEART T-LIGHT HOLDER,ASSORTED COLOUR BIRD ORNAMENT,PAPER CHAIN KIT 50'S CHRISTMAS ,BAKING SET 9 PIECE RETROSPOT 
13147,REGENCY CAKESTAND 3 TIER,WHITE HANGING HEART T-LIGHT HOLDER,ASSORTED COLOUR BIRD ORNAMENT,PAPER CHAIN KIT 50'S CHRISTMAS ,BAKING SET 9 PIECE RETROSPOT 
13148,HAND WARMER OWL DESIGN,ALARM CLOCK BAKELIKE GREEN,LUNCH BAG PINK POLKADOT,LUNCH BAG WOODLAND,LUNCH BAG SUKI  DESIGN 
13149,WHITE HANGING HEART T-LIGHT HOLDER,HEART OF WICKER LARGE,WOODEN FRAME ANTIQUE WHITE ,REGENCY CAKESTAND 3 TIER,ASSORTED COLOUR BIRD ORNAMENT
13150,WHITE HANGING HEART T-LIGHT HOLDER,REGENCY CAKESTAND 3 TIER,ASSORTED COLOUR BIRD ORNAMENT,PARTY BUNTING,VINTAGE UNION JACK BUNTING
13151,JUMBO BAG RED RETROSPOT,GIN + TONIC DIET METAL SIGN,WOOD 2 DRAWER CABINET WHITE FINISH,JUMBO BAG PINK VINTAGE PAISLEY,JUMBO BAG PINK POLKADOT
13152,LUNCH BAG PINK POLKADOT,LUNCH BAG WOODLAND,LUNCH BAG SUKI  DESIGN ,LUNCH BAG CARS BLUE,LUNCH BAG SPACEBOY DESIGN 
13153,REGENCY CAKESTAND 3 TIER,WHITE HANGING HEART T-LIGHT HOLDER,ASSORTED COLOUR BIRD ORNAMENT,PAPER CHAIN KIT 50'S CHRISTMAS ,BAKING SET 9 PIECE RETROSPOT 
13154,PAPER CHAIN KIT VINTAGE CHRISTMAS,PICNIC BASKET WICKER SMALL,REGENCY CAKESTAND 3 TIER,PARTY BUNTING,JUMBO BAG RED WHITE SPOTTY 
13155,HAND WARMER OWL DESIGN,PAPER CHAIN KIT VINTAGE CHRISTMAS,VINTAGE SNAP CARDS,WHITE HANGING HEART T-LIGHT HOLDER,PICNIC BASKET WICKER SMALL
13156,JUMBO BAG RED RETROSPOT,BLUE 3 PIECE MINI DOTS CUTLERY SET,HOME BUILDING BLOCK WORD,JUMBO BAG PINK VINTAGE PAISLEY,LUNCH BAG WOODLAND
13157,LUNCH BAG SPACEBOY DESIGN ,LUNCH BAG PINK POLKADOT,LUNCH BAG SUKI  DESIGN ,LUNCH BAG RED RETROSPOT,PACK OF 72 RETROSPOT CAKE CASES
13158,LUNCH BAG WOODLAND,LUNCH BAG PINK POLKADOT,LUNCH BAG SUKI  DESIGN ,LUNCH BAG SPACEBOY DESIGN ,LUNCH BAG RED RETROSPOT
13159,WHITE HANGING HEART T-LIGHT HOLDER,LOVE BUILDING BLOCK WORD,WOODEN FRAME ANTIQUE WHITE ,WOOD S/3 CABINET ANT WHITE FINISH,ASSORTED COLOUR BIRD ORNAMENT
13160,REGENCY CAKESTAND 3 TIER,WHITE HANGING HEART T-LIGHT HOLDER,ASSORTED COLOUR BIRD ORNAMENT,PAPER CHAIN KIT 50'S CHRISTMAS ,BAKING SET 9 PIECE RETROSPOT 
13161,WOOD 2 DRAWER CABINET WHITE FINISH,REGENCY CAKESTAND 3 TIER,ASSORTED COLOUR BIRD ORNAMENT,PARTY BUNTING,VINTAGE UNION JACK BUNTING
13162,PACK OF 72 RETROSPOT CAKE CASES,JUMBO STORAGE BAG SUKI,JUMBO BAG PINK POLKADOT,JUMBO BAG RED RETROSPOT,LUNCH BAG PINK POLKADOT
13163,WHITE HANGING HEART T-LIGHT HOLDER,REGENCY CAKESTAND 3 TIER,ASSORTED COLOUR BIRD ORNAMENT,PARTY BUNTING,VINTAGE UNION JACK BUNTING
13164,WHITE HANGING HEART T-LIGHT HOLDER,REGENCY CAKESTAND 3 TIER,ASSORTED COLOUR BIRD ORNAMENT,PARTY BUNTING,VINTAGE UNION JACK BUNTING
13165,WHITE HANGING HEART T-LIGHT HOLDER,REGENCY CAKESTAND 3 TIER,ASSORTED COLOUR BIRD ORNAMENT,PAPER CHAIN KIT 50'S CHRISTMAS ,BAKING SET 9 PIECE RETROSPOT 
13166,GIN + TONIC DIET METAL SIGN,TOILET METAL SIGN,WHITE HANGING HEART T-LIGHT HOLDER,ASSORTED COLOUR BIRD ORNAMENT,PARTY BUNTING
13167,REGENCY CAKESTAND 3 TIER,WHITE HANGING HEART T-LIGHT HOLDER,ASSORTED COLOUR BIRD ORNAMENT,PAPER CHAIN KIT 50'S CHRISTMAS ,BAKING SET 9 PIECE RETROSPOT 
13168,PACK OF 72 RETROSPOT CAKE CASES,SWEETHEART CERAMIC TRINKET BOX,PACK OF 60 PINK PAISLEY CAKE CASES,PICNIC BASKET WICKER SMALL,PARTY BUNTING
13169,REGENCY CAKESTAND 3 TIER,WHITE HANGING HEART T-LIGHT HOLDER,ASSORTED COLOUR BIRD ORNAMENT,PAPER CHAIN KIT 50'S CHRISTMAS ,BAKING SET 9 PIECE RETROSPOT 
13170,REGENCY CAKESTAND 3 TIER,WHITE HANGING HEART T-LIGHT HOLDER,ASSORTED COLOUR BIRD ORNAMENT,PAPER CHAIN KIT 50'S CHRISTMAS ,BAKING SET 9 PIECE RETROSPOT 
13171,WHITE HANGING HEART T-LIGHT HOLDER,WOOD 2 DRAWER CABINET WHITE FINISH,REGENCY CAKESTAND 3 TIER,ASSORTED COLOUR BIRD ORNAMENT,PAPER CHAIN KIT 50'S CHRISTMAS 
13172,WHITE HANGING HEART T-LIGHT HOLDER,REGENCY CAKESTAND 3 TIER,ASSORTED COLOUR BIRD ORNAMENT,PARTY BUNTING,VINTAGE UNION JACK BUNTING
13173,WOODEN PICTURE FRAME WHITE FINISH,HAND WARMER OWL DESIGN,CHOCOLATE HOT WATER BOTTLE,REGENCY CAKESTAND 3 TIER,"PAPER CRAFT , LITTLE BIRDIE"
13174,PACK OF 72 RETROSPOT CAKE CASES,PACK OF 60 PINK PAISLEY CAKE CASES,HOME BUILDING BLOCK WORD,"PAPER CRAFT , LITTLE BIRDIE",JUMBO BAG RED WHITE SPOTTY 
13175,PACK OF 72 RETROSPOT CAKE CASES,PACK OF 60 DINOSAUR CAKE CASES,PACK OF 60 PINK PAISLEY CAKE CASES,WHITE HANGING HEART T-LIGHT HOLDER,REGENCY CAKESTAND 3 TIER
13176,VINTAGE HEADS AND TAILS CARD GAME ,GIN + TONIC DIET METAL SIGN,HOT WATER BOTTLE TEA AND SYMPATHY,60 TEATIME FAIRY CAKE CASES,PACK OF 72 RETROSPOT CAKE CASES
13177,PINK BLUE FELT CRAFT TRINKET BOX,REGENCY CAKESTAND 3 TIER,WHITE HANGING HEART T-LIGHT HOLDER,ASSORTED COLOUR BIRD ORNAMENT,PAPER CHAIN KIT 50'S CHRISTMAS 
13178,JUMBO BAG RED RETROSPOT,JUMBO BAG PINK POLKADOT,LUNCH BAG SUKI  DESIGN ,LUNCH BAG SPACEBOY DESIGN ,LUNCH BAG PINK POLKADOT
13179,VINTAGE SNAP CARDS,WHITE HANGING HEART T-LIGHT HOLDER,REGENCY CAKESTAND 3 TIER,ASSORTED COLOUR BIRD ORNAMENT,PARTY BUNTING
13180,WHITE HANGING HEART T-LIGHT HOLDER,REGENCY CAKESTAND 3 TIER,ASSORTED COLOUR BIRD ORNAMENT,PARTY BUNTING,VINTAGE UNION JACK BUNTING
13181,JUMBO BAG SCANDINAVIAN PAISLEY,JUMBO BAG RED RETROSPOT,ALARM CLOCK BAKELIKE GREEN,WHITE HANGING HEART T-LIGHT HOLDER,REGENCY CAKESTAND 3 TIER
13182,WHITE HANGING HEART T-LIGHT HOLDER,REGENCY CAKESTAND 3 TIER,ASSORTED COLOUR BIRD ORNAMENT,PARTY BUNTING,VINTAGE UNION JACK BUNTING
13183,JUMBO BAG PINK POLKADOT,JUMBO BAG RED RETROSPOT,JUMBO  BAG BAROQUE BLACK WHITE,JUMBO SHOPPER VINTAGE RED PAISLEY,LUNCH BAG SUKI  DESIGN 
13184,WHITE HANGING HEART T-LIGHT HOLDER,REGENCY CAKESTAND 3 TIER,"PAPER CRAFT , LITTLE BIRDIE",JUMBO BAG RED WHITE SPOTTY ,ASSORTED COLOUR BIRD ORNAMENT
13185,WHITE HANGING HEART T-LIGHT HOLDER,REGENCY CAKESTAND 3 TIER,ASSORTED COLOUR BIRD ORNAMENT,PARTY BUNTING,VINTAGE UNION JACK BUNTING
13186,JUMBO BAG PINK POLKADOT,JUMBO STORAGE BAG SUKI,JUMBO BAG RED RETROSPOT,REGENCY CAKESTAND 3 TIER,ASSORTED COLOUR BIRD ORNAMENT
13187,WHITE HANGING HEART T-LIGHT HOLDER,REGENCY CAKESTAND 3 TIER,ASSORTED COLOUR BIRD ORNAMENT,PARTY BUNTING,VINTAGE UNION JACK BUNTING
13188,REGENCY CAKESTAND 3 TIER,WHITE HANGING HEART T-LIGHT HOLDER,ASSORTED COLOUR BIRD ORNAMENT,PAPER CHAIN KIT 50'S CHRISTMAS ,BAKING SET 9 PIECE RETROSPOT 
13189,REGENCY CAKESTAND 3 TIER,WHITE HANGING HEART T-LIGHT HOLDER,ASSORTED COLOUR BIRD ORNAMENT,PAPER CHAIN KIT 50'S CHRISTMAS ,BAKING SET 9 PIECE RETROSPOT 
13190,PACK OF 72 RETROSPOT CAKE CASES,PACK OF 60 DINOSAUR CAKE CASES,72 SWEETHEART FAIRY CAKE CASES,REGENCY CAKESTAND 3 TIER,ASSORTED COLOUR BIRD ORNAMENT
13191,WHITE HANGING HEART T-LIGHT HOLDER,REGENCY CAKESTAND 3 TIER,ASSORTED COLOUR BIRD ORNAMENT,BAKING SET 9 PIECE RETROSPOT ,GRAND CHOCOLATECANDLE
13192,LUNCH BAG SPACEBOY DESIGN ,LUNCH BAG PINK POLKADOT,LUNCH BAG SUKI  DESIGN ,LUNCH BAG RED RETROSPOT,HAND WARMER SCOTTY DOG DESIGN
13193,WHITE HANGING HEART T-LIGHT HOLDER,REGENCY CAKESTAND 3 TIER,ASSORTED COLOUR BIRD ORNAMENT,PARTY BUNTING,VINTAGE UNION JACK BUNTING
13194,WHITE HANGING HEART T-LIGHT HOLDER,REGENCY CAKESTAND 3 TIER,ASSORTED COLOUR BIRD ORNAMENT,PARTY BUNTING,BAKING SET 9 PIECE RETROSPOT 
13195,60 TEATIME FAIRY CAKE CASES,PACK OF 72 RETROSPOT CAKE CASES,VINTAGE SNAP CARDS,WHITE HANGING HEART T-LIGHT HOLDER,REGENCY CAKESTAND 3 TIER
13196,VINTAGE HEADS AND TAILS CARD GAME ,WHITE HANGING HEART T-LIGHT HOLDER,"PAPER CRAFT , LITTLE BIRDIE",JUMBO BAG RED WHITE SPOTTY ,MEDIUM CERAMIC TOP STORAGE JAR
13197,WHITE HANGING HEART T-LIGHT HOLDER,REGENCY CAKESTAND 3 TIER,ASSORTED COLOUR BIRD ORNAMENT,PARTY BUNTING,VINTAGE UNION JACK BUNTING
13198,LUNCH BAG SPACEBOY DESIGN ,LUNCH BAG PINK POLKADOT,LUNCH BAG SUKI  DESIGN ,LUNCH BAG RED RETROSPOT,HAND WARMER OWL DESIGN
13199,VINTAGE SNAP CARDS,REGENCY CAKESTAND 3 TIER,WHITE HANGING HEART T-LIGHT HOLDER,"PAPER CRAFT , LITTLE BIRDIE",JUMBO BAG RED WHITE SPOTTY 
13200,WOODEN FRAME ANTIQUE WHITE ,WHITE HANGING HEART T-LIGHT HOLDER,REGENCY CAKESTAND 3 TIER,ASSORTED COLOUR BIRD ORNAMENT,PAPER CHAIN KIT 50'S CHRISTMAS 
13201,JUMBO STORAGE BAG SUKI,JUMBO BAG PINK POLKADOT,JUMBO BAG RED RETROSPOT,RED RETROSPOT CHARLOTTE BAG,HEART OF WICKER LARGE
13202,WHITE HANGING HEART T-LIGHT HOLDER,WOODEN PICTURE FRAME WHITE FINISH,WOOD S/3 CABINET ANT WHITE FINISH,LOVE BUILDING BLOCK WORD,PICNIC BASKET WICKER SMALL
13203,HAND WARMER SCOTTY DOG DESIGN,REGENCY CAKESTAND 3 TIER,"PAPER CRAFT , LITTLE BIRDIE",JUMBO BAG RED WHITE SPOTTY ,ASSORTED COLOUR BIRD ORNAMENT
13204,WHITE HANGING HEART T-LIGHT HOLDER,LOVE BUILDING BLOCK WORD,REGENCY CAKESTAND 3 TIER,ASSORTED COLOUR BIRD ORNAMENT,PARTY BUNTING
13205,WHITE HANGING HEART T-LIGHT HOLDER,PICNIC BASKET WICKER SMALL,PARTY BUNTING,JUMBO BAG RED WHITE SPOTTY ,ASSORTED COLOUR BIRD ORNAMENT
13206,JUMBO BAG RED RETROSPOT,JUMBO BAG PINK POLKADOT,LUNCH BAG SUKI  DESIGN ,60 TEATIME FAIRY CAKE CASES,PACK OF 72 RETROSPOT CAKE CASES
13207,REGENCY CAKESTAND 3 TIER,WHITE HANGING HEART T-LIGHT HOLDER,ASSORTED COLOUR BIRD ORNAMENT,PAPER CHAIN KIT 50'S CHRISTMAS ,BAKING SET 9 PIECE RETROSPOT 
13208,WHITE HANGING HEART T-LIGHT HOLDER,PAPER CHAIN KIT VINTAGE CHRISTMAS,PICNIC BASKET WICKER SMALL,REGENCY CAKESTAND 3 TIER,PARTY BUNTING
13209,JUMBO BAG RED RETROSPOT,LUNCH BAG SUKI  DESIGN ,LUNCH BAG SPACEBOY DESIGN ,LUNCH BAG PINK POLKADOT,LUNCH BAG RED RETROSPOT
13210,WHITE HANGING HEART T-LIGHT HOLDER,REGENCY CAKESTAND 3 TIER,ASSORTED COLOUR BIRD ORNAMENT,PARTY BUNTING,VINTAGE UNION JACK BUNTING
13211,PACK OF 72 RETROSPOT CAKE CASES,PAPER CHAIN KIT VINTAGE CHRISTMAS,REGENCY CAKESTAND 3 TIER,WHITE HANGING HEART T-LIGHT HOLDER,"PAPER CRAFT , LITTLE BIRDIE"
13212,WOOD S/3 CABINET ANT WHITE FINISH,REGENCY CAKESTAND 3 TIER,WHITE HANGING HEART T-LIGHT HOLDER,ASSORTED COLOUR BIRD ORNAMENT,PAPER CHAIN KIT 50'S CHRISTMAS 
13213,WHITE HANGING HEART T-LIGHT HOLDER,REGENCY CAKESTAND 3 TIER,"PAPER CRAFT , LITTLE BIRDIE",JUMBO BAG RED WHITE SPOTTY ,MEDIUM CERAMIC TOP STORAGE JAR
13214,JUMBO BAG RED RETROSPOT,PACK OF 72 RETROSPOT CAKE CASES,WOODEN PICTURE FRAME WHITE FINISH,JUMBO STORAGE BAG SUKI,JUMBO BAG PINK POLKADOT
13215,WHITE HANGING HEART T-LIGHT HOLDER,REGENCY CAKESTAND 3 TIER,ASSORTED COLOUR BIRD ORNAMENT,PARTY BUNTING,VINTAGE UNION JACK BUNTING
13216,WHITE HANGING HEART T-LIGHT HOLDER,REGENCY CAKESTAND 3 TIER,ASSORTED COLOUR BIRD ORNAMENT,PARTY BUNTING,VINTAGE UNION JACK BUNTING
13217,WHITE HANGING HEART T-LIGHT HOLDER,PICNIC BASKET WICKER SMALL,REGENCY CAKESTAND 3 TIER,PARTY BUNTING,JUMBO BAG RED WHITE SPOTTY 
13218,WHITE HANGING HEART T-LIGHT HOLDER,REGENCY CAKESTAND 3 TIER,ASSORTED COLOUR BIRD ORNAMENT,PARTY BUNTING,VINTAGE UNION JACK BUNTING
13219,WHITE HANGING HEART T-LIGHT HOLDER,REGENCY CAKESTAND 3 TIER,ASSORTED COLOUR BIRD ORNAMENT,PARTY BUNTING,VINTAGE UNION JACK BUNTING
13220,WHITE HANGING HEART T-LIGHT HOLDER,PICNIC BASKET WICKER SMALL,REGENCY CAKESTAND 3 TIER,PARTY BUNTING,JUMBO BAG RED WHITE SPOTTY 
13221,WOODEN PICTURE FRAME WHITE FINISH,WHITE HANGING HEART T-LIGHT HOLDER,ASSORTED COLOUR BIRD ORNAMENT,PARTY BUNTING,VINTAGE UNION JACK BUNTING
13222,WHITE HANGING HEART T-LIGHT HOLDER,REGENCY CAKESTAND 3 TIER,ASSORTED COLOUR BIRD ORNAMENT,PARTY BUNTING,VINTAGE UNION JACK BUNTING
13223,WHITE HANGING HEART T-LIGHT HOLDER,PICNIC BASKET WICKER SMALL,REGENCY CAKESTAND 3 TIER,PARTY BUNTING,JUMBO BAG RED WHITE SPOTTY 
13224,LUNCH BAG SUKI  DESIGN ,JUMBO BAG RED RETROSPOT,LUNCH BAG SPACEBOY DESIGN ,LUNCH BAG PINK POLKADOT,LUNCH BAG  BLACK SKULL.
13225,JUMBO BAG RED RETROSPOT,WOODEN FRAME ANTIQUE WHITE ,JUMBO BAG SCANDINAVIAN PAISLEY,JUMBO STORAGE BAG SUKI,JUMBO BAG PINK POLKADOT
13226,HAND WARMER OWL DESIGN,WHITE HANGING HEART T-LIGHT HOLDER,REGENCY CAKESTAND 3 TIER,ASSORTED COLOUR BIRD ORNAMENT,PARTY BUNTING
13227,JUMBO STORAGE BAG SUKI,JUMBO BAG PINK POLKADOT,JUMBO BAG RED RETROSPOT,WHITE HANGING HEART T-LIGHT HOLDER,REGENCY CAKESTAND 3 TIER
13228,JUMBO STORAGE BAG SUKI,JUMBO BAG PINK POLKADOT,JUMBO BAG RED RETROSPOT,WHITE HANGING HEART T-LIGHT HOLDER,REGENCY CAKESTAND 3 TIER
13229,WHITE HANGING HEART T-LIGHT HOLDER,REGENCY CAKESTAND 3 TIER,ASSORTED COLOUR BIRD ORNAMENT,PARTY BUNTING,VINTAGE UNION JACK BUNTING
13230,JUMBO BAG RED RETROSPOT,PACK OF 72 RETROSPOT CAKE CASES,LUNCH BAG SUKI  DESIGN ,JUMBO BAG PINK POLKADOT,LUNCH BAG PINK POLKADOT
13232,PACK OF 72 RETROSPOT CAKE CASES,LUNCH BAG CARS BLUE,LUNCH BAG SPACEBOY DESIGN ,LUNCH BAG PINK POLKADOT,LUNCH BAG SUKI  DESIGN 
13233,WHITE HANGING HEART T-LIGHT HOLDER,PICNIC BASKET WICKER SMALL,PARTY BUNTING,JUMBO BAG RED WHITE SPOTTY ,ASSORTED COLOUR BIRD ORNAMENT
13234,WHITE HANGING HEART T-LIGHT HOLDER,WOODEN PICTURE FRAME WHITE FINISH,ASSORTED COLOUR BIRD ORNAMENT,PINK BLUE FELT CRAFT TRINKET BOX,HOME BUILDING BLOCK WORD
13235,WOODEN FRAME ANTIQUE WHITE ,WHITE HANGING HEART T-LIGHT HOLDER,JUMBO STORAGE BAG SUKI,JUMBO BAG PINK POLKADOT,JUMBO BAG RED RETROSPOT
13236,WHITE HANGING HEART T-LIGHT HOLDER,WOODEN FRAME ANTIQUE WHITE ,WOOD 2 DRAWER CABINET WHITE FINISH,REGENCY CAKESTAND 3 TIER,PAPER CHAIN KIT 50'S CHRISTMAS 
13237,GIN + TONIC DIET METAL SIGN,REGENCY CAKESTAND 3 TIER,ASSORTED COLOUR BIRD ORNAMENT,PARTY BUNTING,VINTAGE UNION JACK BUNTING
13238,JUMBO BAG RED RETROSPOT,JUMBO BAG PINK POLKADOT,LUNCH BAG SUKI  DESIGN ,PINK BLUE FELT CRAFT TRINKET BOX,REGENCY CAKESTAND 3 TIER
13239,SWEETHEART CERAMIC TRINKET BOX,PACK OF 60 DINOSAUR CAKE CASES,72 SWEETHEART FAIRY CAKE CASES,PACK OF 60 PINK PAISLEY CAKE CASES,PACK OF 72 RETROSPOT CAKE CASES
13240,LUNCH BAG CARS BLUE,LUNCH BAG SPACEBOY DESIGN ,LUNCH BAG PINK POLKADOT,LUNCH BAG SUKI  DESIGN ,LUNCH BAG  BLACK SKULL.
13241,HAND WARMER OWL DESIGN,PINK CREAM FELT CRAFT TRINKET BOX ,WHITE HANGING HEART T-LIGHT HOLDER,REGENCY CAKESTAND 3 TIER,ASSORTED COLOUR BIRD ORNAMENT
13242,JUMBO BAG RED RETROSPOT,JUMBO BAG PINK POLKADOT,LUNCH BAG SUKI  DESIGN ,WHITE HANGING HEART T-LIGHT HOLDER,PICNIC BASKET WICKER SMALL
13243,JUMBO BAG RED RETROSPOT,WOODEN FRAME ANTIQUE WHITE ,VINTAGE HEADS AND TAILS CARD GAME ,PICNIC BASKET WICKER SMALL,REGENCY CAKESTAND 3 TIER
13244,REGENCY CAKESTAND 3 TIER,WHITE HANGING HEART T-LIGHT HOLDER,ASSORTED COLOUR BIRD ORNAMENT,PARTY BUNTING,BAKING SET 9 PIECE RETROSPOT 
13245,WHITE HANGING HEART T-LIGHT HOLDER,ASSORTED COLOUR BIRD ORNAMENT,PAPER CHAIN KIT 50'S CHRISTMAS ,BAKING SET 9 PIECE RETROSPOT ,METAL SIGN TAKE IT OR LEAVE IT 
13246,JUMBO BAG RED RETROSPOT,JUMBO STORAGE BAG SUKI,JUMBO BAG PINK POLKADOT,LUNCH BAG CARS BLUE,LUNCH BAG SPACEBOY DESIGN 
13247,REGENCY CAKESTAND 3 TIER,WHITE HANGING HEART T-LIGHT HOLDER,ASSORTED COLOUR BIRD ORNAMENT,PAPER CHAIN KIT 50'S CHRISTMAS ,METAL SIGN TAKE IT OR LEAVE IT 
13248,ROSES REGENCY TEACUP AND SAUCER ,JUMBO BAG SCANDINAVIAN PAISLEY,JUMBO BAG RED RETROSPOT,WHITE HANGING HEART T-LIGHT HOLDER,ASSORTED COLOUR BIRD ORNAMENT
13249,SWEETHEART CERAMIC TRINKET BOX,WHITE HANGING HEART T-LIGHT HOLDER,PICNIC BASKET WICKER SMALL,REGENCY CAKESTAND 3 TIER,PARTY BUNTING
13250,REGENCY CAKESTAND 3 TIER,ASSORTED COLOUR BIRD ORNAMENT,PARTY BUNTING,VINTAGE UNION JACK BUNTING,BAKING SET 9 PIECE RETROSPOT 
13251,HAND WARMER OWL DESIGN,WHITE HANGING HEART T-LIGHT HOLDER,REGENCY CAKESTAND 3 TIER,ASSORTED COLOUR BIRD ORNAMENT,PARTY BUNTING
13252,LUNCH BAG PINK POLKADOT,LUNCH BAG WOODLAND,LUNCH BAG SUKI  DESIGN ,LUNCH BAG CARS BLUE,LUNCH BAG SPACEBOY DESIGN 
13253,WHITE HANGING HEART T-LIGHT HOLDER,PICNIC BASKET WICKER SMALL,REGENCY CAKESTAND 3 TIER,PARTY BUNTING,JUMBO BAG RED WHITE SPOTTY 
13254,WHITE HANGING HEART T-LIGHT HOLDER,REGENCY CAKESTAND 3 TIER,ASSORTED COLOUR BIRD ORNAMENT,PARTY BUNTING,VINTAGE UNION JACK BUNTING
13255,WOODEN PICTURE FRAME WHITE FINISH,WHITE HANGING HEART T-LIGHT HOLDER,REGENCY CAKESTAND 3 TIER,ASSORTED COLOUR BIRD ORNAMENT,PAPER CHAIN KIT 50'S CHRISTMAS 
13257,PAPER CHAIN KIT 50'S CHRISTMAS ,WHITE HANGING HEART T-LIGHT HOLDER,REGENCY CAKESTAND 3 TIER,ASSORTED COLOUR BIRD ORNAMENT,PARTY BUNTING
13258,HEART OF WICKER LARGE,REGENCY CAKESTAND 3 TIER,ASSORTED COLOUR BIRD ORNAMENT,PAPER CHAIN KIT 50'S CHRISTMAS ,BAKING SET 9 PIECE RETROSPOT 
13259,WHITE HANGING HEART T-LIGHT HOLDER,JUMBO BAG RED RETROSPOT,60 TEATIME FAIRY CAKE CASES,PACK OF 72 RETROSPOT CAKE CASES,VINTAGE SNAP CARDS
13260,PINK REGENCY TEACUP AND SAUCER,ROSES REGENCY TEACUP AND SAUCER ,WHITE HANGING HEART T-LIGHT HOLDER,ASSORTED COLOUR BIRD ORNAMENT,PAPER CHAIN KIT 50'S CHRISTMAS 
13261,WHITE HANGING HEART T-LIGHT HOLDER,REGENCY CAKESTAND 3 TIER,ASSORTED COLOUR BIRD ORNAMENT,BAKING SET 9 PIECE RETROSPOT ,GRAND CHOCOLATECANDLE
13262,LOVE BUILDING BLOCK WORD,WHITE HANGING HEART T-LIGHT HOLDER,PARTY BUNTING,VINTAGE UNION JACK BUNTING,BAKING SET 9 PIECE RETROSPOT 
13263,PACK OF 72 RETROSPOT CAKE CASES,LUNCH BAG PINK POLKADOT,LUNCH BAG SUKI  DESIGN ,LUNCH BAG SPACEBOY DESIGN ,LUNCH BAG RED RETROSPOT
13264,WHITE HANGING HEART T-LIGHT HOLDER,PARTY BUNTING,VINTAGE UNION JACK BUNTING,BAKING SET 9 PIECE RETROSPOT ,GRAND CHOCOLATECANDLE
13265,60 TEATIME FAIRY CAKE CASES,PACK OF 72 RETROSPOT CAKE CASES,WHITE HANGING HEART T-LIGHT HOLDER,PICNIC BASKET WICKER SMALL,REGENCY CAKESTAND 3 TIER
13266,SWEETHEART CERAMIC TRINKET BOX,HAND WARMER OWL DESIGN,RED RETROSPOT CHARLOTTE BAG,ASSORTED COLOUR BIRD ORNAMENT,REGENCY CAKESTAND 3 TIER
13267,WHITE HANGING HEART T-LIGHT HOLDER,PINK REGENCY TEACUP AND SAUCER,LOVE BUILDING BLOCK WORD,ALARM CLOCK BAKELIKE RED ,HAND WARMER OWL DESIGN
13268,LUNCH BAG CARS BLUE,LUNCH BAG SPACEBOY DESIGN ,LUNCH BAG PINK POLKADOT,LUNCH BAG SUKI  DESIGN ,LUNCH BAG RED RETROSPOT
13269,PACK OF 72 RETROSPOT CAKE CASES,SWEETHEART CERAMIC TRINKET BOX,HAND WARMER OWL DESIGN,72 SWEETHEART FAIRY CAKE CASES,PINK CREAM FELT CRAFT TRINKET BOX 
13270,WHITE HANGING HEART T-LIGHT HOLDER,REGENCY CAKESTAND 3 TIER,ASSORTED COLOUR BIRD ORNAMENT,PARTY BUNTING,VINTAGE UNION JACK BUNTING
13271,PAPER CHAIN KIT 50'S CHRISTMAS ,REGENCY CAKESTAND 3 TIER,WHITE HANGING HEART T-LIGHT HOLDER,ASSORTED COLOUR BIRD ORNAMENT,BAKING SET 9 PIECE RETROSPOT 
13272,REGENCY CAKESTAND 3 TIER,ASSORTED COLOUR BIRD ORNAMENT,PAPER CHAIN KIT 50'S CHRISTMAS ,BAKING SET 9 PIECE RETROSPOT ,RABBIT NIGHT LIGHT
13273,WHITE HANGING HEART T-LIGHT HOLDER,REGENCY CAKESTAND 3 TIER,ASSORTED COLOUR BIRD ORNAMENT,PARTY BUNTING,VINTAGE UNION JACK BUNTING
13274,60 TEATIME FAIRY CAKE CASES,PACK OF 72 RETROSPOT CAKE CASES,WHITE HANGING HEART T-LIGHT HOLDER,ASSORTED COLOUR BIRD ORNAMENT,PARTY BUNTING
13275,RED RETROSPOT CHARLOTTE BAG,PACK OF 60 DINOSAUR CAKE CASES,72 SWEETHEART FAIRY CAKE CASES,PACK OF 60 PINK PAISLEY CAKE CASES,PACK OF 72 RETROSPOT CAKE CASES
13276,PINK CREAM FELT CRAFT TRINKET BOX ,CHOCOLATE HOT WATER BOTTLE,HAND WARMER SCOTTY DOG DESIGN,HAND WARMER BIRD DESIGN,VINTAGE HEADS AND TAILS CARD GAME 
13277,LUNCH BAG CARS BLUE,LUNCH BAG SPACEBOY DESIGN ,LUNCH BAG PINK POLKADOT,LUNCH BAG SUKI  DESIGN ,LUNCH BAG  BLACK SKULL.
13278,LUNCH BAG CARS BLUE,LUNCH BAG SPACEBOY DESIGN ,LUNCH BAG PINK POLKADOT,LUNCH BAG SUKI  DESIGN ,LUNCH BAG  BLACK SKULL.
13279,ROSES REGENCY TEACUP AND SAUCER ,WHITE HANGING HEART T-LIGHT HOLDER,REGENCY CAKESTAND 3 TIER,ASSORTED COLOUR BIRD ORNAMENT,PARTY BUNTING
13280,LUNCH BAG SPACEBOY DESIGN ,LUNCH BAG PINK POLKADOT,LUNCH BAG SUKI  DESIGN ,LUNCH BAG RED RETROSPOT,PINK CREAM FELT CRAFT TRINKET BOX 
13281,PINK CREAM FELT CRAFT TRINKET BOX ,VINTAGE HEADS AND TAILS CARD GAME ,WHITE HANGING HEART T-LIGHT HOLDER,REGENCY CAKESTAND 3 TIER,ASSORTED COLOUR BIRD ORNAMENT
13282,CHOCOLATE HOT WATER BOTTLE,PAPER CHAIN KIT VINTAGE CHRISTMAS,REGENCY CAKESTAND 3 TIER,WHITE HANGING HEART T-LIGHT HOLDER,ASSORTED COLOUR BIRD ORNAMENT
13283,REGENCY CAKESTAND 3 TIER,ASSORTED COLOUR BIRD ORNAMENT,PAPER CHAIN KIT 50'S CHRISTMAS ,BAKING SET 9 PIECE RETROSPOT ,METAL SIGN TAKE IT OR LEAVE IT 
13284,LUNCH BAG WOODLAND,LUNCH BAG PINK POLKADOT,LUNCH BAG SUKI  DESIGN ,LUNCH BAG SPACEBOY DESIGN ,LUNCH BAG  BLACK SKULL.
13285,JUMBO BAG RED RETROSPOT,LUNCH BAG SUKI  DESIGN ,LUNCH BAG SPACEBOY DESIGN ,LUNCH BAG PINK POLKADOT,LUNCH BAG RED RETROSPOT
13286,BATHROOM METAL SIGN,WHITE HANGING HEART T-LIGHT HOLDER,REGENCY CAKESTAND 3 TIER,ASSORTED COLOUR BIRD ORNAMENT,PARTY BUNTING
13287,WOOD S/3 CABINET ANT WHITE FINISH,REGENCY CAKESTAND 3 TIER,ASSORTED COLOUR BIRD ORNAMENT,PARTY BUNTING,VINTAGE UNION JACK BUNTING
13288,SWEETHEART CERAMIC TRINKET BOX,WHITE HANGING HEART T-LIGHT HOLDER,PICNIC BASKET WICKER SMALL,REGENCY CAKESTAND 3 TIER,PARTY BUNTING
13289,REGENCY CAKESTAND 3 TIER,ASSORTED COLOUR BIRD ORNAMENT,PARTY BUNTING,VINTAGE UNION JACK BUNTING,BAKING SET 9 PIECE RETROSPOT 
13291,LUNCH BAG PINK POLKADOT,LUNCH BAG WOODLAND,LUNCH BAG SUKI  DESIGN ,LUNCH BAG SPACEBOY DESIGN ,LUNCH BAG RED RETROSPOT
13292,HEART OF WICKER LARGE,WHITE HANGING HEART T-LIGHT HOLDER,ASSORTED COLOUR BIRD ORNAMENT,PAPER CHAIN KIT 50'S CHRISTMAS ,BAKING SET 9 PIECE RETROSPOT 
13293,VINTAGE HEADS AND TAILS CARD GAME ,WHITE HANGING HEART T-LIGHT HOLDER,PICNIC BASKET WICKER SMALL,REGENCY CAKESTAND 3 TIER,PARTY BUNTING
13294,JUMBO STORAGE BAG SUKI,JUMBO BAG PINK POLKADOT,JUMBO BAG RED RETROSPOT,LUNCH BAG PINK POLKADOT,LUNCH BAG WOODLAND
13295,HAND WARMER SCOTTY DOG DESIGN,PICNIC BASKET WICKER SMALL,REGENCY CAKESTAND 3 TIER,PARTY BUNTING,JUMBO BAG RED WHITE SPOTTY 
13296,60 TEATIME FAIRY CAKE CASES,PACK OF 72 RETROSPOT CAKE CASES,WHITE HANGING HEART T-LIGHT HOLDER,PICNIC BASKET WICKER SMALL,REGENCY CAKESTAND 3 TIER
13297,LUNCH BAG CARS BLUE,LUNCH BAG SPACEBOY DESIGN ,LUNCH BAG PINK POLKADOT,LUNCH BAG SUKI  DESIGN ,LUNCH BAG RED RETROSPOT
13298,REGENCY CAKESTAND 3 TIER,WHITE HANGING HEART T-LIGHT HOLDER,ASSORTED COLOUR BIRD ORNAMENT,PAPER CHAIN KIT 50'S CHRISTMAS ,BAKING SET 9 PIECE RETROSPOT 
13299,CHOCOLATE HOT WATER BOTTLE,WHITE HANGING HEART T-LIGHT HOLDER,PICNIC BASKET WICKER SMALL,PARTY BUNTING,JUMBO BAG RED WHITE SPOTTY 
13300,VINTAGE SNAP CARDS,WHITE HANGING HEART T-LIGHT HOLDER,PICNIC BASKET WICKER SMALL,REGENCY CAKESTAND 3 TIER,PARTY BUNTING
13301,HEART OF WICKER LARGE,WHITE HANGING HEART T-LIGHT HOLDER,PICNIC BASKET WICKER SMALL,REGENCY CAKESTAND 3 TIER,JUMBO BAG RED WHITE SPOTTY 
13302,WHITE HANGING HEART T-LIGHT HOLDER,REGENCY CAKESTAND 3 TIER,ASSORTED COLOUR BIRD ORNAMENT,PARTY BUNTING,VINTAGE UNION JACK BUNTING
13303,WHITE HANGING HEART T-LIGHT HOLDER,REGENCY CAKESTAND 3 TIER,VINTAGE UNION JACK BUNTING,BAKING SET 9 PIECE RETROSPOT ,GRAND CHOCOLATECANDLE
13304,JUMBO STORAGE BAG SUKI,JUMBO BAG PINK POLKADOT,JUMBO BAG RED RETROSPOT,HOT WATER BOTTLE TEA AND SYMPATHY,PICNIC BASKET WICKER SMALL
13305,PACK OF 72 RETROSPOT CAKE CASES,SWEETHEART CERAMIC TRINKET BOX,WOODEN PICTURE FRAME WHITE FINISH,LOVE BUILDING BLOCK WORD,72 SWEETHEART FAIRY CAKE CASES
13306,WHITE HANGING HEART T-LIGHT HOLDER,REGENCY CAKESTAND 3 TIER,ASSORTED COLOUR BIRD ORNAMENT,PARTY BUNTING,VINTAGE UNION JACK BUNTING
13307,WHITE HANGING HEART T-LIGHT HOLDER,PARTY BUNTING,VINTAGE UNION JACK BUNTING,BAKING SET 9 PIECE RETROSPOT ,GRAND CHOCOLATECANDLE
13308,60 TEATIME FAIRY CAKE CASES,PACK OF 72 RETROSPOT CAKE CASES,PINK REGENCY TEACUP AND SAUCER,GREEN REGENCY TEACUP AND SAUCER,REGENCY CAKESTAND 3 TIER
13309,LUNCH BAG SUKI  DESIGN ,LUNCH BAG SPACEBOY DESIGN ,LUNCH BAG PINK POLKADOT,LUNCH BAG RED RETROSPOT,JUMBO BAG STRAWBERRY
13310,REGENCY CAKESTAND 3 TIER,PAPER CHAIN KIT 50'S CHRISTMAS ,METAL SIGN TAKE IT OR LEAVE IT ,JUMBO BAG RED WHITE SPOTTY ,HOT WATER BOTTLE KEEP CALM
13311,PAPER CHAIN KIT VINTAGE CHRISTMAS,HOME BUILDING BLOCK WORD,WHITE HANGING HEART T-LIGHT HOLDER,REGENCY CAKESTAND 3 TIER,ASSORTED COLOUR BIRD ORNAMENT
13312,GIN + TONIC DIET METAL SIGN,JUMBO BAG PINK POLKADOT,JUMBO STORAGE BAG SUKI,JUMBO BAG RED RETROSPOT,WHITE HANGING HEART T-LIGHT HOLDER
13313,JUMBO BAG RED RETROSPOT,LUNCH BAG SPACEBOY DESIGN ,LUNCH BAG PINK POLKADOT,LUNCH BAG SUKI  DESIGN ,LUNCH BAG RED RETROSPOT
13314,HAND WARMER OWL DESIGN,CHOCOLATE HOT WATER BOTTLE,VINTAGE HEADS AND TAILS CARD GAME ,REGENCY CAKESTAND 3 TIER,WHITE HANGING HEART T-LIGHT HOLDER
13315,WHITE HANGING HEART T-LIGHT HOLDER,REGENCY CAKESTAND 3 TIER,ASSORTED COLOUR BIRD ORNAMENT,PARTY BUNTING,VINTAGE UNION JACK BUNTING
13316,PACK OF 72 RETROSPOT CAKE CASES,PACK OF 60 DINOSAUR CAKE CASES,REGENCY CAKESTAND 3 TIER,WHITE HANGING HEART T-LIGHT HOLDER,"PAPER CRAFT , LITTLE BIRDIE"
13317,PACK OF 72 RETROSPOT CAKE CASES,JUMBO BAG RED RETROSPOT,JUMBO BAG PINK POLKADOT,SWEETHEART CERAMIC TRINKET BOX,WOOD 2 DRAWER CABINET WHITE FINISH
13318,VINTAGE SNAP CARDS,REGENCY CAKESTAND 3 TIER,WHITE HANGING HEART T-LIGHT HOLDER,ASSORTED COLOUR BIRD ORNAMENT,PAPER CHAIN KIT 50'S CHRISTMAS 
13319,JUMBO BAG RED RETROSPOT,LUNCH BAG SUKI  DESIGN ,LUNCH BAG PINK POLKADOT,LUNCH BAG SPACEBOY DESIGN ,LUNCH BAG RED RETROSPOT
13320,LUNCH BAG CARS BLUE,LUNCH BAG SPACEBOY DESIGN ,LUNCH BAG PINK POLKADOT,LUNCH BAG SUKI  DESIGN ,LUNCH BAG RED RETROSPOT
13321,WHITE HANGING HEART T-LIGHT HOLDER,REGENCY CAKESTAND 3 TIER,PAPER CHAIN KIT 50'S CHRISTMAS ,BAKING SET 9 PIECE RETROSPOT ,METAL SIGN TAKE IT OR LEAVE IT 
13322,REGENCY CAKESTAND 3 TIER,WHITE HANGING HEART T-LIGHT HOLDER,ASSORTED COLOUR BIRD ORNAMENT,PAPER CHAIN KIT 50'S CHRISTMAS ,BAKING SET 9 PIECE RETROSPOT 
13323,CHOCOLATE HOT WATER BOTTLE,REGENCY CAKESTAND 3 TIER,WHITE HANGING HEART T-LIGHT HOLDER,ASSORTED COLOUR BIRD ORNAMENT,PAPER CHAIN KIT 50'S CHRISTMAS 
13324,PACK OF 72 RETROSPOT CAKE CASES,72 SWEETHEART FAIRY CAKE CASES,WHITE HANGING HEART T-LIGHT HOLDER,"PAPER CRAFT , LITTLE BIRDIE",JUMBO BAG RED WHITE SPOTTY 
13325,PAPER CHAIN KIT VINTAGE CHRISTMAS,WHITE HANGING HEART T-LIGHT HOLDER,REGENCY CAKESTAND 3 TIER,ASSORTED COLOUR BIRD ORNAMENT,PARTY BUNTING
13326,WHITE HANGING HEART T-LIGHT HOLDER,PARTY BUNTING,VINTAGE UNION JACK BUNTING,BAKING SET 9 PIECE RETROSPOT ,GRAND CHOCOLATECANDLE
13327,JUMBO BAG RED RETROSPOT,WHITE HANGING HEART T-LIGHT HOLDER,JUMBO BAG PINK POLKADOT,HAND WARMER OWL DESIGN,LUNCH BAG SUKI  DESIGN 
13328,WHITE HANGING HEART T-LIGHT HOLDER,REGENCY CAKESTAND 3 TIER,ASSORTED COLOUR BIRD ORNAMENT,PARTY BUNTING,VINTAGE UNION JACK BUNTING
13329,PACK OF 72 RETROSPOT CAKE CASES,72 SWEETHEART FAIRY CAKE CASES,PACK OF 60 PINK PAISLEY CAKE CASES,REGENCY CAKESTAND 3 TIER,WHITE HANGING HEART T-LIGHT HOLDER
13330,JUMBO BAG RED RETROSPOT,PACK OF 72 RETROSPOT CAKE CASES,LUNCH BAG SUKI  DESIGN ,LUNCH BAG PINK POLKADOT,LUNCH BAG WOODLAND
13331,WHITE HANGING HEART T-LIGHT HOLDER,REGENCY CAKESTAND 3 TIER,ASSORTED COLOUR BIRD ORNAMENT,PARTY BUNTING,VINTAGE UNION JACK BUNTING
13332,JUMBO BAG RED RETROSPOT,REGENCY CAKESTAND 3 TIER,WHITE HANGING HEART T-LIGHT HOLDER,PAPER CHAIN KIT 50'S CHRISTMAS ,BAKING SET 9 PIECE RETROSPOT 
13333,JUMBO BAG PINK VINTAGE PAISLEY,JUMBO BAG RED RETROSPOT,LOVE BUILDING BLOCK WORD,WHITE HANGING HEART T-LIGHT HOLDER,PINK CREAM FELT CRAFT TRINKET BOX 
13334,JUMBO BAG RED RETROSPOT,PACK OF 72 RETROSPOT CAKE CASES,LUNCH BAG SUKI  DESIGN ,JUMBO BAG PINK POLKADOT,LUNCH BAG WOODLAND
13336,PACK OF 72 RETROSPOT CAKE CASES,60 TEATIME FAIRY CAKE CASES,PINK CREAM FELT CRAFT TRINKET BOX ,REGENCY CAKESTAND 3 TIER,WHITE HANGING HEART T-LIGHT HOLDER
13337,PACK OF 72 RETROSPOT CAKE CASES,BLUE 3 PIECE MINI DOTS CUTLERY SET,LOVE BUILDING BLOCK WORD,PACK OF 60 DINOSAUR CAKE CASES,72 SWEETHEART FAIRY CAKE CASES
13338,PACK OF 72 RETROSPOT CAKE CASES,PACK OF 60 DINOSAUR CAKE CASES,GIN + TONIC DIET METAL SIGN,PICNIC BASKET WICKER SMALL,PARTY BUNTING
13339,60 TEATIME FAIRY CAKE CASES,PACK OF 72 RETROSPOT CAKE CASES,HEART OF WICKER LARGE,WHITE HANGING HEART T-LIGHT HOLDER,PINK REGENCY TEACUP AND SAUCER
13340,60 TEATIME FAIRY CAKE CASES,PACK OF 72 RETROSPOT CAKE CASES,WOODEN PICTURE FRAME WHITE FINISH,JUMBO BAG PINK POLKADOT,JUMBO STORAGE BAG SUKI
13341,WHITE HANGING HEART T-LIGHT HOLDER,REGENCY CAKESTAND 3 TIER,ASSORTED COLOUR BIRD ORNAMENT,PARTY BUNTING,VINTAGE UNION JACK BUNTING
13343,WHITE HANGING HEART T-LIGHT HOLDER,REGENCY CAKESTAND 3 TIER,ASSORTED COLOUR BIRD ORNAMENT,PARTY BUNTING,VINTAGE UNION JACK BUNTING
13344,PACK OF 72 RETROSPOT CAKE CASES,LOVE BUILDING BLOCK WORD,WHITE HANGING HEART T-LIGHT HOLDER,PACK OF 60 DINOSAUR CAKE CASES,72 SWEETHEART FAIRY CAKE CASES
13345,JUMBO BAG RED RETROSPOT,JUMBO BAG STRAWBERRY,JUMBO  BAG BAROQUE BLACK WHITE,JUMBO BAG PINK POLKADOT,JUMBO SHOPPER VINTAGE RED PAISLEY
13346,REGENCY CAKESTAND 3 TIER,ASSORTED COLOUR BIRD ORNAMENT,PARTY BUNTING,VINTAGE UNION JACK BUNTING,BAKING SET 9 PIECE RETROSPOT 
13347,WHITE HANGING HEART T-LIGHT HOLDER,REGENCY CAKESTAND 3 TIER,ASSORTED COLOUR BIRD ORNAMENT,PARTY BUNTING,VINTAGE UNION JACK BUNTING
13348,WHITE HANGING HEART T-LIGHT HOLDER,REGENCY CAKESTAND 3 TIER,ASSORTED COLOUR BIRD ORNAMENT,PARTY BUNTING,VINTAGE UNION JACK BUNTING
13349,60 TEATIME FAIRY CAKE CASES,PACK OF 72 RETROSPOT CAKE CASES,REGENCY CAKESTAND 3 TIER,WHITE HANGING HEART T-LIGHT HOLDER,ASSORTED COLOUR BIRD ORNAMENT
13350,WHITE HANGING HEART T-LIGHT HOLDER,ASSORTED COLOUR BIRD ORNAMENT,PAPER CHAIN KIT 50'S CHRISTMAS ,BAKING SET 9 PIECE RETROSPOT ,METAL SIGN TAKE IT OR LEAVE IT 
13351,PAPER CHAIN KIT VINTAGE CHRISTMAS,WHITE HANGING HEART T-LIGHT HOLDER,REGENCY CAKESTAND 3 TIER,ASSORTED COLOUR BIRD ORNAMENT,PARTY BUNTING
13352,STRAWBERRY CERAMIC TRINKET BOX,REGENCY CAKESTAND 3 TIER,WHITE HANGING HEART T-LIGHT HOLDER,ASSORTED COLOUR BIRD ORNAMENT,PAPER CHAIN KIT 50'S CHRISTMAS 
13354,CHOCOLATE HOT WATER BOTTLE,VINTAGE HEADS AND TAILS CARD GAME ,REGENCY CAKESTAND 3 TIER,WHITE HANGING HEART T-LIGHT HOLDER,ASSORTED COLOUR BIRD ORNAMENT
13355,LUNCH BAG PINK POLKADOT,LUNCH BAG SUKI  DESIGN ,LUNCH BAG SPACEBOY DESIGN ,LUNCH BAG RED RETROSPOT,WHITE HANGING HEART T-LIGHT HOLDER
13356,60 TEATIME FAIRY CAKE CASES,PACK OF 72 RETROSPOT CAKE CASES,CHOCOLATE HOT WATER BOTTLE,ALARM CLOCK BAKELIKE GREEN,REGENCY CAKESTAND 3 TIER
13357,WHITE HANGING HEART T-LIGHT HOLDER,PACK OF 72 RETROSPOT CAKE CASES,LOVE BUILDING BLOCK WORD,PACK OF 60 DINOSAUR CAKE CASES,72 SWEETHEART FAIRY CAKE CASES
13358,WOOD 2 DRAWER CABINET WHITE FINISH,WHITE HANGING HEART T-LIGHT HOLDER,REGENCY CAKESTAND 3 TIER,VINTAGE UNION JACK BUNTING,GRAND CHOCOLATECANDLE
13359,PACK OF 60 DINOSAUR CAKE CASES,72 SWEETHEART FAIRY CAKE CASES,PACK OF 60 PINK PAISLEY CAKE CASES,PACK OF 72 RETROSPOT CAKE CASES,LUNCH BAG CARS BLUE
13360,PACK OF 72 RETROSPOT CAKE CASES,PACK OF 60 DINOSAUR CAKE CASES,72 SWEETHEART FAIRY CAKE CASES,VINTAGE HEADS AND TAILS CARD GAME ,PAPER CHAIN KIT VINTAGE CHRISTMAS
13361,WHITE HANGING HEART T-LIGHT HOLDER,PICNIC BASKET WICKER SMALL,REGENCY CAKESTAND 3 TIER,PARTY BUNTING,JUMBO BAG RED WHITE SPOTTY 
13362,WHITE HANGING HEART T-LIGHT HOLDER,REGENCY CAKESTAND 3 TIER,"PAPER CRAFT , LITTLE BIRDIE",JUMBO BAG RED WHITE SPOTTY ,ASSORTED COLOUR BIRD ORNAMENT
13363,GREEN REGENCY TEACUP AND SAUCER,ALARM CLOCK BAKELIKE GREEN,LUNCH BAG WOODLAND,LUNCH BAG PINK POLKADOT,LUNCH BAG SUKI  DESIGN 
13364,WHITE HANGING HEART T-LIGHT HOLDER,REGENCY CAKESTAND 3 TIER,ASSORTED COLOUR BIRD ORNAMENT,PARTY BUNTING,VINTAGE UNION JACK BUNTING
13365,PACK OF 60 DINOSAUR CAKE CASES,72 SWEETHEART FAIRY CAKE CASES,PACK OF 60 PINK PAISLEY CAKE CASES,PACK OF 72 RETROSPOT CAKE CASES,LUNCH BAG WOODLAND
13366,WHITE HANGING HEART T-LIGHT HOLDER,REGENCY CAKESTAND 3 TIER,ASSORTED COLOUR BIRD ORNAMENT,PARTY BUNTING,VINTAGE UNION JACK BUNTING
13367,PAPER CHAIN KIT VINTAGE CHRISTMAS,WHITE HANGING HEART T-LIGHT HOLDER,REGENCY CAKESTAND 3 TIER,ASSORTED COLOUR BIRD ORNAMENT,PARTY BUNTING
13368,PACK OF 72 RETROSPOT CAKE CASES,PAPER CHAIN KIT 50'S CHRISTMAS ,PACK OF 60 DINOSAUR CAKE CASES,72 SWEETHEART FAIRY CAKE CASES,WHITE HANGING HEART T-LIGHT HOLDER
13369,STRAWBERRY CERAMIC TRINKET BOX,REGENCY CAKESTAND 3 TIER,ASSORTED COLOUR BIRD ORNAMENT,PARTY BUNTING,VINTAGE UNION JACK BUNTING
13370,PINK REGENCY TEACUP AND SAUCER,HAND WARMER SCOTTY DOG DESIGN,HAND WARMER BIRD DESIGN,HOME BUILDING BLOCK WORD,WHITE HANGING HEART T-LIGHT HOLDER
13371,PACK OF 72 RETROSPOT CAKE CASES,SWEETHEART CERAMIC TRINKET BOX,GIN + TONIC DIET METAL SIGN,LOVE BUILDING BLOCK WORD,WHITE HANGING HEART T-LIGHT HOLDER
13372,WHITE HANGING HEART T-LIGHT HOLDER,ASSORTED COLOUR BIRD ORNAMENT,PARTY BUNTING,VINTAGE UNION JACK BUNTING,BAKING SET 9 PIECE RETROSPOT 
13373,60 TEATIME FAIRY CAKE CASES,PACK OF 72 RETROSPOT CAKE CASES,JUMBO BAG RED RETROSPOT,GREEN REGENCY TEACUP AND SAUCER,JUMBO BAG SCANDINAVIAN PAISLEY
13374,HEART OF WICKER SMALL,REGENCY CAKESTAND 3 TIER,ASSORTED COLOUR BIRD ORNAMENT,PARTY BUNTING,VINTAGE UNION JACK BUNTING
13375,JUMBO BAG PINK POLKADOT,JUMBO STORAGE BAG SUKI,JUMBO BAG RED RETROSPOT,RED RETROSPOT CHARLOTTE BAG,PAPER CHAIN KIT VINTAGE CHRISTMAS
13376,JUMBO BAG RED RETROSPOT,LUNCH BAG WOODLAND,LUNCH BAG PINK POLKADOT,LUNCH BAG SUKI  DESIGN ,LUNCH BAG SPACEBOY DESIGN 
13377,JUMBO BAG RED RETROSPOT,JUMBO BAG STRAWBERRY,JUMBO  BAG BAROQUE BLACK WHITE,JUMBO BAG PINK POLKADOT,JUMBO SHOPPER VINTAGE RED PAISLEY
13379,WHITE HANGING HEART T-LIGHT HOLDER,PAPER CHAIN KIT VINTAGE CHRISTMAS,HEART OF WICKER LARGE,REGENCY CAKESTAND 3 TIER,ASSORTED COLOUR BIRD ORNAMENT
13380,SWEETHEART CERAMIC TRINKET BOX,WHITE HANGING HEART T-LIGHT HOLDER,REGENCY CAKESTAND 3 TIER,ASSORTED COLOUR BIRD ORNAMENT,PARTY BUNTING
13381,PACK OF 72 RETROSPOT CAKE CASES,SWEETHEART CERAMIC TRINKET BOX,GIN + TONIC DIET METAL SIGN,PACK OF 60 DINOSAUR CAKE CASES,72 SWEETHEART FAIRY CAKE CASES
13382,TOILET METAL SIGN,PICNIC BASKET WICKER SMALL,REGENCY CAKESTAND 3 TIER,PARTY BUNTING,JUMBO BAG RED WHITE SPOTTY 
13383,SWEETHEART CERAMIC TRINKET BOX,WHITE HANGING HEART T-LIGHT HOLDER,REGENCY CAKESTAND 3 TIER,ASSORTED COLOUR BIRD ORNAMENT,PARTY BUNTING
13384,LUNCH BAG SPACEBOY DESIGN ,LUNCH BAG PINK POLKADOT,LUNCH BAG SUKI  DESIGN ,LUNCH BAG  BLACK SKULL.,LUNCH BAG RED RETROSPOT
13385,WHITE HANGING HEART T-LIGHT HOLDER,ASSORTED COLOUR BIRD ORNAMENT,REGENCY CAKESTAND 3 TIER,PARTY BUNTING,VINTAGE UNION JACK BUNTING
13386,HEART OF WICKER SMALL,WHITE HANGING HEART T-LIGHT HOLDER,REGENCY CAKESTAND 3 TIER,PARTY BUNTING,VINTAGE UNION JACK BUNTING
13387,PACK OF 72 RETROSPOT CAKE CASES,JUMBO BAG RED RETROSPOT,SWEETHEART CERAMIC TRINKET BOX,HAND WARMER BIRD DESIGN,PACK OF 60 DINOSAUR CAKE CASES
13388,VINTAGE HEADS AND TAILS CARD GAME ,PICNIC BASKET WICKER SMALL,REGENCY CAKESTAND 3 TIER,PARTY BUNTING,JUMBO BAG RED WHITE SPOTTY 
13389,ASSORTED COLOUR BIRD ORNAMENT,WHITE HANGING HEART T-LIGHT HOLDER,PAPER CHAIN KIT 50'S CHRISTMAS ,BAKING SET 9 PIECE RETROSPOT ,METAL SIGN TAKE IT OR LEAVE IT 
13390,WHITE HANGING HEART T-LIGHT HOLDER,REGENCY CAKESTAND 3 TIER,ASSORTED COLOUR BIRD ORNAMENT,PARTY BUNTING,VINTAGE UNION JACK BUNTING
13391,WHITE HANGING HEART T-LIGHT HOLDER,REGENCY CAKESTAND 3 TIER,ASSORTED COLOUR BIRD ORNAMENT,PARTY BUNTING,VINTAGE UNION JACK BUNTING
13392,WHITE HANGING HEART T-LIGHT HOLDER,REGENCY CAKESTAND 3 TIER,ASSORTED COLOUR BIRD ORNAMENT,PARTY BUNTING,VINTAGE UNION JACK BUNTING
13393,WHITE HANGING HEART T-LIGHT HOLDER,PICNIC BASKET WICKER SMALL,REGENCY CAKESTAND 3 TIER,PARTY BUNTING,JUMBO BAG RED WHITE SPOTTY 
13394,WHITE HANGING HEART T-LIGHT HOLDER,PACK OF 72 RETROSPOT CAKE CASES,PACK OF 60 DINOSAUR CAKE CASES,PACK OF 60 PINK PAISLEY CAKE CASES,PINK BLUE FELT CRAFT TRINKET BOX
13395,PACK OF 72 RETROSPOT CAKE CASES,PAPER CHAIN KIT VINTAGE CHRISTMAS,PINK BLUE FELT CRAFT TRINKET BOX,WHITE HANGING HEART T-LIGHT HOLDER,PICNIC BASKET WICKER SMALL
13396,WHITE HANGING HEART T-LIGHT HOLDER,BAKING SET 9 PIECE RETROSPOT ,METAL SIGN TAKE IT OR LEAVE IT ,RABBIT NIGHT LIGHT,JUMBO BAG RED WHITE SPOTTY 
13397,ALARM CLOCK BAKELIKE GREEN,BLUE 3 PIECE MINI DOTS CUTLERY SET,WHITE HANGING HEART T-LIGHT HOLDER,PICNIC BASKET WICKER SMALL,REGENCY CAKESTAND 3 TIER
13398,WHITE HANGING HEART T-LIGHT HOLDER,REGENCY CAKESTAND 3 TIER,ASSORTED COLOUR BIRD ORNAMENT,PARTY BUNTING,VINTAGE UNION JACK BUNTING
13399,JUMBO BAG RED RETROSPOT,JUMBO BAG PINK POLKADOT,JUMBO STORAGE BAG SUKI,WHITE HANGING HEART T-LIGHT HOLDER,REGENCY CAKESTAND 3 TIER
13400,SWEETHEART CERAMIC TRINKET BOX,PINK BLUE FELT CRAFT TRINKET BOX,REGENCY CAKESTAND 3 TIER,ASSORTED COLOUR BIRD ORNAMENT,PARTY BUNTING
13402,PACK OF 72 RETROSPOT CAKE CASES,60 TEATIME FAIRY CAKE CASES,HEART OF WICKER LARGE,WHITE HANGING HEART T-LIGHT HOLDER,PICNIC BASKET WICKER SMALL
13403,PINK REGENCY TEACUP AND SAUCER,GREEN REGENCY TEACUP AND SAUCER,ALARM CLOCK BAKELIKE GREEN,WHITE HANGING HEART T-LIGHT HOLDER,ASSORTED COLOUR BIRD ORNAMENT
13404,REGENCY CAKESTAND 3 TIER,WHITE HANGING HEART T-LIGHT HOLDER,ASSORTED COLOUR BIRD ORNAMENT,PAPER CHAIN KIT 50'S CHRISTMAS ,BAKING SET 9 PIECE RETROSPOT 
13405,WHITE HANGING HEART T-LIGHT HOLDER,PICNIC BASKET WICKER SMALL,REGENCY CAKESTAND 3 TIER,JUMBO BAG RED WHITE SPOTTY ,ASSORTED COLOUR BIRD ORNAMENT
13406,WHITE HANGING HEART T-LIGHT HOLDER,REGENCY CAKESTAND 3 TIER,ASSORTED COLOUR BIRD ORNAMENT,PARTY BUNTING,VINTAGE UNION JACK BUNTING
13407,LUNCH BAG PINK POLKADOT,LUNCH BAG WOODLAND,LUNCH BAG SUKI  DESIGN ,LUNCH BAG CARS BLUE,LUNCH BAG SPACEBOY DESIGN 
13408,JUMBO BAG RED RETROSPOT,JUMBO BAG PINK POLKADOT,JUMBO STORAGE BAG SUKI,PINK REGENCY TEACUP AND SAUCER,PACK OF 60 DINOSAUR CAKE CASES
13410,PAPER CHAIN KIT 50'S CHRISTMAS ,VINTAGE HEADS AND TAILS CARD GAME ,REGENCY CAKESTAND 3 TIER,WHITE HANGING HEART T-LIGHT HOLDER,"PAPER CRAFT , LITTLE BIRDIE"
13411,REGENCY CAKESTAND 3 TIER,ASSORTED COLOUR BIRD ORNAMENT,PARTY BUNTING,VINTAGE UNION JACK BUNTING,BAKING SET 9 PIECE RETROSPOT 
13412,JUMBO STORAGE BAG SUKI,JUMBO BAG PINK POLKADOT,JUMBO BAG RED RETROSPOT,PINK 3 PIECE MINI DOTS CUTLERY SET,WHITE HANGING HEART T-LIGHT HOLDER
13413,LUNCH BAG CARS BLUE,LUNCH BAG SPACEBOY DESIGN ,LUNCH BAG PINK POLKADOT,LUNCH BAG SUKI  DESIGN ,LUNCH BAG  BLACK SKULL.
13414,WHITE HANGING HEART T-LIGHT HOLDER,PICNIC BASKET WICKER SMALL,REGENCY CAKESTAND 3 TIER,PARTY BUNTING,JUMBO BAG RED WHITE SPOTTY 
13415,WHITE HANGING HEART T-LIGHT HOLDER,PICNIC BASKET WICKER SMALL,REGENCY CAKESTAND 3 TIER,PARTY BUNTING,JUMBO BAG RED WHITE SPOTTY 
13416,REGENCY CAKESTAND 3 TIER,WHITE HANGING HEART T-LIGHT HOLDER,ASSORTED COLOUR BIRD ORNAMENT,PAPER CHAIN KIT 50'S CHRISTMAS ,BAKING SET 9 PIECE RETROSPOT 
13417,60 TEATIME FAIRY CAKE CASES,PACK OF 72 RETROSPOT CAKE CASES,WHITE HANGING HEART T-LIGHT HOLDER,ASSORTED COLOUR BIRD ORNAMENT,PAPER CHAIN KIT 50'S CHRISTMAS 
13418,JUMBO BAG PINK POLKADOT,JUMBO STORAGE BAG SUKI,JUMBO BAG RED RETROSPOT,60 TEATIME FAIRY CAKE CASES,PACK OF 72 RETROSPOT CAKE CASES
13419,HAND WARMER OWL DESIGN,JUMBO STORAGE BAG SUKI,JUMBO BAG PINK POLKADOT,JUMBO BAG RED RETROSPOT,WHITE HANGING HEART T-LIGHT HOLDER
13420,WHITE HANGING HEART T-LIGHT HOLDER,REGENCY CAKESTAND 3 TIER,ASSORTED COLOUR BIRD ORNAMENT,PARTY BUNTING,VINTAGE UNION JACK BUNTING
13421,JUMBO BAG PINK POLKADOT,JUMBO BAG RED RETROSPOT,LUNCH BAG SUKI  DESIGN ,PACK OF 72 RETROSPOT CAKE CASES,SWEETHEART CERAMIC TRINKET BOX
13422,LUNCH BAG SPACEBOY DESIGN ,LUNCH BAG PINK POLKADOT,LUNCH BAG SUKI  DESIGN ,LUNCH BAG  BLACK SKULL.,LUNCH BAG RED RETROSPOT
13423,HEART OF WICKER LARGE,WHITE HANGING HEART T-LIGHT HOLDER,PINK CREAM FELT CRAFT TRINKET BOX ,REGENCY CAKESTAND 3 TIER,PARTY BUNTING
13424,SWEETHEART CERAMIC TRINKET BOX,PINK BLUE FELT CRAFT TRINKET BOX,WHITE HANGING HEART T-LIGHT HOLDER,REGENCY CAKESTAND 3 TIER,ASSORTED COLOUR BIRD ORNAMENT
13425,PACK OF 72 RETROSPOT CAKE CASES,LUNCH BAG SUKI  DESIGN ,JUMBO BAG RED RETROSPOT,LUNCH BAG PINK POLKADOT,LUNCH BAG WOODLAND
13426,SWEETHEART CERAMIC TRINKET BOX,PACK OF 60 DINOSAUR CAKE CASES,72 SWEETHEART FAIRY CAKE CASES,PACK OF 60 PINK PAISLEY CAKE CASES,PACK OF 72 RETROSPOT CAKE CASES
13427,WHITE HANGING HEART T-LIGHT HOLDER,HEART OF WICKER LARGE,REGENCY CAKESTAND 3 TIER,ASSORTED COLOUR BIRD ORNAMENT,PAPER CHAIN KIT 50'S CHRISTMAS 
13428,PACK OF 60 DINOSAUR CAKE CASES,72 SWEETHEART FAIRY CAKE CASES,PACK OF 60 PINK PAISLEY CAKE CASES,PACK OF 72 RETROSPOT CAKE CASES,REGENCY CAKESTAND 3 TIER
13429,JUMBO BAG RED RETROSPOT,JUMBO BAG SCANDINAVIAN PAISLEY,JUMBO BAG PINK POLKADOT,JUMBO STORAGE BAG SUKI,REGENCY CAKESTAND 3 TIER
13430,60 TEATIME FAIRY CAKE CASES,PACK OF 72 RETROSPOT CAKE CASES,WHITE HANGING HEART T-LIGHT HOLDER,ASSORTED COLOUR BIRD ORNAMENT,PAPER CHAIN KIT 50'S CHRISTMAS 
13431,WHITE HANGING HEART T-LIGHT HOLDER,PACK OF 60 DINOSAUR CAKE CASES,72 SWEETHEART FAIRY CAKE CASES,PACK OF 60 PINK PAISLEY CAKE CASES,PACK OF 72 RETROSPOT CAKE CASES
13432,WHITE HANGING HEART T-LIGHT HOLDER,REGENCY CAKESTAND 3 TIER,PARTY BUNTING,VINTAGE UNION JACK BUNTING,BAKING SET 9 PIECE RETROSPOT 
13433,VINTAGE HEADS AND TAILS CARD GAME ,WHITE HANGING HEART T-LIGHT HOLDER,PICNIC BASKET WICKER SMALL,PARTY BUNTING,JUMBO BAG RED WHITE SPOTTY 
13434,WHITE HANGING HEART T-LIGHT HOLDER,PICNIC BASKET WICKER SMALL,REGENCY CAKESTAND 3 TIER,PARTY BUNTING,JUMBO BAG RED WHITE SPOTTY 
13435,PAPER CHAIN KIT 50'S CHRISTMAS ,REGENCY CAKESTAND 3 TIER,WHITE HANGING HEART T-LIGHT HOLDER,"PAPER CRAFT , LITTLE BIRDIE",JUMBO BAG RED WHITE SPOTTY 
13436,WHITE HANGING HEART T-LIGHT HOLDER,ASSORTED COLOUR BIRD ORNAMENT,PAPER CHAIN KIT 50'S CHRISTMAS ,BAKING SET 9 PIECE RETROSPOT ,METAL SIGN TAKE IT OR LEAVE IT 
13437,WHITE HANGING HEART T-LIGHT HOLDER,WOOD 2 DRAWER CABINET WHITE FINISH,ALARM CLOCK BAKELIKE GREEN,HAND WARMER BIRD DESIGN,"PAPER CRAFT , LITTLE BIRDIE"
13438,WHITE HANGING HEART T-LIGHT HOLDER,REGENCY CAKESTAND 3 TIER,ASSORTED COLOUR BIRD ORNAMENT,VINTAGE UNION JACK BUNTING,BAKING SET 9 PIECE RETROSPOT 
13439,60 TEATIME FAIRY CAKE CASES,PACK OF 72 RETROSPOT CAKE CASES,HEART OF WICKER LARGE,PICNIC BASKET WICKER SMALL,REGENCY CAKESTAND 3 TIER
13440,60 TEATIME FAIRY CAKE CASES,PACK OF 72 RETROSPOT CAKE CASES,HAND WARMER SCOTTY DOG DESIGN,WHITE HANGING HEART T-LIGHT HOLDER,PICNIC BASKET WICKER SMALL
13441,WHITE HANGING HEART T-LIGHT HOLDER,REGENCY CAKESTAND 3 TIER,ASSORTED COLOUR BIRD ORNAMENT,PAPER CHAIN KIT 50'S CHRISTMAS ,BAKING SET 9 PIECE RETROSPOT 
13442,WHITE HANGING HEART T-LIGHT HOLDER,REGENCY CAKESTAND 3 TIER,ASSORTED COLOUR BIRD ORNAMENT,PARTY BUNTING,VINTAGE UNION JACK BUNTING
13443,HAND WARMER OWL DESIGN,WHITE HANGING HEART T-LIGHT HOLDER,PICNIC BASKET WICKER SMALL,REGENCY CAKESTAND 3 TIER,PARTY BUNTING
13444,JUMBO BAG PINK POLKADOT,JUMBO STORAGE BAG SUKI,JUMBO BAG RED RETROSPOT,WHITE HANGING HEART T-LIGHT HOLDER,REGENCY CAKESTAND 3 TIER
13445,PACK OF 72 RETROSPOT CAKE CASES,72 SWEETHEART FAIRY CAKE CASES,REGENCY CAKESTAND 3 TIER,ASSORTED COLOUR BIRD ORNAMENT,VINTAGE UNION JACK BUNTING
13446,WHITE HANGING HEART T-LIGHT HOLDER,LUNCH BAG SPACEBOY DESIGN ,LUNCH BAG PINK POLKADOT,LUNCH BAG SUKI  DESIGN ,LUNCH BAG  BLACK SKULL.
13447,HAND WARMER OWL DESIGN,REGENCY CAKESTAND 3 TIER,ASSORTED COLOUR BIRD ORNAMENT,BAKING SET 9 PIECE RETROSPOT ,METAL SIGN TAKE IT OR LEAVE IT 
13448,ROSES REGENCY TEACUP AND SAUCER ,WHITE HANGING HEART T-LIGHT HOLDER,PACK OF 60 DINOSAUR CAKE CASES,72 SWEETHEART FAIRY CAKE CASES,PACK OF 60 PINK PAISLEY CAKE CASES
13449,JUMBO BAG RED RETROSPOT,VINTAGE SNAP CARDS,REGENCY CAKESTAND 3 TIER,ASSORTED COLOUR BIRD ORNAMENT,PAPER CHAIN KIT 50'S CHRISTMAS 
13450,REGENCY CAKESTAND 3 TIER,WHITE HANGING HEART T-LIGHT HOLDER,"PAPER CRAFT , LITTLE BIRDIE",JUMBO BAG RED WHITE SPOTTY ,ASSORTED COLOUR BIRD ORNAMENT
13451,PACK OF 72 RETROSPOT CAKE CASES,LUNCH BAG SUKI  DESIGN ,JUMBO BAG RED RETROSPOT,LUNCH BAG PINK POLKADOT,LUNCH BAG SPACEBOY DESIGN 
13452,WHITE HANGING HEART T-LIGHT HOLDER,PICNIC BASKET WICKER SMALL,REGENCY CAKESTAND 3 TIER,PARTY BUNTING,JUMBO BAG RED WHITE SPOTTY 
13453,WHITE HANGING HEART T-LIGHT HOLDER,WOODEN FRAME ANTIQUE WHITE ,HEART OF WICKER LARGE,PICNIC BASKET WICKER SMALL,REGENCY CAKESTAND 3 TIER
13454,REGENCY CAKESTAND 3 TIER,ASSORTED COLOUR BIRD ORNAMENT,PARTY BUNTING,VINTAGE UNION JACK BUNTING,BAKING SET 9 PIECE RETROSPOT 
13455,WHITE HANGING HEART T-LIGHT HOLDER,SWEETHEART CERAMIC TRINKET BOX,HAND WARMER OWL DESIGN,PICNIC BASKET WICKER SMALL,PARTY BUNTING
13456,REGENCY CAKESTAND 3 TIER,WHITE HANGING HEART T-LIGHT HOLDER,ASSORTED COLOUR BIRD ORNAMENT,BAKING SET 9 PIECE RETROSPOT ,METAL SIGN TAKE IT OR LEAVE IT 
13457,TOILET METAL SIGN,LUNCH BAG CARS BLUE,LUNCH BAG SPACEBOY DESIGN ,LUNCH BAG PINK POLKADOT,LUNCH BAG SUKI  DESIGN 
13458,JUMBO BAG RED RETROSPOT,LUNCH BAG SPACEBOY DESIGN ,LUNCH BAG PINK POLKADOT,LUNCH BAG SUKI  DESIGN ,LUNCH BAG RED RETROSPOT
13459,WHITE HANGING HEART T-LIGHT HOLDER,REGENCY CAKESTAND 3 TIER,ASSORTED COLOUR BIRD ORNAMENT,PARTY BUNTING,VINTAGE UNION JACK BUNTING
13460,REGENCY CAKESTAND 3 TIER,WHITE HANGING HEART T-LIGHT HOLDER,ASSORTED COLOUR BIRD ORNAMENT,PAPER CHAIN KIT 50'S CHRISTMAS ,BAKING SET 9 PIECE RETROSPOT 
13461,JUMBO BAG RED RETROSPOT,RED RETROSPOT CHARLOTTE BAG,JUMBO BAG PINK POLKADOT,JUMBO STORAGE BAG SUKI,WHITE HANGING HEART T-LIGHT HOLDER
13462,PAPER CHAIN KIT 50'S CHRISTMAS ,PICNIC BASKET WICKER SMALL,REGENCY CAKESTAND 3 TIER,PARTY BUNTING,JUMBO BAG RED WHITE SPOTTY 
13464,PINK BLUE FELT CRAFT TRINKET BOX,CHOCOLATE HOT WATER BOTTLE,VINTAGE HEADS AND TAILS CARD GAME ,GIN + TONIC DIET METAL SIGN,PICNIC BASKET WICKER SMALL
13465,PACK OF 72 RETROSPOT CAKE CASES,72 SWEETHEART FAIRY CAKE CASES,WHITE HANGING HEART T-LIGHT HOLDER,ASSORTED COLOUR BIRD ORNAMENT,VINTAGE UNION JACK BUNTING
13466,ROSES REGENCY TEACUP AND SAUCER ,60 TEATIME FAIRY CAKE CASES,PACK OF 72 RETROSPOT CAKE CASES,VINTAGE HEADS AND TAILS CARD GAME ,ALARM CLOCK BAKELIKE RED 
13467,60 TEATIME FAIRY CAKE CASES,PACK OF 72 RETROSPOT CAKE CASES,REGENCY CAKESTAND 3 TIER,WHITE HANGING HEART T-LIGHT HOLDER,ASSORTED COLOUR BIRD ORNAMENT
13468,PINK REGENCY TEACUP AND SAUCER,GREEN REGENCY TEACUP AND SAUCER,"PAPER CRAFT , LITTLE BIRDIE",JUMBO BAG RED WHITE SPOTTY ,MEDIUM CERAMIC TOP STORAGE JAR
13469,RED RETROSPOT CHARLOTTE BAG,WHITE HANGING HEART T-LIGHT HOLDER,REGENCY CAKESTAND 3 TIER,ASSORTED COLOUR BIRD ORNAMENT,PARTY BUNTING
13470,LUNCH BAG PINK POLKADOT,LUNCH BAG SUKI  DESIGN ,LUNCH BAG SPACEBOY DESIGN ,LUNCH BAG RED RETROSPOT,WHITE HANGING HEART T-LIGHT HOLDER
13471,PACK OF 72 RETROSPOT CAKE CASES,GIN + TONIC DIET METAL SIGN,LUNCH BAG PINK POLKADOT,LUNCH BAG WOODLAND,LUNCH BAG SUKI  DESIGN 
13472,WHITE HANGING HEART T-LIGHT HOLDER,WOODEN PICTURE FRAME WHITE FINISH,CHOCOLATE HOT WATER BOTTLE,WOOD S/3 CABINET ANT WHITE FINISH,LOVE BUILDING BLOCK WORD
13473,LUNCH BAG PINK POLKADOT,LUNCH BAG WOODLAND,LUNCH BAG SUKI  DESIGN ,LUNCH BAG CARS BLUE,LUNCH BAG SPACEBOY DESIGN 
13474,PACK OF 72 RETROSPOT CAKE CASES,PACK OF 60 DINOSAUR CAKE CASES,72 SWEETHEART FAIRY CAKE CASES,PAPER CHAIN KIT VINTAGE CHRISTMAS,ASSORTED COLOUR BIRD ORNAMENT
13475,60 TEATIME FAIRY CAKE CASES,PACK OF 72 RETROSPOT CAKE CASES,SWEETHEART CERAMIC TRINKET BOX,WOODEN PICTURE FRAME WHITE FINISH,PICNIC BASKET WICKER SMALL
13476,PACK OF 60 DINOSAUR CAKE CASES,72 SWEETHEART FAIRY CAKE CASES,PACK OF 60 PINK PAISLEY CAKE CASES,PACK OF 72 RETROSPOT CAKE CASES,PICNIC BASKET WICKER SMALL
13477,"PAPER CRAFT , LITTLE BIRDIE",JUMBO BAG RED WHITE SPOTTY ,ASSORTED COLOUR BIRD ORNAMENT,MEDIUM CERAMIC TOP STORAGE JAR,CHILLI LIGHTS
13478,60 TEATIME FAIRY CAKE CASES,PACK OF 72 RETROSPOT CAKE CASES,PICNIC BASKET WICKER SMALL,REGENCY CAKESTAND 3 TIER,PARTY BUNTING
13479,WHITE HANGING HEART T-LIGHT HOLDER,PACK OF 60 DINOSAUR CAKE CASES,72 SWEETHEART FAIRY CAKE CASES,PACK OF 60 PINK PAISLEY CAKE CASES,PACK OF 72 RETROSPOT CAKE CASES
13480,WOODEN PICTURE FRAME WHITE FINISH,WHITE HANGING HEART T-LIGHT HOLDER,REGENCY CAKESTAND 3 TIER,ASSORTED COLOUR BIRD ORNAMENT,PARTY BUNTING
13481,JUMBO BAG RED RETROSPOT,JUMBO BAG PINK POLKADOT,LUNCH BAG SUKI  DESIGN ,SWEETHEART CERAMIC TRINKET BOX,PACK OF 60 DINOSAUR CAKE CASES
13482,LUNCH BAG PINK POLKADOT,LUNCH BAG WOODLAND,LUNCH BAG SUKI  DESIGN ,LUNCH BAG CARS BLUE,LUNCH BAG SPACEBOY DESIGN 
13483,VINTAGE HEADS AND TAILS CARD GAME ,WHITE HANGING HEART T-LIGHT HOLDER,REGENCY CAKESTAND 3 TIER,ASSORTED COLOUR BIRD ORNAMENT,PARTY BUNTING
13484,PICNIC BASKET WICKER SMALL,REGENCY CAKESTAND 3 TIER,PARTY BUNTING,JUMBO BAG RED WHITE SPOTTY ,FAIRY CAKE FLANNEL ASSORTED COLOUR
13485,WHITE HANGING HEART T-LIGHT HOLDER,WOODEN PICTURE FRAME WHITE FINISH,PAPER CHAIN KIT VINTAGE CHRISTMAS,JUMBO BAG PINK POLKADOT,JUMBO STORAGE BAG SUKI
13486,60 TEATIME FAIRY CAKE CASES,PACK OF 72 RETROSPOT CAKE CASES,HAND WARMER OWL DESIGN,WOODEN FRAME ANTIQUE WHITE ,WOOD S/3 CABINET ANT WHITE FINISH
13487,HEART OF WICKER LARGE,JUMBO BAG PINK POLKADOT,JUMBO STORAGE BAG SUKI,JUMBO BAG RED RETROSPOT,PICNIC BASKET WICKER SMALL
13488,PACK OF 72 RETROSPOT CAKE CASES,JUMBO BAG RED RETROSPOT,LUNCH BAG SUKI  DESIGN ,JUMBO BAG PINK POLKADOT,LUNCH BAG WOODLAND
13489,WHITE HANGING HEART T-LIGHT HOLDER,PICNIC BASKET WICKER SMALL,REGENCY CAKESTAND 3 TIER,PARTY BUNTING,JUMBO BAG RED WHITE SPOTTY 
13490,WHITE HANGING HEART T-LIGHT HOLDER,REGENCY CAKESTAND 3 TIER,ASSORTED COLOUR BIRD ORNAMENT,PARTY BUNTING,VINTAGE UNION JACK BUNTING
13491,WHITE HANGING HEART T-LIGHT HOLDER,WOODEN PICTURE FRAME WHITE FINISH,REGENCY CAKESTAND 3 TIER,"PAPER CRAFT , LITTLE BIRDIE",JUMBO BAG RED WHITE SPOTTY 
13492,LUNCH BAG CARS BLUE,LUNCH BAG SPACEBOY DESIGN ,LUNCH BAG PINK POLKADOT,LUNCH BAG SUKI  DESIGN ,LUNCH BAG  BLACK SKULL.
13493,WHITE HANGING HEART T-LIGHT HOLDER,REGENCY CAKESTAND 3 TIER,ASSORTED COLOUR BIRD ORNAMENT,PARTY BUNTING,VINTAGE UNION JACK BUNTING
13494,LUNCH BAG PINK POLKADOT,LUNCH BAG WOODLAND,LUNCH BAG SUKI  DESIGN ,LUNCH BAG CARS BLUE,LUNCH BAG SPACEBOY DESIGN 
13495,GIN + TONIC DIET METAL SIGN,60 TEATIME FAIRY CAKE CASES,PACK OF 72 RETROSPOT CAKE CASES,HEART OF WICKER LARGE,VINTAGE HEADS AND TAILS CARD GAME 
13496,PINK REGENCY TEACUP AND SAUCER,GREEN REGENCY TEACUP AND SAUCER,WHITE HANGING HEART T-LIGHT HOLDER,PAPER CHAIN KIT 50'S CHRISTMAS ,BAKING SET 9 PIECE RETROSPOT 
13497,PAPER CHAIN KIT VINTAGE CHRISTMAS,PICNIC BASKET WICKER SMALL,JUMBO BAG RED WHITE SPOTTY ,FAIRY CAKE FLANNEL ASSORTED COLOUR,GIN + TONIC DIET METAL SIGN
13498,WHITE HANGING HEART T-LIGHT HOLDER,REGENCY CAKESTAND 3 TIER,ASSORTED COLOUR BIRD ORNAMENT,PARTY BUNTING,VINTAGE UNION JACK BUNTING
13499,WHITE HANGING HEART T-LIGHT HOLDER,GIN + TONIC DIET METAL SIGN,JUMBO BAG SCANDINAVIAN PAISLEY,JUMBO BAG RED RETROSPOT,REGENCY CAKESTAND 3 TIER
13500,PACK OF 72 RETROSPOT CAKE CASES,LOVE BUILDING BLOCK WORD,WHITE HANGING HEART T-LIGHT HOLDER,HAND WARMER OWL DESIGN,72 SWEETHEART FAIRY CAKE CASES
13501,PACK OF 60 DINOSAUR CAKE CASES,72 SWEETHEART FAIRY CAKE CASES,PACK OF 60 PINK PAISLEY CAKE CASES,PACK OF 72 RETROSPOT CAKE CASES,HEART OF WICKER LARGE
13502,WHITE HANGING HEART T-LIGHT HOLDER,HEART OF WICKER LARGE,WOODEN PICTURE FRAME WHITE FINISH,REGENCY CAKESTAND 3 TIER,ASSORTED COLOUR BIRD ORNAMENT
13503,60 TEATIME FAIRY CAKE CASES,PACK OF 72 RETROSPOT CAKE CASES,LUNCH BAG CARS BLUE,LUNCH BAG SPACEBOY DESIGN ,LUNCH BAG PINK POLKADOT
13504,WHITE HANGING HEART T-LIGHT HOLDER,ASSORTED COLOUR BIRD ORNAMENT,PARTY BUNTING,VINTAGE UNION JACK BUNTING,BAKING SET 9 PIECE RETROSPOT 
13505,PINK 3 PIECE MINI DOTS CUTLERY SET,WHITE HANGING HEART T-LIGHT HOLDER,PICNIC BASKET WICKER SMALL,JUMBO BAG RED WHITE SPOTTY ,ASSORTED COLOUR BIRD ORNAMENT
13506,PINK BLUE FELT CRAFT TRINKET BOX,WHITE HANGING HEART T-LIGHT HOLDER,PICNIC BASKET WICKER SMALL,REGENCY CAKESTAND 3 TIER,PARTY BUNTING
13507,60 TEATIME FAIRY CAKE CASES,PACK OF 72 RETROSPOT CAKE CASES,REGENCY CAKESTAND 3 TIER,ASSORTED COLOUR BIRD ORNAMENT,PAPER CHAIN KIT 50'S CHRISTMAS 
13508,JUMBO STORAGE BAG SUKI,JUMBO BAG PINK POLKADOT,JUMBO BAG RED RETROSPOT,WHITE HANGING HEART T-LIGHT HOLDER,REGENCY CAKESTAND 3 TIER
13509,REGENCY CAKESTAND 3 TIER,WHITE HANGING HEART T-LIGHT HOLDER,ASSORTED COLOUR BIRD ORNAMENT,PAPER CHAIN KIT 50'S CHRISTMAS ,BAKING SET 9 PIECE RETROSPOT 
13510,JUMBO BAG RED RETROSPOT,JUMBO BAG PINK POLKADOT,PACK OF 60 DINOSAUR CAKE CASES,72 SWEETHEART FAIRY CAKE CASES,PACK OF 60 PINK PAISLEY CAKE CASES
13511,WHITE HANGING HEART T-LIGHT HOLDER,REGENCY CAKESTAND 3 TIER,PARTY BUNTING,VINTAGE UNION JACK BUNTING,BAKING SET 9 PIECE RETROSPOT 
13512,PICNIC BASKET WICKER SMALL,PARTY BUNTING,JUMBO BAG RED WHITE SPOTTY ,FAIRY CAKE FLANNEL ASSORTED COLOUR,GIN + TONIC DIET METAL SIGN
13513,HEART OF WICKER LARGE,HOME BUILDING BLOCK WORD,PICNIC BASKET WICKER SMALL,REGENCY CAKESTAND 3 TIER,PARTY BUNTING
13514,PICNIC BASKET WICKER SMALL,REGENCY CAKESTAND 3 TIER,PARTY BUNTING,JUMBO BAG RED WHITE SPOTTY ,ASSORTED COLOUR BIRD ORNAMENT
13515,LUNCH BAG WOODLAND,LUNCH BAG PINK POLKADOT,LUNCH BAG SUKI  DESIGN ,LUNCH BAG SPACEBOY DESIGN ,LUNCH BAG  BLACK SKULL.
13516,REGENCY CAKESTAND 3 TIER,WHITE HANGING HEART T-LIGHT HOLDER,ASSORTED COLOUR BIRD ORNAMENT,BAKING SET 9 PIECE RETROSPOT ,METAL SIGN TAKE IT OR LEAVE IT 
13517,PICNIC BASKET WICKER SMALL,PARTY BUNTING,JUMBO BAG RED WHITE SPOTTY ,ASSORTED COLOUR BIRD ORNAMENT,FAIRY CAKE FLANNEL ASSORTED COLOUR
13518,VINTAGE SNAP CARDS,JUMBO BAG PINK POLKADOT,JUMBO STORAGE BAG SUKI,JUMBO BAG RED RETROSPOT,PAPER CHAIN KIT VINTAGE CHRISTMAS
13519,60 TEATIME FAIRY CAKE CASES,PACK OF 72 RETROSPOT CAKE CASES,CHOCOLATE HOT WATER BOTTLE,HAND WARMER OWL DESIGN,REGENCY CAKESTAND 3 TIER
13520,JUMBO BAG PINK POLKADOT,JUMBO STORAGE BAG SUKI,JUMBO BAG RED RETROSPOT,RED RETROSPOT CHARLOTTE BAG,REGENCY CAKESTAND 3 TIER
13521,PACK OF 72 RETROSPOT CAKE CASES,PACK OF 60 DINOSAUR CAKE CASES,72 SWEETHEART FAIRY CAKE CASES,ALARM CLOCK BAKELIKE GREEN,PINK BLUE FELT CRAFT TRINKET BOX
13522,PAPER CHAIN KIT VINTAGE CHRISTMAS,REGENCY CAKESTAND 3 TIER,WHITE HANGING HEART T-LIGHT HOLDER,ASSORTED COLOUR BIRD ORNAMENT,BAKING SET 9 PIECE RETROSPOT 
13523,SWEETHEART CERAMIC TRINKET BOX,60 TEATIME FAIRY CAKE CASES,PACK OF 72 RETROSPOT CAKE CASES,PINK BLUE FELT CRAFT TRINKET BOX,HAND WARMER SCOTTY DOG DESIGN
13524,REGENCY CAKESTAND 3 TIER,ASSORTED COLOUR BIRD ORNAMENT,PAPER CHAIN KIT 50'S CHRISTMAS ,BAKING SET 9 PIECE RETROSPOT ,METAL SIGN TAKE IT OR LEAVE IT 
13525,REGENCY CAKESTAND 3 TIER,WHITE HANGING HEART T-LIGHT HOLDER,PAPER CHAIN KIT 50'S CHRISTMAS ,BAKING SET 9 PIECE RETROSPOT ,METAL SIGN TAKE IT OR LEAVE IT 
13526,WHITE HANGING HEART T-LIGHT HOLDER,REGENCY CAKESTAND 3 TIER,ASSORTED COLOUR BIRD ORNAMENT,PARTY BUNTING,VINTAGE UNION JACK BUNTING
13527,60 TEATIME FAIRY CAKE CASES,PACK OF 72 RETROSPOT CAKE CASES,ALARM CLOCK BAKELIKE RED ,PAPER CHAIN KIT VINTAGE CHRISTMAS,"PAPER CRAFT , LITTLE BIRDIE"
13529,WHITE HANGING HEART T-LIGHT HOLDER,REGENCY CAKESTAND 3 TIER,ASSORTED COLOUR BIRD ORNAMENT,PARTY BUNTING,VINTAGE UNION JACK BUNTING
13530,REGENCY CAKESTAND 3 TIER,PARTY BUNTING,VINTAGE UNION JACK BUNTING,BAKING SET 9 PIECE RETROSPOT ,GRAND CHOCOLATECANDLE
13531,JUMBO STORAGE BAG SUKI,JUMBO BAG PINK POLKADOT,JUMBO BAG RED RETROSPOT,PAPER CHAIN KIT VINTAGE CHRISTMAS,WHITE HANGING HEART T-LIGHT HOLDER
13532,HAND WARMER OWL DESIGN,PAPER CHAIN KIT 50'S CHRISTMAS ,SWEETHEART CERAMIC TRINKET BOX,REGENCY CAKESTAND 3 TIER,WHITE HANGING HEART T-LIGHT HOLDER
13533,GIN + TONIC DIET METAL SIGN,WHITE HANGING HEART T-LIGHT HOLDER,REGENCY CAKESTAND 3 TIER,ASSORTED COLOUR BIRD ORNAMENT,PARTY BUNTING
13534,JUMBO BAG RED RETROSPOT,JUMBO BAG PINK POLKADOT,LUNCH BAG SUKI  DESIGN ,LUNCH BAG SPACEBOY DESIGN ,LUNCH BAG PINK POLKADOT
13535,WHITE HANGING HEART T-LIGHT HOLDER,REGENCY CAKESTAND 3 TIER,ASSORTED COLOUR BIRD ORNAMENT,PARTY BUNTING,VINTAGE UNION JACK BUNTING
13536,CHOCOLATE HOT WATER BOTTLE,HAND WARMER SCOTTY DOG DESIGN,REGENCY CAKESTAND 3 TIER,WHITE HANGING HEART T-LIGHT HOLDER,"PAPER CRAFT , LITTLE BIRDIE"
13537,LUNCH BAG WOODLAND,LUNCH BAG PINK POLKADOT,LUNCH BAG SUKI  DESIGN ,LUNCH BAG SPACEBOY DESIGN ,LUNCH BAG RED RETROSPOT
13538,60 TEATIME FAIRY CAKE CASES,PACK OF 72 RETROSPOT CAKE CASES,HOME BUILDING BLOCK WORD,WHITE HANGING HEART T-LIGHT HOLDER,PINK BLUE FELT CRAFT TRINKET BOX
13539,LUNCH BAG WOODLAND,LUNCH BAG PINK POLKADOT,LUNCH BAG SUKI  DESIGN ,LUNCH BAG SPACEBOY DESIGN ,LUNCH BAG  BLACK SKULL.
13540,WHITE HANGING HEART T-LIGHT HOLDER,WOODEN PICTURE FRAME WHITE FINISH,WOOD 2 DRAWER CABINET WHITE FINISH,REGENCY CAKESTAND 3 TIER,ASSORTED COLOUR BIRD ORNAMENT
13541,REGENCY CAKESTAND 3 TIER,ASSORTED COLOUR BIRD ORNAMENT,PARTY BUNTING,VINTAGE UNION JACK BUNTING,GRAND CHOCOLATECANDLE
13542,JUMBO BAG RED RETROSPOT,JUMBO STORAGE BAG SUKI,JUMBO BAG PINK POLKADOT,LUNCH BAG PINK POLKADOT,LUNCH BAG WOODLAND
13543,TOILET METAL SIGN,PICNIC BASKET WICKER SMALL,REGENCY CAKESTAND 3 TIER,PARTY BUNTING,JUMBO BAG RED WHITE SPOTTY 
13544,GIN + TONIC DIET METAL SIGN,ALARM CLOCK BAKELIKE GREEN,HAND WARMER BIRD DESIGN,VINTAGE HEADS AND TAILS CARD GAME ,WHITE HANGING HEART T-LIGHT HOLDER
13545,LUNCH BAG CARS BLUE,LUNCH BAG SPACEBOY DESIGN ,LUNCH BAG PINK POLKADOT,LUNCH BAG SUKI  DESIGN ,LUNCH BAG RED RETROSPOT
13546,PACK OF 60 DINOSAUR CAKE CASES,72 SWEETHEART FAIRY CAKE CASES,PACK OF 60 PINK PAISLEY CAKE CASES,PACK OF 72 RETROSPOT CAKE CASES,REGENCY CAKESTAND 3 TIER
13547,JUMBO BAG RED RETROSPOT,HAND WARMER OWL DESIGN,JUMBO BAG SCANDINAVIAN PAISLEY,PAPER CHAIN KIT VINTAGE CHRISTMAS,LUNCH BAG PINK POLKADOT
13548,JUMBO BAG RED RETROSPOT,JUMBO BAG PINK POLKADOT,BLUE 3 PIECE MINI DOTS CUTLERY SET,JUMBO  BAG BAROQUE BLACK WHITE,LUNCH BAG SUKI  DESIGN 
13549,RED RETROSPOT CHARLOTTE BAG,WOODEN FRAME ANTIQUE WHITE ,HEART OF WICKER LARGE,PACK OF 60 DINOSAUR CAKE CASES,72 SWEETHEART FAIRY CAKE CASES
13550,HAND WARMER OWL DESIGN,JUMBO STORAGE BAG SUKI,JUMBO BAG PINK POLKADOT,JUMBO BAG RED RETROSPOT,WHITE HANGING HEART T-LIGHT HOLDER
13551,WHITE HANGING HEART T-LIGHT HOLDER,REGENCY CAKESTAND 3 TIER,ASSORTED COLOUR BIRD ORNAMENT,PARTY BUNTING,VINTAGE UNION JACK BUNTING
13552,WHITE HANGING HEART T-LIGHT HOLDER,ALARM CLOCK BAKELIKE GREEN,HOT WATER BOTTLE TEA AND SYMPATHY,JUMBO BAG PINK POLKADOT,JUMBO STORAGE BAG SUKI
13553,WHITE HANGING HEART T-LIGHT HOLDER,WOOD 2 DRAWER CABINET WHITE FINISH,GIN + TONIC DIET METAL SIGN,REGENCY CAKESTAND 3 TIER,ASSORTED COLOUR BIRD ORNAMENT
13554,SWEETHEART CERAMIC TRINKET BOX,WOODEN FRAME ANTIQUE WHITE ,PICNIC BASKET WICKER SMALL,REGENCY CAKESTAND 3 TIER,PARTY BUNTING
13555,JUMBO STORAGE BAG SUKI,JUMBO BAG PINK POLKADOT,JUMBO BAG RED RETROSPOT,60 TEATIME FAIRY CAKE CASES,PACK OF 72 RETROSPOT CAKE CASES
13556,VINTAGE HEADS AND TAILS CARD GAME ,WHITE HANGING HEART T-LIGHT HOLDER,REGENCY CAKESTAND 3 TIER,ASSORTED COLOUR BIRD ORNAMENT,PARTY BUNTING
13557,SWEETHEART CERAMIC TRINKET BOX,CHOCOLATE HOT WATER BOTTLE,REGENCY CAKESTAND 3 TIER,"PAPER CRAFT , LITTLE BIRDIE",JUMBO BAG RED WHITE SPOTTY 
13558,WHITE HANGING HEART T-LIGHT HOLDER,HAND WARMER OWL DESIGN,JUMBO BAG PINK POLKADOT,JUMBO STORAGE BAG SUKI,JUMBO BAG RED RETROSPOT
13559,WHITE HANGING HEART T-LIGHT HOLDER,REGENCY CAKESTAND 3 TIER,ASSORTED COLOUR BIRD ORNAMENT,PARTY BUNTING,VINTAGE UNION JACK BUNTING
13560,GIN + TONIC DIET METAL SIGN,WHITE HANGING HEART T-LIGHT HOLDER,CHOCOLATE HOT WATER BOTTLE,PAPER CHAIN KIT VINTAGE CHRISTMAS,REGENCY CAKESTAND 3 TIER
13561,JUMBO BAG RED RETROSPOT,LUNCH BAG SUKI  DESIGN ,JUMBO BAG PINK POLKADOT,LUNCH BAG PINK POLKADOT,LUNCH BAG WOODLAND
13562,JUMBO BAG RED RETROSPOT,JUMBO BAG PINK POLKADOT,LUNCH BAG SUKI  DESIGN ,HOT WATER BOTTLE TEA AND SYMPATHY,PICNIC BASKET WICKER SMALL
13563,WHITE HANGING HEART T-LIGHT HOLDER,JUMBO STORAGE BAG SUKI,JUMBO BAG PINK POLKADOT,JUMBO BAG RED RETROSPOT,GIN + TONIC DIET METAL SIGN
13564,JUMBO BAG RED RETROSPOT,LUNCH BAG SUKI  DESIGN ,JUMBO BAG PINK POLKADOT,PACK OF 72 RETROSPOT CAKE CASES,LUNCH BAG PINK POLKADOT
13565,ASSORTED COLOUR BIRD ORNAMENT,REGENCY CAKESTAND 3 TIER,WHITE HANGING HEART T-LIGHT HOLDER,PAPER CHAIN KIT 50'S CHRISTMAS ,BAKING SET 9 PIECE RETROSPOT 
13566,PACK OF 72 RETROSPOT CAKE CASES,JUMBO BAG PINK POLKADOT,JUMBO BAG RED RETROSPOT,JUMBO BAG STRAWBERRY,LUNCH BAG SUKI  DESIGN 
13567,PACK OF 72 RETROSPOT CAKE CASES,JUMBO BAG RED RETROSPOT,SWEETHEART CERAMIC TRINKET BOX,72 SWEETHEART FAIRY CAKE CASES,PINK CREAM FELT CRAFT TRINKET BOX 
13568,WHITE HANGING HEART T-LIGHT HOLDER,HEART OF WICKER LARGE,REGENCY CAKESTAND 3 TIER,ASSORTED COLOUR BIRD ORNAMENT,VINTAGE UNION JACK BUNTING
13569,LUNCH BAG SUKI  DESIGN ,LUNCH BAG SPACEBOY DESIGN ,LUNCH BAG PINK POLKADOT,LUNCH BAG RED RETROSPOT,JUMBO BAG RED RETROSPOT
13570,WHITE HANGING HEART T-LIGHT HOLDER,REGENCY CAKESTAND 3 TIER,VINTAGE UNION JACK BUNTING,BAKING SET 9 PIECE RETROSPOT ,GRAND CHOCOLATECANDLE
13571,JUMBO BAG RED RETROSPOT,JUMBO BAG PINK POLKADOT,HAND WARMER OWL DESIGN,JUMBO BAG STRAWBERRY,LUNCH BAG SUKI  DESIGN 
13572,REGENCY CAKESTAND 3 TIER,WHITE HANGING HEART T-LIGHT HOLDER,ASSORTED COLOUR BIRD ORNAMENT,PARTY BUNTING,VINTAGE UNION JACK BUNTING
13573,WOODEN PICTURE FRAME WHITE FINISH,WHITE HANGING HEART T-LIGHT HOLDER,JUMBO BAG PINK POLKADOT,JUMBO STORAGE BAG SUKI,JUMBO BAG RED RETROSPOT
13574,PACK OF 72 RETROSPOT CAKE CASES,JUMBO BAG RED RETROSPOT,LUNCH BAG SUKI  DESIGN ,JUMBO BAG PINK POLKADOT,LUNCH BAG CARS BLUE
13575,WHITE HANGING HEART T-LIGHT HOLDER,LUNCH BAG CARS BLUE,LUNCH BAG SPACEBOY DESIGN ,LUNCH BAG PINK POLKADOT,LUNCH BAG SUKI  DESIGN 
13576,WHITE HANGING HEART T-LIGHT HOLDER,JUMBO BAG STRAWBERRY,JUMBO  BAG BAROQUE BLACK WHITE,JUMBO BAG PINK POLKADOT,JUMBO SHOPPER VINTAGE RED PAISLEY
13577,JUMBO BAG RED RETROSPOT,JUMBO BAG PINK POLKADOT,LUNCH BAG SUKI  DESIGN ,LUNCH BAG WOODLAND,LUNCH BAG PINK POLKADOT
13578,WHITE HANGING HEART T-LIGHT HOLDER,REGENCY CAKESTAND 3 TIER,ASSORTED COLOUR BIRD ORNAMENT,PARTY BUNTING,VINTAGE UNION JACK BUNTING
13579,WHITE HANGING HEART T-LIGHT HOLDER,LOVE BUILDING BLOCK WORD,PINK BLUE FELT CRAFT TRINKET BOX,ASSORTED COLOUR BIRD ORNAMENT,PAPER CHAIN KIT 50'S CHRISTMAS 
13580,WHITE HANGING HEART T-LIGHT HOLDER,REGENCY CAKESTAND 3 TIER,ASSORTED COLOUR BIRD ORNAMENT,PARTY BUNTING,VINTAGE UNION JACK BUNTING
13581,PACK OF 72 RETROSPOT CAKE CASES,PACK OF 60 DINOSAUR CAKE CASES,PACK OF 60 PINK PAISLEY CAKE CASES,REGENCY CAKESTAND 3 TIER,ASSORTED COLOUR BIRD ORNAMENT
13582,ALARM CLOCK BAKELIKE GREEN,WHITE HANGING HEART T-LIGHT HOLDER,REGENCY CAKESTAND 3 TIER,ASSORTED COLOUR BIRD ORNAMENT,PARTY BUNTING
13583,JUMBO BAG RED RETROSPOT,JUMBO BAG PINK POLKADOT,JUMBO STORAGE BAG SUKI,LOVE BUILDING BLOCK WORD,WHITE HANGING HEART T-LIGHT HOLDER
13584,JUMBO BAG RED RETROSPOT,PACK OF 72 RETROSPOT CAKE CASES,JUMBO BAG SCANDINAVIAN PAISLEY,72 SWEETHEART FAIRY CAKE CASES,PACK OF 60 PINK PAISLEY CAKE CASES
13585,VINTAGE HEADS AND TAILS CARD GAME ,WHITE HANGING HEART T-LIGHT HOLDER,REGENCY CAKESTAND 3 TIER,ASSORTED COLOUR BIRD ORNAMENT,PARTY BUNTING
13586,JUMBO BAG SCANDINAVIAN PAISLEY,JUMBO BAG RED RETROSPOT,GIN + TONIC DIET METAL SIGN,WHITE HANGING HEART T-LIGHT HOLDER,REGENCY CAKESTAND 3 TIER
13587,HEART OF WICKER SMALL,WHITE HANGING HEART T-LIGHT HOLDER,60 TEATIME FAIRY CAKE CASES,PACK OF 72 RETROSPOT CAKE CASES,PICNIC BASKET WICKER SMALL
13588,PAPER CHAIN KIT VINTAGE CHRISTMAS,REGENCY CAKESTAND 3 TIER,WHITE HANGING HEART T-LIGHT HOLDER,"PAPER CRAFT , LITTLE BIRDIE",JUMBO BAG RED WHITE SPOTTY 
13589,WOODEN FRAME ANTIQUE WHITE ,WHITE HANGING HEART T-LIGHT HOLDER,HOT WATER BOTTLE TEA AND SYMPATHY,ASSORTED COLOUR BIRD ORNAMENT,PAPER CHAIN KIT 50'S CHRISTMAS 
13590,JUMBO BAG RED RETROSPOT,PACK OF 72 RETROSPOT CAKE CASES,JUMBO BAG PINK POLKADOT,LUNCH BAG SUKI  DESIGN ,LUNCH BAG CARS BLUE
13591,JUMBO BAG RED RETROSPOT,LUNCH BAG WOODLAND,LUNCH BAG PINK POLKADOT,LUNCH BAG SUKI  DESIGN ,LUNCH BAG SPACEBOY DESIGN 
13592,ASSORTED COLOUR BIRD ORNAMENT,WHITE HANGING HEART T-LIGHT HOLDER,PAPER CHAIN KIT 50'S CHRISTMAS ,BAKING SET 9 PIECE RETROSPOT ,METAL SIGN TAKE IT OR LEAVE IT 
13593,PACK OF 60 DINOSAUR CAKE CASES,72 SWEETHEART FAIRY CAKE CASES,PACK OF 60 PINK PAISLEY CAKE CASES,PACK OF 72 RETROSPOT CAKE CASES,REGENCY CAKESTAND 3 TIER
13594,WHITE HANGING HEART T-LIGHT HOLDER,ASSORTED COLOUR BIRD ORNAMENT,PAPER CHAIN KIT 50'S CHRISTMAS ,BAKING SET 9 PIECE RETROSPOT ,METAL SIGN TAKE IT OR LEAVE IT 
13595,SWEETHEART CERAMIC TRINKET BOX,JUMBO BAG SCANDINAVIAN PAISLEY,JUMBO BAG RED RETROSPOT,ASSORTED COLOUR BIRD ORNAMENT,PICNIC BASKET WICKER SMALL
13596,PACK OF 72 RETROSPOT CAKE CASES,PACK OF 60 PINK PAISLEY CAKE CASES,PAPER CHAIN KIT 50'S CHRISTMAS ,ASSORTED COLOUR BIRD ORNAMENT,VINTAGE HEADS AND TAILS CARD GAME 
13597,JUMBO BAG STRAWBERRY,JUMBO  BAG BAROQUE BLACK WHITE,JUMBO BAG PINK POLKADOT,JUMBO SHOPPER VINTAGE RED PAISLEY,JUMBO BAG RED RETROSPOT
13598,JUMBO BAG RED RETROSPOT,JUMBO BAG PINK POLKADOT,HAND WARMER OWL DESIGN,WOOD 2 DRAWER CABINET WHITE FINISH,PAPER CHAIN KIT VINTAGE CHRISTMAS
13599,JUMBO BAG RED RETROSPOT,JUMBO STORAGE BAG SUKI,JUMBO BAG PINK POLKADOT,WHITE HANGING HEART T-LIGHT HOLDER,LUNCH BAG CARS BLUE
13600,WHITE HANGING HEART T-LIGHT HOLDER,ALARM CLOCK BAKELIKE RED ,REGENCY CAKESTAND 3 TIER,ASSORTED COLOUR BIRD ORNAMENT,PARTY BUNTING
13601,JUMBO BAG RED RETROSPOT,LUNCH BAG CARS BLUE,LUNCH BAG SPACEBOY DESIGN ,LUNCH BAG PINK POLKADOT,LUNCH BAG SUKI  DESIGN 
13602,PAPER CHAIN KIT 50'S CHRISTMAS ,HAND WARMER BIRD DESIGN,WHITE HANGING HEART T-LIGHT HOLDER,PICNIC BASKET WICKER SMALL,REGENCY CAKESTAND 3 TIER
13603,WOOD 2 DRAWER CABINET WHITE FINISH,ALARM CLOCK BAKELIKE RED ,REGENCY CAKESTAND 3 TIER,WHITE HANGING HEART T-LIGHT HOLDER,ASSORTED COLOUR BIRD ORNAMENT
13604,SWEETHEART CERAMIC TRINKET BOX,JUMBO STORAGE BAG SUKI,JUMBO BAG PINK POLKADOT,JUMBO BAG RED RETROSPOT,WHITE HANGING HEART T-LIGHT HOLDER
13605,JUMBO BAG RED RETROSPOT,JUMBO BAG PINK POLKADOT,JUMBO SHOPPER VINTAGE RED PAISLEY,LUNCH BAG SUKI  DESIGN ,PAPER CHAIN KIT VINTAGE CHRISTMAS
13606,REGENCY CAKESTAND 3 TIER,WHITE HANGING HEART T-LIGHT HOLDER,ASSORTED COLOUR BIRD ORNAMENT,PAPER CHAIN KIT 50'S CHRISTMAS ,BAKING SET 9 PIECE RETROSPOT 
13607,HAND WARMER OWL DESIGN,STRAWBERRY CERAMIC TRINKET BOX,WOODEN FRAME ANTIQUE WHITE ,PAPER CHAIN KIT VINTAGE CHRISTMAS,CHOCOLATE HOT WATER BOTTLE
13608,HEART OF WICKER SMALL,WHITE HANGING HEART T-LIGHT HOLDER,REGENCY CAKESTAND 3 TIER,ASSORTED COLOUR BIRD ORNAMENT,PARTY BUNTING
13609,WHITE HANGING HEART T-LIGHT HOLDER,REGENCY CAKESTAND 3 TIER,ASSORTED COLOUR BIRD ORNAMENT,PARTY BUNTING,VINTAGE UNION JACK BUNTING
13610,JUMBO BAG RED RETROSPOT,JUMBO BAG PINK POLKADOT,JUMBO STORAGE BAG SUKI,60 TEATIME FAIRY CAKE CASES,PACK OF 72 RETROSPOT CAKE CASES
13611,PACK OF 72 RETROSPOT CAKE CASES,PACK OF 60 DINOSAUR CAKE CASES,PACK OF 60 PINK PAISLEY CAKE CASES,HEART OF WICKER LARGE,WHITE HANGING HEART T-LIGHT HOLDER
13612,60 TEATIME FAIRY CAKE CASES,PACK OF 72 RETROSPOT CAKE CASES,JUMBO BAG PINK POLKADOT,JUMBO STORAGE BAG SUKI,JUMBO BAG RED RETROSPOT
13613,PACK OF 72 RETROSPOT CAKE CASES,RED RETROSPOT CHARLOTTE BAG,SWEETHEART CERAMIC TRINKET BOX,PACK OF 60 DINOSAUR CAKE CASES,72 SWEETHEART FAIRY CAKE CASES
13614,PACK OF 72 RETROSPOT CAKE CASES,72 SWEETHEART FAIRY CAKE CASES,PAPER CHAIN KIT 50'S CHRISTMAS ,HAND WARMER SCOTTY DOG DESIGN,HAND WARMER BIRD DESIGN
13615,WHITE HANGING HEART T-LIGHT HOLDER,HOME BUILDING BLOCK WORD,60 TEATIME FAIRY CAKE CASES,PACK OF 72 RETROSPOT CAKE CASES,PINK BLUE FELT CRAFT TRINKET BOX
13616,PACK OF 60 DINOSAUR CAKE CASES,72 SWEETHEART FAIRY CAKE CASES,PACK OF 60 PINK PAISLEY CAKE CASES,PACK OF 72 RETROSPOT CAKE CASES,HEART OF WICKER SMALL
13617,WHITE HANGING HEART T-LIGHT HOLDER,HEART OF WICKER LARGE,WOODEN FRAME ANTIQUE WHITE ,HOME BUILDING BLOCK WORD,PICNIC BASKET WICKER SMALL
13618,HEART OF WICKER SMALL,WHITE HANGING HEART T-LIGHT HOLDER,REGENCY CAKESTAND 3 TIER,PARTY BUNTING,VINTAGE UNION JACK BUNTING
13619,ASSORTED COLOUR BIRD ORNAMENT,LUNCH BAG CARS BLUE,LUNCH BAG SPACEBOY DESIGN ,LUNCH BAG PINK POLKADOT,LUNCH BAG SUKI  DESIGN 
13620,WHITE HANGING HEART T-LIGHT HOLDER,REGENCY CAKESTAND 3 TIER,ASSORTED COLOUR BIRD ORNAMENT,PARTY BUNTING,VINTAGE UNION JACK BUNTING
13621,WHITE HANGING HEART T-LIGHT HOLDER,REGENCY CAKESTAND 3 TIER,ASSORTED COLOUR BIRD ORNAMENT,PARTY BUNTING,VINTAGE UNION JACK BUNTING
13622,HOME BUILDING BLOCK WORD,WHITE HANGING HEART T-LIGHT HOLDER,REGENCY CAKESTAND 3 TIER,ASSORTED COLOUR BIRD ORNAMENT,PARTY BUNTING
13623,PACK OF 72 RETROSPOT CAKE CASES,JUMBO BAG PINK POLKADOT,JUMBO BAG RED RETROSPOT,LUNCH BAG SUKI  DESIGN ,LUNCH BAG PINK POLKADOT
13624,WOODEN FRAME ANTIQUE WHITE ,WHITE HANGING HEART T-LIGHT HOLDER,HOT WATER BOTTLE TEA AND SYMPATHY,REGENCY CAKESTAND 3 TIER,PARTY BUNTING
13625,WHITE HANGING HEART T-LIGHT HOLDER,REGENCY CAKESTAND 3 TIER,ASSORTED COLOUR BIRD ORNAMENT,PARTY BUNTING,VINTAGE UNION JACK BUNTING
13626,PAPER CHAIN KIT 50'S CHRISTMAS ,60 TEATIME FAIRY CAKE CASES,PACK OF 72 RETROSPOT CAKE CASES,WHITE HANGING HEART T-LIGHT HOLDER,ASSORTED COLOUR BIRD ORNAMENT
13627,PICNIC BASKET WICKER SMALL,JUMBO BAG RED WHITE SPOTTY ,FAIRY CAKE FLANNEL ASSORTED COLOUR,GIN + TONIC DIET METAL SIGN,VINTAGE UNION JACK BUNTING
13628,LOVE BUILDING BLOCK WORD,WHITE HANGING HEART T-LIGHT HOLDER,REGENCY CAKESTAND 3 TIER,ASSORTED COLOUR BIRD ORNAMENT,PARTY BUNTING
13629,JUMBO BAG RED RETROSPOT,JUMBO STORAGE BAG SUKI,JUMBO BAG PINK POLKADOT,WHITE HANGING HEART T-LIGHT HOLDER,PACK OF 60 DINOSAUR CAKE CASES
13630,JUMBO BAG RED RETROSPOT,JUMBO BAG PINK POLKADOT,JUMBO BAG STRAWBERRY,JUMBO SHOPPER VINTAGE RED PAISLEY,LUNCH BAG SUKI  DESIGN 
13631,WHITE HANGING HEART T-LIGHT HOLDER,PICNIC BASKET WICKER SMALL,PARTY BUNTING,JUMBO BAG RED WHITE SPOTTY ,ASSORTED COLOUR BIRD ORNAMENT
13632,JUMBO BAG RED RETROSPOT,JUMBO STORAGE BAG SUKI,JUMBO BAG PINK POLKADOT,PAPER CHAIN KIT VINTAGE CHRISTMAS,HOME BUILDING BLOCK WORD
13634,JUMBO BAG RED RETROSPOT,JUMBO BAG PINK POLKADOT,ROSES REGENCY TEACUP AND SAUCER ,HAND WARMER OWL DESIGN,HOME BUILDING BLOCK WORD
13635,HOT WATER BOTTLE TEA AND SYMPATHY,HAND WARMER BIRD DESIGN,PICNIC BASKET WICKER SMALL,REGENCY CAKESTAND 3 TIER,PARTY BUNTING
13636,LUNCH BAG PINK POLKADOT,LUNCH BAG WOODLAND,LUNCH BAG SUKI  DESIGN ,LUNCH BAG CARS BLUE,LUNCH BAG SPACEBOY DESIGN 
13637,PACK OF 72 RETROSPOT CAKE CASES,GIN + TONIC DIET METAL SIGN,PACK OF 60 PINK PAISLEY CAKE CASES,LUNCH BAG WOODLAND,LUNCH BAG PINK POLKADOT
13638,REGENCY CAKESTAND 3 TIER,WHITE HANGING HEART T-LIGHT HOLDER,ASSORTED COLOUR BIRD ORNAMENT,PAPER CHAIN KIT 50'S CHRISTMAS ,BAKING SET 9 PIECE RETROSPOT 
13639,PACK OF 72 RETROSPOT CAKE CASES,RED RETROSPOT CHARLOTTE BAG,PACK OF 60 DINOSAUR CAKE CASES,72 SWEETHEART FAIRY CAKE CASES,WHITE HANGING HEART T-LIGHT HOLDER
13640,WHITE HANGING HEART T-LIGHT HOLDER,REGENCY CAKESTAND 3 TIER,ASSORTED COLOUR BIRD ORNAMENT,PARTY BUNTING,VINTAGE UNION JACK BUNTING
13641,RED RETROSPOT CHARLOTTE BAG,LUNCH BAG PINK POLKADOT,LUNCH BAG WOODLAND,LUNCH BAG SUKI  DESIGN ,LUNCH BAG CARS BLUE
13642,LUNCH BAG PINK POLKADOT,LUNCH BAG WOODLAND,LUNCH BAG SUKI  DESIGN ,LUNCH BAG CARS BLUE,LUNCH BAG SPACEBOY DESIGN 
13643,JUMBO BAG RED RETROSPOT,JUMBO BAG PINK POLKADOT,LUNCH BAG SUKI  DESIGN ,JUMBO BAG STRAWBERRY,JUMBO BAG SCANDINAVIAN PAISLEY
13644,CHOCOLATE HOT WATER BOTTLE,HEART OF WICKER SMALL,WHITE HANGING HEART T-LIGHT HOLDER,REGENCY CAKESTAND 3 TIER,ASSORTED COLOUR BIRD ORNAMENT
13645,WHITE HANGING HEART T-LIGHT HOLDER,REGENCY CAKESTAND 3 TIER,ASSORTED COLOUR BIRD ORNAMENT,PARTY BUNTING,VINTAGE UNION JACK BUNTING
13646,JUMBO STORAGE BAG SUKI,JUMBO BAG PINK POLKADOT,JUMBO BAG RED RETROSPOT,CHOCOLATE HOT WATER BOTTLE,HAND WARMER SCOTTY DOG DESIGN
13647,PACK OF 72 RETROSPOT CAKE CASES,JUMBO BAG RED RETROSPOT,WHITE HANGING HEART T-LIGHT HOLDER,LUNCH BAG PINK POLKADOT,LUNCH BAG WOODLAND
13648,WOODEN PICTURE FRAME WHITE FINISH,HOME BUILDING BLOCK WORD,LUNCH BAG WOODLAND,LUNCH BAG PINK POLKADOT,LUNCH BAG SUKI  DESIGN 
13649,WHITE HANGING HEART T-LIGHT HOLDER,LUNCH BAG PINK POLKADOT,LUNCH BAG WOODLAND,LUNCH BAG SUKI  DESIGN ,LUNCH BAG CARS BLUE
13650,60 TEATIME FAIRY CAKE CASES,PACK OF 72 RETROSPOT CAKE CASES,WOODEN FRAME ANTIQUE WHITE ,PINK REGENCY TEACUP AND SAUCER,ROSES REGENCY TEACUP AND SAUCER 
13651,REGENCY CAKESTAND 3 TIER,WHITE HANGING HEART T-LIGHT HOLDER,ASSORTED COLOUR BIRD ORNAMENT,PAPER CHAIN KIT 50'S CHRISTMAS ,BAKING SET 9 PIECE RETROSPOT 
13652,LUNCH BAG SPACEBOY DESIGN ,LUNCH BAG PINK POLKADOT,LUNCH BAG SUKI  DESIGN ,LUNCH BAG RED RETROSPOT,PAPER CHAIN KIT 50'S CHRISTMAS 
13653,HEART OF WICKER LARGE,WHITE HANGING HEART T-LIGHT HOLDER,REGENCY CAKESTAND 3 TIER,ASSORTED COLOUR BIRD ORNAMENT,PARTY BUNTING
13654,JUMBO BAG RED RETROSPOT,SWEETHEART CERAMIC TRINKET BOX,LUNCH BAG PINK POLKADOT,LUNCH BAG WOODLAND,LUNCH BAG SUKI  DESIGN 
13655,PACK OF 72 RETROSPOT CAKE CASES,SWEETHEART CERAMIC TRINKET BOX,60 TEATIME FAIRY CAKE CASES,HOT WATER BOTTLE TEA AND SYMPATHY,PINK CREAM FELT CRAFT TRINKET BOX 
13656,JUMBO BAG PINK POLKADOT,JUMBO BAG RED RETROSPOT,LUNCH BAG SUKI  DESIGN ,GIN + TONIC DIET METAL SIGN,BLUE 3 PIECE MINI DOTS CUTLERY SET
13657,REGENCY CAKESTAND 3 TIER,WHITE HANGING HEART T-LIGHT HOLDER,ASSORTED COLOUR BIRD ORNAMENT,PAPER CHAIN KIT 50'S CHRISTMAS ,BAKING SET 9 PIECE RETROSPOT 
13658,JUMBO BAG RED RETROSPOT,JUMBO STORAGE BAG SUKI,JUMBO BAG PINK POLKADOT,LUNCH BAG PINK POLKADOT,LUNCH BAG WOODLAND
13659,PACK OF 72 RETROSPOT CAKE CASES,LUNCH BAG PINK POLKADOT,LUNCH BAG WOODLAND,LUNCH BAG SUKI  DESIGN ,LUNCH BAG SPACEBOY DESIGN 
13660,REGENCY CAKESTAND 3 TIER,ASSORTED COLOUR BIRD ORNAMENT,PARTY BUNTING,VINTAGE UNION JACK BUNTING,BAKING SET 9 PIECE RETROSPOT 
13661,GIN + TONIC DIET METAL SIGN,HOT WATER BOTTLE TEA AND SYMPATHY,WHITE HANGING HEART T-LIGHT HOLDER,REGENCY CAKESTAND 3 TIER,ASSORTED COLOUR BIRD ORNAMENT
13662,PACK OF 72 RETROSPOT CAKE CASES,ALARM CLOCK BAKELIKE RED ,LUNCH BAG PINK POLKADOT,LUNCH BAG WOODLAND,LUNCH BAG SUKI  DESIGN 
13663,JUMBO BAG RED RETROSPOT,JUMBO BAG PINK POLKADOT,LOVE BUILDING BLOCK WORD,WHITE HANGING HEART T-LIGHT HOLDER,JUMBO BAG STRAWBERRY
13665,LUNCH BAG SUKI  DESIGN ,JUMBO BAG RED RETROSPOT,LUNCH BAG CARS BLUE,LUNCH BAG SPACEBOY DESIGN ,LUNCH BAG PINK POLKADOT
13666,REGENCY CAKESTAND 3 TIER,WHITE HANGING HEART T-LIGHT HOLDER,ASSORTED COLOUR BIRD ORNAMENT,PAPER CHAIN KIT 50'S CHRISTMAS ,BAKING SET 9 PIECE RETROSPOT 
13667,WOODEN PICTURE FRAME WHITE FINISH,JUMBO BAG PINK POLKADOT,JUMBO STORAGE BAG SUKI,JUMBO BAG RED RETROSPOT,REGENCY CAKESTAND 3 TIER
13668,JUMBO BAG RED RETROSPOT,LUNCH BAG SUKI  DESIGN ,JUMBO BAG PINK POLKADOT,LUNCH BAG WOODLAND,LUNCH BAG PINK POLKADOT
13669,ROSES REGENCY TEACUP AND SAUCER ,WHITE HANGING HEART T-LIGHT HOLDER,ASSORTED COLOUR BIRD ORNAMENT,PAPER CHAIN KIT 50'S CHRISTMAS ,BAKING SET 9 PIECE RETROSPOT 
13670,WHITE HANGING HEART T-LIGHT HOLDER,REGENCY CAKESTAND 3 TIER,ASSORTED COLOUR BIRD ORNAMENT,PARTY BUNTING,VINTAGE UNION JACK BUNTING
13671,HAND WARMER OWL DESIGN,60 TEATIME FAIRY CAKE CASES,PACK OF 72 RETROSPOT CAKE CASES,PINK REGENCY TEACUP AND SAUCER,GREEN REGENCY TEACUP AND SAUCER
13672,REGENCY CAKESTAND 3 TIER,ASSORTED COLOUR BIRD ORNAMENT,PARTY BUNTING,VINTAGE UNION JACK BUNTING,BAKING SET 9 PIECE RETROSPOT 
13673,PAPER CHAIN KIT VINTAGE CHRISTMAS,REGENCY CAKESTAND 3 TIER,WHITE HANGING HEART T-LIGHT HOLDER,ASSORTED COLOUR BIRD ORNAMENT,METAL SIGN TAKE IT OR LEAVE IT 
13674,WHITE HANGING HEART T-LIGHT HOLDER,REGENCY CAKESTAND 3 TIER,ASSORTED COLOUR BIRD ORNAMENT,PARTY BUNTING,VINTAGE UNION JACK BUNTING
13675,BATHROOM METAL SIGN,GIN + TONIC DIET METAL SIGN,REGENCY CAKESTAND 3 TIER,ASSORTED COLOUR BIRD ORNAMENT,VINTAGE UNION JACK BUNTING
13676,WHITE HANGING HEART T-LIGHT HOLDER,REGENCY CAKESTAND 3 TIER,ASSORTED COLOUR BIRD ORNAMENT,PARTY BUNTING,VINTAGE UNION JACK BUNTING
13677,JUMBO BAG RED RETROSPOT,LUNCH BAG SUKI  DESIGN ,LUNCH BAG CARS BLUE,LUNCH BAG SPACEBOY DESIGN ,LUNCH BAG PINK POLKADOT
13678,WHITE HANGING HEART T-LIGHT HOLDER,REGENCY CAKESTAND 3 TIER,ASSORTED COLOUR BIRD ORNAMENT,PARTY BUNTING,VINTAGE UNION JACK BUNTING
13679,WOODEN PICTURE FRAME WHITE FINISH,JUMBO STORAGE BAG SUKI,JUMBO BAG PINK POLKADOT,JUMBO BAG RED RETROSPOT,WOOD S/3 CABINET ANT WHITE FINISH
13680,JUMBO BAG RED RETROSPOT,PACK OF 72 RETROSPOT CAKE CASES,LUNCH BAG PINK POLKADOT,LUNCH BAG SUKI  DESIGN ,LUNCH BAG SPACEBOY DESIGN 
13681,GIN + TONIC DIET METAL SIGN,HOME BUILDING BLOCK WORD,REGENCY CAKESTAND 3 TIER,ASSORTED COLOUR BIRD ORNAMENT,PAPER CHAIN KIT 50'S CHRISTMAS 
13682,WHITE HANGING HEART T-LIGHT HOLDER,REGENCY CAKESTAND 3 TIER,ASSORTED COLOUR BIRD ORNAMENT,PARTY BUNTING,VINTAGE UNION JACK BUNTING
13683,REGENCY CAKESTAND 3 TIER,ASSORTED COLOUR BIRD ORNAMENT,PARTY BUNTING,VINTAGE UNION JACK BUNTING,BAKING SET 9 PIECE RETROSPOT 
13684,WHITE HANGING HEART T-LIGHT HOLDER,PICNIC BASKET WICKER SMALL,PARTY BUNTING,JUMBO BAG RED WHITE SPOTTY ,ASSORTED COLOUR BIRD ORNAMENT
13685,REGENCY CAKESTAND 3 TIER,WHITE HANGING HEART T-LIGHT HOLDER,"PAPER CRAFT , LITTLE BIRDIE",JUMBO BAG RED WHITE SPOTTY ,ASSORTED COLOUR BIRD ORNAMENT
13686,RED RETROSPOT CHARLOTTE BAG,SWEETHEART CERAMIC TRINKET BOX,WHITE HANGING HEART T-LIGHT HOLDER,REGENCY CAKESTAND 3 TIER,ASSORTED COLOUR BIRD ORNAMENT
13687,WHITE HANGING HEART T-LIGHT HOLDER,PICNIC BASKET WICKER SMALL,REGENCY CAKESTAND 3 TIER,PARTY BUNTING,JUMBO BAG RED WHITE SPOTTY 
13688,WHITE HANGING HEART T-LIGHT HOLDER,REGENCY CAKESTAND 3 TIER,ASSORTED COLOUR BIRD ORNAMENT,PARTY BUNTING,VINTAGE UNION JACK BUNTING
13689,JUMBO BAG STRAWBERRY,JUMBO  BAG BAROQUE BLACK WHITE,JUMBO BAG PINK POLKADOT,JUMBO SHOPPER VINTAGE RED PAISLEY,JUMBO BAG RED RETROSPOT
13690,WHITE HANGING HEART T-LIGHT HOLDER,REGENCY CAKESTAND 3 TIER,ASSORTED COLOUR BIRD ORNAMENT,PARTY BUNTING,VINTAGE UNION JACK BUNTING
13691,HAND WARMER SCOTTY DOG DESIGN,HAND WARMER BIRD DESIGN,HOT WATER BOTTLE TEA AND SYMPATHY,WHITE HANGING HEART T-LIGHT HOLDER,REGENCY CAKESTAND 3 TIER
13692,PINK CREAM FELT CRAFT TRINKET BOX ,WHITE HANGING HEART T-LIGHT HOLDER,PICNIC BASKET WICKER SMALL,REGENCY CAKESTAND 3 TIER,PARTY BUNTING
13693,SWEETHEART CERAMIC TRINKET BOX,GIN + TONIC DIET METAL SIGN,PICNIC BASKET WICKER SMALL,PARTY BUNTING,JUMBO BAG RED WHITE SPOTTY 
13694,JUMBO BAG RED RETROSPOT,PACK OF 72 RETROSPOT CAKE CASES,LUNCH BAG SUKI  DESIGN ,JUMBO BAG PINK POLKADOT,LUNCH BAG PINK POLKADOT
13695,HEART OF WICKER SMALL,REGENCY CAKESTAND 3 TIER,"PAPER CRAFT , LITTLE BIRDIE",JUMBO BAG RED WHITE SPOTTY ,MEDIUM CERAMIC TOP STORAGE JAR
13696,PACK OF 72 RETROSPOT CAKE CASES,JUMBO BAG RED RETROSPOT,LUNCH BAG PINK POLKADOT,LUNCH BAG WOODLAND,LUNCH BAG SUKI  DESIGN 
13697,HEART OF WICKER LARGE,WHITE HANGING HEART T-LIGHT HOLDER,CHOCOLATE HOT WATER BOTTLE,REGENCY CAKESTAND 3 TIER,ASSORTED COLOUR BIRD ORNAMENT
13698,LUNCH BAG SUKI  DESIGN ,LUNCH BAG WOODLAND,LUNCH BAG PINK POLKADOT,LUNCH BAG SPACEBOY DESIGN ,LUNCH BAG RED RETROSPOT
13699,GIN + TONIC DIET METAL SIGN,ASSORTED COLOUR BIRD ORNAMENT,PARTY BUNTING,VINTAGE UNION JACK BUNTING,BAKING SET 9 PIECE RETROSPOT 
13700,JUMBO STORAGE BAG SUKI,JUMBO BAG PINK POLKADOT,JUMBO BAG RED RETROSPOT,PACK OF 60 DINOSAUR CAKE CASES,72 SWEETHEART FAIRY CAKE CASES
13701,WHITE HANGING HEART T-LIGHT HOLDER,REGENCY CAKESTAND 3 TIER,ASSORTED COLOUR BIRD ORNAMENT,PARTY BUNTING,VINTAGE UNION JACK BUNTING
13702,WHITE HANGING HEART T-LIGHT HOLDER,REGENCY CAKESTAND 3 TIER,ASSORTED COLOUR BIRD ORNAMENT,PARTY BUNTING,VINTAGE UNION JACK BUNTING
13703,WHITE HANGING HEART T-LIGHT HOLDER,HOME BUILDING BLOCK WORD,REGENCY CAKESTAND 3 TIER,ASSORTED COLOUR BIRD ORNAMENT,PARTY BUNTING
13704,PINK REGENCY TEACUP AND SAUCER,60 TEATIME FAIRY CAKE CASES,PACK OF 72 RETROSPOT CAKE CASES,REGENCY CAKESTAND 3 TIER,HEART OF WICKER LARGE
13705,TOILET METAL SIGN,REGENCY CAKESTAND 3 TIER,WHITE HANGING HEART T-LIGHT HOLDER,"PAPER CRAFT , LITTLE BIRDIE",JUMBO BAG RED WHITE SPOTTY 
13706,WHITE HANGING HEART T-LIGHT HOLDER,REGENCY CAKESTAND 3 TIER,PARTY BUNTING,VINTAGE UNION JACK BUNTING,BAKING SET 9 PIECE RETROSPOT 
13707,VINTAGE HEADS AND TAILS CARD GAME ,PICNIC BASKET WICKER SMALL,REGENCY CAKESTAND 3 TIER,PARTY BUNTING,JUMBO BAG RED WHITE SPOTTY 
13708,LUNCH BAG WOODLAND,LUNCH BAG PINK POLKADOT,LUNCH BAG SUKI  DESIGN ,LUNCH BAG SPACEBOY DESIGN ,LUNCH BAG RED RETROSPOT
13709,JUMBO BAG RED RETROSPOT,LUNCH BAG SUKI  DESIGN ,PACK OF 72 RETROSPOT CAKE CASES,JUMBO BAG PINK POLKADOT,LUNCH BAG PINK POLKADOT
13710,REGENCY CAKESTAND 3 TIER,WHITE HANGING HEART T-LIGHT HOLDER,ASSORTED COLOUR BIRD ORNAMENT,PAPER CHAIN KIT 50'S CHRISTMAS ,BAKING SET 9 PIECE RETROSPOT 
13711,PICNIC BASKET WICKER SMALL,REGENCY CAKESTAND 3 TIER,PARTY BUNTING,JUMBO BAG RED WHITE SPOTTY ,ASSORTED COLOUR BIRD ORNAMENT
13712,PAPER CHAIN KIT VINTAGE CHRISTMAS,WHITE HANGING HEART T-LIGHT HOLDER,REGENCY CAKESTAND 3 TIER,ASSORTED COLOUR BIRD ORNAMENT,PARTY BUNTING
13713,WHITE HANGING HEART T-LIGHT HOLDER,PICNIC BASKET WICKER SMALL,REGENCY CAKESTAND 3 TIER,PARTY BUNTING,JUMBO BAG RED WHITE SPOTTY 
13714,WHITE HANGING HEART T-LIGHT HOLDER,REGENCY CAKESTAND 3 TIER,ASSORTED COLOUR BIRD ORNAMENT,PARTY BUNTING,VINTAGE UNION JACK BUNTING
13715,JUMBO BAG RED RETROSPOT,JUMBO BAG PINK POLKADOT,LUNCH BAG SUKI  DESIGN ,LUNCH BAG SPACEBOY DESIGN ,LUNCH BAG PINK POLKADOT
13716,REGENCY CAKESTAND 3 TIER,ASSORTED COLOUR BIRD ORNAMENT,PARTY BUNTING,VINTAGE UNION JACK BUNTING,BAKING SET 9 PIECE RETROSPOT 
13717,WHITE HANGING HEART T-LIGHT HOLDER,PICNIC BASKET WICKER SMALL,PARTY BUNTING,JUMBO BAG RED WHITE SPOTTY ,FAIRY CAKE FLANNEL ASSORTED COLOUR
13718,WHITE HANGING HEART T-LIGHT HOLDER,ASSORTED COLOUR BIRD ORNAMENT,PARTY BUNTING,VINTAGE UNION JACK BUNTING,BAKING SET 9 PIECE RETROSPOT 
13719,WHITE HANGING HEART T-LIGHT HOLDER,PAPER CHAIN KIT VINTAGE CHRISTMAS,HOME BUILDING BLOCK WORD,WOOD S/3 CABINET ANT WHITE FINISH,HEART OF WICKER SMALL
13720,WHITE HANGING HEART T-LIGHT HOLDER,PICNIC BASKET WICKER SMALL,REGENCY CAKESTAND 3 TIER,PARTY BUNTING,JUMBO BAG RED WHITE SPOTTY 
13721,REGENCY CAKESTAND 3 TIER,WHITE HANGING HEART T-LIGHT HOLDER,ASSORTED COLOUR BIRD ORNAMENT,PAPER CHAIN KIT 50'S CHRISTMAS ,BAKING SET 9 PIECE RETROSPOT 
13722,WHITE HANGING HEART T-LIGHT HOLDER,JUMBO BAG PINK POLKADOT,JUMBO STORAGE BAG SUKI,JUMBO BAG RED RETROSPOT,GIN + TONIC DIET METAL SIGN
13723,LUNCH BAG WOODLAND,LUNCH BAG PINK POLKADOT,LUNCH BAG SUKI  DESIGN ,LUNCH BAG SPACEBOY DESIGN ,LUNCH BAG  BLACK SKULL.
13724,JUMBO BAG RED RETROSPOT,CHOCOLATE HOT WATER BOTTLE,JUMBO BAG PINK VINTAGE PAISLEY,TOILET METAL SIGN,JUMBO BAG PINK POLKADOT
13725,LUNCH BAG SPACEBOY DESIGN ,LUNCH BAG PINK POLKADOT,LUNCH BAG SUKI  DESIGN ,LUNCH BAG  BLACK SKULL.,LUNCH BAG RED RETROSPOT
13726,JUMBO BAG RED RETROSPOT,REGENCY CAKESTAND 3 TIER,WHITE HANGING HEART T-LIGHT HOLDER,ASSORTED COLOUR BIRD ORNAMENT,PAPER CHAIN KIT 50'S CHRISTMAS 
13727,REGENCY CAKESTAND 3 TIER,WHITE HANGING HEART T-LIGHT HOLDER,ASSORTED COLOUR BIRD ORNAMENT,PAPER CHAIN KIT 50'S CHRISTMAS ,METAL SIGN TAKE IT OR LEAVE IT 
13728,PACK OF 72 RETROSPOT CAKE CASES,HAND WARMER OWL DESIGN,REGENCY CAKESTAND 3 TIER,WHITE HANGING HEART T-LIGHT HOLDER,"PAPER CRAFT , LITTLE BIRDIE"
13729,SWEETHEART CERAMIC TRINKET BOX,PACK OF 60 DINOSAUR CAKE CASES,72 SWEETHEART FAIRY CAKE CASES,PACK OF 60 PINK PAISLEY CAKE CASES,PACK OF 72 RETROSPOT CAKE CASES
13730,ALARM CLOCK BAKELIKE RED ,WHITE HANGING HEART T-LIGHT HOLDER,PARTY BUNTING,VINTAGE UNION JACK BUNTING,GRAND CHOCOLATECANDLE
13731,PINK REGENCY TEACUP AND SAUCER,WOODEN FRAME ANTIQUE WHITE ,WHITE HANGING HEART T-LIGHT HOLDER,VINTAGE HEADS AND TAILS CARD GAME ,VINTAGE UNION JACK BUNTING
13732,PACK OF 72 RETROSPOT CAKE CASES,60 TEATIME FAIRY CAKE CASES,REGENCY CAKESTAND 3 TIER,WHITE HANGING HEART T-LIGHT HOLDER,ASSORTED COLOUR BIRD ORNAMENT
13733,REGENCY CAKESTAND 3 TIER,ASSORTED COLOUR BIRD ORNAMENT,PARTY BUNTING,VINTAGE UNION JACK BUNTING,BAKING SET 9 PIECE RETROSPOT 
13734,JUMBO BAG RED RETROSPOT,JUMBO BAG PINK POLKADOT,JUMBO BAG STRAWBERRY,LUNCH BAG SUKI  DESIGN ,JUMBO BAG SCANDINAVIAN PAISLEY
13735,PINK BLUE FELT CRAFT TRINKET BOX,"PAPER CRAFT , LITTLE BIRDIE",JUMBO BAG RED WHITE SPOTTY ,MEDIUM CERAMIC TOP STORAGE JAR,PARTY BUNTING
13736,PACK OF 72 RETROSPOT CAKE CASES,LUNCH BAG PINK POLKADOT,LUNCH BAG SUKI  DESIGN ,LUNCH BAG SPACEBOY DESIGN ,LUNCH BAG RED RETROSPOT
13737,PINK REGENCY TEACUP AND SAUCER,GREEN REGENCY TEACUP AND SAUCER,WHITE HANGING HEART T-LIGHT HOLDER,ASSORTED COLOUR BIRD ORNAMENT,VINTAGE UNION JACK BUNTING
13738,ROSES REGENCY TEACUP AND SAUCER ,LOVE BUILDING BLOCK WORD,WHITE HANGING HEART T-LIGHT HOLDER,PINK CREAM FELT CRAFT TRINKET BOX ,CHOCOLATE HOT WATER BOTTLE
13739,REGENCY CAKESTAND 3 TIER,WHITE HANGING HEART T-LIGHT HOLDER,ASSORTED COLOUR BIRD ORNAMENT,PAPER CHAIN KIT 50'S CHRISTMAS ,BAKING SET 9 PIECE RETROSPOT 
13740,WHITE HANGING HEART T-LIGHT HOLDER,HAND WARMER OWL DESIGN,PINK BLUE FELT CRAFT TRINKET BOX,CHOCOLATE HOT WATER BOTTLE,GIN + TONIC DIET METAL SIGN
13741,SWEETHEART CERAMIC TRINKET BOX,REGENCY CAKESTAND 3 TIER,WHITE HANGING HEART T-LIGHT HOLDER,ASSORTED COLOUR BIRD ORNAMENT,PAPER CHAIN KIT 50'S CHRISTMAS 
13742,REGENCY CAKESTAND 3 TIER,"PAPER CRAFT , LITTLE BIRDIE",JUMBO BAG RED WHITE SPOTTY ,ASSORTED COLOUR BIRD ORNAMENT,MEDIUM CERAMIC TOP STORAGE JAR
13743,REGENCY CAKESTAND 3 TIER,WHITE HANGING HEART T-LIGHT HOLDER,ASSORTED COLOUR BIRD ORNAMENT,PAPER CHAIN KIT 50'S CHRISTMAS ,BAKING SET 9 PIECE RETROSPOT 
13744,WHITE HANGING HEART T-LIGHT HOLDER,PICNIC BASKET WICKER SMALL,REGENCY CAKESTAND 3 TIER,PARTY BUNTING,JUMBO BAG RED WHITE SPOTTY 
13745,WHITE HANGING HEART T-LIGHT HOLDER,REGENCY CAKESTAND 3 TIER,ASSORTED COLOUR BIRD ORNAMENT,PARTY BUNTING,VINTAGE UNION JACK BUNTING
13746,STRAWBERRY CERAMIC TRINKET BOX,WHITE HANGING HEART T-LIGHT HOLDER,ASSORTED COLOUR BIRD ORNAMENT,PARTY BUNTING,VINTAGE UNION JACK BUNTING
13747,WHITE HANGING HEART T-LIGHT HOLDER,REGENCY CAKESTAND 3 TIER,ASSORTED COLOUR BIRD ORNAMENT,PARTY BUNTING,VINTAGE UNION JACK BUNTING
13748,HAND WARMER OWL DESIGN,SWEETHEART CERAMIC TRINKET BOX,GIN + TONIC DIET METAL SIGN,PAPER CHAIN KIT VINTAGE CHRISTMAS,WHITE HANGING HEART T-LIGHT HOLDER
13750,ASSORTED COLOUR BIRD ORNAMENT,REGENCY CAKESTAND 3 TIER,WHITE HANGING HEART T-LIGHT HOLDER,"PAPER CRAFT , LITTLE BIRDIE",JUMBO BAG RED WHITE SPOTTY 
13751,WHITE HANGING HEART T-LIGHT HOLDER,REGENCY CAKESTAND 3 TIER,ASSORTED COLOUR BIRD ORNAMENT,PARTY BUNTING,VINTAGE UNION JACK BUNTING
13752,WHITE HANGING HEART T-LIGHT HOLDER,PICNIC BASKET WICKER SMALL,PARTY BUNTING,JUMBO BAG RED WHITE SPOTTY ,ASSORTED COLOUR BIRD ORNAMENT
13753,HEART OF WICKER LARGE,WHITE HANGING HEART T-LIGHT HOLDER,PICNIC BASKET WICKER SMALL,REGENCY CAKESTAND 3 TIER,JUMBO BAG RED WHITE SPOTTY 
13754,60 TEATIME FAIRY CAKE CASES,PACK OF 72 RETROSPOT CAKE CASES,HAND WARMER SCOTTY DOG DESIGN,HAND WARMER BIRD DESIGN,WHITE HANGING HEART T-LIGHT HOLDER
13755,LUNCH BAG PINK POLKADOT,LUNCH BAG WOODLAND,LUNCH BAG SUKI  DESIGN ,LUNCH BAG SPACEBOY DESIGN ,LUNCH BAG RED RETROSPOT
13756,WHITE HANGING HEART T-LIGHT HOLDER,"PAPER CRAFT , LITTLE BIRDIE",JUMBO BAG RED WHITE SPOTTY ,MEDIUM CERAMIC TOP STORAGE JAR,PAPER CHAIN KIT 50'S CHRISTMAS 
13757,WHITE HANGING HEART T-LIGHT HOLDER,REGENCY CAKESTAND 3 TIER,ASSORTED COLOUR BIRD ORNAMENT,PARTY BUNTING,VINTAGE UNION JACK BUNTING
13758,JUMBO BAG RED RETROSPOT,JUMBO BAG PINK POLKADOT,LUNCH BAG SUKI  DESIGN ,LUNCH BAG SPACEBOY DESIGN ,LUNCH BAG PINK POLKADOT
13759,PACK OF 72 RETROSPOT CAKE CASES,PACK OF 60 DINOSAUR CAKE CASES,72 SWEETHEART FAIRY CAKE CASES,WHITE HANGING HEART T-LIGHT HOLDER,PAPER CHAIN KIT 50'S CHRISTMAS 
13760,PACK OF 72 RETROSPOT CAKE CASES,60 TEATIME FAIRY CAKE CASES,ALARM CLOCK BAKELIKE RED ,WOOD 2 DRAWER CABINET WHITE FINISH,PINK BLUE FELT CRAFT TRINKET BOX
13761,LUNCH BAG SUKI  DESIGN ,SWEETHEART CERAMIC TRINKET BOX,LUNCH BAG PINK POLKADOT,LUNCH BAG WOODLAND,LUNCH BAG CARS BLUE
13762,PACK OF 60 DINOSAUR CAKE CASES,72 SWEETHEART FAIRY CAKE CASES,PACK OF 60 PINK PAISLEY CAKE CASES,PACK OF 72 RETROSPOT CAKE CASES,WHITE HANGING HEART T-LIGHT HOLDER
13763,LUNCH BAG SUKI  DESIGN ,LUNCH BAG PINK POLKADOT,LUNCH BAG SPACEBOY DESIGN ,LUNCH BAG  BLACK SKULL.,LUNCH BAG RED RETROSPOT
13764,JUMBO BAG RED RETROSPOT,JUMBO BAG PINK POLKADOT,PACK OF 72 RETROSPOT CAKE CASES,LUNCH BAG SUKI  DESIGN ,LUNCH BAG PINK POLKADOT
13765,WHITE HANGING HEART T-LIGHT HOLDER,REGENCY CAKESTAND 3 TIER,ASSORTED COLOUR BIRD ORNAMENT,PARTY BUNTING,VINTAGE UNION JACK BUNTING
13766,PACK OF 72 RETROSPOT CAKE CASES,WHITE HANGING HEART T-LIGHT HOLDER,REGENCY CAKESTAND 3 TIER,ASSORTED COLOUR BIRD ORNAMENT,PARTY BUNTING
13767,PACK OF 72 RETROSPOT CAKE CASES,PACK OF 60 DINOSAUR CAKE CASES,CHOCOLATE HOT WATER BOTTLE,"PAPER CRAFT , LITTLE BIRDIE",JUMBO BAG RED WHITE SPOTTY 
13768,ASSORTED COLOUR BIRD ORNAMENT,HOME BUILDING BLOCK WORD,WHITE HANGING HEART T-LIGHT HOLDER,REGENCY CAKESTAND 3 TIER,PARTY BUNTING
13769,WOODEN PICTURE FRAME WHITE FINISH,REGENCY CAKESTAND 3 TIER,"PAPER CRAFT , LITTLE BIRDIE",JUMBO BAG RED WHITE SPOTTY ,MEDIUM CERAMIC TOP STORAGE JAR
13770,HAND WARMER OWL DESIGN,HOT WATER BOTTLE TEA AND SYMPATHY,PICNIC BASKET WICKER SMALL,REGENCY CAKESTAND 3 TIER,PARTY BUNTING
13771,PACK OF 72 RETROSPOT CAKE CASES,ROSES REGENCY TEACUP AND SAUCER ,PACK OF 60 DINOSAUR CAKE CASES,PAPER CHAIN KIT 50'S CHRISTMAS ,CHOCOLATE HOT WATER BOTTLE
13772,JUMBO BAG RED RETROSPOT,PACK OF 72 RETROSPOT CAKE CASES,LUNCH BAG SUKI  DESIGN ,JUMBO BAG PINK POLKADOT,LUNCH BAG PINK POLKADOT
13773,HEART OF WICKER SMALL,WHITE HANGING HEART T-LIGHT HOLDER,REGENCY CAKESTAND 3 TIER,ASSORTED COLOUR BIRD ORNAMENT,PARTY BUNTING
13774,PAPER CHAIN KIT 50'S CHRISTMAS ,60 TEATIME FAIRY CAKE CASES,PACK OF 72 RETROSPOT CAKE CASES,WHITE HANGING HEART T-LIGHT HOLDER,REGENCY CAKESTAND 3 TIER
13775,PACK OF 72 RETROSPOT CAKE CASES,72 SWEETHEART FAIRY CAKE CASES,PACK OF 60 PINK PAISLEY CAKE CASES,WHITE HANGING HEART T-LIGHT HOLDER,REGENCY CAKESTAND 3 TIER
13777,SWEETHEART CERAMIC TRINKET BOX,LUNCH BAG PINK POLKADOT,LUNCH BAG WOODLAND,LUNCH BAG SUKI  DESIGN ,LUNCH BAG CARS BLUE
13778,LUNCH BAG WOODLAND,LUNCH BAG PINK POLKADOT,LUNCH BAG SUKI  DESIGN ,LUNCH BAG SPACEBOY DESIGN ,LUNCH BAG  BLACK SKULL.
13779,WHITE HANGING HEART T-LIGHT HOLDER,REGENCY CAKESTAND 3 TIER,ASSORTED COLOUR BIRD ORNAMENT,PARTY BUNTING,BAKING SET 9 PIECE RETROSPOT 
13780,JUMBO BAG PINK POLKADOT,JUMBO STORAGE BAG SUKI,JUMBO BAG RED RETROSPOT,LUNCH BAG WOODLAND,LUNCH BAG PINK POLKADOT
13781,CHOCOLATE HOT WATER BOTTLE,JUMBO STORAGE BAG SUKI,JUMBO BAG PINK POLKADOT,JUMBO BAG RED RETROSPOT,WOOD S/3 CABINET ANT WHITE FINISH
13782,SWEETHEART CERAMIC TRINKET BOX,HOME BUILDING BLOCK WORD,"PAPER CRAFT , LITTLE BIRDIE",JUMBO BAG RED WHITE SPOTTY ,MEDIUM CERAMIC TOP STORAGE JAR
13783,WHITE HANGING HEART T-LIGHT HOLDER,PICNIC BASKET WICKER SMALL,REGENCY CAKESTAND 3 TIER,PARTY BUNTING,JUMBO BAG RED WHITE SPOTTY 
13784,WOODEN PICTURE FRAME WHITE FINISH,WHITE HANGING HEART T-LIGHT HOLDER,GREEN REGENCY TEACUP AND SAUCER,ROSES REGENCY TEACUP AND SAUCER ,"PAPER CRAFT , LITTLE BIRDIE"
13785,WHITE HANGING HEART T-LIGHT HOLDER,PICNIC BASKET WICKER SMALL,REGENCY CAKESTAND 3 TIER,PARTY BUNTING,ASSORTED COLOUR BIRD ORNAMENT
13786,PACK OF 72 RETROSPOT CAKE CASES,JUMBO BAG PINK POLKADOT,JUMBO STORAGE BAG SUKI,JUMBO BAG RED RETROSPOT,PACK OF 60 DINOSAUR CAKE CASES
13787,WOODEN PICTURE FRAME WHITE FINISH,PICNIC BASKET WICKER SMALL,REGENCY CAKESTAND 3 TIER,PARTY BUNTING,JUMBO BAG RED WHITE SPOTTY 
13788,WHITE HANGING HEART T-LIGHT HOLDER,REGENCY CAKESTAND 3 TIER,ASSORTED COLOUR BIRD ORNAMENT,PARTY BUNTING,VINTAGE UNION JACK BUNTING
13789,VINTAGE HEADS AND TAILS CARD GAME ,WHITE HANGING HEART T-LIGHT HOLDER,REGENCY CAKESTAND 3 TIER,ASSORTED COLOUR BIRD ORNAMENT,PARTY BUNTING
13790,REGENCY CAKESTAND 3 TIER,WHITE HANGING HEART T-LIGHT HOLDER,ASSORTED COLOUR BIRD ORNAMENT,PAPER CHAIN KIT 50'S CHRISTMAS ,BAKING SET 9 PIECE RETROSPOT 
13791,LUNCH BAG WOODLAND,LUNCH BAG PINK POLKADOT,LUNCH BAG SUKI  DESIGN ,LUNCH BAG SPACEBOY DESIGN ,LUNCH BAG RED RETROSPOT
13792,WOODEN FRAME ANTIQUE WHITE ,WHITE HANGING HEART T-LIGHT HOLDER,PINK REGENCY TEACUP AND SAUCER,ROSES REGENCY TEACUP AND SAUCER ,REGENCY CAKESTAND 3 TIER
13793,JUMBO BAG PINK POLKADOT,JUMBO STORAGE BAG SUKI,JUMBO BAG RED RETROSPOT,WHITE HANGING HEART T-LIGHT HOLDER,REGENCY CAKESTAND 3 TIER
13794,REGENCY CAKESTAND 3 TIER,ASSORTED COLOUR BIRD ORNAMENT,PARTY BUNTING,VINTAGE UNION JACK BUNTING,BAKING SET 9 PIECE RETROSPOT 
13795,PACK OF 72 RETROSPOT CAKE CASES,PACK OF 60 DINOSAUR CAKE CASES,PACK OF 60 PINK PAISLEY CAKE CASES,PINK BLUE FELT CRAFT TRINKET BOX,WHITE HANGING HEART T-LIGHT HOLDER
13796,PACK OF 60 DINOSAUR CAKE CASES,72 SWEETHEART FAIRY CAKE CASES,PACK OF 60 PINK PAISLEY CAKE CASES,PACK OF 72 RETROSPOT CAKE CASES,LUNCH BAG PINK POLKADOT
13797,WHITE HANGING HEART T-LIGHT HOLDER,VINTAGE SNAP CARDS,PICNIC BASKET WICKER SMALL,PARTY BUNTING,JUMBO BAG RED WHITE SPOTTY 
13798,JUMBO BAG RED RETROSPOT,JUMBO STORAGE BAG SUKI,JUMBO BAG PINK POLKADOT,LUNCH BAG PINK POLKADOT,LUNCH BAG WOODLAND
13799,PICNIC BASKET WICKER SMALL,REGENCY CAKESTAND 3 TIER,PARTY BUNTING,JUMBO BAG RED WHITE SPOTTY ,ASSORTED COLOUR BIRD ORNAMENT
13800,PINK REGENCY TEACUP AND SAUCER,LOVE BUILDING BLOCK WORD,WHITE HANGING HEART T-LIGHT HOLDER,PICNIC BASKET WICKER SMALL,PARTY BUNTING
13801,HEART OF WICKER SMALL,WHITE HANGING HEART T-LIGHT HOLDER,TOILET METAL SIGN,REGENCY CAKESTAND 3 TIER,ASSORTED COLOUR BIRD ORNAMENT
13802,JUMBO BAG RED RETROSPOT,LUNCH BAG SPACEBOY DESIGN ,LUNCH BAG PINK POLKADOT,LUNCH BAG SUKI  DESIGN ,LUNCH BAG RED RETROSPOT
13803,PINK BLUE FELT CRAFT TRINKET BOX,PICNIC BASKET WICKER SMALL,REGENCY CAKESTAND 3 TIER,JUMBO BAG RED WHITE SPOTTY ,FAIRY CAKE FLANNEL ASSORTED COLOUR
13804,60 TEATIME FAIRY CAKE CASES,PACK OF 72 RETROSPOT CAKE CASES,HOT WATER BOTTLE TEA AND SYMPATHY,REGENCY CAKESTAND 3 TIER,WHITE HANGING HEART T-LIGHT HOLDER
13805,REGENCY CAKESTAND 3 TIER,WHITE HANGING HEART T-LIGHT HOLDER,ASSORTED COLOUR BIRD ORNAMENT,PAPER CHAIN KIT 50'S CHRISTMAS ,BAKING SET 9 PIECE RETROSPOT 
13806,WHITE HANGING HEART T-LIGHT HOLDER,REGENCY CAKESTAND 3 TIER,ASSORTED COLOUR BIRD ORNAMENT,PARTY BUNTING,VINTAGE UNION JACK BUNTING
13807,HEART OF WICKER LARGE,REGENCY CAKESTAND 3 TIER,ASSORTED COLOUR BIRD ORNAMENT,PARTY BUNTING,VINTAGE UNION JACK BUNTING
13808,WOODEN PICTURE FRAME WHITE FINISH,WHITE HANGING HEART T-LIGHT HOLDER,REGENCY CAKESTAND 3 TIER,PAPER CHAIN KIT 50'S CHRISTMAS ,BAKING SET 9 PIECE RETROSPOT 
13809,PICNIC BASKET WICKER SMALL,PARTY BUNTING,JUMBO BAG RED WHITE SPOTTY ,ASSORTED COLOUR BIRD ORNAMENT,FAIRY CAKE FLANNEL ASSORTED COLOUR
13810,REGENCY CAKESTAND 3 TIER,WHITE HANGING HEART T-LIGHT HOLDER,ASSORTED COLOUR BIRD ORNAMENT,PAPER CHAIN KIT 50'S CHRISTMAS ,BAKING SET 9 PIECE RETROSPOT 
13811,WHITE HANGING HEART T-LIGHT HOLDER,REGENCY CAKESTAND 3 TIER,ASSORTED COLOUR BIRD ORNAMENT,PARTY BUNTING,VINTAGE UNION JACK BUNTING
13812,REGENCY CAKESTAND 3 TIER,WHITE HANGING HEART T-LIGHT HOLDER,ASSORTED COLOUR BIRD ORNAMENT,PAPER CHAIN KIT 50'S CHRISTMAS ,METAL SIGN TAKE IT OR LEAVE IT 
13813,WHITE HANGING HEART T-LIGHT HOLDER,PICNIC BASKET WICKER SMALL,REGENCY CAKESTAND 3 TIER,PARTY BUNTING,JUMBO BAG RED WHITE SPOTTY 
13814,JUMBO BAG STRAWBERRY,JUMBO  BAG BAROQUE BLACK WHITE,JUMBO BAG PINK POLKADOT,JUMBO SHOPPER VINTAGE RED PAISLEY,JUMBO BAG RED RETROSPOT
13815,JUMBO BAG RED RETROSPOT,JUMBO STORAGE BAG SUKI,JUMBO BAG PINK POLKADOT,LUNCH BAG CARS BLUE,LUNCH BAG SPACEBOY DESIGN 
13816,REGENCY CAKESTAND 3 TIER,WHITE HANGING HEART T-LIGHT HOLDER,ASSORTED COLOUR BIRD ORNAMENT,PAPER CHAIN KIT 50'S CHRISTMAS ,BAKING SET 9 PIECE RETROSPOT 
13817,REGENCY CAKESTAND 3 TIER,WHITE HANGING HEART T-LIGHT HOLDER,ASSORTED COLOUR BIRD ORNAMENT,PAPER CHAIN KIT 50'S CHRISTMAS ,BAKING SET 9 PIECE RETROSPOT 
13818,WHITE HANGING HEART T-LIGHT HOLDER,REGENCY CAKESTAND 3 TIER,ASSORTED COLOUR BIRD ORNAMENT,PARTY BUNTING,VINTAGE UNION JACK BUNTING
13819,PACK OF 72 RETROSPOT CAKE CASES,JUMBO BAG RED RETROSPOT,LUNCH BAG SUKI  DESIGN ,JUMBO BAG PINK POLKADOT,LUNCH BAG CARS BLUE
13820,WHITE HANGING HEART T-LIGHT HOLDER,REGENCY CAKESTAND 3 TIER,VINTAGE UNION JACK BUNTING,BAKING SET 9 PIECE RETROSPOT ,GRAND CHOCOLATECANDLE
13821,JUMBO BAG RED RETROSPOT,PACK OF 72 RETROSPOT CAKE CASES,JUMBO BAG PINK POLKADOT,PACK OF 60 DINOSAUR CAKE CASES,JUMBO  BAG BAROQUE BLACK WHITE
13822,REGENCY CAKESTAND 3 TIER,ASSORTED COLOUR BIRD ORNAMENT,PAPER CHAIN KIT 50'S CHRISTMAS ,BAKING SET 9 PIECE RETROSPOT ,METAL SIGN TAKE IT OR LEAVE IT 
13823,HOT WATER BOTTLE TEA AND SYMPATHY,GIN + TONIC DIET METAL SIGN,REGENCY CAKESTAND 3 TIER,"PAPER CRAFT , LITTLE BIRDIE",JUMBO BAG RED WHITE SPOTTY 
13824,LUNCH BAG PINK POLKADOT,LUNCH BAG SUKI  DESIGN ,LUNCH BAG SPACEBOY DESIGN ,LUNCH BAG RED RETROSPOT,JUMBO BAG PINK POLKADOT
13825,REGENCY CAKESTAND 3 TIER,ASSORTED COLOUR BIRD ORNAMENT,PARTY BUNTING,VINTAGE UNION JACK BUNTING,PAPER CHAIN KIT 50'S CHRISTMAS 
13826,PACK OF 60 DINOSAUR CAKE CASES,72 SWEETHEART FAIRY CAKE CASES,PACK OF 60 PINK PAISLEY CAKE CASES,PACK OF 72 RETROSPOT CAKE CASES,WHITE HANGING HEART T-LIGHT HOLDER
13827,WOOD 2 DRAWER CABINET WHITE FINISH,REGENCY CAKESTAND 3 TIER,ASSORTED COLOUR BIRD ORNAMENT,PAPER CHAIN KIT 50'S CHRISTMAS ,BAKING SET 9 PIECE RETROSPOT 
13828,LUNCH BAG PINK POLKADOT,LUNCH BAG WOODLAND,LUNCH BAG SUKI  DESIGN ,LUNCH BAG CARS BLUE,LUNCH BAG SPACEBOY DESIGN 
13829,WHITE HANGING HEART T-LIGHT HOLDER,REGENCY CAKESTAND 3 TIER,ASSORTED COLOUR BIRD ORNAMENT,PARTY BUNTING,VINTAGE UNION JACK BUNTING
13830,WHITE HANGING HEART T-LIGHT HOLDER,TOILET METAL SIGN,WOODEN PICTURE FRAME WHITE FINISH,LOVE BUILDING BLOCK WORD,ASSORTED COLOUR BIRD ORNAMENT
13831,GIN + TONIC DIET METAL SIGN,HOME BUILDING BLOCK WORD,HOT WATER BOTTLE TEA AND SYMPATHY,VINTAGE HEADS AND TAILS CARD GAME ,REGENCY CAKESTAND 3 TIER
13832,PAPER CHAIN KIT 50'S CHRISTMAS ,REGENCY CAKESTAND 3 TIER,WHITE HANGING HEART T-LIGHT HOLDER,ASSORTED COLOUR BIRD ORNAMENT,BAKING SET 9 PIECE RETROSPOT 
13833,HAND WARMER OWL DESIGN,PINK REGENCY TEACUP AND SAUCER,GREEN REGENCY TEACUP AND SAUCER,HEART OF WICKER SMALL,WHITE HANGING HEART T-LIGHT HOLDER
13834,JUMBO STORAGE BAG SUKI,JUMBO BAG PINK POLKADOT,JUMBO BAG RED RETROSPOT,REGENCY CAKESTAND 3 TIER,ASSORTED COLOUR BIRD ORNAMENT
13835,ALARM CLOCK BAKELIKE GREEN,JUMBO STORAGE BAG SUKI,JUMBO BAG PINK POLKADOT,JUMBO BAG RED RETROSPOT,REGENCY CAKESTAND 3 TIER
13836,WHITE HANGING HEART T-LIGHT HOLDER,REGENCY CAKESTAND 3 TIER,ASSORTED COLOUR BIRD ORNAMENT,PARTY BUNTING,VINTAGE UNION JACK BUNTING
13837,WHITE HANGING HEART T-LIGHT HOLDER,REGENCY CAKESTAND 3 TIER,ASSORTED COLOUR BIRD ORNAMENT,VINTAGE UNION JACK BUNTING,BAKING SET 9 PIECE RETROSPOT 
13838,WHITE HANGING HEART T-LIGHT HOLDER,PACK OF 72 RETROSPOT CAKE CASES,PINK REGENCY TEACUP AND SAUCER,JUMBO BAG RED RETROSPOT,WOODEN PICTURE FRAME WHITE FINISH
13839,WHITE HANGING HEART T-LIGHT HOLDER,REGENCY CAKESTAND 3 TIER,ASSORTED COLOUR BIRD ORNAMENT,PARTY BUNTING,VINTAGE UNION JACK BUNTING
13840,LUNCH BAG PINK POLKADOT,LUNCH BAG SUKI  DESIGN ,LUNCH BAG SPACEBOY DESIGN ,LUNCH BAG  BLACK SKULL.,LUNCH BAG RED RETROSPOT
13841,WHITE HANGING HEART T-LIGHT HOLDER,REGENCY CAKESTAND 3 TIER,ASSORTED COLOUR BIRD ORNAMENT,PARTY BUNTING,VINTAGE UNION JACK BUNTING
13842,PINK CREAM FELT CRAFT TRINKET BOX ,PINK REGENCY TEACUP AND SAUCER,GREEN REGENCY TEACUP AND SAUCER,"PAPER CRAFT , LITTLE BIRDIE",JUMBO BAG RED WHITE SPOTTY 
13843,TOILET METAL SIGN,HOME BUILDING BLOCK WORD,REGENCY CAKESTAND 3 TIER,ASSORTED COLOUR BIRD ORNAMENT,PARTY BUNTING
13844,HEART OF WICKER LARGE,WHITE HANGING HEART T-LIGHT HOLDER,VINTAGE HEADS AND TAILS CARD GAME ,PAPER CHAIN KIT VINTAGE CHRISTMAS,REGENCY CAKESTAND 3 TIER
13845,HEART OF WICKER SMALL,WHITE HANGING HEART T-LIGHT HOLDER,REGENCY CAKESTAND 3 TIER,ASSORTED COLOUR BIRD ORNAMENT,PARTY BUNTING
13846,ALARM CLOCK BAKELIKE GREEN,PACK OF 72 RETROSPOT CAKE CASES,REGENCY CAKESTAND 3 TIER,WHITE HANGING HEART T-LIGHT HOLDER,ASSORTED COLOUR BIRD ORNAMENT
13847,WHITE HANGING HEART T-LIGHT HOLDER,REGENCY CAKESTAND 3 TIER,ASSORTED COLOUR BIRD ORNAMENT,PARTY BUNTING,VINTAGE UNION JACK BUNTING
13848,WHITE HANGING HEART T-LIGHT HOLDER,PICNIC BASKET WICKER SMALL,REGENCY CAKESTAND 3 TIER,PARTY BUNTING,JUMBO BAG RED WHITE SPOTTY 
13849,WHITE HANGING HEART T-LIGHT HOLDER,RED RETROSPOT CHARLOTTE BAG,CHOCOLATE HOT WATER BOTTLE,PICNIC BASKET WICKER SMALL,PARTY BUNTING
13850,JUMBO BAG RED RETROSPOT,JUMBO BAG PINK POLKADOT,PACK OF 72 RETROSPOT CAKE CASES,ALARM CLOCK BAKELIKE RED ,PACK OF 60 DINOSAUR CAKE CASES
13851,PACK OF 72 RETROSPOT CAKE CASES,WOODEN FRAME ANTIQUE WHITE ,72 SWEETHEART FAIRY CAKE CASES,TOILET METAL SIGN,PICNIC BASKET WICKER SMALL
13852,PINK BLUE FELT CRAFT TRINKET BOX,WHITE HANGING HEART T-LIGHT HOLDER,REGENCY CAKESTAND 3 TIER,ASSORTED COLOUR BIRD ORNAMENT,PARTY BUNTING
13853,JUMBO BAG RED RETROSPOT,JUMBO BAG STRAWBERRY,JUMBO  BAG BAROQUE BLACK WHITE,JUMBO BAG PINK POLKADOT,JUMBO SHOPPER VINTAGE RED PAISLEY
13854,WHITE HANGING HEART T-LIGHT HOLDER,PACK OF 72 RETROSPOT CAKE CASES,GREEN REGENCY TEACUP AND SAUCER,SWEETHEART CERAMIC TRINKET BOX,HEART OF WICKER LARGE
13855,LUNCH BAG PINK POLKADOT,LUNCH BAG SUKI  DESIGN ,LUNCH BAG SPACEBOY DESIGN ,LUNCH BAG RED RETROSPOT,WHITE HANGING HEART T-LIGHT HOLDER
13856,RED RETROSPOT CHARLOTTE BAG,HEART OF WICKER SMALL,WHITE HANGING HEART T-LIGHT HOLDER,TOILET METAL SIGN,PICNIC BASKET WICKER SMALL
13857,PACK OF 72 RETROSPOT CAKE CASES,60 TEATIME FAIRY CAKE CASES,HEART OF WICKER LARGE,WHITE HANGING HEART T-LIGHT HOLDER,PICNIC BASKET WICKER SMALL
13858,LOVE BUILDING BLOCK WORD,WHITE HANGING HEART T-LIGHT HOLDER,REGENCY CAKESTAND 3 TIER,ASSORTED COLOUR BIRD ORNAMENT,PARTY BUNTING
13859,HEART OF WICKER SMALL,LOVE BUILDING BLOCK WORD,ASSORTED COLOUR BIRD ORNAMENT,PARTY BUNTING,VINTAGE UNION JACK BUNTING
13860,WHITE HANGING HEART T-LIGHT HOLDER,LUNCH BAG CARS BLUE,LUNCH BAG SPACEBOY DESIGN ,LUNCH BAG PINK POLKADOT,LUNCH BAG SUKI  DESIGN 
13861,WHITE HANGING HEART T-LIGHT HOLDER,REGENCY CAKESTAND 3 TIER,ASSORTED COLOUR BIRD ORNAMENT,PARTY BUNTING,VINTAGE UNION JACK BUNTING
13862,PACK OF 72 RETROSPOT CAKE CASES,LUNCH BAG PINK POLKADOT,LUNCH BAG WOODLAND,LUNCH BAG SUKI  DESIGN ,LUNCH BAG SPACEBOY DESIGN 
13863,RED RETROSPOT CHARLOTTE BAG,WHITE HANGING HEART T-LIGHT HOLDER,PICNIC BASKET WICKER SMALL,REGENCY CAKESTAND 3 TIER,PARTY BUNTING
13864,WHITE HANGING HEART T-LIGHT HOLDER,REGENCY CAKESTAND 3 TIER,ASSORTED COLOUR BIRD ORNAMENT,PARTY BUNTING,VINTAGE UNION JACK BUNTING
13865,ROSES REGENCY TEACUP AND SAUCER ,WHITE HANGING HEART T-LIGHT HOLDER,PAPER CHAIN KIT 50'S CHRISTMAS ,BAKING SET 9 PIECE RETROSPOT ,METAL SIGN TAKE IT OR LEAVE IT 
13866,WHITE HANGING HEART T-LIGHT HOLDER,REGENCY CAKESTAND 3 TIER,PARTY BUNTING,VINTAGE UNION JACK BUNTING,BAKING SET 9 PIECE RETROSPOT 
13867,SWEETHEART CERAMIC TRINKET BOX,HEART OF WICKER LARGE,REGENCY CAKESTAND 3 TIER,ASSORTED COLOUR BIRD ORNAMENT,PAPER CHAIN KIT 50'S CHRISTMAS 
13868,60 TEATIME FAIRY CAKE CASES,PACK OF 72 RETROSPOT CAKE CASES,WHITE HANGING HEART T-LIGHT HOLDER,ASSORTED COLOUR BIRD ORNAMENT,PAPER CHAIN KIT 50'S CHRISTMAS 
13869,LUNCH BAG WOODLAND,LUNCH BAG PINK POLKADOT,LUNCH BAG SUKI  DESIGN ,LUNCH BAG SPACEBOY DESIGN ,LUNCH BAG  BLACK SKULL.
13870,LUNCH BAG CARS BLUE,LUNCH BAG SPACEBOY DESIGN ,LUNCH BAG PINK POLKADOT,LUNCH BAG SUKI  DESIGN ,LUNCH BAG  BLACK SKULL.
13871,WHITE HANGING HEART T-LIGHT HOLDER,JUMBO BAG RED RETROSPOT,LOVE BUILDING BLOCK WORD,PINK 3 PIECE MINI DOTS CUTLERY SET,JUMBO BAG SCANDINAVIAN PAISLEY
13872,HEART OF WICKER LARGE,WHITE HANGING HEART T-LIGHT HOLDER,CHOCOLATE HOT WATER BOTTLE,VINTAGE HEADS AND TAILS CARD GAME ,PARTY BUNTING
13873,WOODEN PICTURE FRAME WHITE FINISH,WHITE HANGING HEART T-LIGHT HOLDER,PICNIC BASKET WICKER SMALL,PARTY BUNTING,JUMBO BAG RED WHITE SPOTTY 
13874,JUMBO BAG PINK POLKADOT,JUMBO STORAGE BAG SUKI,JUMBO BAG RED RETROSPOT,STRAWBERRY CERAMIC TRINKET BOX,PICNIC BASKET WICKER SMALL
13875,JUMBO BAG RED RETROSPOT,LUNCH BAG SUKI  DESIGN ,PACK OF 72 RETROSPOT CAKE CASES,JUMBO BAG PINK POLKADOT,SWEETHEART CERAMIC TRINKET BOX
13876,WHITE HANGING HEART T-LIGHT HOLDER,REGENCY CAKESTAND 3 TIER,ASSORTED COLOUR BIRD ORNAMENT,PARTY BUNTING,VINTAGE UNION JACK BUNTING
13877,REGENCY CAKESTAND 3 TIER,WHITE HANGING HEART T-LIGHT HOLDER,ASSORTED COLOUR BIRD ORNAMENT,PAPER CHAIN KIT 50'S CHRISTMAS ,BAKING SET 9 PIECE RETROSPOT 
13878,WHITE HANGING HEART T-LIGHT HOLDER,PICNIC BASKET WICKER SMALL,JUMBO BAG RED WHITE SPOTTY ,ASSORTED COLOUR BIRD ORNAMENT,FAIRY CAKE FLANNEL ASSORTED COLOUR
13879,WHITE HANGING HEART T-LIGHT HOLDER,REGENCY CAKESTAND 3 TIER,ASSORTED COLOUR BIRD ORNAMENT,PARTY BUNTING,VINTAGE UNION JACK BUNTING
13880,"PAPER CRAFT , LITTLE BIRDIE",JUMBO BAG RED WHITE SPOTTY ,ASSORTED COLOUR BIRD ORNAMENT,MEDIUM CERAMIC TOP STORAGE JAR,CHILLI LIGHTS
13881,60 TEATIME FAIRY CAKE CASES,PACK OF 72 RETROSPOT CAKE CASES,PINK 3 PIECE MINI DOTS CUTLERY SET,JUMBO BAG PINK POLKADOT,JUMBO STORAGE BAG SUKI
13882,REGENCY CAKESTAND 3 TIER,WHITE HANGING HEART T-LIGHT HOLDER,ASSORTED COLOUR BIRD ORNAMENT,PAPER CHAIN KIT 50'S CHRISTMAS ,BAKING SET 9 PIECE RETROSPOT 
13883,PACK OF 72 RETROSPOT CAKE CASES,WHITE HANGING HEART T-LIGHT HOLDER,72 SWEETHEART FAIRY CAKE CASES,HOT WATER BOTTLE TEA AND SYMPATHY,PAPER CHAIN KIT 50'S CHRISTMAS 
13884,LOVE BUILDING BLOCK WORD,CHOCOLATE HOT WATER BOTTLE,HAND WARMER SCOTTY DOG DESIGN,HEART OF WICKER SMALL,"PAPER CRAFT , LITTLE BIRDIE"
13885,WHITE HANGING HEART T-LIGHT HOLDER,WOODEN FRAME ANTIQUE WHITE ,WOOD 2 DRAWER CABINET WHITE FINISH,TOILET METAL SIGN,REGENCY CAKESTAND 3 TIER
13886,CHOCOLATE HOT WATER BOTTLE,HEART OF WICKER LARGE,WHITE HANGING HEART T-LIGHT HOLDER,REGENCY CAKESTAND 3 TIER,ASSORTED COLOUR BIRD ORNAMENT
13887,WHITE HANGING HEART T-LIGHT HOLDER,REGENCY CAKESTAND 3 TIER,ASSORTED COLOUR BIRD ORNAMENT,PARTY BUNTING,VINTAGE UNION JACK BUNTING
13888,HEART OF WICKER SMALL,PICNIC BASKET WICKER SMALL,REGENCY CAKESTAND 3 TIER,JUMBO BAG RED WHITE SPOTTY ,ASSORTED COLOUR BIRD ORNAMENT
13889,HOT WATER BOTTLE TEA AND SYMPATHY,PICNIC BASKET WICKER SMALL,REGENCY CAKESTAND 3 TIER,PARTY BUNTING,JUMBO BAG RED WHITE SPOTTY 
13890,PINK BLUE FELT CRAFT TRINKET BOX,HEART OF WICKER LARGE,WHITE HANGING HEART T-LIGHT HOLDER,REGENCY CAKESTAND 3 TIER,"PAPER CRAFT , LITTLE BIRDIE"
13891,PACK OF 72 RETROSPOT CAKE CASES,WHITE HANGING HEART T-LIGHT HOLDER,ALARM CLOCK BAKELIKE RED ,LUNCH BAG PINK POLKADOT,LUNCH BAG WOODLAND
13892,PINK REGENCY TEACUP AND SAUCER,GREEN REGENCY TEACUP AND SAUCER,REGENCY CAKESTAND 3 TIER,VINTAGE SNAP CARDS,WHITE HANGING HEART T-LIGHT HOLDER
13893,WHITE HANGING HEART T-LIGHT HOLDER,REGENCY CAKESTAND 3 TIER,ASSORTED COLOUR BIRD ORNAMENT,PARTY BUNTING,BAKING SET 9 PIECE RETROSPOT 
13894,ASSORTED COLOUR BIRD ORNAMENT,PAPER CHAIN KIT 50'S CHRISTMAS ,BAKING SET 9 PIECE RETROSPOT ,METAL SIGN TAKE IT OR LEAVE IT ,RABBIT NIGHT LIGHT
13895,HAND WARMER OWL DESIGN,PINK 3 PIECE MINI DOTS CUTLERY SET,"PAPER CRAFT , LITTLE BIRDIE",JUMBO BAG RED WHITE SPOTTY ,MEDIUM CERAMIC TOP STORAGE JAR
13896,WHITE HANGING HEART T-LIGHT HOLDER,REGENCY CAKESTAND 3 TIER,ASSORTED COLOUR BIRD ORNAMENT,PARTY BUNTING,VINTAGE UNION JACK BUNTING
13897,ROSES REGENCY TEACUP AND SAUCER ,PAPER CHAIN KIT 50'S CHRISTMAS ,HEART OF WICKER SMALL,WHITE HANGING HEART T-LIGHT HOLDER,HOT WATER BOTTLE TEA AND SYMPATHY
13898,SWEETHEART CERAMIC TRINKET BOX,PACK OF 60 DINOSAUR CAKE CASES,72 SWEETHEART FAIRY CAKE CASES,PACK OF 60 PINK PAISLEY CAKE CASES,PACK OF 72 RETROSPOT CAKE CASES
13899,VINTAGE HEADS AND TAILS CARD GAME ,WHITE HANGING HEART T-LIGHT HOLDER,PAPER CHAIN KIT 50'S CHRISTMAS ,BAKING SET 9 PIECE RETROSPOT ,METAL SIGN TAKE IT OR LEAVE IT 
13900,STRAWBERRY CERAMIC TRINKET BOX,PICNIC BASKET WICKER SMALL,REGENCY CAKESTAND 3 TIER,PARTY BUNTING,JUMBO BAG RED WHITE SPOTTY 
13901,HAND WARMER OWL DESIGN,REGENCY CAKESTAND 3 TIER,HEART OF WICKER SMALL,"PAPER CRAFT , LITTLE BIRDIE",JUMBO BAG RED WHITE SPOTTY 
13902,WHITE HANGING HEART T-LIGHT HOLDER,PICNIC BASKET WICKER SMALL,REGENCY CAKESTAND 3 TIER,PARTY BUNTING,JUMBO BAG RED WHITE SPOTTY 
13903,WHITE HANGING HEART T-LIGHT HOLDER,REGENCY CAKESTAND 3 TIER,ASSORTED COLOUR BIRD ORNAMENT,PARTY BUNTING,VINTAGE UNION JACK BUNTING
13904,60 TEATIME FAIRY CAKE CASES,PACK OF 72 RETROSPOT CAKE CASES,PAPER CHAIN KIT VINTAGE CHRISTMAS,REGENCY CAKESTAND 3 TIER,WHITE HANGING HEART T-LIGHT HOLDER
13905,WHITE HANGING HEART T-LIGHT HOLDER,REGENCY CAKESTAND 3 TIER,ASSORTED COLOUR BIRD ORNAMENT,PARTY BUNTING,VINTAGE UNION JACK BUNTING
13906,WHITE HANGING HEART T-LIGHT HOLDER,REGENCY CAKESTAND 3 TIER,ASSORTED COLOUR BIRD ORNAMENT,PARTY BUNTING,VINTAGE UNION JACK BUNTING
13907,WHITE HANGING HEART T-LIGHT HOLDER,REGENCY CAKESTAND 3 TIER,ASSORTED COLOUR BIRD ORNAMENT,PARTY BUNTING,VINTAGE UNION JACK BUNTING
13908,PACK OF 60 DINOSAUR CAKE CASES,72 SWEETHEART FAIRY CAKE CASES,PACK OF 60 PINK PAISLEY CAKE CASES,PACK OF 72 RETROSPOT CAKE CASES,CHOCOLATE HOT WATER BOTTLE
13909,WHITE HANGING HEART T-LIGHT HOLDER,REGENCY CAKESTAND 3 TIER,ASSORTED COLOUR BIRD ORNAMENT,PARTY BUNTING,VINTAGE UNION JACK BUNTING
13911,WOODEN FRAME ANTIQUE WHITE ,PACK OF 60 DINOSAUR CAKE CASES,72 SWEETHEART FAIRY CAKE CASES,PACK OF 60 PINK PAISLEY CAKE CASES,PACK OF 72 RETROSPOT CAKE CASES
13912,WHITE HANGING HEART T-LIGHT HOLDER,REGENCY CAKESTAND 3 TIER,ASSORTED COLOUR BIRD ORNAMENT,PARTY BUNTING,VINTAGE UNION JACK BUNTING
13913,WHITE HANGING HEART T-LIGHT HOLDER,PARTY BUNTING,VINTAGE UNION JACK BUNTING,BAKING SET 9 PIECE RETROSPOT ,GRAND CHOCOLATECANDLE
13914,HAND WARMER SCOTTY DOG DESIGN,HAND WARMER BIRD DESIGN,LOVE BUILDING BLOCK WORD,WHITE HANGING HEART T-LIGHT HOLDER,REGENCY CAKESTAND 3 TIER
13915,WHITE HANGING HEART T-LIGHT HOLDER,REGENCY CAKESTAND 3 TIER,ASSORTED COLOUR BIRD ORNAMENT,PARTY BUNTING,VINTAGE UNION JACK BUNTING
13916,WOOD S/3 CABINET ANT WHITE FINISH,JUMBO BAG PINK VINTAGE PAISLEY,JUMBO BAG RED RETROSPOT,PICNIC BASKET WICKER SMALL,REGENCY CAKESTAND 3 TIER
13917,HAND WARMER SCOTTY DOG DESIGN,REGENCY CAKESTAND 3 TIER,WHITE HANGING HEART T-LIGHT HOLDER,ASSORTED COLOUR BIRD ORNAMENT,PAPER CHAIN KIT 50'S CHRISTMAS 
13918,PINK REGENCY TEACUP AND SAUCER,GREEN REGENCY TEACUP AND SAUCER,REGENCY CAKESTAND 3 TIER,WHITE HANGING HEART T-LIGHT HOLDER,ASSORTED COLOUR BIRD ORNAMENT
13919,60 TEATIME FAIRY CAKE CASES,PACK OF 72 RETROSPOT CAKE CASES,PINK 3 PIECE MINI DOTS CUTLERY SET,WHITE HANGING HEART T-LIGHT HOLDER,PICNIC BASKET WICKER SMALL
13920,PACK OF 72 RETROSPOT CAKE CASES,WHITE HANGING HEART T-LIGHT HOLDER,PICNIC BASKET WICKER SMALL,REGENCY CAKESTAND 3 TIER,PARTY BUNTING
13921,WOOD 2 DRAWER CABINET WHITE FINISH,PICNIC BASKET WICKER SMALL,REGENCY CAKESTAND 3 TIER,PARTY BUNTING,JUMBO BAG RED WHITE SPOTTY 
13922,HAND WARMER OWL DESIGN,LUNCH BAG PINK POLKADOT,LUNCH BAG WOODLAND,LUNCH BAG SUKI  DESIGN ,LUNCH BAG CARS BLUE
13923,REGENCY CAKESTAND 3 TIER,WHITE HANGING HEART T-LIGHT HOLDER,ASSORTED COLOUR BIRD ORNAMENT,PAPER CHAIN KIT 50'S CHRISTMAS ,BAKING SET 9 PIECE RETROSPOT 
13924,WHITE HANGING HEART T-LIGHT HOLDER,TOILET METAL SIGN,REGENCY CAKESTAND 3 TIER,PAPER CHAIN KIT 50'S CHRISTMAS ,RABBIT NIGHT LIGHT
13925,PACK OF 72 RETROSPOT CAKE CASES,60 TEATIME FAIRY CAKE CASES,WHITE HANGING HEART T-LIGHT HOLDER,PICNIC BASKET WICKER SMALL,REGENCY CAKESTAND 3 TIER
13926,HEART OF WICKER SMALL,WHITE HANGING HEART T-LIGHT HOLDER,PAPER CHAIN KIT 50'S CHRISTMAS ,REGENCY CAKESTAND 3 TIER,ASSORTED COLOUR BIRD ORNAMENT
13927,JUMBO STORAGE BAG SUKI,JUMBO BAG PINK POLKADOT,JUMBO BAG RED RETROSPOT,REGENCY CAKESTAND 3 TIER,WHITE HANGING HEART T-LIGHT HOLDER
13928,WOOD S/3 CABINET ANT WHITE FINISH,REGENCY CAKESTAND 3 TIER,ASSORTED COLOUR BIRD ORNAMENT,PAPER CHAIN KIT 50'S CHRISTMAS ,BAKING SET 9 PIECE RETROSPOT 
13929,WOODEN PICTURE FRAME WHITE FINISH,HOME BUILDING BLOCK WORD,PICNIC BASKET WICKER SMALL,PARTY BUNTING,JUMBO BAG RED WHITE SPOTTY 
13930,60 TEATIME FAIRY CAKE CASES,PACK OF 72 RETROSPOT CAKE CASES,REGENCY CAKESTAND 3 TIER,WHITE HANGING HEART T-LIGHT HOLDER,ASSORTED COLOUR BIRD ORNAMENT
13931,JUMBO BAG RED RETROSPOT,PACK OF 72 RETROSPOT CAKE CASES,JUMBO BAG PINK POLKADOT,SWEETHEART CERAMIC TRINKET BOX,JUMBO SHOPPER VINTAGE RED PAISLEY
13932,PINK REGENCY TEACUP AND SAUCER,GREEN REGENCY TEACUP AND SAUCER,WHITE HANGING HEART T-LIGHT HOLDER,ASSORTED COLOUR BIRD ORNAMENT,PARTY BUNTING
13933,WHITE HANGING HEART T-LIGHT HOLDER,REGENCY CAKESTAND 3 TIER,ASSORTED COLOUR BIRD ORNAMENT,PARTY BUNTING,VINTAGE UNION JACK BUNTING
13934,WHITE HANGING HEART T-LIGHT HOLDER,REGENCY CAKESTAND 3 TIER,ASSORTED COLOUR BIRD ORNAMENT,PARTY BUNTING,VINTAGE UNION JACK BUNTING
13935,SWEETHEART CERAMIC TRINKET BOX,ASSORTED COLOUR BIRD ORNAMENT,PICNIC BASKET WICKER SMALL,REGENCY CAKESTAND 3 TIER,PARTY BUNTING
13936,CHOCOLATE HOT WATER BOTTLE,WHITE HANGING HEART T-LIGHT HOLDER,PICNIC BASKET WICKER SMALL,REGENCY CAKESTAND 3 TIER,PARTY BUNTING
13937,PAPER CHAIN KIT 50'S CHRISTMAS ,PACK OF 60 DINOSAUR CAKE CASES,72 SWEETHEART FAIRY CAKE CASES,PACK OF 60 PINK PAISLEY CAKE CASES,PACK OF 72 RETROSPOT CAKE CASES
13938,WHITE HANGING HEART T-LIGHT HOLDER,REGENCY CAKESTAND 3 TIER,ASSORTED COLOUR BIRD ORNAMENT,PARTY BUNTING,VINTAGE UNION JACK BUNTING
13939,HOT WATER BOTTLE TEA AND SYMPATHY,VINTAGE HEADS AND TAILS CARD GAME ,REGENCY CAKESTAND 3 TIER,PAPER CHAIN KIT 50'S CHRISTMAS ,BAKING SET 9 PIECE RETROSPOT 
13940,WHITE HANGING HEART T-LIGHT HOLDER,PAPER CHAIN KIT VINTAGE CHRISTMAS,REGENCY CAKESTAND 3 TIER,ASSORTED COLOUR BIRD ORNAMENT,BAKING SET 9 PIECE RETROSPOT 
13941,REGENCY CAKESTAND 3 TIER,WHITE HANGING HEART T-LIGHT HOLDER,"PAPER CRAFT , LITTLE BIRDIE",JUMBO BAG RED WHITE SPOTTY ,ASSORTED COLOUR BIRD ORNAMENT
13942,WHITE HANGING HEART T-LIGHT HOLDER,REGENCY CAKESTAND 3 TIER,ASSORTED COLOUR BIRD ORNAMENT,PARTY BUNTING,VINTAGE UNION JACK BUNTING
13943,VINTAGE UNION JACK BUNTING,BAKING SET 9 PIECE RETROSPOT ,GRAND CHOCOLATECANDLE,PAPER CHAIN KIT 50'S CHRISTMAS ,RETRO SPOT TEA SET CERAMIC 11 PC 
13944,REGENCY CAKESTAND 3 TIER,ASSORTED COLOUR BIRD ORNAMENT,PARTY BUNTING,VINTAGE UNION JACK BUNTING,BAKING SET 9 PIECE RETROSPOT 
13945,ALARM CLOCK BAKELIKE GREEN,PINK BLUE FELT CRAFT TRINKET BOX,WHITE HANGING HEART T-LIGHT HOLDER,REGENCY CAKESTAND 3 TIER,ASSORTED COLOUR BIRD ORNAMENT
13946,JUMBO BAG STRAWBERRY,JUMBO  BAG BAROQUE BLACK WHITE,JUMBO BAG PINK POLKADOT,JUMBO SHOPPER VINTAGE RED PAISLEY,JUMBO BAG RED RETROSPOT
13947,HEART OF WICKER LARGE,WHITE HANGING HEART T-LIGHT HOLDER,REGENCY CAKESTAND 3 TIER,ASSORTED COLOUR BIRD ORNAMENT,PARTY BUNTING
13948,PINK REGENCY TEACUP AND SAUCER,GREEN REGENCY TEACUP AND SAUCER,REGENCY CAKESTAND 3 TIER,WHITE HANGING HEART T-LIGHT HOLDER,PICNIC BASKET WICKER SMALL
13949,LUNCH BAG PINK POLKADOT,LUNCH BAG WOODLAND,LUNCH BAG SUKI  DESIGN ,LUNCH BAG CARS BLUE,LUNCH BAG SPACEBOY DESIGN 
13950,TOILET METAL SIGN,LUNCH BAG PINK POLKADOT,LUNCH BAG WOODLAND,LUNCH BAG SUKI  DESIGN ,LUNCH BAG CARS BLUE
13951,WHITE HANGING HEART T-LIGHT HOLDER,WOODEN FRAME ANTIQUE WHITE ,VINTAGE HEADS AND TAILS CARD GAME ,HOME BUILDING BLOCK WORD,PICNIC BASKET WICKER SMALL
13952,WHITE HANGING HEART T-LIGHT HOLDER,PACK OF 72 RETROSPOT CAKE CASES,WOODEN FRAME ANTIQUE WHITE ,72 SWEETHEART FAIRY CAKE CASES,PACK OF 60 PINK PAISLEY CAKE CASES
13953,REGENCY CAKESTAND 3 TIER,WHITE HANGING HEART T-LIGHT HOLDER,"PAPER CRAFT , LITTLE BIRDIE",JUMBO BAG RED WHITE SPOTTY ,ASSORTED COLOUR BIRD ORNAMENT
13954,REGENCY CAKESTAND 3 TIER,WHITE HANGING HEART T-LIGHT HOLDER,ASSORTED COLOUR BIRD ORNAMENT,PAPER CHAIN KIT 50'S CHRISTMAS ,BAKING SET 9 PIECE RETROSPOT 
13955,PACK OF 72 RETROSPOT CAKE CASES,JUMBO BAG RED RETROSPOT,PACK OF 60 DINOSAUR CAKE CASES,PACK OF 60 PINK PAISLEY CAKE CASES,PAPER CHAIN KIT VINTAGE CHRISTMAS
13956,WOOD S/3 CABINET ANT WHITE FINISH,HEART OF WICKER SMALL,WHITE HANGING HEART T-LIGHT HOLDER,REGENCY CAKESTAND 3 TIER,BAKING SET 9 PIECE RETROSPOT 
13957,REGENCY CAKESTAND 3 TIER,ASSORTED COLOUR BIRD ORNAMENT,VINTAGE UNION JACK BUNTING,BAKING SET 9 PIECE RETROSPOT ,GRAND CHOCOLATECANDLE
13958,PACK OF 60 DINOSAUR CAKE CASES,72 SWEETHEART FAIRY CAKE CASES,PACK OF 60 PINK PAISLEY CAKE CASES,PACK OF 72 RETROSPOT CAKE CASES,VINTAGE SNAP CARDS
13959,SWEETHEART CERAMIC TRINKET BOX,HAND WARMER BIRD DESIGN,WHITE HANGING HEART T-LIGHT HOLDER,PICNIC BASKET WICKER SMALL,REGENCY CAKESTAND 3 TIER
13960,WHITE HANGING HEART T-LIGHT HOLDER,REGENCY CAKESTAND 3 TIER,ASSORTED COLOUR BIRD ORNAMENT,PAPER CHAIN KIT 50'S CHRISTMAS ,BAKING SET 9 PIECE RETROSPOT 
13961,WHITE HANGING HEART T-LIGHT HOLDER,REGENCY CAKESTAND 3 TIER,ASSORTED COLOUR BIRD ORNAMENT,PARTY BUNTING,VINTAGE UNION JACK BUNTING
13962,HEART OF WICKER SMALL,WHITE HANGING HEART T-LIGHT HOLDER,WOOD 2 DRAWER CABINET WHITE FINISH,PAPER CHAIN KIT 50'S CHRISTMAS ,BAKING SET 9 PIECE RETROSPOT 
13963,WOOD 2 DRAWER CABINET WHITE FINISH,VINTAGE HEADS AND TAILS CARD GAME ,WHITE HANGING HEART T-LIGHT HOLDER,PICNIC BASKET WICKER SMALL,REGENCY CAKESTAND 3 TIER
13964,HEART OF WICKER LARGE,WHITE HANGING HEART T-LIGHT HOLDER,REGENCY CAKESTAND 3 TIER,PARTY BUNTING,VINTAGE UNION JACK BUNTING
13965,60 TEATIME FAIRY CAKE CASES,PACK OF 72 RETROSPOT CAKE CASES,SWEETHEART CERAMIC TRINKET BOX,CHOCOLATE HOT WATER BOTTLE,WHITE HANGING HEART T-LIGHT HOLDER
13966,PAPER CHAIN KIT 50'S CHRISTMAS ,TOILET METAL SIGN,PINK BLUE FELT CRAFT TRINKET BOX,WHITE HANGING HEART T-LIGHT HOLDER,REGENCY CAKESTAND 3 TIER
13967,WHITE HANGING HEART T-LIGHT HOLDER,REGENCY CAKESTAND 3 TIER,ASSORTED COLOUR BIRD ORNAMENT,PARTY BUNTING,VINTAGE UNION JACK BUNTING
13968,WHITE HANGING HEART T-LIGHT HOLDER,REGENCY CAKESTAND 3 TIER,ASSORTED COLOUR BIRD ORNAMENT,PARTY BUNTING,VINTAGE UNION JACK BUNTING
13969,JUMBO BAG RED RETROSPOT,LUNCH BAG SUKI  DESIGN ,JUMBO BAG PINK POLKADOT,LUNCH BAG PINK POLKADOT,LUNCH BAG SPACEBOY DESIGN 
13970,PAPER CHAIN KIT 50'S CHRISTMAS ,WHITE HANGING HEART T-LIGHT HOLDER,REGENCY CAKESTAND 3 TIER,PARTY BUNTING,VINTAGE UNION JACK BUNTING
13971,JUMBO BAG RED RETROSPOT,JUMBO STORAGE BAG SUKI,JUMBO BAG PINK POLKADOT,WHITE HANGING HEART T-LIGHT HOLDER,PAPER CHAIN KIT VINTAGE CHRISTMAS
13972,WHITE HANGING HEART T-LIGHT HOLDER,REGENCY CAKESTAND 3 TIER,ASSORTED COLOUR BIRD ORNAMENT,PARTY BUNTING,VINTAGE UNION JACK BUNTING
13973,JUMBO BAG PINK POLKADOT,JUMBO STORAGE BAG SUKI,JUMBO BAG RED RETROSPOT,WHITE HANGING HEART T-LIGHT HOLDER,REGENCY CAKESTAND 3 TIER
13974,JUMBO BAG RED RETROSPOT,JUMBO BAG PINK POLKADOT,JUMBO STORAGE BAG SUKI,JUMBO BAG PINK VINTAGE PAISLEY,PAPER CHAIN KIT VINTAGE CHRISTMAS
13975,JUMBO BAG RED RETROSPOT,PACK OF 72 RETROSPOT CAKE CASES,LUNCH BAG SUKI  DESIGN ,JUMBO BAG PINK POLKADOT,LUNCH BAG PINK POLKADOT
13976,WHITE HANGING HEART T-LIGHT HOLDER,PICNIC BASKET WICKER SMALL,REGENCY CAKESTAND 3 TIER,PARTY BUNTING,JUMBO BAG RED WHITE SPOTTY 
13977,LUNCH BAG PINK POLKADOT,LUNCH BAG WOODLAND,LUNCH BAG SUKI  DESIGN ,LUNCH BAG CARS BLUE,LUNCH BAG SPACEBOY DESIGN 
13978,REGENCY CAKESTAND 3 TIER,WHITE HANGING HEART T-LIGHT HOLDER,PAPER CHAIN KIT 50'S CHRISTMAS ,BAKING SET 9 PIECE RETROSPOT ,METAL SIGN TAKE IT OR LEAVE IT 
13979,JUMBO BAG RED RETROSPOT,JUMBO BAG PINK POLKADOT,PACK OF 72 RETROSPOT CAKE CASES,LUNCH BAG SUKI  DESIGN ,PACK OF 60 PINK PAISLEY CAKE CASES
13980,HEART OF WICKER SMALL,PICNIC BASKET WICKER SMALL,REGENCY CAKESTAND 3 TIER,PARTY BUNTING,JUMBO BAG RED WHITE SPOTTY 
13981,PAPER CHAIN KIT 50'S CHRISTMAS ,WHITE HANGING HEART T-LIGHT HOLDER,REGENCY CAKESTAND 3 TIER,ASSORTED COLOUR BIRD ORNAMENT,PARTY BUNTING
13982,HOME BUILDING BLOCK WORD,60 TEATIME FAIRY CAKE CASES,PACK OF 72 RETROSPOT CAKE CASES,JUMBO BAG PINK VINTAGE PAISLEY,JUMBO BAG RED RETROSPOT
13983,HAND WARMER OWL DESIGN,60 TEATIME FAIRY CAKE CASES,PACK OF 72 RETROSPOT CAKE CASES,PAPER CHAIN KIT 50'S CHRISTMAS ,VINTAGE HEADS AND TAILS CARD GAME 
13984,JUMBO BAG PINK POLKADOT,JUMBO STORAGE BAG SUKI,JUMBO BAG RED RETROSPOT,REGENCY CAKESTAND 3 TIER,"PAPER CRAFT , LITTLE BIRDIE"
13985,JUMBO BAG RED RETROSPOT,WHITE HANGING HEART T-LIGHT HOLDER,LUNCH BAG SUKI  DESIGN ,LUNCH BAG PINK POLKADOT,LUNCH BAG WOODLAND
13986,REGENCY CAKESTAND 3 TIER,WHITE HANGING HEART T-LIGHT HOLDER,ASSORTED COLOUR BIRD ORNAMENT,PAPER CHAIN KIT 50'S CHRISTMAS ,BAKING SET 9 PIECE RETROSPOT 
13987,LUNCH BAG PINK POLKADOT,LUNCH BAG SUKI  DESIGN ,LUNCH BAG SPACEBOY DESIGN ,LUNCH BAG  BLACK SKULL.,LUNCH BAG RED RETROSPOT
13988,PACK OF 72 RETROSPOT CAKE CASES,SWEETHEART CERAMIC TRINKET BOX,72 SWEETHEART FAIRY CAKE CASES,PACK OF 60 PINK PAISLEY CAKE CASES,JUMBO BAG PINK POLKADOT
13989,WHITE HANGING HEART T-LIGHT HOLDER,RED RETROSPOT CHARLOTTE BAG,60 TEATIME FAIRY CAKE CASES,PACK OF 72 RETROSPOT CAKE CASES,WOODEN FRAME ANTIQUE WHITE 
13990,WHITE HANGING HEART T-LIGHT HOLDER,PINK 3 PIECE MINI DOTS CUTLERY SET,REGENCY CAKESTAND 3 TIER,ASSORTED COLOUR BIRD ORNAMENT,PARTY BUNTING
13991,60 TEATIME FAIRY CAKE CASES,PACK OF 72 RETROSPOT CAKE CASES,JUMBO BAG RED RETROSPOT,LUNCH BAG PINK POLKADOT,LUNCH BAG WOODLAND
13992,REGENCY CAKESTAND 3 TIER,WHITE HANGING HEART T-LIGHT HOLDER,ASSORTED COLOUR BIRD ORNAMENT,PAPER CHAIN KIT 50'S CHRISTMAS ,BAKING SET 9 PIECE RETROSPOT 
13993,WHITE HANGING HEART T-LIGHT HOLDER,JUMBO STORAGE BAG SUKI,JUMBO BAG PINK POLKADOT,JUMBO BAG RED RETROSPOT,"PAPER CRAFT , LITTLE BIRDIE"
13994,HOT WATER BOTTLE TEA AND SYMPATHY,HAND WARMER SCOTTY DOG DESIGN,"PAPER CRAFT , LITTLE BIRDIE",JUMBO BAG RED WHITE SPOTTY ,MEDIUM CERAMIC TOP STORAGE JAR
13995,LUNCH BAG SUKI  DESIGN ,LUNCH BAG SPACEBOY DESIGN ,LUNCH BAG PINK POLKADOT,LUNCH BAG RED RETROSPOT,WHITE HANGING HEART T-LIGHT HOLDER
13996,REGENCY CAKESTAND 3 TIER,ASSORTED COLOUR BIRD ORNAMENT,PARTY BUNTING,VINTAGE UNION JACK BUNTING,BAKING SET 9 PIECE RETROSPOT 
13997,ASSORTED COLOUR BIRD ORNAMENT,PARTY BUNTING,VINTAGE UNION JACK BUNTING,BAKING SET 9 PIECE RETROSPOT ,GRAND CHOCOLATECANDLE
13998,WHITE HANGING HEART T-LIGHT HOLDER,REGENCY CAKESTAND 3 TIER,ASSORTED COLOUR BIRD ORNAMENT,VINTAGE UNION JACK BUNTING,GRAND CHOCOLATECANDLE
13999,JUMBO BAG RED RETROSPOT,JUMBO BAG PINK POLKADOT,JUMBO STORAGE BAG SUKI,60 TEATIME FAIRY CAKE CASES,PACK OF 72 RETROSPOT CAKE CASES
14000,WHITE HANGING HEART T-LIGHT HOLDER,PICNIC BASKET WICKER SMALL,REGENCY CAKESTAND 3 TIER,PARTY BUNTING,JUMBO BAG RED WHITE SPOTTY 
14001,JUMBO BAG RED RETROSPOT,JUMBO STORAGE BAG SUKI,JUMBO BAG PINK POLKADOT,VINTAGE SNAP CARDS,REGENCY CAKESTAND 3 TIER
14002,WHITE HANGING HEART T-LIGHT HOLDER,REGENCY CAKESTAND 3 TIER,ASSORTED COLOUR BIRD ORNAMENT,PARTY BUNTING,VINTAGE UNION JACK BUNTING
14003,WHITE HANGING HEART T-LIGHT HOLDER,REGENCY CAKESTAND 3 TIER,ASSORTED COLOUR BIRD ORNAMENT,PARTY BUNTING,BAKING SET 9 PIECE RETROSPOT 
14004,JUMBO BAG RED RETROSPOT,60 TEATIME FAIRY CAKE CASES,PACK OF 72 RETROSPOT CAKE CASES,JUMBO BAG PINK POLKADOT,LUNCH BAG SUKI  DESIGN 
14005,PACK OF 72 RETROSPOT CAKE CASES,PINK BLUE FELT CRAFT TRINKET BOX,WHITE HANGING HEART T-LIGHT HOLDER,ASSORTED COLOUR BIRD ORNAMENT,PAPER CHAIN KIT 50'S CHRISTMAS 
14006,PACK OF 72 RETROSPOT CAKE CASES,LUNCH BAG WOODLAND,LUNCH BAG PINK POLKADOT,LUNCH BAG SUKI  DESIGN ,LUNCH BAG SPACEBOY DESIGN 
14007,WHITE HANGING HEART T-LIGHT HOLDER,REGENCY CAKESTAND 3 TIER,ASSORTED COLOUR BIRD ORNAMENT,PARTY BUNTING,BAKING SET 9 PIECE RETROSPOT 
14008,LUNCH BAG PINK POLKADOT,LUNCH BAG SUKI  DESIGN ,LUNCH BAG SPACEBOY DESIGN ,LUNCH BAG  BLACK SKULL.,LUNCH BAG RED RETROSPOT
14009,JUMBO STORAGE BAG SUKI,JUMBO BAG PINK POLKADOT,JUMBO BAG RED RETROSPOT,RED RETROSPOT CHARLOTTE BAG,PINK CREAM FELT CRAFT TRINKET BOX 
14010,WHITE HANGING HEART T-LIGHT HOLDER,REGENCY CAKESTAND 3 TIER,ASSORTED COLOUR BIRD ORNAMENT,PARTY BUNTING,VINTAGE UNION JACK BUNTING
14011,VINTAGE HEADS AND TAILS CARD GAME ,WHITE HANGING HEART T-LIGHT HOLDER,REGENCY CAKESTAND 3 TIER,ASSORTED COLOUR BIRD ORNAMENT,PARTY BUNTING
14012,WHITE HANGING HEART T-LIGHT HOLDER,REGENCY CAKESTAND 3 TIER,ASSORTED COLOUR BIRD ORNAMENT,VINTAGE UNION JACK BUNTING,BAKING SET 9 PIECE RETROSPOT 
14013,JUMBO BAG RED RETROSPOT,60 TEATIME FAIRY CAKE CASES,PACK OF 72 RETROSPOT CAKE CASES,JUMBO BAG PINK POLKADOT,JUMBO STORAGE BAG SUKI
14014,PINK REGENCY TEACUP AND SAUCER,JUMBO BAG PINK VINTAGE PAISLEY,JUMBO BAG RED RETROSPOT,ALARM CLOCK BAKELIKE RED ,WHITE HANGING HEART T-LIGHT HOLDER
14015,VINTAGE HEADS AND TAILS CARD GAME ,REGENCY CAKESTAND 3 TIER,WHITE HANGING HEART T-LIGHT HOLDER,ASSORTED COLOUR BIRD ORNAMENT,PAPER CHAIN KIT 50'S CHRISTMAS 
14016,WHITE HANGING HEART T-LIGHT HOLDER,PINK BLUE FELT CRAFT TRINKET BOX,PICNIC BASKET WICKER SMALL,JUMBO BAG RED WHITE SPOTTY ,ASSORTED COLOUR BIRD ORNAMENT
14017,WOOD S/3 CABINET ANT WHITE FINISH,REGENCY CAKESTAND 3 TIER,ASSORTED COLOUR BIRD ORNAMENT,PARTY BUNTING,VINTAGE UNION JACK BUNTING
14018,WHITE HANGING HEART T-LIGHT HOLDER,REGENCY CAKESTAND 3 TIER,PARTY BUNTING,VINTAGE UNION JACK BUNTING,GRAND CHOCOLATECANDLE
14019,REGENCY CAKESTAND 3 TIER,WHITE HANGING HEART T-LIGHT HOLDER,ASSORTED COLOUR BIRD ORNAMENT,PAPER CHAIN KIT 50'S CHRISTMAS ,BAKING SET 9 PIECE RETROSPOT 
14020,HAND WARMER OWL DESIGN,SWEETHEART CERAMIC TRINKET BOX,ASSORTED COLOUR BIRD ORNAMENT,PAPER CHAIN KIT 50'S CHRISTMAS ,BAKING SET 9 PIECE RETROSPOT 
14021,PINK REGENCY TEACUP AND SAUCER,HAND WARMER OWL DESIGN,VINTAGE HEADS AND TAILS CARD GAME ,PICNIC BASKET WICKER SMALL,PARTY BUNTING
14022,60 TEATIME FAIRY CAKE CASES,PACK OF 72 RETROSPOT CAKE CASES,REGENCY CAKESTAND 3 TIER,ASSORTED COLOUR BIRD ORNAMENT,PARTY BUNTING
14023,REGENCY CAKESTAND 3 TIER,WHITE HANGING HEART T-LIGHT HOLDER,ASSORTED COLOUR BIRD ORNAMENT,PAPER CHAIN KIT 50'S CHRISTMAS ,METAL SIGN TAKE IT OR LEAVE IT 
14024,PAPER CHAIN KIT VINTAGE CHRISTMAS,JUMBO BAG PINK POLKADOT,JUMBO STORAGE BAG SUKI,JUMBO BAG RED RETROSPOT,WHITE HANGING HEART T-LIGHT HOLDER
14025,HEART OF WICKER SMALL,JUMBO BAG RED WHITE SPOTTY ,FAIRY CAKE FLANNEL ASSORTED COLOUR,DOOR MAT FAIRY CAKE,ROUND SNACK BOXES SET OF 4 FRUITS 
14026,REGENCY CAKESTAND 3 TIER,ASSORTED COLOUR BIRD ORNAMENT,PARTY BUNTING,VINTAGE UNION JACK BUNTING,BAKING SET 9 PIECE RETROSPOT 
14027,WHITE HANGING HEART T-LIGHT HOLDER,REGENCY CAKESTAND 3 TIER,ASSORTED COLOUR BIRD ORNAMENT,PARTY BUNTING,VINTAGE UNION JACK BUNTING
14028,LUNCH BAG PINK POLKADOT,LUNCH BAG SUKI  DESIGN ,LUNCH BAG SPACEBOY DESIGN ,LUNCH BAG RED RETROSPOT,WHITE HANGING HEART T-LIGHT HOLDER
14029,VINTAGE HEADS AND TAILS CARD GAME ,REGENCY CAKESTAND 3 TIER,WHITE HANGING HEART T-LIGHT HOLDER,ASSORTED COLOUR BIRD ORNAMENT,PAPER CHAIN KIT 50'S CHRISTMAS 
14030,ALARM CLOCK BAKELIKE RED ,PACK OF 60 DINOSAUR CAKE CASES,72 SWEETHEART FAIRY CAKE CASES,PACK OF 60 PINK PAISLEY CAKE CASES,PACK OF 72 RETROSPOT CAKE CASES
14031,JUMBO BAG RED RETROSPOT,WHITE HANGING HEART T-LIGHT HOLDER,JUMBO STORAGE BAG SUKI,JUMBO BAG PINK POLKADOT,HAND WARMER OWL DESIGN
14032,VINTAGE HEADS AND TAILS CARD GAME ,REGENCY CAKESTAND 3 TIER,WHITE HANGING HEART T-LIGHT HOLDER,"PAPER CRAFT , LITTLE BIRDIE",JUMBO BAG RED WHITE SPOTTY 
14033,WHITE HANGING HEART T-LIGHT HOLDER,REGENCY CAKESTAND 3 TIER,ASSORTED COLOUR BIRD ORNAMENT,PARTY BUNTING,VINTAGE UNION JACK BUNTING
14034,HEART OF WICKER LARGE,WHITE HANGING HEART T-LIGHT HOLDER,REGENCY CAKESTAND 3 TIER,PAPER CHAIN KIT 50'S CHRISTMAS ,BAKING SET 9 PIECE RETROSPOT 
14035,ROSES REGENCY TEACUP AND SAUCER ,SWEETHEART CERAMIC TRINKET BOX,TOILET METAL SIGN,REGENCY CAKESTAND 3 TIER,"PAPER CRAFT , LITTLE BIRDIE"
14036,JUMBO BAG PINK POLKADOT,JUMBO STORAGE BAG SUKI,JUMBO BAG RED RETROSPOT,WHITE HANGING HEART T-LIGHT HOLDER,ASSORTED COLOUR BIRD ORNAMENT
14037,LUNCH BAG SPACEBOY DESIGN ,LUNCH BAG PINK POLKADOT,LUNCH BAG SUKI  DESIGN ,LUNCH BAG RED RETROSPOT,CHOCOLATE HOT WATER BOTTLE
14038,JUMBO BAG RED RETROSPOT,JUMBO BAG PINK POLKADOT,LUNCH BAG SUKI  DESIGN ,LUNCH BAG SPACEBOY DESIGN ,LUNCH BAG PINK POLKADOT
14039,LUNCH BAG PINK POLKADOT,LUNCH BAG SUKI  DESIGN ,LUNCH BAG SPACEBOY DESIGN ,LUNCH BAG  BLACK SKULL.,LUNCH BAG RED RETROSPOT
14040,LUNCH BAG PINK POLKADOT,LUNCH BAG SUKI  DESIGN ,LUNCH BAG SPACEBOY DESIGN ,LUNCH BAG RED RETROSPOT,JUMBO BAG PINK POLKADOT
14041,BLUE 3 PIECE MINI DOTS CUTLERY SET,PACK OF 60 DINOSAUR CAKE CASES,72 SWEETHEART FAIRY CAKE CASES,PACK OF 60 PINK PAISLEY CAKE CASES,PACK OF 72 RETROSPOT CAKE CASES
14042,JUMBO BAG RED RETROSPOT,JUMBO BAG PINK POLKADOT,JUMBO BAG STRAWBERRY,JUMBO SHOPPER VINTAGE RED PAISLEY,LUNCH BAG SUKI  DESIGN 
14043,WOOD 2 DRAWER CABINET WHITE FINISH,REGENCY CAKESTAND 3 TIER,ASSORTED COLOUR BIRD ORNAMENT,PARTY BUNTING,VINTAGE UNION JACK BUNTING
14044,LUNCH BAG PINK POLKADOT,LUNCH BAG SUKI  DESIGN ,LUNCH BAG SPACEBOY DESIGN ,LUNCH BAG RED RETROSPOT,60 TEATIME FAIRY CAKE CASES
14045,REGENCY CAKESTAND 3 TIER,WHITE HANGING HEART T-LIGHT HOLDER,"PAPER CRAFT , LITTLE BIRDIE",JUMBO BAG RED WHITE SPOTTY ,ASSORTED COLOUR BIRD ORNAMENT
14046,WHITE HANGING HEART T-LIGHT HOLDER,REGENCY CAKESTAND 3 TIER,ASSORTED COLOUR BIRD ORNAMENT,PARTY BUNTING,VINTAGE UNION JACK BUNTING
14047,LUNCH BAG CARS BLUE,LUNCH BAG SPACEBOY DESIGN ,LUNCH BAG PINK POLKADOT,LUNCH BAG SUKI  DESIGN ,LUNCH BAG RED RETROSPOT
14048,LUNCH BAG SPACEBOY DESIGN ,LUNCH BAG PINK POLKADOT,LUNCH BAG SUKI  DESIGN ,LUNCH BAG  BLACK SKULL.,LUNCH BAG RED RETROSPOT
14049,LUNCH BAG PINK POLKADOT,LUNCH BAG SUKI  DESIGN ,LUNCH BAG SPACEBOY DESIGN ,LUNCH BAG RED RETROSPOT,WHITE HANGING HEART T-LIGHT HOLDER
14050,60 TEATIME FAIRY CAKE CASES,PACK OF 72 RETROSPOT CAKE CASES,REGENCY CAKESTAND 3 TIER,WHITE HANGING HEART T-LIGHT HOLDER,ASSORTED COLOUR BIRD ORNAMENT
14051,HAND WARMER OWL DESIGN,PINK BLUE FELT CRAFT TRINKET BOX,"PAPER CRAFT , LITTLE BIRDIE",JUMBO BAG RED WHITE SPOTTY ,ASSORTED COLOUR BIRD ORNAMENT
14052,PINK REGENCY TEACUP AND SAUCER,ALARM CLOCK BAKELIKE GREEN,WHITE HANGING HEART T-LIGHT HOLDER,ASSORTED COLOUR BIRD ORNAMENT,BAKING SET 9 PIECE RETROSPOT 
14053,WHITE HANGING HEART T-LIGHT HOLDER,PICNIC BASKET WICKER SMALL,REGENCY CAKESTAND 3 TIER,PARTY BUNTING,JUMBO BAG RED WHITE SPOTTY 
14054,LUNCH BAG PINK POLKADOT,LUNCH BAG SUKI  DESIGN ,LUNCH BAG SPACEBOY DESIGN ,LUNCH BAG  BLACK SKULL.,LUNCH BAG RED RETROSPOT
14055,VINTAGE HEADS AND TAILS CARD GAME ,WHITE HANGING HEART T-LIGHT HOLDER,PICNIC BASKET WICKER SMALL,REGENCY CAKESTAND 3 TIER,JUMBO BAG RED WHITE SPOTTY 
14056,JUMBO BAG RED RETROSPOT,LUNCH BAG PINK POLKADOT,LUNCH BAG SUKI  DESIGN ,LUNCH BAG SPACEBOY DESIGN ,LUNCH BAG RED RETROSPOT
14057,LUNCH BAG CARS BLUE,LUNCH BAG SPACEBOY DESIGN ,LUNCH BAG PINK POLKADOT,LUNCH BAG SUKI  DESIGN ,LUNCH BAG RED RETROSPOT
14058,WHITE HANGING HEART T-LIGHT HOLDER,REGENCY CAKESTAND 3 TIER,ASSORTED COLOUR BIRD ORNAMENT,PARTY BUNTING,VINTAGE UNION JACK BUNTING
14059,WHITE HANGING HEART T-LIGHT HOLDER,REGENCY CAKESTAND 3 TIER,ASSORTED COLOUR BIRD ORNAMENT,PARTY BUNTING,VINTAGE UNION JACK BUNTING
14060,LOVE BUILDING BLOCK WORD,WHITE HANGING HEART T-LIGHT HOLDER,REGENCY CAKESTAND 3 TIER,"PAPER CRAFT , LITTLE BIRDIE",JUMBO BAG RED WHITE SPOTTY 
14061,WHITE HANGING HEART T-LIGHT HOLDER,PICNIC BASKET WICKER SMALL,REGENCY CAKESTAND 3 TIER,PARTY BUNTING,JUMBO BAG RED WHITE SPOTTY 
14062,WHITE HANGING HEART T-LIGHT HOLDER,HOT WATER BOTTLE TEA AND SYMPATHY,REGENCY CAKESTAND 3 TIER,"PAPER CRAFT , LITTLE BIRDIE",JUMBO BAG RED WHITE SPOTTY 
14063,WHITE HANGING HEART T-LIGHT HOLDER,PICNIC BASKET WICKER SMALL,REGENCY CAKESTAND 3 TIER,PARTY BUNTING,JUMBO BAG RED WHITE SPOTTY 
14064,PACK OF 72 RETROSPOT CAKE CASES,SWEETHEART CERAMIC TRINKET BOX,PACK OF 60 DINOSAUR CAKE CASES,REGENCY CAKESTAND 3 TIER,"PAPER CRAFT , LITTLE BIRDIE"
14065,WOODEN FRAME ANTIQUE WHITE ,HOME BUILDING BLOCK WORD,PICNIC BASKET WICKER SMALL,REGENCY CAKESTAND 3 TIER,PARTY BUNTING
14066,WHITE HANGING HEART T-LIGHT HOLDER,REGENCY CAKESTAND 3 TIER,ASSORTED COLOUR BIRD ORNAMENT,PARTY BUNTING,VINTAGE UNION JACK BUNTING
14067,JUMBO BAG PINK POLKADOT,JUMBO STORAGE BAG SUKI,JUMBO BAG RED RETROSPOT,GIN + TONIC DIET METAL SIGN,REGENCY CAKESTAND 3 TIER
14068,STRAWBERRY CERAMIC TRINKET BOX,HOT WATER BOTTLE TEA AND SYMPATHY,VINTAGE HEADS AND TAILS CARD GAME ,PICNIC BASKET WICKER SMALL,PARTY BUNTING
14069,GIN + TONIC DIET METAL SIGN,WOODEN PICTURE FRAME WHITE FINISH,HEART OF WICKER LARGE,TOILET METAL SIGN,REGENCY CAKESTAND 3 TIER
14070,HOME BUILDING BLOCK WORD,WHITE HANGING HEART T-LIGHT HOLDER,REGENCY CAKESTAND 3 TIER,ASSORTED COLOUR BIRD ORNAMENT,PARTY BUNTING
14071,JUMBO BAG RED RETROSPOT,JUMBO BAG PINK POLKADOT,LUNCH BAG SUKI  DESIGN ,ALARM CLOCK BAKELIKE RED ,LUNCH BAG PINK POLKADOT
14072,WOOD S/3 CABINET ANT WHITE FINISH,LOVE BUILDING BLOCK WORD,WHITE HANGING HEART T-LIGHT HOLDER,REGENCY CAKESTAND 3 TIER,ASSORTED COLOUR BIRD ORNAMENT
14073,REGENCY CAKESTAND 3 TIER,WHITE HANGING HEART T-LIGHT HOLDER,PAPER CHAIN KIT 50'S CHRISTMAS ,BAKING SET 9 PIECE RETROSPOT ,METAL SIGN TAKE IT OR LEAVE IT 
14074,WHITE HANGING HEART T-LIGHT HOLDER,REGENCY CAKESTAND 3 TIER,ASSORTED COLOUR BIRD ORNAMENT,PARTY BUNTING,VINTAGE UNION JACK BUNTING
14075,PACK OF 72 RETROSPOT CAKE CASES,VINTAGE SNAP CARDS,REGENCY CAKESTAND 3 TIER,WHITE HANGING HEART T-LIGHT HOLDER,ASSORTED COLOUR BIRD ORNAMENT
14076,HOME BUILDING BLOCK WORD,WHITE HANGING HEART T-LIGHT HOLDER,REGENCY CAKESTAND 3 TIER,ASSORTED COLOUR BIRD ORNAMENT,PARTY BUNTING
14077,REGENCY CAKESTAND 3 TIER,WHITE HANGING HEART T-LIGHT HOLDER,ASSORTED COLOUR BIRD ORNAMENT,PAPER CHAIN KIT 50'S CHRISTMAS ,BAKING SET 9 PIECE RETROSPOT 
14078,WHITE HANGING HEART T-LIGHT HOLDER,PICNIC BASKET WICKER SMALL,PARTY BUNTING,JUMBO BAG RED WHITE SPOTTY ,FAIRY CAKE FLANNEL ASSORTED COLOUR
14079,WHITE HANGING HEART T-LIGHT HOLDER,REGENCY CAKESTAND 3 TIER,ASSORTED COLOUR BIRD ORNAMENT,PARTY BUNTING,VINTAGE UNION JACK BUNTING
14080,WHITE HANGING HEART T-LIGHT HOLDER,WOODEN PICTURE FRAME WHITE FINISH,BLUE 3 PIECE MINI DOTS CUTLERY SET,WOOD S/3 CABINET ANT WHITE FINISH,LOVE BUILDING BLOCK WORD
14081,PACK OF 72 RETROSPOT CAKE CASES,HAND WARMER BIRD DESIGN,PICNIC BASKET WICKER SMALL,JUMBO BAG RED WHITE SPOTTY ,ASSORTED COLOUR BIRD ORNAMENT
14082,LUNCH BAG PINK POLKADOT,LUNCH BAG SUKI  DESIGN ,LUNCH BAG SPACEBOY DESIGN ,LUNCH BAG  BLACK SKULL.,LUNCH BAG RED RETROSPOT
14083,WHITE HANGING HEART T-LIGHT HOLDER,HOME BUILDING BLOCK WORD,HEART OF WICKER LARGE,JUMBO BAG PINK POLKADOT,JUMBO STORAGE BAG SUKI
14084,WHITE HANGING HEART T-LIGHT HOLDER,REGENCY CAKESTAND 3 TIER,ASSORTED COLOUR BIRD ORNAMENT,PARTY BUNTING,VINTAGE UNION JACK BUNTING
14085,PACK OF 72 RETROSPOT CAKE CASES,60 TEATIME FAIRY CAKE CASES,ALARM CLOCK BAKELIKE GREEN,HEART OF WICKER LARGE,VINTAGE HEADS AND TAILS CARD GAME 
14086,WHITE HANGING HEART T-LIGHT HOLDER,REGENCY CAKESTAND 3 TIER,ASSORTED COLOUR BIRD ORNAMENT,PARTY BUNTING,VINTAGE UNION JACK BUNTING
14087,REGENCY CAKESTAND 3 TIER,ASSORTED COLOUR BIRD ORNAMENT,PAPER CHAIN KIT 50'S CHRISTMAS ,METAL SIGN TAKE IT OR LEAVE IT ,RABBIT NIGHT LIGHT
14088,JUMBO BAG RED RETROSPOT,JUMBO BAG PINK POLKADOT,JUMBO STORAGE BAG SUKI,SWEETHEART CERAMIC TRINKET BOX,ALARM CLOCK BAKELIKE GREEN
14089,WHITE HANGING HEART T-LIGHT HOLDER,REGENCY CAKESTAND 3 TIER,ASSORTED COLOUR BIRD ORNAMENT,PARTY BUNTING,VINTAGE UNION JACK BUNTING
14090,WHITE HANGING HEART T-LIGHT HOLDER,REGENCY CAKESTAND 3 TIER,ASSORTED COLOUR BIRD ORNAMENT,PARTY BUNTING,VINTAGE UNION JACK BUNTING
14091,WHITE HANGING HEART T-LIGHT HOLDER,PICNIC BASKET WICKER SMALL,REGENCY CAKESTAND 3 TIER,PARTY BUNTING,JUMBO BAG RED WHITE SPOTTY 
14092,JUMBO STORAGE BAG SUKI,JUMBO BAG PINK POLKADOT,JUMBO BAG RED RETROSPOT,60 TEATIME FAIRY CAKE CASES,PACK OF 72 RETROSPOT CAKE CASES
14093,PACK OF 72 RETROSPOT CAKE CASES,REGENCY CAKESTAND 3 TIER,WHITE HANGING HEART T-LIGHT HOLDER,ASSORTED COLOUR BIRD ORNAMENT,PAPER CHAIN KIT 50'S CHRISTMAS 
14094,VINTAGE HEADS AND TAILS CARD GAME ,WHITE HANGING HEART T-LIGHT HOLDER,REGENCY CAKESTAND 3 TIER,PARTY BUNTING,VINTAGE UNION JACK BUNTING
14095,WHITE HANGING HEART T-LIGHT HOLDER,REGENCY CAKESTAND 3 TIER,ASSORTED COLOUR BIRD ORNAMENT,PARTY BUNTING,VINTAGE UNION JACK BUNTING
14096,JUMBO BAG RED RETROSPOT,PACK OF 72 RETROSPOT CAKE CASES,LUNCH BAG SUKI  DESIGN ,JUMBO BAG PINK POLKADOT,LUNCH BAG PINK POLKADOT
14097,WHITE HANGING HEART T-LIGHT HOLDER,ASSORTED COLOUR BIRD ORNAMENT,PARTY BUNTING,VINTAGE UNION JACK BUNTING,BAKING SET 9 PIECE RETROSPOT 
14098,REGENCY CAKESTAND 3 TIER,WHITE HANGING HEART T-LIGHT HOLDER,ASSORTED COLOUR BIRD ORNAMENT,PAPER CHAIN KIT 50'S CHRISTMAS ,BAKING SET 9 PIECE RETROSPOT 
14099,HAND WARMER OWL DESIGN,SWEETHEART CERAMIC TRINKET BOX,WOODEN PICTURE FRAME WHITE FINISH,JUMBO BAG RED RETROSPOT,60 TEATIME FAIRY CAKE CASES
14100,REGENCY CAKESTAND 3 TIER,ASSORTED COLOUR BIRD ORNAMENT,PARTY BUNTING,VINTAGE UNION JACK BUNTING,BAKING SET 9 PIECE RETROSPOT 
14101,REGENCY CAKESTAND 3 TIER,WHITE HANGING HEART T-LIGHT HOLDER,"PAPER CRAFT , LITTLE BIRDIE",JUMBO BAG RED WHITE SPOTTY ,MEDIUM CERAMIC TOP STORAGE JAR
14102,PACK OF 72 RETROSPOT CAKE CASES,PACK OF 60 DINOSAUR CAKE CASES,PACK OF 60 PINK PAISLEY CAKE CASES,REGENCY CAKESTAND 3 TIER,WHITE HANGING HEART T-LIGHT HOLDER
14104,JUMBO STORAGE BAG SUKI,JUMBO BAG PINK POLKADOT,JUMBO BAG RED RETROSPOT,60 TEATIME FAIRY CAKE CASES,PACK OF 72 RETROSPOT CAKE CASES
14105,WHITE HANGING HEART T-LIGHT HOLDER,PACK OF 72 RETROSPOT CAKE CASES,ALARM CLOCK BAKELIKE RED ,PACK OF 60 DINOSAUR CAKE CASES,72 SWEETHEART FAIRY CAKE CASES
14106,WHITE HANGING HEART T-LIGHT HOLDER,REGENCY CAKESTAND 3 TIER,ASSORTED COLOUR BIRD ORNAMENT,PARTY BUNTING,VINTAGE UNION JACK BUNTING
14107,LOVE BUILDING BLOCK WORD,WHITE HANGING HEART T-LIGHT HOLDER,LUNCH BAG PINK POLKADOT,LUNCH BAG WOODLAND,LUNCH BAG SUKI  DESIGN 
14108,ALARM CLOCK BAKELIKE RED ,REGENCY CAKESTAND 3 TIER,ASSORTED COLOUR BIRD ORNAMENT,PAPER CHAIN KIT 50'S CHRISTMAS ,BAKING SET 9 PIECE RETROSPOT 
14109,SWEETHEART CERAMIC TRINKET BOX,WHITE HANGING HEART T-LIGHT HOLDER,REGENCY CAKESTAND 3 TIER,ASSORTED COLOUR BIRD ORNAMENT,PARTY BUNTING
14110,JUMBO BAG RED RETROSPOT,JUMBO BAG PINK POLKADOT,LUNCH BAG SUKI  DESIGN ,LUNCH BAG SPACEBOY DESIGN ,LUNCH BAG PINK POLKADOT
14111,REGENCY CAKESTAND 3 TIER,WHITE HANGING HEART T-LIGHT HOLDER,ASSORTED COLOUR BIRD ORNAMENT,PAPER CHAIN KIT 50'S CHRISTMAS ,BAKING SET 9 PIECE RETROSPOT 
14112,JUMBO BAG RED RETROSPOT,LUNCH BAG SUKI  DESIGN ,JUMBO BAG PINK POLKADOT,LUNCH BAG SPACEBOY DESIGN ,LUNCH BAG PINK POLKADOT
14113,HAND WARMER OWL DESIGN,SWEETHEART CERAMIC TRINKET BOX,HEART OF WICKER LARGE,WHITE HANGING HEART T-LIGHT HOLDER,REGENCY CAKESTAND 3 TIER
14114,RED RETROSPOT CHARLOTTE BAG,CHOCOLATE HOT WATER BOTTLE,WHITE HANGING HEART T-LIGHT HOLDER,PICNIC BASKET WICKER SMALL,PARTY BUNTING
14115,PACK OF 72 RETROSPOT CAKE CASES,PACK OF 60 DINOSAUR CAKE CASES,WHITE HANGING HEART T-LIGHT HOLDER,ASSORTED COLOUR BIRD ORNAMENT,PARTY BUNTING
14116,ALARM CLOCK BAKELIKE GREEN,VINTAGE SNAP CARDS,REGENCY CAKESTAND 3 TIER,WHITE HANGING HEART T-LIGHT HOLDER,PAPER CHAIN KIT 50'S CHRISTMAS 
14117,WHITE HANGING HEART T-LIGHT HOLDER,REGENCY CAKESTAND 3 TIER,ASSORTED COLOUR BIRD ORNAMENT,PARTY BUNTING,VINTAGE UNION JACK BUNTING
14118,WHITE HANGING HEART T-LIGHT HOLDER,REGENCY CAKESTAND 3 TIER,ASSORTED COLOUR BIRD ORNAMENT,PARTY BUNTING,VINTAGE UNION JACK BUNTING
14119,HAND WARMER SCOTTY DOG DESIGN,HAND WARMER BIRD DESIGN,WHITE HANGING HEART T-LIGHT HOLDER,REGENCY CAKESTAND 3 TIER,ASSORTED COLOUR BIRD ORNAMENT
14121,JUMBO BAG PINK POLKADOT,JUMBO BAG RED RETROSPOT,JUMBO BAG STRAWBERRY,JUMBO  BAG BAROQUE BLACK WHITE,LUNCH BAG SUKI  DESIGN 
14122,WOODEN PICTURE FRAME WHITE FINISH,WHITE HANGING HEART T-LIGHT HOLDER,REGENCY CAKESTAND 3 TIER,PARTY BUNTING,VINTAGE UNION JACK BUNTING
14123,VINTAGE SNAP CARDS,PINK BLUE FELT CRAFT TRINKET BOX,REGENCY CAKESTAND 3 TIER,ASSORTED COLOUR BIRD ORNAMENT,PARTY BUNTING
14124,WHITE HANGING HEART T-LIGHT HOLDER,REGENCY CAKESTAND 3 TIER,ASSORTED COLOUR BIRD ORNAMENT,PARTY BUNTING,VINTAGE UNION JACK BUNTING
14125,LUNCH BAG SPACEBOY DESIGN ,LUNCH BAG PINK POLKADOT,LUNCH BAG SUKI  DESIGN ,LUNCH BAG  BLACK SKULL.,LUNCH BAG RED RETROSPOT
14126,REGENCY CAKESTAND 3 TIER,ASSORTED COLOUR BIRD ORNAMENT,PAPER CHAIN KIT 50'S CHRISTMAS ,BAKING SET 9 PIECE RETROSPOT ,METAL SIGN TAKE IT OR LEAVE IT 
14127,JUMBO BAG PINK POLKADOT,JUMBO BAG RED RETROSPOT,WHITE HANGING HEART T-LIGHT HOLDER,HAND WARMER OWL DESIGN,WOODEN FRAME ANTIQUE WHITE 
14128,WHITE HANGING HEART T-LIGHT HOLDER,REGENCY CAKESTAND 3 TIER,ASSORTED COLOUR BIRD ORNAMENT,PAPER CHAIN KIT 50'S CHRISTMAS ,METAL SIGN TAKE IT OR LEAVE IT 
14129,HEART OF WICKER SMALL,WHITE HANGING HEART T-LIGHT HOLDER,REGENCY CAKESTAND 3 TIER,"PAPER CRAFT , LITTLE BIRDIE",JUMBO BAG RED WHITE SPOTTY 
14130,JUMBO BAG RED RETROSPOT,PACK OF 72 RETROSPOT CAKE CASES,JUMBO STORAGE BAG SUKI,JUMBO BAG PINK POLKADOT,SWEETHEART CERAMIC TRINKET BOX
14131,HOME BUILDING BLOCK WORD,WHITE HANGING HEART T-LIGHT HOLDER,REGENCY CAKESTAND 3 TIER,ASSORTED COLOUR BIRD ORNAMENT,PARTY BUNTING
14132,REGENCY CAKESTAND 3 TIER,WHITE HANGING HEART T-LIGHT HOLDER,"PAPER CRAFT , LITTLE BIRDIE",JUMBO BAG RED WHITE SPOTTY ,ASSORTED COLOUR BIRD ORNAMENT
14133,PICNIC BASKET WICKER SMALL,REGENCY CAKESTAND 3 TIER,PARTY BUNTING,JUMBO BAG RED WHITE SPOTTY ,ASSORTED COLOUR BIRD ORNAMENT
14134,VINTAGE HEADS AND TAILS CARD GAME ,PICNIC BASKET WICKER SMALL,REGENCY CAKESTAND 3 TIER,PARTY BUNTING,ASSORTED COLOUR BIRD ORNAMENT
14135,PACK OF 72 RETROSPOT CAKE CASES,PINK REGENCY TEACUP AND SAUCER,HAND WARMER SCOTTY DOG DESIGN,HAND WARMER BIRD DESIGN,WHITE HANGING HEART T-LIGHT HOLDER
14136,60 TEATIME FAIRY CAKE CASES,PACK OF 72 RETROSPOT CAKE CASES,CHOCOLATE HOT WATER BOTTLE,PICNIC BASKET WICKER SMALL,REGENCY CAKESTAND 3 TIER
14137,WHITE HANGING HEART T-LIGHT HOLDER,REGENCY CAKESTAND 3 TIER,ASSORTED COLOUR BIRD ORNAMENT,PARTY BUNTING,VINTAGE UNION JACK BUNTING
14138,PACK OF 72 RETROSPOT CAKE CASES,PACK OF 60 DINOSAUR CAKE CASES,PACK OF 60 PINK PAISLEY CAKE CASES,REGENCY CAKESTAND 3 TIER,WHITE HANGING HEART T-LIGHT HOLDER
14139,VINTAGE HEADS AND TAILS CARD GAME ,PAPER CHAIN KIT VINTAGE CHRISTMAS,REGENCY CAKESTAND 3 TIER,WHITE HANGING HEART T-LIGHT HOLDER,ASSORTED COLOUR BIRD ORNAMENT
14140,HEART OF WICKER LARGE,WHITE HANGING HEART T-LIGHT HOLDER,VINTAGE SNAP CARDS,PAPER CHAIN KIT VINTAGE CHRISTMAS,ASSORTED COLOUR BIRD ORNAMENT
14141,HOT WATER BOTTLE TEA AND SYMPATHY,REGENCY CAKESTAND 3 TIER,WHITE HANGING HEART T-LIGHT HOLDER,ASSORTED COLOUR BIRD ORNAMENT,PAPER CHAIN KIT 50'S CHRISTMAS 
14142,SWEETHEART CERAMIC TRINKET BOX,CHOCOLATE HOT WATER BOTTLE,PINK 3 PIECE MINI DOTS CUTLERY SET,GIN + TONIC DIET METAL SIGN,VINTAGE HEADS AND TAILS CARD GAME 
14143,WHITE HANGING HEART T-LIGHT HOLDER,REGENCY CAKESTAND 3 TIER,ASSORTED COLOUR BIRD ORNAMENT,PARTY BUNTING,VINTAGE UNION JACK BUNTING
14144,WHITE HANGING HEART T-LIGHT HOLDER,REGENCY CAKESTAND 3 TIER,ASSORTED COLOUR BIRD ORNAMENT,PARTY BUNTING,VINTAGE UNION JACK BUNTING
14145,WHITE HANGING HEART T-LIGHT HOLDER,"PAPER CRAFT , LITTLE BIRDIE",JUMBO BAG RED WHITE SPOTTY ,ASSORTED COLOUR BIRD ORNAMENT,MEDIUM CERAMIC TOP STORAGE JAR
14146,60 TEATIME FAIRY CAKE CASES,PACK OF 72 RETROSPOT CAKE CASES,"PAPER CRAFT , LITTLE BIRDIE",JUMBO BAG RED WHITE SPOTTY ,MEDIUM CERAMIC TOP STORAGE JAR
14147,WHITE HANGING HEART T-LIGHT HOLDER,PICNIC BASKET WICKER SMALL,REGENCY CAKESTAND 3 TIER,PARTY BUNTING,JUMBO BAG RED WHITE SPOTTY 
14148,60 TEATIME FAIRY CAKE CASES,PACK OF 72 RETROSPOT CAKE CASES,WHITE HANGING HEART T-LIGHT HOLDER,ASSORTED COLOUR BIRD ORNAMENT,PARTY BUNTING
14149,WHITE HANGING HEART T-LIGHT HOLDER,REGENCY CAKESTAND 3 TIER,PARTY BUNTING,VINTAGE UNION JACK BUNTING,BAKING SET 9 PIECE RETROSPOT 
14150,REGENCY CAKESTAND 3 TIER,WHITE HANGING HEART T-LIGHT HOLDER,PAPER CHAIN KIT 50'S CHRISTMAS ,BAKING SET 9 PIECE RETROSPOT ,METAL SIGN TAKE IT OR LEAVE IT 
14151,CHOCOLATE HOT WATER BOTTLE,PACK OF 60 DINOSAUR CAKE CASES,72 SWEETHEART FAIRY CAKE CASES,PACK OF 60 PINK PAISLEY CAKE CASES,PACK OF 72 RETROSPOT CAKE CASES
14152,WHITE HANGING HEART T-LIGHT HOLDER,JUMBO BAG STRAWBERRY,JUMBO  BAG BAROQUE BLACK WHITE,JUMBO BAG PINK POLKADOT,JUMBO SHOPPER VINTAGE RED PAISLEY
14153,PACK OF 72 RETROSPOT CAKE CASES,72 SWEETHEART FAIRY CAKE CASES,STRAWBERRY CERAMIC TRINKET BOX,WHITE HANGING HEART T-LIGHT HOLDER,REGENCY CAKESTAND 3 TIER
14154,PACK OF 72 RETROSPOT CAKE CASES,PACK OF 60 DINOSAUR CAKE CASES,72 SWEETHEART FAIRY CAKE CASES,ALARM CLOCK BAKELIKE GREEN,PINK BLUE FELT CRAFT TRINKET BOX
14155,WHITE HANGING HEART T-LIGHT HOLDER,REGENCY CAKESTAND 3 TIER,ASSORTED COLOUR BIRD ORNAMENT,PARTY BUNTING,VINTAGE UNION JACK BUNTING
14156,JUMBO BAG RED RETROSPOT,PACK OF 72 RETROSPOT CAKE CASES,JUMBO BAG PINK POLKADOT,LUNCH BAG SUKI  DESIGN ,LUNCH BAG PINK POLKADOT
14157,GIN + TONIC DIET METAL SIGN,HEART OF WICKER LARGE,WHITE HANGING HEART T-LIGHT HOLDER,WOOD S/3 CABINET ANT WHITE FINISH,REGENCY CAKESTAND 3 TIER
14158,REGENCY CAKESTAND 3 TIER,WHITE HANGING HEART T-LIGHT HOLDER,ASSORTED COLOUR BIRD ORNAMENT,PAPER CHAIN KIT 50'S CHRISTMAS ,BAKING SET 9 PIECE RETROSPOT 
14159,PACK OF 72 RETROSPOT CAKE CASES,LUNCH BAG SUKI  DESIGN ,JUMBO BAG RED RETROSPOT,LUNCH BAG PINK POLKADOT,LUNCH BAG SPACEBOY DESIGN 
14160,LUNCH BAG PINK POLKADOT,LUNCH BAG WOODLAND,LUNCH BAG SUKI  DESIGN ,LUNCH BAG SPACEBOY DESIGN ,LUNCH BAG RED RETROSPOT
14161,PACK OF 72 RETROSPOT CAKE CASES,JUMBO BAG RED RETROSPOT,PACK OF 60 DINOSAUR CAKE CASES,PAPER CHAIN KIT VINTAGE CHRISTMAS,JUMBO BAG SCANDINAVIAN PAISLEY
14162,HEART OF WICKER SMALL,WHITE HANGING HEART T-LIGHT HOLDER,REGENCY CAKESTAND 3 TIER,ASSORTED COLOUR BIRD ORNAMENT,PARTY BUNTING
14163,WOODEN PICTURE FRAME WHITE FINISH,WHITE HANGING HEART T-LIGHT HOLDER,VINTAGE HEADS AND TAILS CARD GAME ,PICNIC BASKET WICKER SMALL,REGENCY CAKESTAND 3 TIER
14164,WHITE HANGING HEART T-LIGHT HOLDER,PICNIC BASKET WICKER SMALL,REGENCY CAKESTAND 3 TIER,PARTY BUNTING,JUMBO BAG RED WHITE SPOTTY 
14165,WOODEN PICTURE FRAME WHITE FINISH,REGENCY CAKESTAND 3 TIER,ASSORTED COLOUR BIRD ORNAMENT,PARTY BUNTING,VINTAGE UNION JACK BUNTING
14166,PINK 3 PIECE MINI DOTS CUTLERY SET,JUMBO BAG PINK VINTAGE PAISLEY,JUMBO BAG RED RETROSPOT,WHITE HANGING HEART T-LIGHT HOLDER,REGENCY CAKESTAND 3 TIER
14167,PICNIC BASKET WICKER SMALL,REGENCY CAKESTAND 3 TIER,PARTY BUNTING,JUMBO BAG RED WHITE SPOTTY ,ASSORTED COLOUR BIRD ORNAMENT
14168,WHITE HANGING HEART T-LIGHT HOLDER,REGENCY CAKESTAND 3 TIER,ASSORTED COLOUR BIRD ORNAMENT,PARTY BUNTING,VINTAGE UNION JACK BUNTING
14169,WOODEN PICTURE FRAME WHITE FINISH,WHITE HANGING HEART T-LIGHT HOLDER,PACK OF 72 RETROSPOT CAKE CASES,PAPER CHAIN KIT VINTAGE CHRISTMAS,REGENCY CAKESTAND 3 TIER
14170,PACK OF 72 RETROSPOT CAKE CASES,LUNCH BAG CARS BLUE,LUNCH BAG SPACEBOY DESIGN ,LUNCH BAG PINK POLKADOT,LUNCH BAG SUKI  DESIGN 
14171,WOODEN PICTURE FRAME WHITE FINISH,WHITE HANGING HEART T-LIGHT HOLDER,REGENCY CAKESTAND 3 TIER,ASSORTED COLOUR BIRD ORNAMENT,PARTY BUNTING
14172,WHITE HANGING HEART T-LIGHT HOLDER,WOOD S/3 CABINET ANT WHITE FINISH,REGENCY CAKESTAND 3 TIER,ASSORTED COLOUR BIRD ORNAMENT,PARTY BUNTING
14173,REGENCY CAKESTAND 3 TIER,ASSORTED COLOUR BIRD ORNAMENT,PAPER CHAIN KIT 50'S CHRISTMAS ,BAKING SET 9 PIECE RETROSPOT ,METAL SIGN TAKE IT OR LEAVE IT 
14174,WOODEN FRAME ANTIQUE WHITE ,WHITE HANGING HEART T-LIGHT HOLDER,REGENCY CAKESTAND 3 TIER,ASSORTED COLOUR BIRD ORNAMENT,PAPER CHAIN KIT 50'S CHRISTMAS 
14175,PAPER CHAIN KIT VINTAGE CHRISTMAS,WHITE HANGING HEART T-LIGHT HOLDER,"PAPER CRAFT , LITTLE BIRDIE",JUMBO BAG RED WHITE SPOTTY ,ASSORTED COLOUR BIRD ORNAMENT
14176,SWEETHEART CERAMIC TRINKET BOX,WOODEN PICTURE FRAME WHITE FINISH,PICNIC BASKET WICKER SMALL,REGENCY CAKESTAND 3 TIER,PARTY BUNTING
14177,PACK OF 60 DINOSAUR CAKE CASES,72 SWEETHEART FAIRY CAKE CASES,PACK OF 60 PINK PAISLEY CAKE CASES,PACK OF 72 RETROSPOT CAKE CASES,HOT WATER BOTTLE TEA AND SYMPATHY
14178,HOT WATER BOTTLE TEA AND SYMPATHY,PAPER CHAIN KIT 50'S CHRISTMAS ,RED RETROSPOT CHARLOTTE BAG,HAND WARMER BIRD DESIGN,GIN + TONIC DIET METAL SIGN
14179,HAND WARMER OWL DESIGN,JUMBO BAG RED RETROSPOT,LUNCH BAG PINK POLKADOT,LUNCH BAG WOODLAND,LUNCH BAG SUKI  DESIGN 
14180,WHITE HANGING HEART T-LIGHT HOLDER,WOOD 2 DRAWER CABINET WHITE FINISH,REGENCY CAKESTAND 3 TIER,"PAPER CRAFT , LITTLE BIRDIE",JUMBO BAG RED WHITE SPOTTY 
14181,PACK OF 72 RETROSPOT CAKE CASES,PACK OF 60 DINOSAUR CAKE CASES,PACK OF 60 PINK PAISLEY CAKE CASES,HEART OF WICKER SMALL,REGENCY CAKESTAND 3 TIER
14182,WHITE HANGING HEART T-LIGHT HOLDER,WOODEN FRAME ANTIQUE WHITE ,PICNIC BASKET WICKER SMALL,PARTY BUNTING,JUMBO BAG RED WHITE SPOTTY 
14183,WHITE HANGING HEART T-LIGHT HOLDER,REGENCY CAKESTAND 3 TIER,ASSORTED COLOUR BIRD ORNAMENT,PARTY BUNTING,VINTAGE UNION JACK BUNTING
14184,REGENCY CAKESTAND 3 TIER,WHITE HANGING HEART T-LIGHT HOLDER,ASSORTED COLOUR BIRD ORNAMENT,PAPER CHAIN KIT 50'S CHRISTMAS ,BAKING SET 9 PIECE RETROSPOT 
14185,WHITE HANGING HEART T-LIGHT HOLDER,REGENCY CAKESTAND 3 TIER,ASSORTED COLOUR BIRD ORNAMENT,PARTY BUNTING,VINTAGE UNION JACK BUNTING
14186,LUNCH BAG PINK POLKADOT,LUNCH BAG SUKI  DESIGN ,LUNCH BAG SPACEBOY DESIGN ,LUNCH BAG RED RETROSPOT,PACK OF 72 RETROSPOT CAKE CASES
14187,WHITE HANGING HEART T-LIGHT HOLDER,ASSORTED COLOUR BIRD ORNAMENT,PARTY BUNTING,VINTAGE UNION JACK BUNTING,BAKING SET 9 PIECE RETROSPOT 
14188,JUMBO BAG PINK VINTAGE PAISLEY,JUMBO BAG RED RETROSPOT,WHITE HANGING HEART T-LIGHT HOLDER,PICNIC BASKET WICKER SMALL,REGENCY CAKESTAND 3 TIER
14189,REGENCY CAKESTAND 3 TIER,"PAPER CRAFT , LITTLE BIRDIE",JUMBO BAG RED WHITE SPOTTY ,MEDIUM CERAMIC TOP STORAGE JAR,PARTY BUNTING
14190,WHITE HANGING HEART T-LIGHT HOLDER,REGENCY CAKESTAND 3 TIER,ASSORTED COLOUR BIRD ORNAMENT,PARTY BUNTING,VINTAGE UNION JACK BUNTING
14191,JUMBO BAG RED RETROSPOT,JUMBO STORAGE BAG SUKI,JUMBO BAG PINK POLKADOT,60 TEATIME FAIRY CAKE CASES,PACK OF 72 RETROSPOT CAKE CASES
14192,REGENCY CAKESTAND 3 TIER,PARTY BUNTING,VINTAGE UNION JACK BUNTING,BAKING SET 9 PIECE RETROSPOT ,GRAND CHOCOLATECANDLE
14193,HAND WARMER SCOTTY DOG DESIGN,HAND WARMER BIRD DESIGN,WHITE HANGING HEART T-LIGHT HOLDER,PICNIC BASKET WICKER SMALL,REGENCY CAKESTAND 3 TIER
14194,JUMBO BAG RED RETROSPOT,PACK OF 72 RETROSPOT CAKE CASES,JUMBO BAG PINK POLKADOT,LUNCH BAG SUKI  DESIGN ,SWEETHEART CERAMIC TRINKET BOX
14195,WHITE HANGING HEART T-LIGHT HOLDER,PICNIC BASKET WICKER SMALL,REGENCY CAKESTAND 3 TIER,PARTY BUNTING,JUMBO BAG RED WHITE SPOTTY 
14196,REGENCY CAKESTAND 3 TIER,ASSORTED COLOUR BIRD ORNAMENT,PARTY BUNTING,VINTAGE UNION JACK BUNTING,BAKING SET 9 PIECE RETROSPOT 
14197,WOOD S/3 CABINET ANT WHITE FINISH,HEART OF WICKER SMALL,REGENCY CAKESTAND 3 TIER,ASSORTED COLOUR BIRD ORNAMENT,PARTY BUNTING
14198,WHITE HANGING HEART T-LIGHT HOLDER,ALARM CLOCK BAKELIKE GREEN,"PAPER CRAFT , LITTLE BIRDIE",JUMBO BAG RED WHITE SPOTTY ,ASSORTED COLOUR BIRD ORNAMENT
14199,WHITE HANGING HEART T-LIGHT HOLDER,PICNIC BASKET WICKER SMALL,PARTY BUNTING,JUMBO BAG RED WHITE SPOTTY ,ASSORTED COLOUR BIRD ORNAMENT
14200,JUMBO BAG PINK POLKADOT,JUMBO BAG RED RETROSPOT,JUMBO  BAG BAROQUE BLACK WHITE,JUMBO SHOPPER VINTAGE RED PAISLEY,LUNCH BAG SUKI  DESIGN 
14201,WHITE HANGING HEART T-LIGHT HOLDER,RED RETROSPOT CHARLOTTE BAG,PICNIC BASKET WICKER SMALL,REGENCY CAKESTAND 3 TIER,JUMBO BAG RED WHITE SPOTTY 
14202,HEART OF WICKER SMALL,WHITE HANGING HEART T-LIGHT HOLDER,PICNIC BASKET WICKER SMALL,REGENCY CAKESTAND 3 TIER,PARTY BUNTING
14203,HAND WARMER SCOTTY DOG DESIGN,HAND WARMER BIRD DESIGN,REGENCY CAKESTAND 3 TIER,ASSORTED COLOUR BIRD ORNAMENT,PARTY BUNTING
14204,LUNCH BAG SPACEBOY DESIGN ,LUNCH BAG PINK POLKADOT,LUNCH BAG SUKI  DESIGN ,LUNCH BAG  BLACK SKULL.,LUNCH BAG RED RETROSPOT
14205,PACK OF 72 RETROSPOT CAKE CASES,ALARM CLOCK BAKELIKE GREEN,PAPER CHAIN KIT 50'S CHRISTMAS ,CHOCOLATE HOT WATER BOTTLE,HAND WARMER SCOTTY DOG DESIGN
14206,WHITE HANGING HEART T-LIGHT HOLDER,PICNIC BASKET WICKER SMALL,REGENCY CAKESTAND 3 TIER,PARTY BUNTING,JUMBO BAG RED WHITE SPOTTY 
14207,WHITE HANGING HEART T-LIGHT HOLDER,REGENCY CAKESTAND 3 TIER,ASSORTED COLOUR BIRD ORNAMENT,PARTY BUNTING,VINTAGE UNION JACK BUNTING
14208,60 TEATIME FAIRY CAKE CASES,PACK OF 72 RETROSPOT CAKE CASES,WOOD 2 DRAWER CABINET WHITE FINISH,VINTAGE SNAP CARDS,PINK BLUE FELT CRAFT TRINKET BOX
14209,REGENCY CAKESTAND 3 TIER,"PAPER CRAFT , LITTLE BIRDIE",JUMBO BAG RED WHITE SPOTTY ,ASSORTED COLOUR BIRD ORNAMENT,MEDIUM CERAMIC TOP STORAGE JAR
14210,VINTAGE HEADS AND TAILS CARD GAME ,"PAPER CRAFT , LITTLE BIRDIE",JUMBO BAG RED WHITE SPOTTY ,ASSORTED COLOUR BIRD ORNAMENT,MEDIUM CERAMIC TOP STORAGE JAR
14211,JUMBO BAG PINK POLKADOT,JUMBO BAG RED RETROSPOT,WOODEN FRAME ANTIQUE WHITE ,JUMBO  BAG BAROQUE BLACK WHITE,JUMBO SHOPPER VINTAGE RED PAISLEY
14212,PACK OF 72 RETROSPOT CAKE CASES,LUNCH BAG WOODLAND,LUNCH BAG PINK POLKADOT,LUNCH BAG SUKI  DESIGN ,LUNCH BAG SPACEBOY DESIGN 
14213,WHITE HANGING HEART T-LIGHT HOLDER,REGENCY CAKESTAND 3 TIER,ASSORTED COLOUR BIRD ORNAMENT,PARTY BUNTING,VINTAGE UNION JACK BUNTING
14214,PINK REGENCY TEACUP AND SAUCER,VINTAGE HEADS AND TAILS CARD GAME ,60 TEATIME FAIRY CAKE CASES,PACK OF 72 RETROSPOT CAKE CASES,PAPER CHAIN KIT VINTAGE CHRISTMAS
14215,LUNCH BAG SPACEBOY DESIGN ,LUNCH BAG PINK POLKADOT,LUNCH BAG SUKI  DESIGN ,LUNCH BAG  BLACK SKULL.,LUNCH BAG RED RETROSPOT
14216,ASSORTED COLOUR BIRD ORNAMENT,PAPER CHAIN KIT 50'S CHRISTMAS ,BAKING SET 9 PIECE RETROSPOT ,METAL SIGN TAKE IT OR LEAVE IT ,RABBIT NIGHT LIGHT
14217,WOODEN PICTURE FRAME WHITE FINISH,"PAPER CRAFT , LITTLE BIRDIE",MEDIUM CERAMIC TOP STORAGE JAR,CHILLI LIGHTS,PAPER CHAIN KIT 50'S CHRISTMAS 
14218,REGENCY CAKESTAND 3 TIER,ASSORTED COLOUR BIRD ORNAMENT,PAPER CHAIN KIT 50'S CHRISTMAS ,BAKING SET 9 PIECE RETROSPOT ,METAL SIGN TAKE IT OR LEAVE IT 
14219,RED RETROSPOT CHARLOTTE BAG,HAND WARMER SCOTTY DOG DESIGN,HAND WARMER BIRD DESIGN,LUNCH BAG PINK POLKADOT,LUNCH BAG WOODLAND
14220,LOVE BUILDING BLOCK WORD,WHITE HANGING HEART T-LIGHT HOLDER,PICNIC BASKET WICKER SMALL,REGENCY CAKESTAND 3 TIER,PARTY BUNTING
14221,REGENCY CAKESTAND 3 TIER,"PAPER CRAFT , LITTLE BIRDIE",JUMBO BAG RED WHITE SPOTTY ,MEDIUM CERAMIC TOP STORAGE JAR,PAPER CHAIN KIT 50'S CHRISTMAS 
14222,JUMBO BAG RED RETROSPOT,JUMBO BAG SCANDINAVIAN PAISLEY,PACK OF 60 DINOSAUR CAKE CASES,72 SWEETHEART FAIRY CAKE CASES,PACK OF 60 PINK PAISLEY CAKE CASES
14223,60 TEATIME FAIRY CAKE CASES,PACK OF 72 RETROSPOT CAKE CASES,HEART OF WICKER LARGE,WHITE HANGING HEART T-LIGHT HOLDER,PICNIC BASKET WICKER SMALL
14224,WHITE HANGING HEART T-LIGHT HOLDER,PAPER CHAIN KIT VINTAGE CHRISTMAS,HOT WATER BOTTLE TEA AND SYMPATHY,PARTY BUNTING,JUMBO BAG RED WHITE SPOTTY 
14225,PICNIC BASKET WICKER SMALL,REGENCY CAKESTAND 3 TIER,PARTY BUNTING,JUMBO BAG RED WHITE SPOTTY ,FAIRY CAKE FLANNEL ASSORTED COLOUR
14226,ALARM CLOCK BAKELIKE RED ,HAND WARMER OWL DESIGN,HOME BUILDING BLOCK WORD,WHITE HANGING HEART T-LIGHT HOLDER,PAPER CHAIN KIT 50'S CHRISTMAS 
14227,JUMBO BAG RED RETROSPOT,JUMBO BAG PINK POLKADOT,PACK OF 72 RETROSPOT CAKE CASES,LUNCH BAG SUKI  DESIGN ,GREEN REGENCY TEACUP AND SAUCER
14228,WHITE HANGING HEART T-LIGHT HOLDER,REGENCY CAKESTAND 3 TIER,PARTY BUNTING,VINTAGE UNION JACK BUNTING,BAKING SET 9 PIECE RETROSPOT 
14229,PAPER CHAIN KIT VINTAGE CHRISTMAS,WHITE HANGING HEART T-LIGHT HOLDER,PICNIC BASKET WICKER SMALL,PARTY BUNTING,JUMBO BAG RED WHITE SPOTTY 
14230,WHITE HANGING HEART T-LIGHT HOLDER,HEART OF WICKER SMALL,PAPER CHAIN KIT VINTAGE CHRISTMAS,PICNIC BASKET WICKER SMALL,PARTY BUNTING
14231,ROSES REGENCY TEACUP AND SAUCER ,PACK OF 60 DINOSAUR CAKE CASES,72 SWEETHEART FAIRY CAKE CASES,PACK OF 60 PINK PAISLEY CAKE CASES,PACK OF 72 RETROSPOT CAKE CASES
14232,WHITE HANGING HEART T-LIGHT HOLDER,LUNCH BAG SPACEBOY DESIGN ,LUNCH BAG PINK POLKADOT,LUNCH BAG SUKI  DESIGN ,LUNCH BAG RED RETROSPOT
14233,60 TEATIME FAIRY CAKE CASES,PACK OF 72 RETROSPOT CAKE CASES,LOVE BUILDING BLOCK WORD,WHITE HANGING HEART T-LIGHT HOLDER,PICNIC BASKET WICKER SMALL
14234,REGENCY CAKESTAND 3 TIER,WHITE HANGING HEART T-LIGHT HOLDER,PAPER CHAIN KIT 50'S CHRISTMAS ,BAKING SET 9 PIECE RETROSPOT ,METAL SIGN TAKE IT OR LEAVE IT 
14235,JUMBO STORAGE BAG SUKI,JUMBO BAG PINK POLKADOT,JUMBO BAG RED RETROSPOT,LUNCH BAG PINK POLKADOT,LUNCH BAG WOODLAND
14236,PACK OF 72 RETROSPOT CAKE CASES,72 SWEETHEART FAIRY CAKE CASES,GIN + TONIC DIET METAL SIGN,WHITE HANGING HEART T-LIGHT HOLDER,REGENCY CAKESTAND 3 TIER
14237,WHITE HANGING HEART T-LIGHT HOLDER,REGENCY CAKESTAND 3 TIER,ASSORTED COLOUR BIRD ORNAMENT,PARTY BUNTING,VINTAGE UNION JACK BUNTING
14238,WHITE HANGING HEART T-LIGHT HOLDER,REGENCY CAKESTAND 3 TIER,PARTY BUNTING,VINTAGE UNION JACK BUNTING,BAKING SET 9 PIECE RETROSPOT 
14239,JUMBO BAG RED RETROSPOT,PACK OF 72 RETROSPOT CAKE CASES,JUMBO BAG PINK POLKADOT,HAND WARMER OWL DESIGN,GIN + TONIC DIET METAL SIGN
14240,HAND WARMER OWL DESIGN,PINK REGENCY TEACUP AND SAUCER,REGENCY CAKESTAND 3 TIER,WOOD 2 DRAWER CABINET WHITE FINISH,ASSORTED COLOUR BIRD ORNAMENT
14241,60 TEATIME FAIRY CAKE CASES,PACK OF 72 RETROSPOT CAKE CASES,WHITE HANGING HEART T-LIGHT HOLDER,REGENCY CAKESTAND 3 TIER,ASSORTED COLOUR BIRD ORNAMENT
14242,HEART OF WICKER LARGE,REGENCY CAKESTAND 3 TIER,ASSORTED COLOUR BIRD ORNAMENT,PARTY BUNTING,VINTAGE UNION JACK BUNTING
14243,60 TEATIME FAIRY CAKE CASES,PACK OF 72 RETROSPOT CAKE CASES,BATHROOM METAL SIGN,HEART OF WICKER LARGE,"PAPER CRAFT , LITTLE BIRDIE"
14244,WHITE HANGING HEART T-LIGHT HOLDER,REGENCY CAKESTAND 3 TIER,ASSORTED COLOUR BIRD ORNAMENT,PARTY BUNTING,VINTAGE UNION JACK BUNTING
14245,JUMBO BAG RED RETROSPOT,PACK OF 60 DINOSAUR CAKE CASES,72 SWEETHEART FAIRY CAKE CASES,PACK OF 60 PINK PAISLEY CAKE CASES,PACK OF 72 RETROSPOT CAKE CASES
14246,PINK REGENCY TEACUP AND SAUCER,GREEN REGENCY TEACUP AND SAUCER,LUNCH BAG PINK POLKADOT,LUNCH BAG WOODLAND,LUNCH BAG SUKI  DESIGN 
14247,STRAWBERRY CERAMIC TRINKET BOX,HOME BUILDING BLOCK WORD,HEART OF WICKER LARGE,GIN + TONIC DIET METAL SIGN,PICNIC BASKET WICKER SMALL
14248,PINK BLUE FELT CRAFT TRINKET BOX,WHITE HANGING HEART T-LIGHT HOLDER,PICNIC BASKET WICKER SMALL,REGENCY CAKESTAND 3 TIER,PARTY BUNTING
14249,PACK OF 72 RETROSPOT CAKE CASES,WOOD 2 DRAWER CABINET WHITE FINISH,VINTAGE HEADS AND TAILS CARD GAME ,JUMBO BAG PINK POLKADOT,JUMBO STORAGE BAG SUKI
14250,PACK OF 72 RETROSPOT CAKE CASES,72 SWEETHEART FAIRY CAKE CASES,PACK OF 60 PINK PAISLEY CAKE CASES,PAPER CHAIN KIT VINTAGE CHRISTMAS,LUNCH BAG WOODLAND
14251,REGENCY CAKESTAND 3 TIER,WHITE HANGING HEART T-LIGHT HOLDER,"PAPER CRAFT , LITTLE BIRDIE",JUMBO BAG RED WHITE SPOTTY ,ASSORTED COLOUR BIRD ORNAMENT
14252,WHITE HANGING HEART T-LIGHT HOLDER,REGENCY CAKESTAND 3 TIER,PARTY BUNTING,VINTAGE UNION JACK BUNTING,BAKING SET 9 PIECE RETROSPOT 
14253,WHITE HANGING HEART T-LIGHT HOLDER,REGENCY CAKESTAND 3 TIER,ASSORTED COLOUR BIRD ORNAMENT,PARTY BUNTING,VINTAGE UNION JACK BUNTING
14254,JUMBO BAG RED RETROSPOT,WHITE HANGING HEART T-LIGHT HOLDER,REGENCY CAKESTAND 3 TIER,ASSORTED COLOUR BIRD ORNAMENT,VINTAGE UNION JACK BUNTING
14256,PACK OF 72 RETROSPOT CAKE CASES,WHITE HANGING HEART T-LIGHT HOLDER,PICNIC BASKET WICKER SMALL,REGENCY CAKESTAND 3 TIER,PARTY BUNTING
14257,LUNCH BAG SPACEBOY DESIGN ,LUNCH BAG PINK POLKADOT,LUNCH BAG SUKI  DESIGN ,LUNCH BAG  BLACK SKULL.,LUNCH BAG RED RETROSPOT
14258,JUMBO BAG RED RETROSPOT,JUMBO BAG PINK POLKADOT,LUNCH BAG SUKI  DESIGN ,LUNCH BAG PINK POLKADOT,LUNCH BAG WOODLAND
14259,WHITE HANGING HEART T-LIGHT HOLDER,REGENCY CAKESTAND 3 TIER,ASSORTED COLOUR BIRD ORNAMENT,PARTY BUNTING,VINTAGE UNION JACK BUNTING
14260,60 TEATIME FAIRY CAKE CASES,PACK OF 72 RETROSPOT CAKE CASES,HEART OF WICKER SMALL,LOVE BUILDING BLOCK WORD,PICNIC BASKET WICKER SMALL
14261,LUNCH BAG WOODLAND,LUNCH BAG PINK POLKADOT,LUNCH BAG SUKI  DESIGN ,LUNCH BAG SPACEBOY DESIGN ,LUNCH BAG  BLACK SKULL.
14262,REGENCY CAKESTAND 3 TIER,WHITE HANGING HEART T-LIGHT HOLDER,"PAPER CRAFT , LITTLE BIRDIE",JUMBO BAG RED WHITE SPOTTY ,ASSORTED COLOUR BIRD ORNAMENT
14263,PACK OF 60 DINOSAUR CAKE CASES,72 SWEETHEART FAIRY CAKE CASES,PACK OF 60 PINK PAISLEY CAKE CASES,PACK OF 72 RETROSPOT CAKE CASES,SWEETHEART CERAMIC TRINKET BOX
14264,PICNIC BASKET WICKER SMALL,REGENCY CAKESTAND 3 TIER,JUMBO BAG RED WHITE SPOTTY ,FAIRY CAKE FLANNEL ASSORTED COLOUR,GIN + TONIC DIET METAL SIGN
14265,HOT WATER BOTTLE TEA AND SYMPATHY,WHITE HANGING HEART T-LIGHT HOLDER,PICNIC BASKET WICKER SMALL,PARTY BUNTING,JUMBO BAG RED WHITE SPOTTY 
14266,WHITE HANGING HEART T-LIGHT HOLDER,REGENCY CAKESTAND 3 TIER,ASSORTED COLOUR BIRD ORNAMENT,PARTY BUNTING,VINTAGE UNION JACK BUNTING
14267,PICNIC BASKET WICKER SMALL,PARTY BUNTING,JUMBO BAG RED WHITE SPOTTY ,ASSORTED COLOUR BIRD ORNAMENT,FAIRY CAKE FLANNEL ASSORTED COLOUR
14268,ROSES REGENCY TEACUP AND SAUCER ,WHITE HANGING HEART T-LIGHT HOLDER,REGENCY CAKESTAND 3 TIER,ASSORTED COLOUR BIRD ORNAMENT,PARTY BUNTING
14269,PAPER CHAIN KIT 50'S CHRISTMAS ,WHITE HANGING HEART T-LIGHT HOLDER,REGENCY CAKESTAND 3 TIER,ASSORTED COLOUR BIRD ORNAMENT,PARTY BUNTING
14270,PACK OF 60 DINOSAUR CAKE CASES,72 SWEETHEART FAIRY CAKE CASES,PACK OF 60 PINK PAISLEY CAKE CASES,PACK OF 72 RETROSPOT CAKE CASES,HOME BUILDING BLOCK WORD
14271,60 TEATIME FAIRY CAKE CASES,PACK OF 72 RETROSPOT CAKE CASES,CHOCOLATE HOT WATER BOTTLE,REGENCY CAKESTAND 3 TIER,ASSORTED COLOUR BIRD ORNAMENT
14272,JUMBO BAG RED RETROSPOT,JUMBO BAG PINK VINTAGE PAISLEY,JUMBO BAG PINK POLKADOT,JUMBO STORAGE BAG SUKI,HOME BUILDING BLOCK WORD
14273,JUMBO BAG RED RETROSPOT,JUMBO BAG PINK POLKADOT,JUMBO BAG STRAWBERRY,JUMBO SHOPPER VINTAGE RED PAISLEY,LUNCH BAG SUKI  DESIGN 
14274,WHITE HANGING HEART T-LIGHT HOLDER,REGENCY CAKESTAND 3 TIER,ASSORTED COLOUR BIRD ORNAMENT,PARTY BUNTING,VINTAGE UNION JACK BUNTING
14275,PICNIC BASKET WICKER SMALL,REGENCY CAKESTAND 3 TIER,PARTY BUNTING,JUMBO BAG RED WHITE SPOTTY ,ASSORTED COLOUR BIRD ORNAMENT
14276,JUMBO BAG RED RETROSPOT,PACK OF 72 RETROSPOT CAKE CASES,LUNCH BAG PINK POLKADOT,LUNCH BAG SUKI  DESIGN ,LUNCH BAG SPACEBOY DESIGN 
14277,PACK OF 72 RETROSPOT CAKE CASES,PAPER CHAIN KIT 50'S CHRISTMAS ,HEART OF WICKER SMALL,VINTAGE HEADS AND TAILS CARD GAME ,WOODEN FRAME ANTIQUE WHITE 
14278,WHITE HANGING HEART T-LIGHT HOLDER,ASSORTED COLOUR BIRD ORNAMENT,PARTY BUNTING,VINTAGE UNION JACK BUNTING,BAKING SET 9 PIECE RETROSPOT 
14279,WHITE HANGING HEART T-LIGHT HOLDER,REGENCY CAKESTAND 3 TIER,ASSORTED COLOUR BIRD ORNAMENT,PARTY BUNTING,VINTAGE UNION JACK BUNTING
14280,WHITE HANGING HEART T-LIGHT HOLDER,REGENCY CAKESTAND 3 TIER,ASSORTED COLOUR BIRD ORNAMENT,PARTY BUNTING,VINTAGE UNION JACK BUNTING
14281,WHITE HANGING HEART T-LIGHT HOLDER,REGENCY CAKESTAND 3 TIER,ASSORTED COLOUR BIRD ORNAMENT,PARTY BUNTING,VINTAGE UNION JACK BUNTING
14282,JUMBO BAG RED RETROSPOT,JUMBO BAG PINK POLKADOT,LUNCH BAG SUKI  DESIGN ,LUNCH BAG PINK POLKADOT,LUNCH BAG WOODLAND
14283,PACK OF 72 RETROSPOT CAKE CASES,HEART OF WICKER LARGE,WHITE HANGING HEART T-LIGHT HOLDER,60 TEATIME FAIRY CAKE CASES,PICNIC BASKET WICKER SMALL
14284,WOODEN PICTURE FRAME WHITE FINISH,PAPER CHAIN KIT VINTAGE CHRISTMAS,REGENCY CAKESTAND 3 TIER,BAKING SET 9 PIECE RETROSPOT ,METAL SIGN TAKE IT OR LEAVE IT 
14285,"PAPER CRAFT , LITTLE BIRDIE",JUMBO BAG RED WHITE SPOTTY ,ASSORTED COLOUR BIRD ORNAMENT,MEDIUM CERAMIC TOP STORAGE JAR,PARTY BUNTING
14286,PINK BLUE FELT CRAFT TRINKET BOX,REGENCY CAKESTAND 3 TIER,WHITE HANGING HEART T-LIGHT HOLDER,"PAPER CRAFT , LITTLE BIRDIE",JUMBO BAG RED WHITE SPOTTY 
14287,VINTAGE SNAP CARDS,REGENCY CAKESTAND 3 TIER,WHITE HANGING HEART T-LIGHT HOLDER,ASSORTED COLOUR BIRD ORNAMENT,PAPER CHAIN KIT 50'S CHRISTMAS 
14288,PAPER CHAIN KIT VINTAGE CHRISTMAS,WHITE HANGING HEART T-LIGHT HOLDER,ASSORTED COLOUR BIRD ORNAMENT,PARTY BUNTING,VINTAGE UNION JACK BUNTING
14289,PINK REGENCY TEACUP AND SAUCER,GREEN REGENCY TEACUP AND SAUCER,WHITE HANGING HEART T-LIGHT HOLDER,ASSORTED COLOUR BIRD ORNAMENT,PAPER CHAIN KIT 50'S CHRISTMAS 
14290,HEART OF WICKER LARGE,HAND WARMER SCOTTY DOG DESIGN,HAND WARMER BIRD DESIGN,GIN + TONIC DIET METAL SIGN,REGENCY CAKESTAND 3 TIER
14291,LUNCH BAG CARS BLUE,LUNCH BAG SPACEBOY DESIGN ,LUNCH BAG PINK POLKADOT,LUNCH BAG SUKI  DESIGN ,LUNCH BAG  BLACK SKULL.
14292,PACK OF 72 RETROSPOT CAKE CASES,PACK OF 60 DINOSAUR CAKE CASES,JUMBO BAG STRAWBERRY,JUMBO  BAG BAROQUE BLACK WHITE,JUMBO BAG PINK POLKADOT
14293,PACK OF 72 RETROSPOT CAKE CASES,LUNCH BAG CARS BLUE,LUNCH BAG SPACEBOY DESIGN ,LUNCH BAG PINK POLKADOT,LUNCH BAG SUKI  DESIGN 
14294,REGENCY CAKESTAND 3 TIER,ASSORTED COLOUR BIRD ORNAMENT,PARTY BUNTING,VINTAGE UNION JACK BUNTING,BAKING SET 9 PIECE RETROSPOT 
14295,PAPER CHAIN KIT 50'S CHRISTMAS ,CHOCOLATE HOT WATER BOTTLE,HAND WARMER SCOTTY DOG DESIGN,PACK OF 60 DINOSAUR CAKE CASES,72 SWEETHEART FAIRY CAKE CASES
14296,PACK OF 72 RETROSPOT CAKE CASES,60 TEATIME FAIRY CAKE CASES,WHITE HANGING HEART T-LIGHT HOLDER,REGENCY CAKESTAND 3 TIER,ASSORTED COLOUR BIRD ORNAMENT
14297,HOT WATER BOTTLE TEA AND SYMPATHY,REGENCY CAKESTAND 3 TIER,WHITE HANGING HEART T-LIGHT HOLDER,PAPER CHAIN KIT 50'S CHRISTMAS ,BAKING SET 9 PIECE RETROSPOT 
14298,JUMBO BAG RED RETROSPOT,PACK OF 72 RETROSPOT CAKE CASES,JUMBO BAG PINK POLKADOT,LUNCH BAG SUKI  DESIGN ,LUNCH BAG PINK POLKADOT
14299,PACK OF 72 RETROSPOT CAKE CASES,GREEN REGENCY TEACUP AND SAUCER,PACK OF 60 DINOSAUR CAKE CASES,HEART OF WICKER LARGE,"PAPER CRAFT , LITTLE BIRDIE"
14300,REGENCY CAKESTAND 3 TIER,WHITE HANGING HEART T-LIGHT HOLDER,ASSORTED COLOUR BIRD ORNAMENT,PAPER CHAIN KIT 50'S CHRISTMAS ,BAKING SET 9 PIECE RETROSPOT 
14301,VINTAGE HEADS AND TAILS CARD GAME ,PICNIC BASKET WICKER SMALL,REGENCY CAKESTAND 3 TIER,PARTY BUNTING,JUMBO BAG RED WHITE SPOTTY 
14302,PAPER CHAIN KIT 50'S CHRISTMAS ,CHOCOLATE HOT WATER BOTTLE,WHITE HANGING HEART T-LIGHT HOLDER,REGENCY CAKESTAND 3 TIER,ASSORTED COLOUR BIRD ORNAMENT
14303,PINK REGENCY TEACUP AND SAUCER,GREEN REGENCY TEACUP AND SAUCER,REGENCY CAKESTAND 3 TIER,WOODEN FRAME ANTIQUE WHITE ,WHITE HANGING HEART T-LIGHT HOLDER
14304,PICNIC BASKET WICKER SMALL,REGENCY CAKESTAND 3 TIER,PARTY BUNTING,JUMBO BAG RED WHITE SPOTTY ,FAIRY CAKE FLANNEL ASSORTED COLOUR
14305,LUNCH BAG PINK POLKADOT,LUNCH BAG WOODLAND,LUNCH BAG SUKI  DESIGN ,LUNCH BAG CARS BLUE,LUNCH BAG SPACEBOY DESIGN 
14306,LUNCH BAG PINK POLKADOT,LUNCH BAG WOODLAND,LUNCH BAG SUKI  DESIGN ,LUNCH BAG CARS BLUE,LUNCH BAG SPACEBOY DESIGN 
14307,PAPER CHAIN KIT VINTAGE CHRISTMAS,60 TEATIME FAIRY CAKE CASES,PACK OF 72 RETROSPOT CAKE CASES,CHOCOLATE HOT WATER BOTTLE,PICNIC BASKET WICKER SMALL
14309,WHITE HANGING HEART T-LIGHT HOLDER,"PAPER CRAFT , LITTLE BIRDIE",JUMBO BAG RED WHITE SPOTTY ,ASSORTED COLOUR BIRD ORNAMENT,MEDIUM CERAMIC TOP STORAGE JAR
14310,WHITE HANGING HEART T-LIGHT HOLDER,REGENCY CAKESTAND 3 TIER,ASSORTED COLOUR BIRD ORNAMENT,PARTY BUNTING,VINTAGE UNION JACK BUNTING
14311,PINK REGENCY TEACUP AND SAUCER,ROSES REGENCY TEACUP AND SAUCER ,REGENCY CAKESTAND 3 TIER,VINTAGE UNION JACK BUNTING,BAKING SET 9 PIECE RETROSPOT 
14312,60 TEATIME FAIRY CAKE CASES,PACK OF 72 RETROSPOT CAKE CASES,PINK REGENCY TEACUP AND SAUCER,GREEN REGENCY TEACUP AND SAUCER,JUMBO BAG PINK POLKADOT
14314,WHITE HANGING HEART T-LIGHT HOLDER,REGENCY CAKESTAND 3 TIER,ASSORTED COLOUR BIRD ORNAMENT,PARTY BUNTING,VINTAGE UNION JACK BUNTING
14315,JUMBO BAG RED RETROSPOT,WHITE HANGING HEART T-LIGHT HOLDER,JUMBO STORAGE BAG SUKI,JUMBO BAG PINK POLKADOT,LUNCH BAG CARS BLUE
14316,WHITE HANGING HEART T-LIGHT HOLDER,PICNIC BASKET WICKER SMALL,REGENCY CAKESTAND 3 TIER,PARTY BUNTING,JUMBO BAG RED WHITE SPOTTY 
14317,LUNCH BAG CARS BLUE,LUNCH BAG SPACEBOY DESIGN ,LUNCH BAG PINK POLKADOT,LUNCH BAG SUKI  DESIGN ,LUNCH BAG  BLACK SKULL.
14318,CHOCOLATE HOT WATER BOTTLE,WHITE HANGING HEART T-LIGHT HOLDER,REGENCY CAKESTAND 3 TIER,ASSORTED COLOUR BIRD ORNAMENT,PARTY BUNTING
14319,REGENCY CAKESTAND 3 TIER,ASSORTED COLOUR BIRD ORNAMENT,PARTY BUNTING,VINTAGE UNION JACK BUNTING,BAKING SET 9 PIECE RETROSPOT 
14320,PACK OF 72 RETROSPOT CAKE CASES,PACK OF 60 DINOSAUR CAKE CASES,72 SWEETHEART FAIRY CAKE CASES,WOOD 2 DRAWER CABINET WHITE FINISH,VINTAGE SNAP CARDS
14321,WHITE HANGING HEART T-LIGHT HOLDER,LUNCH BAG PINK POLKADOT,LUNCH BAG WOODLAND,LUNCH BAG SUKI  DESIGN ,LUNCH BAG CARS BLUE
14322,VINTAGE HEADS AND TAILS CARD GAME ,CHOCOLATE HOT WATER BOTTLE,REGENCY CAKESTAND 3 TIER,ASSORTED COLOUR BIRD ORNAMENT,PARTY BUNTING
14323,PACK OF 60 DINOSAUR CAKE CASES,72 SWEETHEART FAIRY CAKE CASES,PACK OF 60 PINK PAISLEY CAKE CASES,PACK OF 72 RETROSPOT CAKE CASES,WHITE HANGING HEART T-LIGHT HOLDER
14324,SWEETHEART CERAMIC TRINKET BOX,HAND WARMER SCOTTY DOG DESIGN,HAND WARMER BIRD DESIGN,WHITE HANGING HEART T-LIGHT HOLDER,REGENCY CAKESTAND 3 TIER
14325,REGENCY CAKESTAND 3 TIER,ASSORTED COLOUR BIRD ORNAMENT,PARTY BUNTING,VINTAGE UNION JACK BUNTING,BAKING SET 9 PIECE RETROSPOT 
14326,HEART OF WICKER SMALL,WHITE HANGING HEART T-LIGHT HOLDER,PINK BLUE FELT CRAFT TRINKET BOX,PICNIC BASKET WICKER SMALL,REGENCY CAKESTAND 3 TIER
14327,LOVE BUILDING BLOCK WORD,60 TEATIME FAIRY CAKE CASES,PACK OF 72 RETROSPOT CAKE CASES,HOT WATER BOTTLE TEA AND SYMPATHY,PICNIC BASKET WICKER SMALL
14329,LUNCH BAG SUKI  DESIGN ,LUNCH BAG PINK POLKADOT,LUNCH BAG SPACEBOY DESIGN ,LUNCH BAG RED RETROSPOT,JUMBO BAG RED RETROSPOT
14330,JUMBO BAG PINK POLKADOT,JUMBO STORAGE BAG SUKI,JUMBO BAG RED RETROSPOT,REGENCY CAKESTAND 3 TIER,ASSORTED COLOUR BIRD ORNAMENT
14331,LUNCH BAG WOODLAND,LUNCH BAG PINK POLKADOT,LUNCH BAG SUKI  DESIGN ,LUNCH BAG SPACEBOY DESIGN ,LUNCH BAG  BLACK SKULL.
14332,HAND WARMER OWL DESIGN,HEART OF WICKER SMALL,REGENCY CAKESTAND 3 TIER,ASSORTED COLOUR BIRD ORNAMENT,PAPER CHAIN KIT 50'S CHRISTMAS 
14333,PAPER CHAIN KIT 50'S CHRISTMAS ,WHITE HANGING HEART T-LIGHT HOLDER,REGENCY CAKESTAND 3 TIER,ASSORTED COLOUR BIRD ORNAMENT,PARTY BUNTING
14334,PACK OF 72 RETROSPOT CAKE CASES,PACK OF 60 PINK PAISLEY CAKE CASES,"PAPER CRAFT , LITTLE BIRDIE",JUMBO BAG RED WHITE SPOTTY ,ASSORTED COLOUR BIRD ORNAMENT
14335,ROSES REGENCY TEACUP AND SAUCER ,REGENCY CAKESTAND 3 TIER,WHITE HANGING HEART T-LIGHT HOLDER,ASSORTED COLOUR BIRD ORNAMENT,PAPER CHAIN KIT 50'S CHRISTMAS 
14336,WOODEN FRAME ANTIQUE WHITE ,60 TEATIME FAIRY CAKE CASES,PACK OF 72 RETROSPOT CAKE CASES,HEART OF WICKER LARGE,REGENCY CAKESTAND 3 TIER
14338,HEART OF WICKER LARGE,WHITE HANGING HEART T-LIGHT HOLDER,PACK OF 60 DINOSAUR CAKE CASES,72 SWEETHEART FAIRY CAKE CASES,PACK OF 60 PINK PAISLEY CAKE CASES
14339,PACK OF 72 RETROSPOT CAKE CASES,WHITE HANGING HEART T-LIGHT HOLDER,REGENCY CAKESTAND 3 TIER,ASSORTED COLOUR BIRD ORNAMENT,PARTY BUNTING
14340,WHITE HANGING HEART T-LIGHT HOLDER,REGENCY CAKESTAND 3 TIER,ASSORTED COLOUR BIRD ORNAMENT,PARTY BUNTING,VINTAGE UNION JACK BUNTING
14341,JUMBO BAG RED RETROSPOT,LUNCH BAG SUKI  DESIGN ,JUMBO BAG PINK POLKADOT,LUNCH BAG CARS BLUE,LUNCH BAG SPACEBOY DESIGN 
14342,WHITE HANGING HEART T-LIGHT HOLDER,PAPER CHAIN KIT 50'S CHRISTMAS ,BAKING SET 9 PIECE RETROSPOT ,METAL SIGN TAKE IT OR LEAVE IT ,RABBIT NIGHT LIGHT
14343,PACK OF 72 RETROSPOT CAKE CASES,JUMBO BAG RED RETROSPOT,LOVE BUILDING BLOCK WORD,PACK OF 60 PINK PAISLEY CAKE CASES,WOOD 2 DRAWER CABINET WHITE FINISH
14344,LOVE BUILDING BLOCK WORD,GIN + TONIC DIET METAL SIGN,PACK OF 60 DINOSAUR CAKE CASES,72 SWEETHEART FAIRY CAKE CASES,PACK OF 60 PINK PAISLEY CAKE CASES
14345,WHITE HANGING HEART T-LIGHT HOLDER,REGENCY CAKESTAND 3 TIER,ASSORTED COLOUR BIRD ORNAMENT,PARTY BUNTING,VINTAGE UNION JACK BUNTING
14346,PACK OF 72 RETROSPOT CAKE CASES,LUNCH BAG SPACEBOY DESIGN ,LUNCH BAG PINK POLKADOT,LUNCH BAG SUKI  DESIGN ,LUNCH BAG  BLACK SKULL.
14347,REGENCY CAKESTAND 3 TIER,ASSORTED COLOUR BIRD ORNAMENT,PARTY BUNTING,VINTAGE UNION JACK BUNTING,BAKING SET 9 PIECE RETROSPOT 
14348,WHITE HANGING HEART T-LIGHT HOLDER,REGENCY CAKESTAND 3 TIER,ASSORTED COLOUR BIRD ORNAMENT,PARTY BUNTING,VINTAGE UNION JACK BUNTING
14349,GIN + TONIC DIET METAL SIGN,HEART OF WICKER SMALL,WHITE HANGING HEART T-LIGHT HOLDER,REGENCY CAKESTAND 3 TIER,ASSORTED COLOUR BIRD ORNAMENT
14350,PINK BLUE FELT CRAFT TRINKET BOX,PICNIC BASKET WICKER SMALL,REGENCY CAKESTAND 3 TIER,PARTY BUNTING,JUMBO BAG RED WHITE SPOTTY 
14351,WHITE HANGING HEART T-LIGHT HOLDER,REGENCY CAKESTAND 3 TIER,ASSORTED COLOUR BIRD ORNAMENT,PARTY BUNTING,VINTAGE UNION JACK BUNTING
14352,PICNIC BASKET WICKER SMALL,JUMBO BAG RED WHITE SPOTTY ,FAIRY CAKE FLANNEL ASSORTED COLOUR,GIN + TONIC DIET METAL SIGN,VINTAGE UNION JACK BUNTING
14353,WHITE HANGING HEART T-LIGHT HOLDER,REGENCY CAKESTAND 3 TIER,PARTY BUNTING,VINTAGE UNION JACK BUNTING,BAKING SET 9 PIECE RETROSPOT 
14354,REGENCY CAKESTAND 3 TIER,WHITE HANGING HEART T-LIGHT HOLDER,ASSORTED COLOUR BIRD ORNAMENT,PAPER CHAIN KIT 50'S CHRISTMAS ,BAKING SET 9 PIECE RETROSPOT 
14355,HAND WARMER SCOTTY DOG DESIGN,WHITE HANGING HEART T-LIGHT HOLDER,PICNIC BASKET WICKER SMALL,REGENCY CAKESTAND 3 TIER,PARTY BUNTING
14356,REGENCY CAKESTAND 3 TIER,WHITE HANGING HEART T-LIGHT HOLDER,PAPER CHAIN KIT 50'S CHRISTMAS ,METAL SIGN TAKE IT OR LEAVE IT ,RABBIT NIGHT LIGHT
14357,PACK OF 72 RETROSPOT CAKE CASES,JUMBO BAG RED RETROSPOT,JUMBO STORAGE BAG SUKI,JUMBO BAG PINK POLKADOT,PACK OF 60 DINOSAUR CAKE CASES
14358,JUMBO BAG PINK POLKADOT,JUMBO STORAGE BAG SUKI,JUMBO BAG RED RETROSPOT,WHITE HANGING HEART T-LIGHT HOLDER,REGENCY CAKESTAND 3 TIER
14359,HAND WARMER OWL DESIGN,WHITE HANGING HEART T-LIGHT HOLDER,ASSORTED COLOUR BIRD ORNAMENT,PAPER CHAIN KIT 50'S CHRISTMAS ,BAKING SET 9 PIECE RETROSPOT 
14360,HOT WATER BOTTLE TEA AND SYMPATHY,PAPER CHAIN KIT 50'S CHRISTMAS ,JUMBO BAG PINK POLKADOT,JUMBO STORAGE BAG SUKI,JUMBO BAG RED RETROSPOT
14361,WHITE HANGING HEART T-LIGHT HOLDER,REGENCY CAKESTAND 3 TIER,ASSORTED COLOUR BIRD ORNAMENT,PARTY BUNTING,VINTAGE UNION JACK BUNTING
14362,LUNCH BAG PINK POLKADOT,LUNCH BAG SUKI  DESIGN ,LUNCH BAG SPACEBOY DESIGN ,LUNCH BAG  BLACK SKULL.,LUNCH BAG RED RETROSPOT
14363,WHITE HANGING HEART T-LIGHT HOLDER,REGENCY CAKESTAND 3 TIER,ASSORTED COLOUR BIRD ORNAMENT,PARTY BUNTING,VINTAGE UNION JACK BUNTING
14364,JUMBO BAG RED RETROSPOT,JUMBO BAG PINK POLKADOT,JUMBO STORAGE BAG SUKI,LUNCH BAG WOODLAND,LUNCH BAG PINK POLKADOT
14365,BLUE 3 PIECE MINI DOTS CUTLERY SET,LUNCH BAG PINK POLKADOT,LUNCH BAG WOODLAND,LUNCH BAG SUKI  DESIGN ,LUNCH BAG CARS BLUE
14366,WHITE HANGING HEART T-LIGHT HOLDER,REGENCY CAKESTAND 3 TIER,ASSORTED COLOUR BIRD ORNAMENT,PARTY BUNTING,BAKING SET 9 PIECE RETROSPOT 
14367,JUMBO BAG RED RETROSPOT,JUMBO BAG PINK POLKADOT,LUNCH BAG SUKI  DESIGN ,PACK OF 72 RETROSPOT CAKE CASES,LUNCH BAG SPACEBOY DESIGN 
14368,WHITE HANGING HEART T-LIGHT HOLDER,REGENCY CAKESTAND 3 TIER,ASSORTED COLOUR BIRD ORNAMENT,PARTY BUNTING,VINTAGE UNION JACK BUNTING
14369,ASSORTED COLOUR BIRD ORNAMENT,WOOD 2 DRAWER CABINET WHITE FINISH,REGENCY CAKESTAND 3 TIER,PARTY BUNTING,VINTAGE UNION JACK BUNTING
14370,WHITE HANGING HEART T-LIGHT HOLDER,PICNIC BASKET WICKER SMALL,REGENCY CAKESTAND 3 TIER,PARTY BUNTING,JUMBO BAG RED WHITE SPOTTY 
14371,HOT WATER BOTTLE TEA AND SYMPATHY,WHITE HANGING HEART T-LIGHT HOLDER,REGENCY CAKESTAND 3 TIER,ASSORTED COLOUR BIRD ORNAMENT,PARTY BUNTING
14372,PACK OF 72 RETROSPOT CAKE CASES,PACK OF 60 DINOSAUR CAKE CASES,WHITE HANGING HEART T-LIGHT HOLDER,ASSORTED COLOUR BIRD ORNAMENT,PARTY BUNTING
14373,WHITE HANGING HEART T-LIGHT HOLDER,REGENCY CAKESTAND 3 TIER,ASSORTED COLOUR BIRD ORNAMENT,PARTY BUNTING,VINTAGE UNION JACK BUNTING
14374,WHITE HANGING HEART T-LIGHT HOLDER,REGENCY CAKESTAND 3 TIER,ASSORTED COLOUR BIRD ORNAMENT,PARTY BUNTING,BAKING SET 9 PIECE RETROSPOT 
14375,WHITE HANGING HEART T-LIGHT HOLDER,JUMBO STORAGE BAG SUKI,JUMBO BAG PINK POLKADOT,JUMBO BAG RED RETROSPOT,HAND WARMER OWL DESIGN
14376,WHITE HANGING HEART T-LIGHT HOLDER,ASSORTED COLOUR BIRD ORNAMENT,HOME BUILDING BLOCK WORD,REGENCY CAKESTAND 3 TIER,PARTY BUNTING
14377,WOODEN PICTURE FRAME WHITE FINISH,WHITE HANGING HEART T-LIGHT HOLDER,REGENCY CAKESTAND 3 TIER,ASSORTED COLOUR BIRD ORNAMENT,PARTY BUNTING
14378,WHITE HANGING HEART T-LIGHT HOLDER,REGENCY CAKESTAND 3 TIER,ASSORTED COLOUR BIRD ORNAMENT,PARTY BUNTING,VINTAGE UNION JACK BUNTING
14379,JUMBO BAG PINK POLKADOT,JUMBO STORAGE BAG SUKI,JUMBO BAG RED RETROSPOT,REGENCY CAKESTAND 3 TIER,ASSORTED COLOUR BIRD ORNAMENT
14381,PACK OF 72 RETROSPOT CAKE CASES,HAND WARMER OWL DESIGN,REGENCY CAKESTAND 3 TIER,WHITE HANGING HEART T-LIGHT HOLDER,ASSORTED COLOUR BIRD ORNAMENT
14382,JUMBO BAG RED RETROSPOT,PACK OF 72 RETROSPOT CAKE CASES,JUMBO BAG PINK POLKADOT,WHITE HANGING HEART T-LIGHT HOLDER,JUMBO SHOPPER VINTAGE RED PAISLEY
14383,PINK REGENCY TEACUP AND SAUCER,GREEN REGENCY TEACUP AND SAUCER,HOME BUILDING BLOCK WORD,WHITE HANGING HEART T-LIGHT HOLDER,PAPER CHAIN KIT 50'S CHRISTMAS 
14384,JUMBO BAG RED RETROSPOT,JUMBO BAG PINK POLKADOT,JUMBO STORAGE BAG SUKI,JUMBO BAG SCANDINAVIAN PAISLEY,WHITE HANGING HEART T-LIGHT HOLDER
14385,LUNCH BAG PINK POLKADOT,LUNCH BAG WOODLAND,LUNCH BAG SUKI  DESIGN ,LUNCH BAG CARS BLUE,LUNCH BAG SPACEBOY DESIGN 
14386,WHITE HANGING HEART T-LIGHT HOLDER,REGENCY CAKESTAND 3 TIER,ASSORTED COLOUR BIRD ORNAMENT,PARTY BUNTING,BAKING SET 9 PIECE RETROSPOT 
14387,JUMBO BAG RED RETROSPOT,HAND WARMER OWL DESIGN,LUNCH BAG PINK POLKADOT,LUNCH BAG WOODLAND,LUNCH BAG SUKI  DESIGN 
14388,JUMBO BAG RED RETROSPOT,PACK OF 72 RETROSPOT CAKE CASES,JUMBO BAG PINK POLKADOT,LUNCH BAG SUKI  DESIGN ,LUNCH BAG SPACEBOY DESIGN 
14389,LUNCH BAG SUKI  DESIGN ,JUMBO BAG RED RETROSPOT,LUNCH BAG PINK POLKADOT,LUNCH BAG SPACEBOY DESIGN ,LUNCH BAG RED RETROSPOT
14390,JUMBO BAG RED RETROSPOT,JUMBO STORAGE BAG SUKI,JUMBO BAG PINK POLKADOT,LUNCH BAG PINK POLKADOT,LUNCH BAG WOODLAND
14391,WHITE HANGING HEART T-LIGHT HOLDER,REGENCY CAKESTAND 3 TIER,ASSORTED COLOUR BIRD ORNAMENT,PARTY BUNTING,VINTAGE UNION JACK BUNTING
14392,WHITE HANGING HEART T-LIGHT HOLDER,REGENCY CAKESTAND 3 TIER,ASSORTED COLOUR BIRD ORNAMENT,PARTY BUNTING,VINTAGE UNION JACK BUNTING
14393,WHITE HANGING HEART T-LIGHT HOLDER,REGENCY CAKESTAND 3 TIER,ASSORTED COLOUR BIRD ORNAMENT,PARTY BUNTING,VINTAGE UNION JACK BUNTING
14394,WHITE HANGING HEART T-LIGHT HOLDER,REGENCY CAKESTAND 3 TIER,ASSORTED COLOUR BIRD ORNAMENT,PARTY BUNTING,VINTAGE UNION JACK BUNTING
14395,HAND WARMER SCOTTY DOG DESIGN,HAND WARMER BIRD DESIGN,REGENCY CAKESTAND 3 TIER,"PAPER CRAFT , LITTLE BIRDIE",JUMBO BAG RED WHITE SPOTTY 
14396,LUNCH BAG SPACEBOY DESIGN ,LUNCH BAG PINK POLKADOT,LUNCH BAG SUKI  DESIGN ,LUNCH BAG RED RETROSPOT,GIN + TONIC DIET METAL SIGN
14397,REGENCY CAKESTAND 3 TIER,WHITE HANGING HEART T-LIGHT HOLDER,"PAPER CRAFT , LITTLE BIRDIE",JUMBO BAG RED WHITE SPOTTY ,ASSORTED COLOUR BIRD ORNAMENT
14398,JUMBO BAG PINK POLKADOT,JUMBO STORAGE BAG SUKI,JUMBO BAG RED RETROSPOT,WHITE HANGING HEART T-LIGHT HOLDER,REGENCY CAKESTAND 3 TIER
14399,LOVE BUILDING BLOCK WORD,PICNIC BASKET WICKER SMALL,REGENCY CAKESTAND 3 TIER,PARTY BUNTING,JUMBO BAG RED WHITE SPOTTY 
14400,GIN + TONIC DIET METAL SIGN,WHITE HANGING HEART T-LIGHT HOLDER,PICNIC BASKET WICKER SMALL,REGENCY CAKESTAND 3 TIER,PARTY BUNTING
14401,WHITE HANGING HEART T-LIGHT HOLDER,REGENCY CAKESTAND 3 TIER,"PAPER CRAFT , LITTLE BIRDIE",JUMBO BAG RED WHITE SPOTTY ,MEDIUM CERAMIC TOP STORAGE JAR
14402,VINTAGE HEADS AND TAILS CARD GAME ,WHITE HANGING HEART T-LIGHT HOLDER,REGENCY CAKESTAND 3 TIER,ASSORTED COLOUR BIRD ORNAMENT,PARTY BUNTING
14403,WHITE HANGING HEART T-LIGHT HOLDER,PICNIC BASKET WICKER SMALL,REGENCY CAKESTAND 3 TIER,PARTY BUNTING,JUMBO BAG RED WHITE SPOTTY 
14404,LUNCH BAG SPACEBOY DESIGN ,LUNCH BAG PINK POLKADOT,LUNCH BAG SUKI  DESIGN ,LUNCH BAG RED RETROSPOT,WHITE HANGING HEART T-LIGHT HOLDER
14405,JUMBO STORAGE BAG SUKI,JUMBO BAG PINK POLKADOT,JUMBO BAG RED RETROSPOT,WHITE HANGING HEART T-LIGHT HOLDER,REGENCY CAKESTAND 3 TIER
14406,WHITE HANGING HEART T-LIGHT HOLDER,JUMBO STORAGE BAG SUKI,JUMBO BAG PINK POLKADOT,JUMBO BAG RED RETROSPOT,REGENCY CAKESTAND 3 TIER
14407,JUMBO BAG RED RETROSPOT,JUMBO BAG SCANDINAVIAN PAISLEY,VINTAGE HEADS AND TAILS CARD GAME ,WHITE HANGING HEART T-LIGHT HOLDER,PICNIC BASKET WICKER SMALL
14408,SWEETHEART CERAMIC TRINKET BOX,WOOD 2 DRAWER CABINET WHITE FINISH,HOT WATER BOTTLE TEA AND SYMPATHY,REGENCY CAKESTAND 3 TIER,WHITE HANGING HEART T-LIGHT HOLDER
14409,JUMBO BAG RED RETROSPOT,JUMBO BAG PINK POLKADOT,LUNCH BAG SUKI  DESIGN ,HEART OF WICKER LARGE,WHITE HANGING HEART T-LIGHT HOLDER
14410,PACK OF 72 RETROSPOT CAKE CASES,LUNCH BAG PINK POLKADOT,LUNCH BAG WOODLAND,LUNCH BAG SUKI  DESIGN ,LUNCH BAG SPACEBOY DESIGN 
14411,WHITE HANGING HEART T-LIGHT HOLDER,REGENCY CAKESTAND 3 TIER,ASSORTED COLOUR BIRD ORNAMENT,PARTY BUNTING,VINTAGE UNION JACK BUNTING
14412,PAPER CHAIN KIT VINTAGE CHRISTMAS,REGENCY CAKESTAND 3 TIER,WHITE HANGING HEART T-LIGHT HOLDER,ASSORTED COLOUR BIRD ORNAMENT,BAKING SET 9 PIECE RETROSPOT 
14413,SWEETHEART CERAMIC TRINKET BOX,PAPER CHAIN KIT VINTAGE CHRISTMAS,WOOD S/3 CABINET ANT WHITE FINISH,VINTAGE SNAP CARDS,WHITE HANGING HEART T-LIGHT HOLDER
14414,WHITE HANGING HEART T-LIGHT HOLDER,PICNIC BASKET WICKER SMALL,REGENCY CAKESTAND 3 TIER,PARTY BUNTING,JUMBO BAG RED WHITE SPOTTY 
14415,JUMBO BAG RED RETROSPOT,LUNCH BAG SUKI  DESIGN ,LUNCH BAG PINK POLKADOT,LUNCH BAG SPACEBOY DESIGN ,LUNCH BAG RED RETROSPOT
14416,REGENCY CAKESTAND 3 TIER,WHITE HANGING HEART T-LIGHT HOLDER,PAPER CHAIN KIT 50'S CHRISTMAS ,BAKING SET 9 PIECE RETROSPOT ,METAL SIGN TAKE IT OR LEAVE IT 
14417,PACK OF 72 RETROSPOT CAKE CASES,72 SWEETHEART FAIRY CAKE CASES,WHITE HANGING HEART T-LIGHT HOLDER,REGENCY CAKESTAND 3 TIER,ASSORTED COLOUR BIRD ORNAMENT
14418,ALARM CLOCK BAKELIKE GREEN,REGENCY CAKESTAND 3 TIER,WHITE HANGING HEART T-LIGHT HOLDER,ASSORTED COLOUR BIRD ORNAMENT,PAPER CHAIN KIT 50'S CHRISTMAS 
14419,JUMBO BAG PINK POLKADOT,JUMBO BAG RED RETROSPOT,JUMBO BAG STRAWBERRY,JUMBO SHOPPER VINTAGE RED PAISLEY,LUNCH BAG SUKI  DESIGN 
14420,60 TEATIME FAIRY CAKE CASES,PACK OF 72 RETROSPOT CAKE CASES,WHITE HANGING HEART T-LIGHT HOLDER,PICNIC BASKET WICKER SMALL,REGENCY CAKESTAND 3 TIER
14421,PAPER CHAIN KIT VINTAGE CHRISTMAS,WHITE HANGING HEART T-LIGHT HOLDER,PICNIC BASKET WICKER SMALL,REGENCY CAKESTAND 3 TIER,JUMBO BAG RED WHITE SPOTTY 
14422,PACK OF 60 DINOSAUR CAKE CASES,72 SWEETHEART FAIRY CAKE CASES,PACK OF 60 PINK PAISLEY CAKE CASES,PACK OF 72 RETROSPOT CAKE CASES,WOODEN PICTURE FRAME WHITE FINISH
14423,PICNIC BASKET WICKER SMALL,REGENCY CAKESTAND 3 TIER,PARTY BUNTING,JUMBO BAG RED WHITE SPOTTY ,ASSORTED COLOUR BIRD ORNAMENT
14424,REGENCY CAKESTAND 3 TIER,WHITE HANGING HEART T-LIGHT HOLDER,ASSORTED COLOUR BIRD ORNAMENT,PAPER CHAIN KIT 50'S CHRISTMAS ,BAKING SET 9 PIECE RETROSPOT 
14425,WHITE HANGING HEART T-LIGHT HOLDER,REGENCY CAKESTAND 3 TIER,ASSORTED COLOUR BIRD ORNAMENT,PARTY BUNTING,VINTAGE UNION JACK BUNTING
14426,PACK OF 72 RETROSPOT CAKE CASES,SWEETHEART CERAMIC TRINKET BOX,"PAPER CRAFT , LITTLE BIRDIE",JUMBO BAG RED WHITE SPOTTY ,ASSORTED COLOUR BIRD ORNAMENT
14427,60 TEATIME FAIRY CAKE CASES,PACK OF 72 RETROSPOT CAKE CASES,VINTAGE SNAP CARDS,WHITE HANGING HEART T-LIGHT HOLDER,PICNIC BASKET WICKER SMALL
14428,LUNCH BAG CARS BLUE,LUNCH BAG SPACEBOY DESIGN ,LUNCH BAG PINK POLKADOT,LUNCH BAG SUKI  DESIGN ,LUNCH BAG RED RETROSPOT
14429,HOT WATER BOTTLE TEA AND SYMPATHY,WHITE HANGING HEART T-LIGHT HOLDER,REGENCY CAKESTAND 3 TIER,ASSORTED COLOUR BIRD ORNAMENT,PARTY BUNTING
14430,60 TEATIME FAIRY CAKE CASES,PACK OF 72 RETROSPOT CAKE CASES,WHITE HANGING HEART T-LIGHT HOLDER,PICNIC BASKET WICKER SMALL,PARTY BUNTING
14431,VINTAGE HEADS AND TAILS CARD GAME ,PICNIC BASKET WICKER SMALL,PARTY BUNTING,JUMBO BAG RED WHITE SPOTTY ,ASSORTED COLOUR BIRD ORNAMENT
14432,HEART OF WICKER LARGE,HAND WARMER BIRD DESIGN,TOILET METAL SIGN,REGENCY CAKESTAND 3 TIER,PAPER CHAIN KIT 50'S CHRISTMAS 
14433,GIN + TONIC DIET METAL SIGN,WHITE HANGING HEART T-LIGHT HOLDER,REGENCY CAKESTAND 3 TIER,ASSORTED COLOUR BIRD ORNAMENT,PARTY BUNTING
14434,REGENCY CAKESTAND 3 TIER,WHITE HANGING HEART T-LIGHT HOLDER,ASSORTED COLOUR BIRD ORNAMENT,PAPER CHAIN KIT 50'S CHRISTMAS ,BAKING SET 9 PIECE RETROSPOT 
14435,WHITE HANGING HEART T-LIGHT HOLDER,REGENCY CAKESTAND 3 TIER,ASSORTED COLOUR BIRD ORNAMENT,PARTY BUNTING,VINTAGE UNION JACK BUNTING
14436,WHITE HANGING HEART T-LIGHT HOLDER,REGENCY CAKESTAND 3 TIER,ASSORTED COLOUR BIRD ORNAMENT,PARTY BUNTING,VINTAGE UNION JACK BUNTING
14437,WHITE HANGING HEART T-LIGHT HOLDER,PICNIC BASKET WICKER SMALL,REGENCY CAKESTAND 3 TIER,PARTY BUNTING,JUMBO BAG RED WHITE SPOTTY 
14438,JUMBO BAG RED RETROSPOT,WHITE HANGING HEART T-LIGHT HOLDER,REGENCY CAKESTAND 3 TIER,ASSORTED COLOUR BIRD ORNAMENT,PARTY BUNTING
14439,PINK REGENCY TEACUP AND SAUCER,HEART OF WICKER LARGE,WHITE HANGING HEART T-LIGHT HOLDER,PARTY BUNTING,JUMBO BAG RED WHITE SPOTTY 
14440,HEART OF WICKER SMALL,REGENCY CAKESTAND 3 TIER,"PAPER CRAFT , LITTLE BIRDIE",JUMBO BAG RED WHITE SPOTTY ,MEDIUM CERAMIC TOP STORAGE JAR
14441,LOVE BUILDING BLOCK WORD,PACK OF 60 DINOSAUR CAKE CASES,72 SWEETHEART FAIRY CAKE CASES,PACK OF 60 PINK PAISLEY CAKE CASES,PACK OF 72 RETROSPOT CAKE CASES
14442,WHITE HANGING HEART T-LIGHT HOLDER,PACK OF 60 DINOSAUR CAKE CASES,72 SWEETHEART FAIRY CAKE CASES,PACK OF 60 PINK PAISLEY CAKE CASES,PACK OF 72 RETROSPOT CAKE CASES
14443,SWEETHEART CERAMIC TRINKET BOX,PAPER CHAIN KIT VINTAGE CHRISTMAS,PINK BLUE FELT CRAFT TRINKET BOX,PACK OF 72 RETROSPOT CAKE CASES,TOILET METAL SIGN
14444,WHITE HANGING HEART T-LIGHT HOLDER,REGENCY CAKESTAND 3 TIER,ASSORTED COLOUR BIRD ORNAMENT,PARTY BUNTING,VINTAGE UNION JACK BUNTING
14445,LUNCH BAG SUKI  DESIGN ,LUNCH BAG WOODLAND,LUNCH BAG PINK POLKADOT,LUNCH BAG SPACEBOY DESIGN ,LUNCH BAG RED RETROSPOT
14446,PACK OF 72 RETROSPOT CAKE CASES,SWEETHEART CERAMIC TRINKET BOX,LUNCH BAG PINK POLKADOT,LUNCH BAG WOODLAND,LUNCH BAG SUKI  DESIGN 
14447,LUNCH BAG SPACEBOY DESIGN ,LUNCH BAG PINK POLKADOT,LUNCH BAG SUKI  DESIGN ,LUNCH BAG  BLACK SKULL.,LUNCH BAG RED RETROSPOT
14448,JUMBO BAG RED RETROSPOT,JUMBO STORAGE BAG SUKI,JUMBO BAG PINK POLKADOT,HEART OF WICKER SMALL,PAPER CHAIN KIT VINTAGE CHRISTMAS
14449,LUNCH BAG SPACEBOY DESIGN ,LUNCH BAG PINK POLKADOT,LUNCH BAG SUKI  DESIGN ,LUNCH BAG RED RETROSPOT,60 TEATIME FAIRY CAKE CASES
14450,WHITE HANGING HEART T-LIGHT HOLDER,PICNIC BASKET WICKER SMALL,REGENCY CAKESTAND 3 TIER,PARTY BUNTING,ASSORTED COLOUR BIRD ORNAMENT
14451,PACK OF 72 RETROSPOT CAKE CASES,LUNCH BAG SPACEBOY DESIGN ,LUNCH BAG PINK POLKADOT,LUNCH BAG SUKI  DESIGN ,LUNCH BAG RED RETROSPOT
14452,WHITE HANGING HEART T-LIGHT HOLDER,JUMBO STORAGE BAG SUKI,JUMBO BAG PINK POLKADOT,JUMBO BAG RED RETROSPOT,HOME BUILDING BLOCK WORD
14453,WHITE HANGING HEART T-LIGHT HOLDER,REGENCY CAKESTAND 3 TIER,ASSORTED COLOUR BIRD ORNAMENT,PARTY BUNTING,VINTAGE UNION JACK BUNTING
14454,PAPER CHAIN KIT 50'S CHRISTMAS ,REGENCY CAKESTAND 3 TIER,PARTY BUNTING,JUMBO BAG RED WHITE SPOTTY ,ASSORTED COLOUR BIRD ORNAMENT
14455,PACK OF 72 RETROSPOT CAKE CASES,LUNCH BAG PINK POLKADOT,LUNCH BAG WOODLAND,LUNCH BAG SUKI  DESIGN ,LUNCH BAG CARS BLUE
14456,JUMBO BAG RED RETROSPOT,LUNCH BAG SUKI  DESIGN ,JUMBO BAG PINK POLKADOT,LUNCH BAG PINK POLKADOT,LUNCH BAG SPACEBOY DESIGN 
14457,WHITE HANGING HEART T-LIGHT HOLDER,REGENCY CAKESTAND 3 TIER,ASSORTED COLOUR BIRD ORNAMENT,PARTY BUNTING,VINTAGE UNION JACK BUNTING
14458,VINTAGE HEADS AND TAILS CARD GAME ,WHITE HANGING HEART T-LIGHT HOLDER,REGENCY CAKESTAND 3 TIER,ASSORTED COLOUR BIRD ORNAMENT,PARTY BUNTING
14459,PACK OF 72 RETROSPOT CAKE CASES,WOODEN PICTURE FRAME WHITE FINISH,WHITE HANGING HEART T-LIGHT HOLDER,PACK OF 60 DINOSAUR CAKE CASES,PACK OF 60 PINK PAISLEY CAKE CASES
14460,VINTAGE HEADS AND TAILS CARD GAME ,WHITE HANGING HEART T-LIGHT HOLDER,PICNIC BASKET WICKER SMALL,REGENCY CAKESTAND 3 TIER,PARTY BUNTING
14461,PAPER CHAIN KIT 50'S CHRISTMAS ,VINTAGE SNAP CARDS,WOOD S/3 CABINET ANT WHITE FINISH,PINK CREAM FELT CRAFT TRINKET BOX ,PICNIC BASKET WICKER SMALL
14462,GIN + TONIC DIET METAL SIGN,WOOD S/3 CABINET ANT WHITE FINISH,HEART OF WICKER LARGE,TOILET METAL SIGN,PICNIC BASKET WICKER SMALL
14463,HEART OF WICKER LARGE,WHITE HANGING HEART T-LIGHT HOLDER,PICNIC BASKET WICKER SMALL,PARTY BUNTING,JUMBO BAG RED WHITE SPOTTY 
14464,WHITE HANGING HEART T-LIGHT HOLDER,REGENCY CAKESTAND 3 TIER,ASSORTED COLOUR BIRD ORNAMENT,PARTY BUNTING,VINTAGE UNION JACK BUNTING
14465,JUMBO BAG PINK POLKADOT,JUMBO BAG RED RETROSPOT,PAPER CHAIN KIT VINTAGE CHRISTMAS,JUMBO  BAG BAROQUE BLACK WHITE,JUMBO SHOPPER VINTAGE RED PAISLEY
14466,PACK OF 72 RETROSPOT CAKE CASES,WHITE HANGING HEART T-LIGHT HOLDER,"PAPER CRAFT , LITTLE BIRDIE",JUMBO BAG RED WHITE SPOTTY ,ASSORTED COLOUR BIRD ORNAMENT
14467,PACK OF 72 RETROSPOT CAKE CASES,ALARM CLOCK BAKELIKE RED ,HOME BUILDING BLOCK WORD,BATHROOM METAL SIGN,REGENCY CAKESTAND 3 TIER
14468,HOME BUILDING BLOCK WORD,WHITE HANGING HEART T-LIGHT HOLDER,REGENCY CAKESTAND 3 TIER,ASSORTED COLOUR BIRD ORNAMENT,PARTY BUNTING
14469,GIN + TONIC DIET METAL SIGN,JUMBO BAG RED RETROSPOT,ALARM CLOCK BAKELIKE RED ,WOOD 2 DRAWER CABINET WHITE FINISH,PICNIC BASKET WICKER SMALL
14470,WHITE HANGING HEART T-LIGHT HOLDER,CHOCOLATE HOT WATER BOTTLE,JUMBO BAG PINK POLKADOT,JUMBO STORAGE BAG SUKI,JUMBO BAG RED RETROSPOT
14471,PINK CREAM FELT CRAFT TRINKET BOX ,WHITE HANGING HEART T-LIGHT HOLDER,REGENCY CAKESTAND 3 TIER,ASSORTED COLOUR BIRD ORNAMENT,PARTY BUNTING
14472,HOT WATER BOTTLE TEA AND SYMPATHY,PICNIC BASKET WICKER SMALL,PARTY BUNTING,JUMBO BAG RED WHITE SPOTTY ,FAIRY CAKE FLANNEL ASSORTED COLOUR
14473,WHITE HANGING HEART T-LIGHT HOLDER,REGENCY CAKESTAND 3 TIER,ASSORTED COLOUR BIRD ORNAMENT,BAKING SET 9 PIECE RETROSPOT ,GRAND CHOCOLATECANDLE
14474,WHITE HANGING HEART T-LIGHT HOLDER,REGENCY CAKESTAND 3 TIER,ASSORTED COLOUR BIRD ORNAMENT,PAPER CHAIN KIT 50'S CHRISTMAS ,METAL SIGN TAKE IT OR LEAVE IT 
14475,WOODEN PICTURE FRAME WHITE FINISH,JUMBO STORAGE BAG SUKI,JUMBO BAG PINK POLKADOT,JUMBO BAG RED RETROSPOT,WOOD 2 DRAWER CABINET WHITE FINISH
14476,REGENCY CAKESTAND 3 TIER,ASSORTED COLOUR BIRD ORNAMENT,PARTY BUNTING,VINTAGE UNION JACK BUNTING,BAKING SET 9 PIECE RETROSPOT 
14477,JUMBO BAG PINK POLKADOT,JUMBO STORAGE BAG SUKI,JUMBO BAG RED RETROSPOT,REGENCY CAKESTAND 3 TIER,WHITE HANGING HEART T-LIGHT HOLDER
14478,HEART OF WICKER SMALL,PAPER CHAIN KIT VINTAGE CHRISTMAS,PICNIC BASKET WICKER SMALL,REGENCY CAKESTAND 3 TIER,PARTY BUNTING
14479,HOT WATER BOTTLE TEA AND SYMPATHY,PAPER CHAIN KIT 50'S CHRISTMAS ,HEART OF WICKER SMALL,PICNIC BASKET WICKER SMALL,REGENCY CAKESTAND 3 TIER
14480,HOT WATER BOTTLE TEA AND SYMPATHY,JUMBO BAG PINK VINTAGE PAISLEY,JUMBO BAG RED RETROSPOT,PINK BLUE FELT CRAFT TRINKET BOX,REGENCY CAKESTAND 3 TIER
14481,SWEETHEART CERAMIC TRINKET BOX,PICNIC BASKET WICKER SMALL,REGENCY CAKESTAND 3 TIER,PARTY BUNTING,JUMBO BAG RED WHITE SPOTTY 
14482,JUMBO BAG RED RETROSPOT,JUMBO BAG PINK POLKADOT,HAND WARMER OWL DESIGN,LUNCH BAG SUKI  DESIGN ,HEART OF WICKER SMALL
14483,WHITE HANGING HEART T-LIGHT HOLDER,REGENCY CAKESTAND 3 TIER,ASSORTED COLOUR BIRD ORNAMENT,PARTY BUNTING,VINTAGE UNION JACK BUNTING
14484,WOOD 2 DRAWER CABINET WHITE FINISH,REGENCY CAKESTAND 3 TIER,WHITE HANGING HEART T-LIGHT HOLDER,PAPER CHAIN KIT 50'S CHRISTMAS ,BAKING SET 9 PIECE RETROSPOT 
14485,REGENCY CAKESTAND 3 TIER,WHITE HANGING HEART T-LIGHT HOLDER,ASSORTED COLOUR BIRD ORNAMENT,BAKING SET 9 PIECE RETROSPOT ,METAL SIGN TAKE IT OR LEAVE IT 
14486,JUMBO BAG RED RETROSPOT,JUMBO BAG PINK POLKADOT,JUMBO STORAGE BAG SUKI,JUMBO BAG PINK VINTAGE PAISLEY,WHITE HANGING HEART T-LIGHT HOLDER
14487,JUMBO BAG RED RETROSPOT,HAND WARMER OWL DESIGN,JUMBO BAG STRAWBERRY,JUMBO  BAG BAROQUE BLACK WHITE,JUMBO BAG PINK POLKADOT
14488,PAPER CHAIN KIT 50'S CHRISTMAS ,HAND WARMER OWL DESIGN,REGENCY CAKESTAND 3 TIER,WHITE HANGING HEART T-LIGHT HOLDER,ASSORTED COLOUR BIRD ORNAMENT
14489,JUMBO BAG RED RETROSPOT,JUMBO STORAGE BAG SUKI,JUMBO BAG PINK POLKADOT,LUNCH BAG WOODLAND,LUNCH BAG PINK POLKADOT
14490,LUNCH BAG WOODLAND,LUNCH BAG PINK POLKADOT,LUNCH BAG SUKI  DESIGN ,LUNCH BAG SPACEBOY DESIGN ,LUNCH BAG RED RETROSPOT
14491,WHITE HANGING HEART T-LIGHT HOLDER,REGENCY CAKESTAND 3 TIER,ASSORTED COLOUR BIRD ORNAMENT,PARTY BUNTING,BAKING SET 9 PIECE RETROSPOT 
14492,JUMBO STORAGE BAG SUKI,JUMBO BAG PINK POLKADOT,JUMBO BAG RED RETROSPOT,GIN + TONIC DIET METAL SIGN,HOME BUILDING BLOCK WORD
14493,WHITE HANGING HEART T-LIGHT HOLDER,JUMBO STORAGE BAG SUKI,JUMBO BAG PINK POLKADOT,JUMBO BAG RED RETROSPOT,PACK OF 60 DINOSAUR CAKE CASES
14494,REGENCY CAKESTAND 3 TIER,WHITE HANGING HEART T-LIGHT HOLDER,ASSORTED COLOUR BIRD ORNAMENT,PAPER CHAIN KIT 50'S CHRISTMAS ,BAKING SET 9 PIECE RETROSPOT 
14495,JUMBO BAG PINK POLKADOT,JUMBO STORAGE BAG SUKI,JUMBO BAG RED RETROSPOT,REGENCY CAKESTAND 3 TIER,WHITE HANGING HEART T-LIGHT HOLDER
14496,SWEETHEART CERAMIC TRINKET BOX,CHOCOLATE HOT WATER BOTTLE,PICNIC BASKET WICKER SMALL,PARTY BUNTING,JUMBO BAG RED WHITE SPOTTY 
14497,WHITE HANGING HEART T-LIGHT HOLDER,HEART OF WICKER LARGE,PACK OF 60 DINOSAUR CAKE CASES,72 SWEETHEART FAIRY CAKE CASES,PACK OF 60 PINK PAISLEY CAKE CASES
14498,PACK OF 72 RETROSPOT CAKE CASES,JUMBO BAG RED RETROSPOT,LUNCH BAG SPACEBOY DESIGN ,LUNCH BAG PINK POLKADOT,LUNCH BAG SUKI  DESIGN 
14499,LUNCH BAG SPACEBOY DESIGN ,LUNCH BAG PINK POLKADOT,LUNCH BAG SUKI  DESIGN ,LUNCH BAG RED RETROSPOT,HAND WARMER OWL DESIGN
14500,WHITE HANGING HEART T-LIGHT HOLDER,ASSORTED COLOUR BIRD ORNAMENT,PAPER CHAIN KIT 50'S CHRISTMAS ,BAKING SET 9 PIECE RETROSPOT ,METAL SIGN TAKE IT OR LEAVE IT 
14501,WHITE HANGING HEART T-LIGHT HOLDER,REGENCY CAKESTAND 3 TIER,PARTY BUNTING,VINTAGE UNION JACK BUNTING,BAKING SET 9 PIECE RETROSPOT 
14502,PACK OF 72 RETROSPOT CAKE CASES,PACK OF 60 DINOSAUR CAKE CASES,HAND WARMER SCOTTY DOG DESIGN,VINTAGE HEADS AND TAILS CARD GAME ,WOOD S/3 CABINET ANT WHITE FINISH
14503,JUMBO BAG PINK POLKADOT,JUMBO BAG RED RETROSPOT,JUMBO BAG STRAWBERRY,LUNCH BAG SUKI  DESIGN ,REGENCY CAKESTAND 3 TIER
14504,HEART OF WICKER SMALL,REGENCY CAKESTAND 3 TIER,PAPER CHAIN KIT 50'S CHRISTMAS ,BAKING SET 9 PIECE RETROSPOT ,METAL SIGN TAKE IT OR LEAVE IT 
14505,JUMBO BAG RED RETROSPOT,LUNCH BAG SUKI  DESIGN ,JUMBO BAG PINK POLKADOT,LUNCH BAG PINK POLKADOT,LUNCH BAG SPACEBOY DESIGN 
14506,WHITE HANGING HEART T-LIGHT HOLDER,PINK REGENCY TEACUP AND SAUCER,WOODEN FRAME ANTIQUE WHITE ,JUMBO BAG PINK POLKADOT,JUMBO STORAGE BAG SUKI
14507,JUMBO BAG RED RETROSPOT,HOT WATER BOTTLE TEA AND SYMPATHY,JUMBO BAG PINK POLKADOT,JUMBO STORAGE BAG SUKI,"PAPER CRAFT , LITTLE BIRDIE"
14508,PACK OF 72 RETROSPOT CAKE CASES,LOVE BUILDING BLOCK WORD,WHITE HANGING HEART T-LIGHT HOLDER,PACK OF 60 DINOSAUR CAKE CASES,72 SWEETHEART FAIRY CAKE CASES
14509,WHITE HANGING HEART T-LIGHT HOLDER,JUMBO BAG PINK POLKADOT,JUMBO STORAGE BAG SUKI,JUMBO BAG RED RETROSPOT,RED RETROSPOT CHARLOTTE BAG
14510,60 TEATIME FAIRY CAKE CASES,PACK OF 72 RETROSPOT CAKE CASES,WHITE HANGING HEART T-LIGHT HOLDER,PICNIC BASKET WICKER SMALL,REGENCY CAKESTAND 3 TIER
14511,REGENCY CAKESTAND 3 TIER,WHITE HANGING HEART T-LIGHT HOLDER,PAPER CHAIN KIT 50'S CHRISTMAS ,BAKING SET 9 PIECE RETROSPOT ,METAL SIGN TAKE IT OR LEAVE IT 
14512,WHITE HANGING HEART T-LIGHT HOLDER,WOODEN FRAME ANTIQUE WHITE ,HEART OF WICKER SMALL,PICNIC BASKET WICKER SMALL,REGENCY CAKESTAND 3 TIER
14513,PICNIC BASKET WICKER SMALL,REGENCY CAKESTAND 3 TIER,PARTY BUNTING,JUMBO BAG RED WHITE SPOTTY ,ASSORTED COLOUR BIRD ORNAMENT
14514,PACK OF 72 RETROSPOT CAKE CASES,HOME BUILDING BLOCK WORD,WOOD S/3 CABINET ANT WHITE FINISH,HOT WATER BOTTLE TEA AND SYMPATHY,HEART OF WICKER LARGE
14515,JUMBO STORAGE BAG SUKI,JUMBO BAG PINK POLKADOT,JUMBO BAG RED RETROSPOT,WOODEN PICTURE FRAME WHITE FINISH,WHITE HANGING HEART T-LIGHT HOLDER
14516,JUMBO BAG STRAWBERRY,JUMBO  BAG BAROQUE BLACK WHITE,JUMBO BAG PINK POLKADOT,JUMBO SHOPPER VINTAGE RED PAISLEY,JUMBO BAG RED RETROSPOT
14517,WOODEN PICTURE FRAME WHITE FINISH,WHITE HANGING HEART T-LIGHT HOLDER,ASSORTED COLOUR BIRD ORNAMENT,PAPER CHAIN KIT 50'S CHRISTMAS ,BAKING SET 9 PIECE RETROSPOT 
14518,WHITE HANGING HEART T-LIGHT HOLDER,REGENCY CAKESTAND 3 TIER,PARTY BUNTING,VINTAGE UNION JACK BUNTING,BAKING SET 9 PIECE RETROSPOT 
14519,JUMBO BAG RED RETROSPOT,LUNCH BAG SUKI  DESIGN ,JUMBO BAG PINK POLKADOT,LUNCH BAG WOODLAND,LUNCH BAG PINK POLKADOT
14520,REGENCY CAKESTAND 3 TIER,WHITE HANGING HEART T-LIGHT HOLDER,ASSORTED COLOUR BIRD ORNAMENT,PAPER CHAIN KIT 50'S CHRISTMAS ,BAKING SET 9 PIECE RETROSPOT 
14521,REGENCY CAKESTAND 3 TIER,ASSORTED COLOUR BIRD ORNAMENT,PARTY BUNTING,VINTAGE UNION JACK BUNTING,GRAND CHOCOLATECANDLE
14522,WHITE HANGING HEART T-LIGHT HOLDER,REGENCY CAKESTAND 3 TIER,"PAPER CRAFT , LITTLE BIRDIE",JUMBO BAG RED WHITE SPOTTY ,ASSORTED COLOUR BIRD ORNAMENT
14523,WHITE HANGING HEART T-LIGHT HOLDER,REGENCY CAKESTAND 3 TIER,ASSORTED COLOUR BIRD ORNAMENT,PARTY BUNTING,VINTAGE UNION JACK BUNTING
14524,PACK OF 72 RETROSPOT CAKE CASES,HAND WARMER OWL DESIGN,PACK OF 60 DINOSAUR CAKE CASES,PACK OF 60 PINK PAISLEY CAKE CASES,JUMBO BAG STRAWBERRY
14525,JUMBO BAG RED RETROSPOT,JUMBO BAG PINK POLKADOT,JUMBO STORAGE BAG SUKI,STRAWBERRY CERAMIC TRINKET BOX,60 TEATIME FAIRY CAKE CASES
14526,REGENCY CAKESTAND 3 TIER,ASSORTED COLOUR BIRD ORNAMENT,PARTY BUNTING,VINTAGE UNION JACK BUNTING,BAKING SET 9 PIECE RETROSPOT 
14527,JUMBO BAG RED RETROSPOT,JUMBO BAG PINK POLKADOT,PACK OF 72 RETROSPOT CAKE CASES,LUNCH BAG SUKI  DESIGN ,PACK OF 60 DINOSAUR CAKE CASES
14528,REGENCY CAKESTAND 3 TIER,WHITE HANGING HEART T-LIGHT HOLDER,PAPER CHAIN KIT 50'S CHRISTMAS ,BAKING SET 9 PIECE RETROSPOT ,METAL SIGN TAKE IT OR LEAVE IT 
14529,PINK REGENCY TEACUP AND SAUCER,HAND WARMER OWL DESIGN,JUMBO BAG STRAWBERRY,JUMBO  BAG BAROQUE BLACK WHITE,JUMBO BAG PINK POLKADOT
14530,JUMBO BAG RED RETROSPOT,JUMBO BAG PINK POLKADOT,60 TEATIME FAIRY CAKE CASES,PACK OF 72 RETROSPOT CAKE CASES,JUMBO BAG STRAWBERRY
14531,PACK OF 72 RETROSPOT CAKE CASES,VINTAGE HEADS AND TAILS CARD GAME ,LUNCH BAG PINK POLKADOT,LUNCH BAG WOODLAND,LUNCH BAG SUKI  DESIGN 
14532,CHOCOLATE HOT WATER BOTTLE,PICNIC BASKET WICKER SMALL,REGENCY CAKESTAND 3 TIER,PARTY BUNTING,JUMBO BAG RED WHITE SPOTTY 
14533,PACK OF 72 RETROSPOT CAKE CASES,WHITE HANGING HEART T-LIGHT HOLDER,"PAPER CRAFT , LITTLE BIRDIE",JUMBO BAG RED WHITE SPOTTY ,ASSORTED COLOUR BIRD ORNAMENT
14534,PACK OF 72 RETROSPOT CAKE CASES,JUMBO BAG RED RETROSPOT,JUMBO BAG PINK POLKADOT,LUNCH BAG SUKI  DESIGN ,WHITE HANGING HEART T-LIGHT HOLDER
14535,JUMBO BAG RED RETROSPOT,PACK OF 72 RETROSPOT CAKE CASES,JUMBO BAG PINK POLKADOT,JUMBO STORAGE BAG SUKI,LUNCH BAG PINK POLKADOT
14536,WHITE HANGING HEART T-LIGHT HOLDER,ASSORTED COLOUR BIRD ORNAMENT,PARTY BUNTING,VINTAGE UNION JACK BUNTING,GRAND CHOCOLATECANDLE
14537,PINK CREAM FELT CRAFT TRINKET BOX ,REGENCY CAKESTAND 3 TIER,WHITE HANGING HEART T-LIGHT HOLDER,ASSORTED COLOUR BIRD ORNAMENT,PAPER CHAIN KIT 50'S CHRISTMAS 
14538,HEART OF WICKER SMALL,PICNIC BASKET WICKER SMALL,JUMBO BAG RED WHITE SPOTTY ,ASSORTED COLOUR BIRD ORNAMENT,FAIRY CAKE FLANNEL ASSORTED COLOUR
14539,VINTAGE SNAP CARDS,REGENCY CAKESTAND 3 TIER,WHITE HANGING HEART T-LIGHT HOLDER,ASSORTED COLOUR BIRD ORNAMENT,PAPER CHAIN KIT 50'S CHRISTMAS 
14540,WHITE HANGING HEART T-LIGHT HOLDER,WOODEN PICTURE FRAME WHITE FINISH,HOT WATER BOTTLE TEA AND SYMPATHY,"PAPER CRAFT , LITTLE BIRDIE",JUMBO BAG RED WHITE SPOTTY 
14541,JUMBO BAG SCANDINAVIAN PAISLEY,JUMBO BAG RED RETROSPOT,LUNCH BAG WOODLAND,LUNCH BAG PINK POLKADOT,LUNCH BAG SUKI  DESIGN 
14542,WHITE HANGING HEART T-LIGHT HOLDER,REGENCY CAKESTAND 3 TIER,ASSORTED COLOUR BIRD ORNAMENT,PARTY BUNTING,VINTAGE UNION JACK BUNTING
14543,REGENCY CAKESTAND 3 TIER,WHITE HANGING HEART T-LIGHT HOLDER,"PAPER CRAFT , LITTLE BIRDIE",JUMBO BAG RED WHITE SPOTTY ,ASSORTED COLOUR BIRD ORNAMENT
14544,JUMBO BAG RED RETROSPOT,JUMBO STORAGE BAG SUKI,JUMBO BAG PINK POLKADOT,JUMBO BAG PINK VINTAGE PAISLEY,LUNCH BAG WOODLAND
14545,JUMBO BAG PINK VINTAGE PAISLEY,JUMBO BAG RED RETROSPOT,WHITE HANGING HEART T-LIGHT HOLDER,REGENCY CAKESTAND 3 TIER,ASSORTED COLOUR BIRD ORNAMENT
14546,PACK OF 72 RETROSPOT CAKE CASES,JUMBO BAG RED RETROSPOT,LUNCH BAG PINK POLKADOT,LUNCH BAG SUKI  DESIGN ,LUNCH BAG SPACEBOY DESIGN 
14547,JUMBO BAG SCANDINAVIAN PAISLEY,JUMBO BAG RED RETROSPOT,HOT WATER BOTTLE TEA AND SYMPATHY,HAND WARMER SCOTTY DOG DESIGN,HAND WARMER BIRD DESIGN
14548,SWEETHEART CERAMIC TRINKET BOX,HOME BUILDING BLOCK WORD,PICNIC BASKET WICKER SMALL,REGENCY CAKESTAND 3 TIER,PARTY BUNTING
14549,JUMBO BAG RED RETROSPOT,JUMBO BAG PINK POLKADOT,WOODEN FRAME ANTIQUE WHITE ,PACK OF 60 DINOSAUR CAKE CASES,72 SWEETHEART FAIRY CAKE CASES
14550,WHITE HANGING HEART T-LIGHT HOLDER,PACK OF 72 RETROSPOT CAKE CASES,PACK OF 60 DINOSAUR CAKE CASES,PACK OF 60 PINK PAISLEY CAKE CASES,REGENCY CAKESTAND 3 TIER
14551,JUMBO BAG RED RETROSPOT,REGENCY CAKESTAND 3 TIER,WHITE HANGING HEART T-LIGHT HOLDER,ASSORTED COLOUR BIRD ORNAMENT,BAKING SET 9 PIECE RETROSPOT 
14552,LUNCH BAG SPACEBOY DESIGN ,LUNCH BAG PINK POLKADOT,LUNCH BAG SUKI  DESIGN ,LUNCH BAG RED RETROSPOT,HEART OF WICKER LARGE
14553,JUMBO BAG RED RETROSPOT,LUNCH BAG SUKI  DESIGN ,JUMBO BAG PINK POLKADOT,LUNCH BAG PINK POLKADOT,LUNCH BAG WOODLAND
14554,PINK 3 PIECE MINI DOTS CUTLERY SET,WOOD 2 DRAWER CABINET WHITE FINISH,JUMBO BAG PINK POLKADOT,JUMBO STORAGE BAG SUKI,JUMBO BAG RED RETROSPOT
14555,HAND WARMER OWL DESIGN,PICNIC BASKET WICKER SMALL,REGENCY CAKESTAND 3 TIER,PARTY BUNTING,JUMBO BAG RED WHITE SPOTTY 
14556,JUMBO BAG RED RETROSPOT,JUMBO STORAGE BAG SUKI,JUMBO BAG PINK POLKADOT,SWEETHEART CERAMIC TRINKET BOX,LOVE BUILDING BLOCK WORD
14557,REGENCY CAKESTAND 3 TIER,WHITE HANGING HEART T-LIGHT HOLDER,ASSORTED COLOUR BIRD ORNAMENT,BAKING SET 9 PIECE RETROSPOT ,METAL SIGN TAKE IT OR LEAVE IT 
14558,WHITE HANGING HEART T-LIGHT HOLDER,WOODEN FRAME ANTIQUE WHITE ,REGENCY CAKESTAND 3 TIER,ASSORTED COLOUR BIRD ORNAMENT,PARTY BUNTING
14559,WHITE HANGING HEART T-LIGHT HOLDER,REGENCY CAKESTAND 3 TIER,ASSORTED COLOUR BIRD ORNAMENT,PARTY BUNTING,VINTAGE UNION JACK BUNTING
14560,PACK OF 72 RETROSPOT CAKE CASES,SWEETHEART CERAMIC TRINKET BOX,PACK OF 60 DINOSAUR CAKE CASES,REGENCY CAKESTAND 3 TIER,"PAPER CRAFT , LITTLE BIRDIE"
14561,PAPER CHAIN KIT VINTAGE CHRISTMAS,PICNIC BASKET WICKER SMALL,REGENCY CAKESTAND 3 TIER,PARTY BUNTING,JUMBO BAG RED WHITE SPOTTY 
14562,PACK OF 72 RETROSPOT CAKE CASES,LUNCH BAG SPACEBOY DESIGN ,LUNCH BAG PINK POLKADOT,LUNCH BAG SUKI  DESIGN ,LUNCH BAG  BLACK SKULL.
14563,PACK OF 72 RETROSPOT CAKE CASES,72 SWEETHEART FAIRY CAKE CASES,PACK OF 60 PINK PAISLEY CAKE CASES,REGENCY CAKESTAND 3 TIER,ASSORTED COLOUR BIRD ORNAMENT
14564,PAPER CHAIN KIT 50'S CHRISTMAS ,WHITE HANGING HEART T-LIGHT HOLDER,PICNIC BASKET WICKER SMALL,REGENCY CAKESTAND 3 TIER,PARTY BUNTING
14565,JUMBO BAG RED RETROSPOT,JUMBO BAG PINK POLKADOT,JUMBO STORAGE BAG SUKI,PICNIC BASKET WICKER SMALL,REGENCY CAKESTAND 3 TIER
14566,JUMBO BAG RED RETROSPOT,JUMBO BAG PINK POLKADOT,JUMBO STORAGE BAG SUKI,WHITE HANGING HEART T-LIGHT HOLDER,PICNIC BASKET WICKER SMALL
14567,REGENCY CAKESTAND 3 TIER,ASSORTED COLOUR BIRD ORNAMENT,PAPER CHAIN KIT 50'S CHRISTMAS ,BAKING SET 9 PIECE RETROSPOT ,METAL SIGN TAKE IT OR LEAVE IT 
14568,ALARM CLOCK BAKELIKE RED ,PINK BLUE FELT CRAFT TRINKET BOX,WHITE HANGING HEART T-LIGHT HOLDER,REGENCY CAKESTAND 3 TIER,ASSORTED COLOUR BIRD ORNAMENT
14569,60 TEATIME FAIRY CAKE CASES,PACK OF 72 RETROSPOT CAKE CASES,REGENCY CAKESTAND 3 TIER,WHITE HANGING HEART T-LIGHT HOLDER,ASSORTED COLOUR BIRD ORNAMENT
14570,HAND WARMER OWL DESIGN,SWEETHEART CERAMIC TRINKET BOX,PACK OF 60 DINOSAUR CAKE CASES,72 SWEETHEART FAIRY CAKE CASES,PACK OF 60 PINK PAISLEY CAKE CASES
14571,LUNCH BAG SUKI  DESIGN ,LUNCH BAG PINK POLKADOT,LUNCH BAG SPACEBOY DESIGN ,LUNCH BAG  BLACK SKULL.,LUNCH BAG RED RETROSPOT
14572,HAND WARMER OWL DESIGN,60 TEATIME FAIRY CAKE CASES,PACK OF 72 RETROSPOT CAKE CASES,GIN + TONIC DIET METAL SIGN,PINK BLUE FELT CRAFT TRINKET BOX
14573,WHITE HANGING HEART T-LIGHT HOLDER,LUNCH BAG WOODLAND,LUNCH BAG PINK POLKADOT,LUNCH BAG SUKI  DESIGN ,LUNCH BAG SPACEBOY DESIGN 
14574,REGENCY CAKESTAND 3 TIER,ASSORTED COLOUR BIRD ORNAMENT,PARTY BUNTING,VINTAGE UNION JACK BUNTING,BAKING SET 9 PIECE RETROSPOT 
14575,STRAWBERRY CERAMIC TRINKET BOX,REGENCY CAKESTAND 3 TIER,ASSORTED COLOUR BIRD ORNAMENT,PARTY BUNTING,VINTAGE UNION JACK BUNTING
14576,WHITE HANGING HEART T-LIGHT HOLDER,REGENCY CAKESTAND 3 TIER,ASSORTED COLOUR BIRD ORNAMENT,PARTY BUNTING,VINTAGE UNION JACK BUNTING
14577,JUMBO BAG RED RETROSPOT,JUMBO BAG PINK POLKADOT,JUMBO SHOPPER VINTAGE RED PAISLEY,LUNCH BAG SUKI  DESIGN ,RED RETROSPOT CHARLOTTE BAG
14578,HAND WARMER SCOTTY DOG DESIGN,HAND WARMER BIRD DESIGN,REGENCY CAKESTAND 3 TIER,WHITE HANGING HEART T-LIGHT HOLDER,ASSORTED COLOUR BIRD ORNAMENT
14579,CHOCOLATE HOT WATER BOTTLE,WHITE HANGING HEART T-LIGHT HOLDER,REGENCY CAKESTAND 3 TIER,ASSORTED COLOUR BIRD ORNAMENT,PARTY BUNTING
14580,WHITE HANGING HEART T-LIGHT HOLDER,REGENCY CAKESTAND 3 TIER,ASSORTED COLOUR BIRD ORNAMENT,PARTY BUNTING,VINTAGE UNION JACK BUNTING
14581,JUMBO BAG PINK POLKADOT,JUMBO BAG RED RETROSPOT,PAPER CHAIN KIT 50'S CHRISTMAS ,JUMBO  BAG BAROQUE BLACK WHITE,JUMBO SHOPPER VINTAGE RED PAISLEY
14582,WHITE HANGING HEART T-LIGHT HOLDER,REGENCY CAKESTAND 3 TIER,ASSORTED COLOUR BIRD ORNAMENT,PARTY BUNTING,VINTAGE UNION JACK BUNTING
14583,PACK OF 72 RETROSPOT CAKE CASES,LUNCH BAG WOODLAND,LUNCH BAG PINK POLKADOT,LUNCH BAG SUKI  DESIGN ,LUNCH BAG SPACEBOY DESIGN 
14584,WOODEN PICTURE FRAME WHITE FINISH,PICNIC BASKET WICKER SMALL,REGENCY CAKESTAND 3 TIER,PARTY BUNTING,JUMBO BAG RED WHITE SPOTTY 
14585,JUMBO BAG RED RETROSPOT,JUMBO BAG PINK POLKADOT,WHITE HANGING HEART T-LIGHT HOLDER,60 TEATIME FAIRY CAKE CASES,PACK OF 72 RETROSPOT CAKE CASES
14586,PACK OF 72 RETROSPOT CAKE CASES,72 SWEETHEART FAIRY CAKE CASES,PACK OF 60 PINK PAISLEY CAKE CASES,WHITE HANGING HEART T-LIGHT HOLDER,REGENCY CAKESTAND 3 TIER
14587,PACK OF 72 RETROSPOT CAKE CASES,LUNCH BAG SPACEBOY DESIGN ,LUNCH BAG PINK POLKADOT,LUNCH BAG SUKI  DESIGN ,LUNCH BAG RED RETROSPOT
14588,WHITE HANGING HEART T-LIGHT HOLDER,ASSORTED COLOUR BIRD ORNAMENT,PARTY BUNTING,VINTAGE UNION JACK BUNTING,BAKING SET 9 PIECE RETROSPOT 
14589,WHITE HANGING HEART T-LIGHT HOLDER,REGENCY CAKESTAND 3 TIER,ASSORTED COLOUR BIRD ORNAMENT,PARTY BUNTING,VINTAGE UNION JACK BUNTING
14590,PACK OF 72 RETROSPOT CAKE CASES,JUMBO BAG RED RETROSPOT,SWEETHEART CERAMIC TRINKET BOX,LUNCH BAG PINK POLKADOT,LUNCH BAG WOODLAND
14591,JUMBO BAG RED RETROSPOT,JUMBO BAG PINK POLKADOT,WHITE HANGING HEART T-LIGHT HOLDER,LUNCH BAG SUKI  DESIGN ,LUNCH BAG PINK POLKADOT
14592,PINK REGENCY TEACUP AND SAUCER,60 TEATIME FAIRY CAKE CASES,PACK OF 72 RETROSPOT CAKE CASES,PINK BLUE FELT CRAFT TRINKET BOX,REGENCY CAKESTAND 3 TIER
14593,JUMBO BAG RED RETROSPOT,LUNCH BAG SUKI  DESIGN ,LUNCH BAG PINK POLKADOT,LUNCH BAG SPACEBOY DESIGN ,LUNCH BAG RED RETROSPOT
14594,REGENCY CAKESTAND 3 TIER,ASSORTED COLOUR BIRD ORNAMENT,BAKING SET 9 PIECE RETROSPOT ,METAL SIGN TAKE IT OR LEAVE IT ,RABBIT NIGHT LIGHT
14595,PACK OF 72 RETROSPOT CAKE CASES,60 TEATIME FAIRY CAKE CASES,HOT WATER BOTTLE TEA AND SYMPATHY,LUNCH BAG WOODLAND,LUNCH BAG PINK POLKADOT
14596,WHITE HANGING HEART T-LIGHT HOLDER,REGENCY CAKESTAND 3 TIER,ASSORTED COLOUR BIRD ORNAMENT,PARTY BUNTING,VINTAGE UNION JACK BUNTING
14597,PINK REGENCY TEACUP AND SAUCER,SWEETHEART CERAMIC TRINKET BOX,JUMBO BAG RED RETROSPOT,REGENCY CAKESTAND 3 TIER,HEART OF WICKER LARGE
14598,LUNCH BAG SPACEBOY DESIGN ,LUNCH BAG PINK POLKADOT,LUNCH BAG SUKI  DESIGN ,LUNCH BAG RED RETROSPOT,RED RETROSPOT CHARLOTTE BAG
14599,REGENCY CAKESTAND 3 TIER,ASSORTED COLOUR BIRD ORNAMENT,PARTY BUNTING,VINTAGE UNION JACK BUNTING,BAKING SET 9 PIECE RETROSPOT 
14600,WHITE HANGING HEART T-LIGHT HOLDER,ASSORTED COLOUR BIRD ORNAMENT,VINTAGE UNION JACK BUNTING,BAKING SET 9 PIECE RETROSPOT ,GRAND CHOCOLATECANDLE
14601,REGENCY CAKESTAND 3 TIER,WHITE HANGING HEART T-LIGHT HOLDER,ASSORTED COLOUR BIRD ORNAMENT,PAPER CHAIN KIT 50'S CHRISTMAS ,BAKING SET 9 PIECE RETROSPOT 
14602,WHITE HANGING HEART T-LIGHT HOLDER,REGENCY CAKESTAND 3 TIER,ASSORTED COLOUR BIRD ORNAMENT,PARTY BUNTING,VINTAGE UNION JACK BUNTING
14603,WHITE HANGING HEART T-LIGHT HOLDER,REGENCY CAKESTAND 3 TIER,ASSORTED COLOUR BIRD ORNAMENT,PARTY BUNTING,VINTAGE UNION JACK BUNTING
14604,WHITE HANGING HEART T-LIGHT HOLDER,REGENCY CAKESTAND 3 TIER,ASSORTED COLOUR BIRD ORNAMENT,PARTY BUNTING,VINTAGE UNION JACK BUNTING
14605,PACK OF 72 RETROSPOT CAKE CASES,PINK REGENCY TEACUP AND SAUCER,PACK OF 60 DINOSAUR CAKE CASES,PACK OF 60 PINK PAISLEY CAKE CASES,WHITE HANGING HEART T-LIGHT HOLDER
14606,JUMBO BAG RED RETROSPOT,JUMBO BAG PINK POLKADOT,LUNCH BAG SUKI  DESIGN ,PACK OF 72 RETROSPOT CAKE CASES,LUNCH BAG PINK POLKADOT
14607,WHITE HANGING HEART T-LIGHT HOLDER,JUMBO BAG PINK POLKADOT,JUMBO BAG RED RETROSPOT,LUNCH BAG SUKI  DESIGN ,LUNCH BAG SPACEBOY DESIGN 
14608,JUMBO STORAGE BAG SUKI,JUMBO BAG PINK POLKADOT,JUMBO BAG RED RETROSPOT,REGENCY CAKESTAND 3 TIER,WHITE HANGING HEART T-LIGHT HOLDER
14609,WHITE HANGING HEART T-LIGHT HOLDER,PICNIC BASKET WICKER SMALL,REGENCY CAKESTAND 3 TIER,PARTY BUNTING,JUMBO BAG RED WHITE SPOTTY 
14610,WHITE HANGING HEART T-LIGHT HOLDER,REGENCY CAKESTAND 3 TIER,ASSORTED COLOUR BIRD ORNAMENT,PARTY BUNTING,VINTAGE UNION JACK BUNTING
14611,WHITE HANGING HEART T-LIGHT HOLDER,REGENCY CAKESTAND 3 TIER,ASSORTED COLOUR BIRD ORNAMENT,PARTY BUNTING,BAKING SET 9 PIECE RETROSPOT 
14612,CHOCOLATE HOT WATER BOTTLE,WHITE HANGING HEART T-LIGHT HOLDER,REGENCY CAKESTAND 3 TIER,ASSORTED COLOUR BIRD ORNAMENT,PARTY BUNTING
14613,WHITE HANGING HEART T-LIGHT HOLDER,REGENCY CAKESTAND 3 TIER,ASSORTED COLOUR BIRD ORNAMENT,PARTY BUNTING,VINTAGE UNION JACK BUNTING
14614,REGENCY CAKESTAND 3 TIER,ASSORTED COLOUR BIRD ORNAMENT,PARTY BUNTING,VINTAGE UNION JACK BUNTING,BAKING SET 9 PIECE RETROSPOT 
14615,WHITE HANGING HEART T-LIGHT HOLDER,WOODEN PICTURE FRAME WHITE FINISH,HEART OF WICKER LARGE,PICNIC BASKET WICKER SMALL,PARTY BUNTING
14616,WHITE HANGING HEART T-LIGHT HOLDER,REGENCY CAKESTAND 3 TIER,PARTY BUNTING,JUMBO BAG RED WHITE SPOTTY ,ASSORTED COLOUR BIRD ORNAMENT
14617,WHITE HANGING HEART T-LIGHT HOLDER,REGENCY CAKESTAND 3 TIER,PARTY BUNTING,VINTAGE UNION JACK BUNTING,BAKING SET 9 PIECE RETROSPOT 
14618,GREEN REGENCY TEACUP AND SAUCER,WHITE HANGING HEART T-LIGHT HOLDER,ASSORTED COLOUR BIRD ORNAMENT,PAPER CHAIN KIT 50'S CHRISTMAS ,METAL SIGN TAKE IT OR LEAVE IT 
14619,60 TEATIME FAIRY CAKE CASES,PACK OF 72 RETROSPOT CAKE CASES,WHITE HANGING HEART T-LIGHT HOLDER,PICNIC BASKET WICKER SMALL,PARTY BUNTING
14620,WHITE HANGING HEART T-LIGHT HOLDER,REGENCY CAKESTAND 3 TIER,ASSORTED COLOUR BIRD ORNAMENT,PARTY BUNTING,VINTAGE UNION JACK BUNTING
14621,LUNCH BAG SUKI  DESIGN ,JUMBO BAG RED RETROSPOT,LUNCH BAG SPACEBOY DESIGN ,LUNCH BAG PINK POLKADOT,LUNCH BAG RED RETROSPOT
14622,JUMBO BAG RED RETROSPOT,JUMBO BAG SCANDINAVIAN PAISLEY,WOODEN FRAME ANTIQUE WHITE ,WHITE HANGING HEART T-LIGHT HOLDER,JUMBO STORAGE BAG SUKI
14623,JUMBO BAG RED RETROSPOT,PACK OF 72 RETROSPOT CAKE CASES,JUMBO BAG PINK POLKADOT,LUNCH BAG SUKI  DESIGN ,REGENCY CAKESTAND 3 TIER
14624,LUNCH BAG PINK POLKADOT,LUNCH BAG WOODLAND,LUNCH BAG SUKI  DESIGN ,LUNCH BAG CARS BLUE,LUNCH BAG SPACEBOY DESIGN 
14625,WHITE HANGING HEART T-LIGHT HOLDER,SWEETHEART CERAMIC TRINKET BOX,LOVE BUILDING BLOCK WORD,PAPER CHAIN KIT VINTAGE CHRISTMAS,60 TEATIME FAIRY CAKE CASES
14626,JUMBO BAG RED RETROSPOT,JUMBO STORAGE BAG SUKI,JUMBO BAG PINK POLKADOT,60 TEATIME FAIRY CAKE CASES,PACK OF 72 RETROSPOT CAKE CASES
14627,VINTAGE HEADS AND TAILS CARD GAME ,REGENCY CAKESTAND 3 TIER,ASSORTED COLOUR BIRD ORNAMENT,PARTY BUNTING,VINTAGE UNION JACK BUNTING
14628,PACK OF 72 RETROSPOT CAKE CASES,SWEETHEART CERAMIC TRINKET BOX,PACK OF 60 DINOSAUR CAKE CASES,PACK OF 60 PINK PAISLEY CAKE CASES,PICNIC BASKET WICKER SMALL
14629,PAPER CHAIN KIT 50'S CHRISTMAS ,WHITE HANGING HEART T-LIGHT HOLDER,ASSORTED COLOUR BIRD ORNAMENT,BAKING SET 9 PIECE RETROSPOT ,METAL SIGN TAKE IT OR LEAVE IT 
14630,WHITE HANGING HEART T-LIGHT HOLDER,REGENCY CAKESTAND 3 TIER,ASSORTED COLOUR BIRD ORNAMENT,PARTY BUNTING,VINTAGE UNION JACK BUNTING
14631,WHITE HANGING HEART T-LIGHT HOLDER,PICNIC BASKET WICKER SMALL,REGENCY CAKESTAND 3 TIER,PARTY BUNTING,JUMBO BAG RED WHITE SPOTTY 
14632,WHITE HANGING HEART T-LIGHT HOLDER,REGENCY CAKESTAND 3 TIER,ASSORTED COLOUR BIRD ORNAMENT,VINTAGE UNION JACK BUNTING,BAKING SET 9 PIECE RETROSPOT 
14633,WOODEN PICTURE FRAME WHITE FINISH,WHITE HANGING HEART T-LIGHT HOLDER,REGENCY CAKESTAND 3 TIER,ASSORTED COLOUR BIRD ORNAMENT,PARTY BUNTING
14634,PACK OF 72 RETROSPOT CAKE CASES,60 TEATIME FAIRY CAKE CASES,BATHROOM METAL SIGN,WHITE HANGING HEART T-LIGHT HOLDER,PICNIC BASKET WICKER SMALL
14635,JUMBO BAG PINK POLKADOT,JUMBO STORAGE BAG SUKI,JUMBO BAG RED RETROSPOT,WHITE HANGING HEART T-LIGHT HOLDER,REGENCY CAKESTAND 3 TIER
14636,JUMBO BAG PINK POLKADOT,JUMBO STORAGE BAG SUKI,JUMBO BAG RED RETROSPOT,REGENCY CAKESTAND 3 TIER,WHITE HANGING HEART T-LIGHT HOLDER
14637,WHITE HANGING HEART T-LIGHT HOLDER,REGENCY CAKESTAND 3 TIER,ASSORTED COLOUR BIRD ORNAMENT,PARTY BUNTING,VINTAGE UNION JACK BUNTING
14638,REGENCY CAKESTAND 3 TIER,WHITE HANGING HEART T-LIGHT HOLDER,PAPER CHAIN KIT 50'S CHRISTMAS ,BAKING SET 9 PIECE RETROSPOT ,METAL SIGN TAKE IT OR LEAVE IT 
14639,WHITE HANGING HEART T-LIGHT HOLDER,"PAPER CRAFT , LITTLE BIRDIE",JUMBO BAG RED WHITE SPOTTY ,PARTY BUNTING,CHILLI LIGHTS
14640,PAPER CHAIN KIT VINTAGE CHRISTMAS,HAND WARMER SCOTTY DOG DESIGN,HAND WARMER BIRD DESIGN,WHITE HANGING HEART T-LIGHT HOLDER,"PAPER CRAFT , LITTLE BIRDIE"
14641,HEART OF WICKER LARGE,WHITE HANGING HEART T-LIGHT HOLDER,REGENCY CAKESTAND 3 TIER,ASSORTED COLOUR BIRD ORNAMENT,PAPER CHAIN KIT 50'S CHRISTMAS 
14642,WHITE HANGING HEART T-LIGHT HOLDER,REGENCY CAKESTAND 3 TIER,ASSORTED COLOUR BIRD ORNAMENT,VINTAGE UNION JACK BUNTING,BAKING SET 9 PIECE RETROSPOT 
14643,BATHROOM METAL SIGN,WHITE HANGING HEART T-LIGHT HOLDER,PICNIC BASKET WICKER SMALL,REGENCY CAKESTAND 3 TIER,PARTY BUNTING
14644,PACK OF 72 RETROSPOT CAKE CASES,72 SWEETHEART FAIRY CAKE CASES,LOVE BUILDING BLOCK WORD,WHITE HANGING HEART T-LIGHT HOLDER,PICNIC BASKET WICKER SMALL
14645,PACK OF 72 RETROSPOT CAKE CASES,SWEETHEART CERAMIC TRINKET BOX,PACK OF 60 DINOSAUR CAKE CASES,PACK OF 60 PINK PAISLEY CAKE CASES,LUNCH BAG PINK POLKADOT
14646,JUMBO BAG RED RETROSPOT,PACK OF 72 RETROSPOT CAKE CASES,LUNCH BAG SUKI  DESIGN ,JUMBO BAG PINK POLKADOT,LUNCH BAG PINK POLKADOT
14647,PACK OF 72 RETROSPOT CAKE CASES,HAND WARMER OWL DESIGN,PACK OF 60 DINOSAUR CAKE CASES,72 SWEETHEART FAIRY CAKE CASES,WHITE HANGING HEART T-LIGHT HOLDER
14648,JUMBO BAG RED RETROSPOT,LUNCH BAG SUKI  DESIGN ,PACK OF 72 RETROSPOT CAKE CASES,LUNCH BAG SPACEBOY DESIGN ,LUNCH BAG PINK POLKADOT
14649,PACK OF 72 RETROSPOT CAKE CASES,SWEETHEART CERAMIC TRINKET BOX,BLUE 3 PIECE MINI DOTS CUTLERY SET,PACK OF 60 DINOSAUR CAKE CASES,PACK OF 60 PINK PAISLEY CAKE CASES
14650,JUMBO STORAGE BAG SUKI,JUMBO BAG PINK POLKADOT,JUMBO BAG RED RETROSPOT,WHITE HANGING HEART T-LIGHT HOLDER,REGENCY CAKESTAND 3 TIER
14651,BLUE 3 PIECE MINI DOTS CUTLERY SET,PAPER CHAIN KIT 50'S CHRISTMAS ,VINTAGE SNAP CARDS,PICNIC BASKET WICKER SMALL,PARTY BUNTING
14652,PACK OF 60 DINOSAUR CAKE CASES,72 SWEETHEART FAIRY CAKE CASES,PACK OF 60 PINK PAISLEY CAKE CASES,PACK OF 72 RETROSPOT CAKE CASES,STRAWBERRY CERAMIC TRINKET BOX
14653,LUNCH BAG SPACEBOY DESIGN ,LUNCH BAG PINK POLKADOT,LUNCH BAG SUKI  DESIGN ,LUNCH BAG RED RETROSPOT,60 TEATIME FAIRY CAKE CASES
14654,WHITE HANGING HEART T-LIGHT HOLDER,REGENCY CAKESTAND 3 TIER,ASSORTED COLOUR BIRD ORNAMENT,PARTY BUNTING,VINTAGE UNION JACK BUNTING
14655,JUMBO BAG RED RETROSPOT,JUMBO BAG PINK POLKADOT,LUNCH BAG SUKI  DESIGN ,REGENCY CAKESTAND 3 TIER,"PAPER CRAFT , LITTLE BIRDIE"
14656,JUMBO STORAGE BAG SUKI,JUMBO BAG PINK POLKADOT,JUMBO BAG RED RETROSPOT,ALARM CLOCK BAKELIKE RED ,PACK OF 60 DINOSAUR CAKE CASES
14657,PACK OF 72 RETROSPOT CAKE CASES,WHITE HANGING HEART T-LIGHT HOLDER,WOODEN PICTURE FRAME WHITE FINISH,PACK OF 60 PINK PAISLEY CAKE CASES,REGENCY CAKESTAND 3 TIER
14658,JUMBO BAG RED RETROSPOT,PAPER CHAIN KIT VINTAGE CHRISTMAS,REGENCY CAKESTAND 3 TIER,WHITE HANGING HEART T-LIGHT HOLDER,ASSORTED COLOUR BIRD ORNAMENT
14659,PACK OF 72 RETROSPOT CAKE CASES,JUMBO BAG RED RETROSPOT,WHITE HANGING HEART T-LIGHT HOLDER,JUMBO STORAGE BAG SUKI,JUMBO BAG PINK POLKADOT
14660,WHITE HANGING HEART T-LIGHT HOLDER,REGENCY CAKESTAND 3 TIER,ASSORTED COLOUR BIRD ORNAMENT,PARTY BUNTING,VINTAGE UNION JACK BUNTING
14661,REGENCY CAKESTAND 3 TIER,WHITE HANGING HEART T-LIGHT HOLDER,ASSORTED COLOUR BIRD ORNAMENT,PAPER CHAIN KIT 50'S CHRISTMAS ,BAKING SET 9 PIECE RETROSPOT 
14662,LUNCH BAG CARS BLUE,LUNCH BAG SPACEBOY DESIGN ,LUNCH BAG PINK POLKADOT,LUNCH BAG SUKI  DESIGN ,LUNCH BAG RED RETROSPOT
14663,JUMBO BAG RED RETROSPOT,JUMBO STORAGE BAG SUKI,JUMBO BAG PINK POLKADOT,WHITE HANGING HEART T-LIGHT HOLDER,JUMBO BAG SCANDINAVIAN PAISLEY
14664,JUMBO BAG RED RETROSPOT,WHITE HANGING HEART T-LIGHT HOLDER,JUMBO BAG PINK POLKADOT,PACK OF 72 RETROSPOT CAKE CASES,PACK OF 60 DINOSAUR CAKE CASES
14665,LUNCH BAG PINK POLKADOT,LUNCH BAG WOODLAND,LUNCH BAG SUKI  DESIGN ,LUNCH BAG CARS BLUE,LUNCH BAG SPACEBOY DESIGN 
14666,REGENCY CAKESTAND 3 TIER,WHITE HANGING HEART T-LIGHT HOLDER,ASSORTED COLOUR BIRD ORNAMENT,PAPER CHAIN KIT 50'S CHRISTMAS ,BAKING SET 9 PIECE RETROSPOT 
14667,JUMBO BAG RED RETROSPOT,LUNCH BAG SUKI  DESIGN ,PACK OF 72 RETROSPOT CAKE CASES,LUNCH BAG PINK POLKADOT,LUNCH BAG SPACEBOY DESIGN 
14668,PACK OF 72 RETROSPOT CAKE CASES,60 TEATIME FAIRY CAKE CASES,WHITE HANGING HEART T-LIGHT HOLDER,REGENCY CAKESTAND 3 TIER,ASSORTED COLOUR BIRD ORNAMENT
14669,PACK OF 72 RETROSPOT CAKE CASES,72 SWEETHEART FAIRY CAKE CASES,HOT WATER BOTTLE TEA AND SYMPATHY,PAPER CHAIN KIT VINTAGE CHRISTMAS,PICNIC BASKET WICKER SMALL
14670,SWEETHEART CERAMIC TRINKET BOX,VINTAGE SNAP CARDS,REGENCY CAKESTAND 3 TIER,ASSORTED COLOUR BIRD ORNAMENT,PARTY BUNTING
14671,JUMBO BAG PINK POLKADOT,JUMBO STORAGE BAG SUKI,JUMBO BAG RED RETROSPOT,REGENCY CAKESTAND 3 TIER,ASSORTED COLOUR BIRD ORNAMENT
14672,LOVE BUILDING BLOCK WORD,LUNCH BAG PINK POLKADOT,LUNCH BAG WOODLAND,LUNCH BAG SUKI  DESIGN ,LUNCH BAG CARS BLUE
14673,PINK REGENCY TEACUP AND SAUCER,GREEN REGENCY TEACUP AND SAUCER,CHOCOLATE HOT WATER BOTTLE,HAND WARMER SCOTTY DOG DESIGN,HAND WARMER BIRD DESIGN
14674,WHITE HANGING HEART T-LIGHT HOLDER,REGENCY CAKESTAND 3 TIER,ASSORTED COLOUR BIRD ORNAMENT,PARTY BUNTING,BAKING SET 9 PIECE RETROSPOT 
14675,60 TEATIME FAIRY CAKE CASES,PACK OF 72 RETROSPOT CAKE CASES,JUMBO STORAGE BAG SUKI,JUMBO BAG PINK POLKADOT,JUMBO BAG RED RETROSPOT
14676,PACK OF 72 RETROSPOT CAKE CASES,60 TEATIME FAIRY CAKE CASES,GIN + TONIC DIET METAL SIGN,REGENCY CAKESTAND 3 TIER,WHITE HANGING HEART T-LIGHT HOLDER
14677,REGENCY CAKESTAND 3 TIER,ASSORTED COLOUR BIRD ORNAMENT,PARTY BUNTING,VINTAGE UNION JACK BUNTING,BAKING SET 9 PIECE RETROSPOT 
14678,JUMBO BAG PINK VINTAGE PAISLEY,JUMBO BAG RED RETROSPOT,REGENCY CAKESTAND 3 TIER,PARTY BUNTING,VINTAGE UNION JACK BUNTING
14679,PINK BLUE FELT CRAFT TRINKET BOX,PICNIC BASKET WICKER SMALL,REGENCY CAKESTAND 3 TIER,PARTY BUNTING,JUMBO BAG RED WHITE SPOTTY 
14680,LUNCH BAG SUKI  DESIGN ,PACK OF 72 RETROSPOT CAKE CASES,JUMBO BAG RED RETROSPOT,LUNCH BAG SPACEBOY DESIGN ,LUNCH BAG PINK POLKADOT
14681,WOODEN PICTURE FRAME WHITE FINISH,WHITE HANGING HEART T-LIGHT HOLDER,PICNIC BASKET WICKER SMALL,REGENCY CAKESTAND 3 TIER,PARTY BUNTING
14682,WOODEN PICTURE FRAME WHITE FINISH,WHITE HANGING HEART T-LIGHT HOLDER,WOOD 2 DRAWER CABINET WHITE FINISH,60 TEATIME FAIRY CAKE CASES,PACK OF 72 RETROSPOT CAKE CASES
14683,WHITE HANGING HEART T-LIGHT HOLDER,REGENCY CAKESTAND 3 TIER,ASSORTED COLOUR BIRD ORNAMENT,PARTY BUNTING,VINTAGE UNION JACK BUNTING
14684,PACK OF 72 RETROSPOT CAKE CASES,LUNCH BAG SUKI  DESIGN ,LUNCH BAG SPACEBOY DESIGN ,LUNCH BAG PINK POLKADOT,LUNCH BAG RED RETROSPOT
14685,LUNCH BAG SPACEBOY DESIGN ,LUNCH BAG PINK POLKADOT,LUNCH BAG SUKI  DESIGN ,LUNCH BAG RED RETROSPOT,GIN + TONIC DIET METAL SIGN
14686,JUMBO STORAGE BAG SUKI,JUMBO BAG PINK POLKADOT,JUMBO BAG RED RETROSPOT,60 TEATIME FAIRY CAKE CASES,PACK OF 72 RETROSPOT CAKE CASES
14687,WHITE HANGING HEART T-LIGHT HOLDER,PICNIC BASKET WICKER SMALL,REGENCY CAKESTAND 3 TIER,JUMBO BAG RED WHITE SPOTTY ,ASSORTED COLOUR BIRD ORNAMENT
14688,JUMBO BAG RED RETROSPOT,PACK OF 72 RETROSPOT CAKE CASES,JUMBO BAG PINK POLKADOT,LUNCH BAG SUKI  DESIGN ,WHITE HANGING HEART T-LIGHT HOLDER
14689,60 TEATIME FAIRY CAKE CASES,PACK OF 72 RETROSPOT CAKE CASES,REGENCY CAKESTAND 3 TIER,ASSORTED COLOUR BIRD ORNAMENT,PARTY BUNTING
14690,WHITE HANGING HEART T-LIGHT HOLDER,GIN + TONIC DIET METAL SIGN,REGENCY CAKESTAND 3 TIER,PAPER CHAIN KIT 50'S CHRISTMAS ,BAKING SET 9 PIECE RETROSPOT 
14691,JUMBO BAG PINK POLKADOT,JUMBO STORAGE BAG SUKI,JUMBO BAG RED RETROSPOT,HOME BUILDING BLOCK WORD,WHITE HANGING HEART T-LIGHT HOLDER
14692,WHITE HANGING HEART T-LIGHT HOLDER,HOME BUILDING BLOCK WORD,HOT WATER BOTTLE TEA AND SYMPATHY,REGENCY CAKESTAND 3 TIER,PARTY BUNTING
14693,WOODEN PICTURE FRAME WHITE FINISH,PICNIC BASKET WICKER SMALL,PARTY BUNTING,JUMBO BAG RED WHITE SPOTTY ,ASSORTED COLOUR BIRD ORNAMENT
14694,PINK BLUE FELT CRAFT TRINKET BOX,WHITE HANGING HEART T-LIGHT HOLDER,REGENCY CAKESTAND 3 TIER,ASSORTED COLOUR BIRD ORNAMENT,PARTY BUNTING
14695,BATHROOM METAL SIGN,HOT WATER BOTTLE TEA AND SYMPATHY,LOVE BUILDING BLOCK WORD,WHITE HANGING HEART T-LIGHT HOLDER,PINK CREAM FELT CRAFT TRINKET BOX 
14696,JUMBO STORAGE BAG SUKI,JUMBO BAG PINK POLKADOT,JUMBO BAG RED RETROSPOT,ALARM CLOCK BAKELIKE RED ,WOODEN FRAME ANTIQUE WHITE 
14697,WHITE HANGING HEART T-LIGHT HOLDER,REGENCY CAKESTAND 3 TIER,ASSORTED COLOUR BIRD ORNAMENT,VINTAGE UNION JACK BUNTING,GRAND CHOCOLATECANDLE
14698,WHITE HANGING HEART T-LIGHT HOLDER,HEART OF WICKER LARGE,REGENCY CAKESTAND 3 TIER,ASSORTED COLOUR BIRD ORNAMENT,PAPER CHAIN KIT 50'S CHRISTMAS 
14699,CHOCOLATE HOT WATER BOTTLE,WHITE HANGING HEART T-LIGHT HOLDER,PICNIC BASKET WICKER SMALL,REGENCY CAKESTAND 3 TIER,PARTY BUNTING
14700,JUMBO BAG RED RETROSPOT,LUNCH BAG SUKI  DESIGN ,LUNCH BAG CARS BLUE,LUNCH BAG SPACEBOY DESIGN ,LUNCH BAG PINK POLKADOT
14701,LUNCH BAG WOODLAND,LUNCH BAG PINK POLKADOT,LUNCH BAG SUKI  DESIGN ,LUNCH BAG SPACEBOY DESIGN ,LUNCH BAG RED RETROSPOT
14702,PACK OF 72 RETROSPOT CAKE CASES,LOVE BUILDING BLOCK WORD,HEART OF WICKER LARGE,HAND WARMER SCOTTY DOG DESIGN,REGENCY CAKESTAND 3 TIER
14703,PINK BLUE FELT CRAFT TRINKET BOX,REGENCY CAKESTAND 3 TIER,WHITE HANGING HEART T-LIGHT HOLDER,ASSORTED COLOUR BIRD ORNAMENT,PAPER CHAIN KIT 50'S CHRISTMAS 
14704,60 TEATIME FAIRY CAKE CASES,PACK OF 72 RETROSPOT CAKE CASES,"PAPER CRAFT , LITTLE BIRDIE",JUMBO BAG RED WHITE SPOTTY ,MEDIUM CERAMIC TOP STORAGE JAR
14705,JUMBO STORAGE BAG SUKI,JUMBO BAG PINK POLKADOT,JUMBO BAG RED RETROSPOT,WHITE HANGING HEART T-LIGHT HOLDER,REGENCY CAKESTAND 3 TIER
14706,REGENCY CAKESTAND 3 TIER,ASSORTED COLOUR BIRD ORNAMENT,PARTY BUNTING,VINTAGE UNION JACK BUNTING,BAKING SET 9 PIECE RETROSPOT 
14707,WHITE HANGING HEART T-LIGHT HOLDER,REGENCY CAKESTAND 3 TIER,ASSORTED COLOUR BIRD ORNAMENT,PARTY BUNTING,VINTAGE UNION JACK BUNTING
14708,REGENCY CAKESTAND 3 TIER,WHITE HANGING HEART T-LIGHT HOLDER,PAPER CHAIN KIT 50'S CHRISTMAS ,BAKING SET 9 PIECE RETROSPOT ,METAL SIGN TAKE IT OR LEAVE IT 
14709,JUMBO BAG RED RETROSPOT,JUMBO BAG PINK POLKADOT,LUNCH BAG SUKI  DESIGN ,WHITE HANGING HEART T-LIGHT HOLDER,LUNCH BAG PINK POLKADOT
14710,60 TEATIME FAIRY CAKE CASES,PACK OF 72 RETROSPOT CAKE CASES,JUMBO BAG PINK POLKADOT,JUMBO BAG RED RETROSPOT,WHITE HANGING HEART T-LIGHT HOLDER
14711,LUNCH BAG CARS BLUE,LUNCH BAG SPACEBOY DESIGN ,LUNCH BAG PINK POLKADOT,LUNCH BAG SUKI  DESIGN ,LUNCH BAG RED RETROSPOT
14712,WHITE HANGING HEART T-LIGHT HOLDER,ASSORTED COLOUR BIRD ORNAMENT,PAPER CHAIN KIT 50'S CHRISTMAS ,BAKING SET 9 PIECE RETROSPOT ,METAL SIGN TAKE IT OR LEAVE IT 
14713,JUMBO BAG RED RETROSPOT,LUNCH BAG SUKI  DESIGN ,JUMBO BAG PINK POLKADOT,LUNCH BAG SPACEBOY DESIGN ,LUNCH BAG PINK POLKADOT
14714,PACK OF 60 DINOSAUR CAKE CASES,72 SWEETHEART FAIRY CAKE CASES,PACK OF 60 PINK PAISLEY CAKE CASES,PACK OF 72 RETROSPOT CAKE CASES,REGENCY CAKESTAND 3 TIER
14715,JUMBO BAG PINK POLKADOT,JUMBO STORAGE BAG SUKI,JUMBO BAG RED RETROSPOT,REGENCY CAKESTAND 3 TIER,"PAPER CRAFT , LITTLE BIRDIE"
14716,60 TEATIME FAIRY CAKE CASES,PACK OF 72 RETROSPOT CAKE CASES,JUMBO BAG PINK POLKADOT,JUMBO STORAGE BAG SUKI,JUMBO BAG RED RETROSPOT
14717,JUMBO BAG PINK POLKADOT,JUMBO BAG RED RETROSPOT,JUMBO SHOPPER VINTAGE RED PAISLEY,LUNCH BAG SUKI  DESIGN ,WHITE HANGING HEART T-LIGHT HOLDER
14718,WHITE HANGING HEART T-LIGHT HOLDER,REGENCY CAKESTAND 3 TIER,ASSORTED COLOUR BIRD ORNAMENT,PARTY BUNTING,VINTAGE UNION JACK BUNTING
14719,PACK OF 72 RETROSPOT CAKE CASES,HOT WATER BOTTLE TEA AND SYMPATHY,REGENCY CAKESTAND 3 TIER,WHITE HANGING HEART T-LIGHT HOLDER,ASSORTED COLOUR BIRD ORNAMENT
14720,VINTAGE HEADS AND TAILS CARD GAME ,REGENCY CAKESTAND 3 TIER,WHITE HANGING HEART T-LIGHT HOLDER,ASSORTED COLOUR BIRD ORNAMENT,PAPER CHAIN KIT 50'S CHRISTMAS 
14721,PAPER CHAIN KIT 50'S CHRISTMAS ,WHITE HANGING HEART T-LIGHT HOLDER,REGENCY CAKESTAND 3 TIER,ASSORTED COLOUR BIRD ORNAMENT,PARTY BUNTING
14722,VINTAGE SNAP CARDS,PINK CREAM FELT CRAFT TRINKET BOX ,REGENCY CAKESTAND 3 TIER,ASSORTED COLOUR BIRD ORNAMENT,PARTY BUNTING
14723,JUMBO BAG RED RETROSPOT,JUMBO BAG PINK POLKADOT,LUNCH BAG SUKI  DESIGN ,LUNCH BAG PINK POLKADOT,LUNCH BAG WOODLAND
14724,REGENCY CAKESTAND 3 TIER,ASSORTED COLOUR BIRD ORNAMENT,PARTY BUNTING,VINTAGE UNION JACK BUNTING,BAKING SET 9 PIECE RETROSPOT 
14725,LUNCH BAG CARS BLUE,LUNCH BAG SPACEBOY DESIGN ,LUNCH BAG PINK POLKADOT,LUNCH BAG SUKI  DESIGN ,LUNCH BAG RED RETROSPOT
14726,JUMBO BAG RED RETROSPOT,WHITE HANGING HEART T-LIGHT HOLDER,REGENCY CAKESTAND 3 TIER,ASSORTED COLOUR BIRD ORNAMENT,PARTY BUNTING
14727,HEART OF WICKER LARGE,WHITE HANGING HEART T-LIGHT HOLDER,JUMBO BAG PINK POLKADOT,JUMBO STORAGE BAG SUKI,JUMBO BAG RED RETROSPOT
14728,HOT WATER BOTTLE TEA AND SYMPATHY,PINK CREAM FELT CRAFT TRINKET BOX ,WHITE HANGING HEART T-LIGHT HOLDER,REGENCY CAKESTAND 3 TIER,ASSORTED COLOUR BIRD ORNAMENT
14729,JUMBO BAG RED RETROSPOT,PICNIC BASKET WICKER SMALL,REGENCY CAKESTAND 3 TIER,PARTY BUNTING,JUMBO BAG RED WHITE SPOTTY 
14730,PINK 3 PIECE MINI DOTS CUTLERY SET,PAPER CHAIN KIT 50'S CHRISTMAS ,60 TEATIME FAIRY CAKE CASES,PACK OF 72 RETROSPOT CAKE CASES,LUNCH BAG CARS BLUE
14731,REGENCY CAKESTAND 3 TIER,WHITE HANGING HEART T-LIGHT HOLDER,ASSORTED COLOUR BIRD ORNAMENT,PAPER CHAIN KIT 50'S CHRISTMAS ,BAKING SET 9 PIECE RETROSPOT 
14732,PINK REGENCY TEACUP AND SAUCER,GREEN REGENCY TEACUP AND SAUCER,REGENCY CAKESTAND 3 TIER,HEART OF WICKER LARGE,JUMBO BAG PINK POLKADOT
14733,HOME BUILDING BLOCK WORD,REGENCY CAKESTAND 3 TIER,"PAPER CRAFT , LITTLE BIRDIE",JUMBO BAG RED WHITE SPOTTY ,ASSORTED COLOUR BIRD ORNAMENT
14734,WOODEN FRAME ANTIQUE WHITE ,PINK CREAM FELT CRAFT TRINKET BOX ,PICNIC BASKET WICKER SMALL,PARTY BUNTING,JUMBO BAG RED WHITE SPOTTY 
14735,LOVE BUILDING BLOCK WORD,WHITE HANGING HEART T-LIGHT HOLDER,PAPER CHAIN KIT VINTAGE CHRISTMAS,JUMBO BAG PINK VINTAGE PAISLEY,JUMBO BAG RED RETROSPOT
14736,LUNCH BAG WOODLAND,LUNCH BAG PINK POLKADOT,LUNCH BAG SUKI  DESIGN ,LUNCH BAG SPACEBOY DESIGN ,LUNCH BAG RED RETROSPOT
14737,REGENCY CAKESTAND 3 TIER,WHITE HANGING HEART T-LIGHT HOLDER,ASSORTED COLOUR BIRD ORNAMENT,BAKING SET 9 PIECE RETROSPOT ,METAL SIGN TAKE IT OR LEAVE IT 
14738,PICNIC BASKET WICKER SMALL,REGENCY CAKESTAND 3 TIER,PARTY BUNTING,JUMBO BAG RED WHITE SPOTTY ,ASSORTED COLOUR BIRD ORNAMENT
14739,BATHROOM METAL SIGN,REGENCY CAKESTAND 3 TIER,WHITE HANGING HEART T-LIGHT HOLDER,"PAPER CRAFT , LITTLE BIRDIE",JUMBO BAG RED WHITE SPOTTY 
14740,HEART OF WICKER LARGE,PICNIC BASKET WICKER SMALL,PARTY BUNTING,JUMBO BAG RED WHITE SPOTTY ,ASSORTED COLOUR BIRD ORNAMENT
14741,HEART OF WICKER LARGE,WHITE HANGING HEART T-LIGHT HOLDER,REGENCY CAKESTAND 3 TIER,"PAPER CRAFT , LITTLE BIRDIE",JUMBO BAG RED WHITE SPOTTY 
14742,60 TEATIME FAIRY CAKE CASES,PACK OF 72 RETROSPOT CAKE CASES,VINTAGE HEADS AND TAILS CARD GAME ,WHITE HANGING HEART T-LIGHT HOLDER,REGENCY CAKESTAND 3 TIER
14743,WHITE HANGING HEART T-LIGHT HOLDER,REGENCY CAKESTAND 3 TIER,ASSORTED COLOUR BIRD ORNAMENT,PARTY BUNTING,VINTAGE UNION JACK BUNTING
14744,60 TEATIME FAIRY CAKE CASES,PACK OF 72 RETROSPOT CAKE CASES,REGENCY CAKESTAND 3 TIER,WHITE HANGING HEART T-LIGHT HOLDER,"PAPER CRAFT , LITTLE BIRDIE"
14745,LUNCH BAG WOODLAND,LUNCH BAG PINK POLKADOT,LUNCH BAG SUKI  DESIGN ,LUNCH BAG SPACEBOY DESIGN ,LUNCH BAG  BLACK SKULL.
14746,HEART OF WICKER LARGE,WHITE HANGING HEART T-LIGHT HOLDER,PICNIC BASKET WICKER SMALL,REGENCY CAKESTAND 3 TIER,PARTY BUNTING
14747,REGENCY CAKESTAND 3 TIER,ASSORTED COLOUR BIRD ORNAMENT,PARTY BUNTING,VINTAGE UNION JACK BUNTING,BAKING SET 9 PIECE RETROSPOT 
14748,PACK OF 72 RETROSPOT CAKE CASES,JUMBO BAG RED RETROSPOT,PACK OF 60 PINK PAISLEY CAKE CASES,JUMBO BAG STRAWBERRY,JUMBO  BAG BAROQUE BLACK WHITE
14749,WHITE HANGING HEART T-LIGHT HOLDER,REGENCY CAKESTAND 3 TIER,ASSORTED COLOUR BIRD ORNAMENT,PARTY BUNTING,VINTAGE UNION JACK BUNTING
14750,LUNCH BAG WOODLAND,LUNCH BAG PINK POLKADOT,LUNCH BAG SUKI  DESIGN ,LUNCH BAG SPACEBOY DESIGN ,LUNCH BAG  BLACK SKULL.
14751,REGENCY CAKESTAND 3 TIER,ASSORTED COLOUR BIRD ORNAMENT,PARTY BUNTING,VINTAGE UNION JACK BUNTING,BAKING SET 9 PIECE RETROSPOT 
14752,VINTAGE HEADS AND TAILS CARD GAME ,REGENCY CAKESTAND 3 TIER,WHITE HANGING HEART T-LIGHT HOLDER,ASSORTED COLOUR BIRD ORNAMENT,PAPER CHAIN KIT 50'S CHRISTMAS 
14753,JUMBO BAG RED RETROSPOT,LUNCH BAG SUKI  DESIGN ,JUMBO BAG PINK POLKADOT,LUNCH BAG WOODLAND,LUNCH BAG PINK POLKADOT
14754,HEART OF WICKER LARGE,PICNIC BASKET WICKER SMALL,PARTY BUNTING,JUMBO BAG RED WHITE SPOTTY ,FAIRY CAKE FLANNEL ASSORTED COLOUR
14755,JUMBO BAG RED RETROSPOT,PACK OF 72 RETROSPOT CAKE CASES,JUMBO BAG PINK POLKADOT,JUMBO STORAGE BAG SUKI,STRAWBERRY CERAMIC TRINKET BOX
14756,ALARM CLOCK BAKELIKE RED ,JUMBO BAG STRAWBERRY,JUMBO  BAG BAROQUE BLACK WHITE,JUMBO BAG PINK POLKADOT,JUMBO SHOPPER VINTAGE RED PAISLEY
14757,WHITE HANGING HEART T-LIGHT HOLDER,WOOD S/3 CABINET ANT WHITE FINISH,REGENCY CAKESTAND 3 TIER,PARTY BUNTING,VINTAGE UNION JACK BUNTING
14758,WOOD 2 DRAWER CABINET WHITE FINISH,PICNIC BASKET WICKER SMALL,JUMBO BAG RED WHITE SPOTTY ,ASSORTED COLOUR BIRD ORNAMENT,FAIRY CAKE FLANNEL ASSORTED COLOUR
14759,WHITE HANGING HEART T-LIGHT HOLDER,PAPER CHAIN KIT 50'S CHRISTMAS ,ASSORTED COLOUR BIRD ORNAMENT,METAL SIGN TAKE IT OR LEAVE IT ,JUMBO BAG RED WHITE SPOTTY 
14760,HEART OF WICKER LARGE,WHITE HANGING HEART T-LIGHT HOLDER,REGENCY CAKESTAND 3 TIER,ASSORTED COLOUR BIRD ORNAMENT,PARTY BUNTING
14761,PAPER CHAIN KIT VINTAGE CHRISTMAS,REGENCY CAKESTAND 3 TIER,WHITE HANGING HEART T-LIGHT HOLDER,ASSORTED COLOUR BIRD ORNAMENT,BAKING SET 9 PIECE RETROSPOT 
14762,LUNCH BAG PINK POLKADOT,LUNCH BAG WOODLAND,LUNCH BAG SUKI  DESIGN ,LUNCH BAG CARS BLUE,LUNCH BAG SPACEBOY DESIGN 
14764,REGENCY CAKESTAND 3 TIER,WHITE HANGING HEART T-LIGHT HOLDER,ASSORTED COLOUR BIRD ORNAMENT,PAPER CHAIN KIT 50'S CHRISTMAS ,BAKING SET 9 PIECE RETROSPOT 
14765,WOODEN FRAME ANTIQUE WHITE ,WHITE HANGING HEART T-LIGHT HOLDER,HAND WARMER OWL DESIGN,REGENCY CAKESTAND 3 TIER,ASSORTED COLOUR BIRD ORNAMENT
14766,60 TEATIME FAIRY CAKE CASES,PACK OF 72 RETROSPOT CAKE CASES,LUNCH BAG WOODLAND,LUNCH BAG PINK POLKADOT,LUNCH BAG SUKI  DESIGN 
14767,WHITE HANGING HEART T-LIGHT HOLDER,REGENCY CAKESTAND 3 TIER,ASSORTED COLOUR BIRD ORNAMENT,PARTY BUNTING,VINTAGE UNION JACK BUNTING
14768,REGENCY CAKESTAND 3 TIER,WHITE HANGING HEART T-LIGHT HOLDER,ASSORTED COLOUR BIRD ORNAMENT,PAPER CHAIN KIT 50'S CHRISTMAS ,METAL SIGN TAKE IT OR LEAVE IT 
14769,PACK OF 72 RETROSPOT CAKE CASES,LUNCH BAG PINK POLKADOT,LUNCH BAG SUKI  DESIGN ,LUNCH BAG SPACEBOY DESIGN ,LUNCH BAG RED RETROSPOT
14770,PINK REGENCY TEACUP AND SAUCER,PACK OF 72 RETROSPOT CAKE CASES,LOVE BUILDING BLOCK WORD,PINK 3 PIECE MINI DOTS CUTLERY SET,60 TEATIME FAIRY CAKE CASES
14771,PACK OF 72 RETROSPOT CAKE CASES,PACK OF 60 DINOSAUR CAKE CASES,72 SWEETHEART FAIRY CAKE CASES,WHITE HANGING HEART T-LIGHT HOLDER,REGENCY CAKESTAND 3 TIER
14772,SWEETHEART CERAMIC TRINKET BOX,WHITE HANGING HEART T-LIGHT HOLDER,ASSORTED COLOUR BIRD ORNAMENT,PARTY BUNTING,VINTAGE UNION JACK BUNTING
14773,SWEETHEART CERAMIC TRINKET BOX,WHITE HANGING HEART T-LIGHT HOLDER,REGENCY CAKESTAND 3 TIER,ASSORTED COLOUR BIRD ORNAMENT,PARTY BUNTING
14774,WHITE HANGING HEART T-LIGHT HOLDER,REGENCY CAKESTAND 3 TIER,ASSORTED COLOUR BIRD ORNAMENT,PARTY BUNTING,VINTAGE UNION JACK BUNTING
14775,SWEETHEART CERAMIC TRINKET BOX,GIN + TONIC DIET METAL SIGN,WHITE HANGING HEART T-LIGHT HOLDER,PICNIC BASKET WICKER SMALL,REGENCY CAKESTAND 3 TIER
14776,PACK OF 72 RETROSPOT CAKE CASES,60 TEATIME FAIRY CAKE CASES,VINTAGE HEADS AND TAILS CARD GAME ,REGENCY CAKESTAND 3 TIER,WHITE HANGING HEART T-LIGHT HOLDER
14777,PACK OF 72 RETROSPOT CAKE CASES,60 TEATIME FAIRY CAKE CASES,WHITE HANGING HEART T-LIGHT HOLDER,REGENCY CAKESTAND 3 TIER,ASSORTED COLOUR BIRD ORNAMENT
14778,REGENCY CAKESTAND 3 TIER,ASSORTED COLOUR BIRD ORNAMENT,PARTY BUNTING,VINTAGE UNION JACK BUNTING,BAKING SET 9 PIECE RETROSPOT 
14779,WOOD S/3 CABINET ANT WHITE FINISH,GREEN REGENCY TEACUP AND SAUCER,ROSES REGENCY TEACUP AND SAUCER ,WHITE HANGING HEART T-LIGHT HOLDER,REGENCY CAKESTAND 3 TIER
14780,PAPER CHAIN KIT 50'S CHRISTMAS ,JUMBO BAG SCANDINAVIAN PAISLEY,JUMBO BAG RED RETROSPOT,60 TEATIME FAIRY CAKE CASES,PACK OF 72 RETROSPOT CAKE CASES
14782,WHITE HANGING HEART T-LIGHT HOLDER,REGENCY CAKESTAND 3 TIER,ASSORTED COLOUR BIRD ORNAMENT,PARTY BUNTING,VINTAGE UNION JACK BUNTING
14783,WHITE HANGING HEART T-LIGHT HOLDER,REGENCY CAKESTAND 3 TIER,ASSORTED COLOUR BIRD ORNAMENT,PARTY BUNTING,BAKING SET 9 PIECE RETROSPOT 
14784,REGENCY CAKESTAND 3 TIER,WHITE HANGING HEART T-LIGHT HOLDER,PAPER CHAIN KIT 50'S CHRISTMAS ,BAKING SET 9 PIECE RETROSPOT ,METAL SIGN TAKE IT OR LEAVE IT 
14785,REGENCY CAKESTAND 3 TIER,WHITE HANGING HEART T-LIGHT HOLDER,ASSORTED COLOUR BIRD ORNAMENT,PAPER CHAIN KIT 50'S CHRISTMAS ,BAKING SET 9 PIECE RETROSPOT 
14786,WHITE HANGING HEART T-LIGHT HOLDER,REGENCY CAKESTAND 3 TIER,ASSORTED COLOUR BIRD ORNAMENT,PARTY BUNTING,VINTAGE UNION JACK BUNTING
14787,LUNCH BAG PINK POLKADOT,LUNCH BAG WOODLAND,LUNCH BAG SUKI  DESIGN ,LUNCH BAG CARS BLUE,LUNCH BAG SPACEBOY DESIGN 
14788,VINTAGE HEADS AND TAILS CARD GAME ,REGENCY CAKESTAND 3 TIER,WHITE HANGING HEART T-LIGHT HOLDER,ASSORTED COLOUR BIRD ORNAMENT,PAPER CHAIN KIT 50'S CHRISTMAS 
14789,PINK CREAM FELT CRAFT TRINKET BOX ,REGENCY CAKESTAND 3 TIER,WHITE HANGING HEART T-LIGHT HOLDER,ASSORTED COLOUR BIRD ORNAMENT,PAPER CHAIN KIT 50'S CHRISTMAS 
14790,LUNCH BAG SUKI  DESIGN ,JUMBO BAG RED RETROSPOT,LUNCH BAG CARS BLUE,LUNCH BAG SPACEBOY DESIGN ,LUNCH BAG PINK POLKADOT
14791,WHITE HANGING HEART T-LIGHT HOLDER,REGENCY CAKESTAND 3 TIER,ASSORTED COLOUR BIRD ORNAMENT,PARTY BUNTING,VINTAGE UNION JACK BUNTING
14792,WHITE HANGING HEART T-LIGHT HOLDER,REGENCY CAKESTAND 3 TIER,ASSORTED COLOUR BIRD ORNAMENT,PARTY BUNTING,VINTAGE UNION JACK BUNTING
14793,VINTAGE HEADS AND TAILS CARD GAME ,REGENCY CAKESTAND 3 TIER,WHITE HANGING HEART T-LIGHT HOLDER,ASSORTED COLOUR BIRD ORNAMENT,PAPER CHAIN KIT 50'S CHRISTMAS 
14794,JUMBO STORAGE BAG SUKI,JUMBO BAG PINK POLKADOT,JUMBO BAG RED RETROSPOT,LUNCH BAG WOODLAND,LUNCH BAG PINK POLKADOT
14795,WHITE HANGING HEART T-LIGHT HOLDER,REGENCY CAKESTAND 3 TIER,ASSORTED COLOUR BIRD ORNAMENT,PARTY BUNTING,VINTAGE UNION JACK BUNTING
14796,PACK OF 72 RETROSPOT CAKE CASES,LUNCH BAG PINK POLKADOT,LUNCH BAG SUKI  DESIGN ,LUNCH BAG SPACEBOY DESIGN ,LUNCH BAG  BLACK SKULL.
14797,WHITE HANGING HEART T-LIGHT HOLDER,ASSORTED COLOUR BIRD ORNAMENT,PARTY BUNTING,VINTAGE UNION JACK BUNTING,BAKING SET 9 PIECE RETROSPOT 
14798,PICNIC BASKET WICKER SMALL,REGENCY CAKESTAND 3 TIER,PARTY BUNTING,JUMBO BAG RED WHITE SPOTTY ,ASSORTED COLOUR BIRD ORNAMENT
14799,REGENCY CAKESTAND 3 TIER,WHITE HANGING HEART T-LIGHT HOLDER,ASSORTED COLOUR BIRD ORNAMENT,PAPER CHAIN KIT 50'S CHRISTMAS ,BAKING SET 9 PIECE RETROSPOT 
14800,LUNCH BAG PINK POLKADOT,LUNCH BAG SUKI  DESIGN ,LUNCH BAG SPACEBOY DESIGN ,LUNCH BAG RED RETROSPOT,JUMBO BAG PINK POLKADOT
14801,WHITE HANGING HEART T-LIGHT HOLDER,REGENCY CAKESTAND 3 TIER,ASSORTED COLOUR BIRD ORNAMENT,PARTY BUNTING,VINTAGE UNION JACK BUNTING
14803,WHITE HANGING HEART T-LIGHT HOLDER,PICNIC BASKET WICKER SMALL,PARTY BUNTING,JUMBO BAG RED WHITE SPOTTY ,ASSORTED COLOUR BIRD ORNAMENT
14804,WOODEN PICTURE FRAME WHITE FINISH,WHITE HANGING HEART T-LIGHT HOLDER,REGENCY CAKESTAND 3 TIER,ASSORTED COLOUR BIRD ORNAMENT,PAPER CHAIN KIT 50'S CHRISTMAS 
14805,WOODEN PICTURE FRAME WHITE FINISH,WOOD S/3 CABINET ANT WHITE FINISH,REGENCY CAKESTAND 3 TIER,ASSORTED COLOUR BIRD ORNAMENT,PAPER CHAIN KIT 50'S CHRISTMAS 
14806,WHITE HANGING HEART T-LIGHT HOLDER,REGENCY CAKESTAND 3 TIER,ASSORTED COLOUR BIRD ORNAMENT,PARTY BUNTING,VINTAGE UNION JACK BUNTING
14807,WHITE HANGING HEART T-LIGHT HOLDER,ASSORTED COLOUR BIRD ORNAMENT,PARTY BUNTING,VINTAGE UNION JACK BUNTING,BAKING SET 9 PIECE RETROSPOT 
14808,60 TEATIME FAIRY CAKE CASES,PACK OF 72 RETROSPOT CAKE CASES,RED RETROSPOT CHARLOTTE BAG,WHITE HANGING HEART T-LIGHT HOLDER,PICNIC BASKET WICKER SMALL
14809,WHITE HANGING HEART T-LIGHT HOLDER,REGENCY CAKESTAND 3 TIER,ASSORTED COLOUR BIRD ORNAMENT,PARTY BUNTING,VINTAGE UNION JACK BUNTING
14810,JUMBO BAG RED RETROSPOT,JUMBO BAG PINK POLKADOT,LUNCH BAG SUKI  DESIGN ,LUNCH BAG SPACEBOY DESIGN ,LUNCH BAG PINK POLKADOT
14811,WOODEN FRAME ANTIQUE WHITE ,LOVE BUILDING BLOCK WORD,REGENCY CAKESTAND 3 TIER,ASSORTED COLOUR BIRD ORNAMENT,PARTY BUNTING
14812,PACK OF 72 RETROSPOT CAKE CASES,WHITE HANGING HEART T-LIGHT HOLDER,REGENCY CAKESTAND 3 TIER,ASSORTED COLOUR BIRD ORNAMENT,PARTY BUNTING
14813,LUNCH BAG CARS BLUE,LUNCH BAG SPACEBOY DESIGN ,LUNCH BAG PINK POLKADOT,LUNCH BAG SUKI  DESIGN ,LUNCH BAG  BLACK SKULL.
14814,60 TEATIME FAIRY CAKE CASES,PACK OF 72 RETROSPOT CAKE CASES,SWEETHEART CERAMIC TRINKET BOX,VINTAGE SNAP CARDS,WHITE HANGING HEART T-LIGHT HOLDER
14815,REGENCY CAKESTAND 3 TIER,WHITE HANGING HEART T-LIGHT HOLDER,ASSORTED COLOUR BIRD ORNAMENT,PAPER CHAIN KIT 50'S CHRISTMAS ,METAL SIGN TAKE IT OR LEAVE IT 
14816,WHITE HANGING HEART T-LIGHT HOLDER,REGENCY CAKESTAND 3 TIER,ASSORTED COLOUR BIRD ORNAMENT,PARTY BUNTING,VINTAGE UNION JACK BUNTING
14817,PACK OF 72 RETROSPOT CAKE CASES,JUMBO BAG RED RETROSPOT,LUNCH BAG SUKI  DESIGN ,LUNCH BAG PINK POLKADOT,LUNCH BAG WOODLAND
14818,SWEETHEART CERAMIC TRINKET BOX,LOVE BUILDING BLOCK WORD,60 TEATIME FAIRY CAKE CASES,PACK OF 72 RETROSPOT CAKE CASES,BATHROOM METAL SIGN
14819,JUMBO BAG RED RETROSPOT,JUMBO BAG SCANDINAVIAN PAISLEY,JUMBO BAG PINK POLKADOT,JUMBO STORAGE BAG SUKI,WHITE HANGING HEART T-LIGHT HOLDER
14820,PAPER CHAIN KIT VINTAGE CHRISTMAS,"PAPER CRAFT , LITTLE BIRDIE",JUMBO BAG RED WHITE SPOTTY ,ASSORTED COLOUR BIRD ORNAMENT,MEDIUM CERAMIC TOP STORAGE JAR
14821,LUNCH BAG PINK POLKADOT,LUNCH BAG SUKI  DESIGN ,LUNCH BAG SPACEBOY DESIGN ,LUNCH BAG RED RETROSPOT,HAND WARMER OWL DESIGN
14822,REGENCY CAKESTAND 3 TIER,ASSORTED COLOUR BIRD ORNAMENT,PARTY BUNTING,VINTAGE UNION JACK BUNTING,BAKING SET 9 PIECE RETROSPOT 
14823,PACK OF 60 DINOSAUR CAKE CASES,72 SWEETHEART FAIRY CAKE CASES,PACK OF 60 PINK PAISLEY CAKE CASES,PACK OF 72 RETROSPOT CAKE CASES,HEART OF WICKER SMALL
14824,WHITE HANGING HEART T-LIGHT HOLDER,JUMBO BAG RED RETROSPOT,JUMBO STORAGE BAG SUKI,JUMBO BAG PINK POLKADOT,REGENCY CAKESTAND 3 TIER
14825,JUMBO BAG RED RETROSPOT,JUMBO STORAGE BAG SUKI,JUMBO BAG PINK POLKADOT,LUNCH BAG PINK POLKADOT,LUNCH BAG WOODLAND
14826,WOODEN PICTURE FRAME WHITE FINISH,WHITE HANGING HEART T-LIGHT HOLDER,REGENCY CAKESTAND 3 TIER,ASSORTED COLOUR BIRD ORNAMENT,VINTAGE UNION JACK BUNTING
14828,LUNCH BAG WOODLAND,LUNCH BAG PINK POLKADOT,LUNCH BAG SUKI  DESIGN ,LUNCH BAG SPACEBOY DESIGN ,LUNCH BAG  BLACK SKULL.
14829,JUMBO STORAGE BAG SUKI,JUMBO BAG PINK POLKADOT,JUMBO BAG RED RETROSPOT,WHITE HANGING HEART T-LIGHT HOLDER,PICNIC BASKET WICKER SMALL
14830,JUMBO BAG RED RETROSPOT,JUMBO BAG PINK POLKADOT,JUMBO STORAGE BAG SUKI,JUMBO BAG PINK VINTAGE PAISLEY,ALARM CLOCK BAKELIKE RED 
14831,PACK OF 72 RETROSPOT CAKE CASES,BLUE 3 PIECE MINI DOTS CUTLERY SET,HOT WATER BOTTLE TEA AND SYMPATHY,WHITE HANGING HEART T-LIGHT HOLDER,PICNIC BASKET WICKER SMALL
14833,TOILET METAL SIGN,WHITE HANGING HEART T-LIGHT HOLDER,REGENCY CAKESTAND 3 TIER,ASSORTED COLOUR BIRD ORNAMENT,PARTY BUNTING
14834,LOVE BUILDING BLOCK WORD,WHITE HANGING HEART T-LIGHT HOLDER,"PAPER CRAFT , LITTLE BIRDIE",JUMBO BAG RED WHITE SPOTTY ,MEDIUM CERAMIC TOP STORAGE JAR
14835,WHITE HANGING HEART T-LIGHT HOLDER,REGENCY CAKESTAND 3 TIER,ASSORTED COLOUR BIRD ORNAMENT,PARTY BUNTING,VINTAGE UNION JACK BUNTING
14836,REGENCY CAKESTAND 3 TIER,WHITE HANGING HEART T-LIGHT HOLDER,ASSORTED COLOUR BIRD ORNAMENT,PAPER CHAIN KIT 50'S CHRISTMAS ,BAKING SET 9 PIECE RETROSPOT 
14837,PACK OF 72 RETROSPOT CAKE CASES,SWEETHEART CERAMIC TRINKET BOX,HEART OF WICKER LARGE,WHITE HANGING HEART T-LIGHT HOLDER,HAND WARMER SCOTTY DOG DESIGN
14838,WHITE HANGING HEART T-LIGHT HOLDER,CHOCOLATE HOT WATER BOTTLE,HAND WARMER SCOTTY DOG DESIGN,ALARM CLOCK BAKELIKE RED ,REGENCY CAKESTAND 3 TIER
14839,PINK 3 PIECE MINI DOTS CUTLERY SET,LOVE BUILDING BLOCK WORD,PICNIC BASKET WICKER SMALL,REGENCY CAKESTAND 3 TIER,PARTY BUNTING
14840,WHITE HANGING HEART T-LIGHT HOLDER,REGENCY CAKESTAND 3 TIER,ASSORTED COLOUR BIRD ORNAMENT,PARTY BUNTING,VINTAGE UNION JACK BUNTING
14841,JUMBO BAG RED RETROSPOT,JUMBO STORAGE BAG SUKI,JUMBO BAG PINK POLKADOT,WOODEN PICTURE FRAME WHITE FINISH,PAPER CHAIN KIT VINTAGE CHRISTMAS
14842,60 TEATIME FAIRY CAKE CASES,PACK OF 72 RETROSPOT CAKE CASES,JUMBO BAG STRAWBERRY,JUMBO  BAG BAROQUE BLACK WHITE,JUMBO BAG PINK POLKADOT
14843,WHITE HANGING HEART T-LIGHT HOLDER,REGENCY CAKESTAND 3 TIER,ASSORTED COLOUR BIRD ORNAMENT,PARTY BUNTING,VINTAGE UNION JACK BUNTING
14844,JUMBO STORAGE BAG SUKI,JUMBO BAG PINK POLKADOT,JUMBO BAG RED RETROSPOT,PACK OF 72 RETROSPOT CAKE CASES,SWEETHEART CERAMIC TRINKET BOX
14845,WHITE HANGING HEART T-LIGHT HOLDER,REGENCY CAKESTAND 3 TIER,ASSORTED COLOUR BIRD ORNAMENT,PARTY BUNTING,VINTAGE UNION JACK BUNTING
14846,WHITE HANGING HEART T-LIGHT HOLDER,REGENCY CAKESTAND 3 TIER,ASSORTED COLOUR BIRD ORNAMENT,PARTY BUNTING,VINTAGE UNION JACK BUNTING
14847,JUMBO BAG RED RETROSPOT,JUMBO STORAGE BAG SUKI,JUMBO BAG PINK POLKADOT,LUNCH BAG WOODLAND,LUNCH BAG PINK POLKADOT
14848,WHITE HANGING HEART T-LIGHT HOLDER,REGENCY CAKESTAND 3 TIER,ASSORTED COLOUR BIRD ORNAMENT,PARTY BUNTING,VINTAGE UNION JACK BUNTING
14849,PACK OF 72 RETROSPOT CAKE CASES,JUMBO BAG RED RETROSPOT,PINK CREAM FELT CRAFT TRINKET BOX ,VINTAGE HEADS AND TAILS CARD GAME ,JUMBO BAG PINK POLKADOT
14850,PACK OF 72 RETROSPOT CAKE CASES,PACK OF 60 DINOSAUR CAKE CASES,72 SWEETHEART FAIRY CAKE CASES,HEART OF WICKER SMALL,WHITE HANGING HEART T-LIGHT HOLDER
14851,HAND WARMER SCOTTY DOG DESIGN,HAND WARMER BIRD DESIGN,PAPER CHAIN KIT VINTAGE CHRISTMAS,REGENCY CAKESTAND 3 TIER,WHITE HANGING HEART T-LIGHT HOLDER
14852,PACK OF 72 RETROSPOT CAKE CASES,JUMBO BAG RED RETROSPOT,JUMBO STORAGE BAG SUKI,JUMBO BAG PINK POLKADOT,HAND WARMER OWL DESIGN
14853,PINK REGENCY TEACUP AND SAUCER,WHITE HANGING HEART T-LIGHT HOLDER,PAPER CHAIN KIT 50'S CHRISTMAS ,BAKING SET 9 PIECE RETROSPOT ,METAL SIGN TAKE IT OR LEAVE IT 
14854,WHITE HANGING HEART T-LIGHT HOLDER,PACK OF 72 RETROSPOT CAKE CASES,PACK OF 60 DINOSAUR CAKE CASES,72 SWEETHEART FAIRY CAKE CASES,PACK OF 60 PINK PAISLEY CAKE CASES
14855,JUMBO BAG RED RETROSPOT,JUMBO BAG PINK POLKADOT,SWEETHEART CERAMIC TRINKET BOX,PINK 3 PIECE MINI DOTS CUTLERY SET,JUMBO  BAG BAROQUE BLACK WHITE
14856,HAND WARMER OWL DESIGN,LUNCH BAG CARS BLUE,LUNCH BAG SPACEBOY DESIGN ,LUNCH BAG PINK POLKADOT,LUNCH BAG SUKI  DESIGN 
14857,PAPER CHAIN KIT VINTAGE CHRISTMAS,LUNCH BAG WOODLAND,LUNCH BAG PINK POLKADOT,LUNCH BAG SUKI  DESIGN ,LUNCH BAG SPACEBOY DESIGN 
14858,LUNCH BAG PINK POLKADOT,LUNCH BAG SUKI  DESIGN ,LUNCH BAG SPACEBOY DESIGN ,LUNCH BAG  BLACK SKULL.,LUNCH BAG RED RETROSPOT
14859,JUMBO BAG RED RETROSPOT,JUMBO BAG PINK POLKADOT,HAND WARMER OWL DESIGN,JUMBO  BAG BAROQUE BLACK WHITE,LUNCH BAG SUKI  DESIGN 
14860,REGENCY CAKESTAND 3 TIER,WHITE HANGING HEART T-LIGHT HOLDER,PAPER CHAIN KIT 50'S CHRISTMAS ,BAKING SET 9 PIECE RETROSPOT ,METAL SIGN TAKE IT OR LEAVE IT 
14861,HAND WARMER OWL DESIGN,PICNIC BASKET WICKER SMALL,REGENCY CAKESTAND 3 TIER,PARTY BUNTING,JUMBO BAG RED WHITE SPOTTY 
14862,REGENCY CAKESTAND 3 TIER,WHITE HANGING HEART T-LIGHT HOLDER,ASSORTED COLOUR BIRD ORNAMENT,PAPER CHAIN KIT 50'S CHRISTMAS ,BAKING SET 9 PIECE RETROSPOT 
14863,REGENCY CAKESTAND 3 TIER,WHITE HANGING HEART T-LIGHT HOLDER,ASSORTED COLOUR BIRD ORNAMENT,PAPER CHAIN KIT 50'S CHRISTMAS ,BAKING SET 9 PIECE RETROSPOT 
14865,REGENCY CAKESTAND 3 TIER,WHITE HANGING HEART T-LIGHT HOLDER,ASSORTED COLOUR BIRD ORNAMENT,PAPER CHAIN KIT 50'S CHRISTMAS ,BAKING SET 9 PIECE RETROSPOT 
14866,PAPER CHAIN KIT 50'S CHRISTMAS ,VINTAGE HEADS AND TAILS CARD GAME ,REGENCY CAKESTAND 3 TIER,WHITE HANGING HEART T-LIGHT HOLDER,"PAPER CRAFT , LITTLE BIRDIE"
14867,PICNIC BASKET WICKER SMALL,REGENCY CAKESTAND 3 TIER,PARTY BUNTING,JUMBO BAG RED WHITE SPOTTY ,FAIRY CAKE FLANNEL ASSORTED COLOUR
14868,LUNCH BAG PINK POLKADOT,LUNCH BAG WOODLAND,LUNCH BAG SUKI  DESIGN ,LUNCH BAG SPACEBOY DESIGN ,LUNCH BAG RED RETROSPOT
14869,SWEETHEART CERAMIC TRINKET BOX,WOODEN PICTURE FRAME WHITE FINISH,WHITE HANGING HEART T-LIGHT HOLDER,WOOD S/3 CABINET ANT WHITE FINISH,PACK OF 72 RETROSPOT CAKE CASES
14870,CHOCOLATE HOT WATER BOTTLE,WHITE HANGING HEART T-LIGHT HOLDER,PICNIC BASKET WICKER SMALL,REGENCY CAKESTAND 3 TIER,JUMBO BAG RED WHITE SPOTTY 
14871,JUMBO BAG PINK POLKADOT,JUMBO BAG RED RETROSPOT,ALARM CLOCK BAKELIKE RED ,PACK OF 60 DINOSAUR CAKE CASES,72 SWEETHEART FAIRY CAKE CASES
14872,PACK OF 72 RETROSPOT CAKE CASES,LUNCH BAG CARS BLUE,LUNCH BAG SPACEBOY DESIGN ,LUNCH BAG PINK POLKADOT,LUNCH BAG SUKI  DESIGN 
14873,GREEN REGENCY TEACUP AND SAUCER,PACK OF 60 DINOSAUR CAKE CASES,72 SWEETHEART FAIRY CAKE CASES,PACK OF 60 PINK PAISLEY CAKE CASES,PACK OF 72 RETROSPOT CAKE CASES
14874,WHITE HANGING HEART T-LIGHT HOLDER,REGENCY CAKESTAND 3 TIER,ASSORTED COLOUR BIRD ORNAMENT,PARTY BUNTING,VINTAGE UNION JACK BUNTING
14875,PAPER CHAIN KIT VINTAGE CHRISTMAS,HEART OF WICKER LARGE,WHITE HANGING HEART T-LIGHT HOLDER,PICNIC BASKET WICKER SMALL,REGENCY CAKESTAND 3 TIER
14876,ASSORTED COLOUR BIRD ORNAMENT,REGENCY CAKESTAND 3 TIER,PARTY BUNTING,VINTAGE UNION JACK BUNTING,BAKING SET 9 PIECE RETROSPOT 
14877,HAND WARMER OWL DESIGN,HEART OF WICKER SMALL,WHITE HANGING HEART T-LIGHT HOLDER,REGENCY CAKESTAND 3 TIER,ASSORTED COLOUR BIRD ORNAMENT
14878,PACK OF 72 RETROSPOT CAKE CASES,PACK OF 60 PINK PAISLEY CAKE CASES,HEART OF WICKER LARGE,WHITE HANGING HEART T-LIGHT HOLDER,REGENCY CAKESTAND 3 TIER
14879,HOME BUILDING BLOCK WORD,WHITE HANGING HEART T-LIGHT HOLDER,REGENCY CAKESTAND 3 TIER,ASSORTED COLOUR BIRD ORNAMENT,PARTY BUNTING
14880,HAND WARMER OWL DESIGN,REGENCY CAKESTAND 3 TIER,WHITE HANGING HEART T-LIGHT HOLDER,ASSORTED COLOUR BIRD ORNAMENT,PAPER CHAIN KIT 50'S CHRISTMAS 
14881,REGENCY CAKESTAND 3 TIER,WHITE HANGING HEART T-LIGHT HOLDER,ASSORTED COLOUR BIRD ORNAMENT,PAPER CHAIN KIT 50'S CHRISTMAS ,BAKING SET 9 PIECE RETROSPOT 
14882,HEART OF WICKER SMALL,REGENCY CAKESTAND 3 TIER,"PAPER CRAFT , LITTLE BIRDIE",JUMBO BAG RED WHITE SPOTTY ,ASSORTED COLOUR BIRD ORNAMENT
14883,GIN + TONIC DIET METAL SIGN,REGENCY CAKESTAND 3 TIER,PAPER CHAIN KIT 50'S CHRISTMAS ,BAKING SET 9 PIECE RETROSPOT ,METAL SIGN TAKE IT OR LEAVE IT 
14884,WHITE HANGING HEART T-LIGHT HOLDER,REGENCY CAKESTAND 3 TIER,ASSORTED COLOUR BIRD ORNAMENT,PARTY BUNTING,VINTAGE UNION JACK BUNTING
14885,PAPER CHAIN KIT 50'S CHRISTMAS ,WHITE HANGING HEART T-LIGHT HOLDER,PICNIC BASKET WICKER SMALL,REGENCY CAKESTAND 3 TIER,PARTY BUNTING
14886,LUNCH BAG PINK POLKADOT,LUNCH BAG SUKI  DESIGN ,LUNCH BAG SPACEBOY DESIGN ,LUNCH BAG  BLACK SKULL.,LUNCH BAG RED RETROSPOT
14887,JUMBO BAG PINK POLKADOT,JUMBO STORAGE BAG SUKI,JUMBO BAG RED RETROSPOT,REGENCY CAKESTAND 3 TIER,WHITE HANGING HEART T-LIGHT HOLDER
14888,LUNCH BAG PINK POLKADOT,LUNCH BAG SUKI  DESIGN ,LUNCH BAG SPACEBOY DESIGN ,LUNCH BAG  BLACK SKULL.,LUNCH BAG RED RETROSPOT
14889,PACK OF 60 DINOSAUR CAKE CASES,72 SWEETHEART FAIRY CAKE CASES,PACK OF 60 PINK PAISLEY CAKE CASES,PACK OF 72 RETROSPOT CAKE CASES,WHITE HANGING HEART T-LIGHT HOLDER
14890,VINTAGE HEADS AND TAILS CARD GAME ,PINK CREAM FELT CRAFT TRINKET BOX ,WHITE HANGING HEART T-LIGHT HOLDER,PICNIC BASKET WICKER SMALL,REGENCY CAKESTAND 3 TIER
14891,LUNCH BAG SUKI  DESIGN ,LUNCH BAG WOODLAND,LUNCH BAG PINK POLKADOT,LUNCH BAG SPACEBOY DESIGN ,LUNCH BAG RED RETROSPOT
14892,CHOCOLATE HOT WATER BOTTLE,WHITE HANGING HEART T-LIGHT HOLDER,REGENCY CAKESTAND 3 TIER,ASSORTED COLOUR BIRD ORNAMENT,PARTY BUNTING
14893,JUMBO BAG RED RETROSPOT,JUMBO BAG PINK POLKADOT,WOOD 2 DRAWER CABINET WHITE FINISH,JUMBO  BAG BAROQUE BLACK WHITE,JUMBO SHOPPER VINTAGE RED PAISLEY
14894,WHITE HANGING HEART T-LIGHT HOLDER,PICNIC BASKET WICKER SMALL,PARTY BUNTING,JUMBO BAG RED WHITE SPOTTY ,FAIRY CAKE FLANNEL ASSORTED COLOUR
14895,PACK OF 72 RETROSPOT CAKE CASES,PACK OF 60 DINOSAUR CAKE CASES,72 SWEETHEART FAIRY CAKE CASES,VINTAGE SNAP CARDS,WOOD 2 DRAWER CABINET WHITE FINISH
14896,PACK OF 72 RETROSPOT CAKE CASES,HAND WARMER OWL DESIGN,PAPER CHAIN KIT 50'S CHRISTMAS ,PICNIC BASKET WICKER SMALL,REGENCY CAKESTAND 3 TIER
14897,WHITE HANGING HEART T-LIGHT HOLDER,PAPER CHAIN KIT VINTAGE CHRISTMAS,PINK REGENCY TEACUP AND SAUCER,GREEN REGENCY TEACUP AND SAUCER,REGENCY CAKESTAND 3 TIER
14898,LUNCH BAG PINK POLKADOT,LUNCH BAG WOODLAND,LUNCH BAG SUKI  DESIGN ,LUNCH BAG SPACEBOY DESIGN ,LUNCH BAG RED RETROSPOT
14899,WHITE HANGING HEART T-LIGHT HOLDER,JUMBO BAG PINK POLKADOT,JUMBO STORAGE BAG SUKI,JUMBO BAG RED RETROSPOT,HAND WARMER SCOTTY DOG DESIGN
14900,WHITE HANGING HEART T-LIGHT HOLDER,REGENCY CAKESTAND 3 TIER,ASSORTED COLOUR BIRD ORNAMENT,PARTY BUNTING,VINTAGE UNION JACK BUNTING
14901,CHOCOLATE HOT WATER BOTTLE,HAND WARMER SCOTTY DOG DESIGN,HAND WARMER BIRD DESIGN,JUMBO BAG PINK POLKADOT,JUMBO STORAGE BAG SUKI
14902,60 TEATIME FAIRY CAKE CASES,PACK OF 72 RETROSPOT CAKE CASES,BLUE 3 PIECE MINI DOTS CUTLERY SET,VINTAGE HEADS AND TAILS CARD GAME ,JUMBO BAG PINK POLKADOT
14903,PACK OF 72 RETROSPOT CAKE CASES,PACK OF 60 PINK PAISLEY CAKE CASES,JUMBO BAG PINK POLKADOT,JUMBO STORAGE BAG SUKI,JUMBO BAG RED RETROSPOT
14904,PACK OF 72 RETROSPOT CAKE CASES,60 TEATIME FAIRY CAKE CASES,WHITE HANGING HEART T-LIGHT HOLDER,PAPER CHAIN KIT VINTAGE CHRISTMAS,JUMBO BAG PINK POLKADOT
14905,JUMBO BAG PINK POLKADOT,JUMBO STORAGE BAG SUKI,JUMBO BAG RED RETROSPOT,PICNIC BASKET WICKER SMALL,REGENCY CAKESTAND 3 TIER
14907,PACK OF 72 RETROSPOT CAKE CASES,BLUE 3 PIECE MINI DOTS CUTLERY SET,LUNCH BAG WOODLAND,LUNCH BAG PINK POLKADOT,LUNCH BAG SUKI  DESIGN 
14908,HEART OF WICKER SMALL,WHITE HANGING HEART T-LIGHT HOLDER,WOOD 2 DRAWER CABINET WHITE FINISH,REGENCY CAKESTAND 3 TIER,ASSORTED COLOUR BIRD ORNAMENT
14909,PACK OF 72 RETROSPOT CAKE CASES,PACK OF 60 DINOSAUR CAKE CASES,PINK CREAM FELT CRAFT TRINKET BOX ,WHITE HANGING HEART T-LIGHT HOLDER,PICNIC BASKET WICKER SMALL
14910,LUNCH BAG WOODLAND,LUNCH BAG PINK POLKADOT,LUNCH BAG SUKI  DESIGN ,LUNCH BAG SPACEBOY DESIGN ,LUNCH BAG  BLACK SKULL.
14911,JUMBO BAG RED RETROSPOT,PACK OF 72 RETROSPOT CAKE CASES,JUMBO BAG PINK POLKADOT,LUNCH BAG SUKI  DESIGN ,LUNCH BAG PINK POLKADOT
14912,RED RETROSPOT CHARLOTTE BAG,REGENCY CAKESTAND 3 TIER,WHITE HANGING HEART T-LIGHT HOLDER,ASSORTED COLOUR BIRD ORNAMENT,PAPER CHAIN KIT 50'S CHRISTMAS 
14913,PACK OF 72 RETROSPOT CAKE CASES,PAPER CHAIN KIT VINTAGE CHRISTMAS,60 TEATIME FAIRY CAKE CASES,WHITE HANGING HEART T-LIGHT HOLDER,"PAPER CRAFT , LITTLE BIRDIE"
14915,WHITE HANGING HEART T-LIGHT HOLDER,PICNIC BASKET WICKER SMALL,REGENCY CAKESTAND 3 TIER,PARTY BUNTING,JUMBO BAG RED WHITE SPOTTY 
14916,JUMBO BAG PINK POLKADOT,JUMBO STORAGE BAG SUKI,JUMBO BAG RED RETROSPOT,SWEETHEART CERAMIC TRINKET BOX,LOVE BUILDING BLOCK WORD
14917,WHITE HANGING HEART T-LIGHT HOLDER,REGENCY CAKESTAND 3 TIER,ASSORTED COLOUR BIRD ORNAMENT,PARTY BUNTING,VINTAGE UNION JACK BUNTING
14918,GIN + TONIC DIET METAL SIGN,TOILET METAL SIGN,PICNIC BASKET WICKER SMALL,JUMBO BAG RED WHITE SPOTTY ,ASSORTED COLOUR BIRD ORNAMENT
14919,WHITE HANGING HEART T-LIGHT HOLDER,REGENCY CAKESTAND 3 TIER,ASSORTED COLOUR BIRD ORNAMENT,PARTY BUNTING,VINTAGE UNION JACK BUNTING
14920,ALARM CLOCK BAKELIKE GREEN,JUMBO BAG PINK POLKADOT,JUMBO STORAGE BAG SUKI,JUMBO BAG RED RETROSPOT,PINK CREAM FELT CRAFT TRINKET BOX 
14921,PINK BLUE FELT CRAFT TRINKET BOX,PAPER CHAIN KIT 50'S CHRISTMAS ,ASSORTED COLOUR BIRD ORNAMENT,REGENCY CAKESTAND 3 TIER,WHITE HANGING HEART T-LIGHT HOLDER
14922,HOME BUILDING BLOCK WORD,PARTY BUNTING,VINTAGE UNION JACK BUNTING,GRAND CHOCOLATECANDLE,PAPER CHAIN KIT 50'S CHRISTMAS 
14923,REGENCY CAKESTAND 3 TIER,WHITE HANGING HEART T-LIGHT HOLDER,ASSORTED COLOUR BIRD ORNAMENT,PAPER CHAIN KIT 50'S CHRISTMAS ,BAKING SET 9 PIECE RETROSPOT 
14924,SWEETHEART CERAMIC TRINKET BOX,LOVE BUILDING BLOCK WORD,PICNIC BASKET WICKER SMALL,REGENCY CAKESTAND 3 TIER,PARTY BUNTING
14926,WHITE HANGING HEART T-LIGHT HOLDER,REGENCY CAKESTAND 3 TIER,ASSORTED COLOUR BIRD ORNAMENT,PARTY BUNTING,VINTAGE UNION JACK BUNTING
14927,PACK OF 60 DINOSAUR CAKE CASES,72 SWEETHEART FAIRY CAKE CASES,PACK OF 60 PINK PAISLEY CAKE CASES,PACK OF 72 RETROSPOT CAKE CASES,WHITE HANGING HEART T-LIGHT HOLDER
14928,WHITE HANGING HEART T-LIGHT HOLDER,REGENCY CAKESTAND 3 TIER,ASSORTED COLOUR BIRD ORNAMENT,PARTY BUNTING,VINTAGE UNION JACK BUNTING
14929,PAPER CHAIN KIT VINTAGE CHRISTMAS,REGENCY CAKESTAND 3 TIER,WHITE HANGING HEART T-LIGHT HOLDER,ASSORTED COLOUR BIRD ORNAMENT,METAL SIGN TAKE IT OR LEAVE IT 
14930,LUNCH BAG SUKI  DESIGN ,JUMBO BAG RED RETROSPOT,LUNCH BAG SPACEBOY DESIGN ,LUNCH BAG PINK POLKADOT,LUNCH BAG RED RETROSPOT
14931,REGENCY CAKESTAND 3 TIER,WHITE HANGING HEART T-LIGHT HOLDER,ASSORTED COLOUR BIRD ORNAMENT,BAKING SET 9 PIECE RETROSPOT ,METAL SIGN TAKE IT OR LEAVE IT 
14932,HOT WATER BOTTLE TEA AND SYMPATHY,TOILET METAL SIGN,WHITE HANGING HEART T-LIGHT HOLDER,REGENCY CAKESTAND 3 TIER,ASSORTED COLOUR BIRD ORNAMENT
14933,WHITE HANGING HEART T-LIGHT HOLDER,PICNIC BASKET WICKER SMALL,REGENCY CAKESTAND 3 TIER,PARTY BUNTING,JUMBO BAG RED WHITE SPOTTY 
14934,WHITE HANGING HEART T-LIGHT HOLDER,LUNCH BAG CARS BLUE,LUNCH BAG SPACEBOY DESIGN ,LUNCH BAG PINK POLKADOT,LUNCH BAG SUKI  DESIGN 
14935,WHITE HANGING HEART T-LIGHT HOLDER,PICNIC BASKET WICKER SMALL,REGENCY CAKESTAND 3 TIER,PARTY BUNTING,JUMBO BAG RED WHITE SPOTTY 
14936,JUMBO BAG RED RETROSPOT,PACK OF 72 RETROSPOT CAKE CASES,JUMBO STORAGE BAG SUKI,JUMBO BAG PINK POLKADOT,LUNCH BAG PINK POLKADOT
14937,PICNIC BASKET WICKER SMALL,REGENCY CAKESTAND 3 TIER,PARTY BUNTING,JUMBO BAG RED WHITE SPOTTY ,ASSORTED COLOUR BIRD ORNAMENT
14938,LUNCH BAG WOODLAND,LUNCH BAG PINK POLKADOT,LUNCH BAG SUKI  DESIGN ,LUNCH BAG SPACEBOY DESIGN ,LUNCH BAG RED RETROSPOT
14940,PAPER CHAIN KIT 50'S CHRISTMAS ,VINTAGE SNAP CARDS,WHITE HANGING HEART T-LIGHT HOLDER,REGENCY CAKESTAND 3 TIER,ASSORTED COLOUR BIRD ORNAMENT
14941,HEART OF WICKER SMALL,REGENCY CAKESTAND 3 TIER,ASSORTED COLOUR BIRD ORNAMENT,PARTY BUNTING,VINTAGE UNION JACK BUNTING
14942,HEART OF WICKER SMALL,PICNIC BASKET WICKER SMALL,REGENCY CAKESTAND 3 TIER,JUMBO BAG RED WHITE SPOTTY ,FAIRY CAKE FLANNEL ASSORTED COLOUR
14943,WHITE HANGING HEART T-LIGHT HOLDER,REGENCY CAKESTAND 3 TIER,ASSORTED COLOUR BIRD ORNAMENT,PARTY BUNTING,VINTAGE UNION JACK BUNTING
14944,PACK OF 72 RETROSPOT CAKE CASES,PACK OF 60 DINOSAUR CAKE CASES,REGENCY CAKESTAND 3 TIER,"PAPER CRAFT , LITTLE BIRDIE",JUMBO BAG RED WHITE SPOTTY 
14945,WHITE HANGING HEART T-LIGHT HOLDER,REGENCY CAKESTAND 3 TIER,ASSORTED COLOUR BIRD ORNAMENT,PARTY BUNTING,VINTAGE UNION JACK BUNTING
14946,REGENCY CAKESTAND 3 TIER,WHITE HANGING HEART T-LIGHT HOLDER,ASSORTED COLOUR BIRD ORNAMENT,PAPER CHAIN KIT 50'S CHRISTMAS ,BAKING SET 9 PIECE RETROSPOT 
14947,WHITE HANGING HEART T-LIGHT HOLDER,PICNIC BASKET WICKER SMALL,REGENCY CAKESTAND 3 TIER,PARTY BUNTING,JUMBO BAG RED WHITE SPOTTY 
14948,PACK OF 72 RETROSPOT CAKE CASES,72 SWEETHEART FAIRY CAKE CASES,REGENCY CAKESTAND 3 TIER,WHITE HANGING HEART T-LIGHT HOLDER,ASSORTED COLOUR BIRD ORNAMENT
14949,WHITE HANGING HEART T-LIGHT HOLDER,REGENCY CAKESTAND 3 TIER,ASSORTED COLOUR BIRD ORNAMENT,PARTY BUNTING,VINTAGE UNION JACK BUNTING
14950,REGENCY CAKESTAND 3 TIER,ASSORTED COLOUR BIRD ORNAMENT,PAPER CHAIN KIT 50'S CHRISTMAS ,BAKING SET 9 PIECE RETROSPOT ,METAL SIGN TAKE IT OR LEAVE IT 
14951,ROSES REGENCY TEACUP AND SAUCER ,WHITE HANGING HEART T-LIGHT HOLDER,ASSORTED COLOUR BIRD ORNAMENT,PARTY BUNTING,VINTAGE UNION JACK BUNTING
14952,WHITE HANGING HEART T-LIGHT HOLDER,JUMBO BAG RED RETROSPOT,JUMBO BAG PINK POLKADOT,WOODEN PICTURE FRAME WHITE FINISH,JUMBO  BAG BAROQUE BLACK WHITE
14953,60 TEATIME FAIRY CAKE CASES,PACK OF 72 RETROSPOT CAKE CASES,LUNCH BAG CARS BLUE,LUNCH BAG SPACEBOY DESIGN ,LUNCH BAG PINK POLKADOT
14954,ROSES REGENCY TEACUP AND SAUCER ,60 TEATIME FAIRY CAKE CASES,PACK OF 72 RETROSPOT CAKE CASES,ASSORTED COLOUR BIRD ORNAMENT,PAPER CHAIN KIT 50'S CHRISTMAS 
14955,LUNCH BAG WOODLAND,LUNCH BAG PINK POLKADOT,LUNCH BAG SUKI  DESIGN ,LUNCH BAG SPACEBOY DESIGN ,LUNCH BAG RED RETROSPOT
14956,WHITE HANGING HEART T-LIGHT HOLDER,REGENCY CAKESTAND 3 TIER,ASSORTED COLOUR BIRD ORNAMENT,PARTY BUNTING,VINTAGE UNION JACK BUNTING
14957,PACK OF 72 RETROSPOT CAKE CASES,72 SWEETHEART FAIRY CAKE CASES,PACK OF 60 PINK PAISLEY CAKE CASES,TOILET METAL SIGN,PINK CREAM FELT CRAFT TRINKET BOX 
14958,WOODEN FRAME ANTIQUE WHITE ,WHITE HANGING HEART T-LIGHT HOLDER,PICNIC BASKET WICKER SMALL,REGENCY CAKESTAND 3 TIER,PARTY BUNTING
14959,WHITE HANGING HEART T-LIGHT HOLDER,REGENCY CAKESTAND 3 TIER,PAPER CHAIN KIT 50'S CHRISTMAS ,BAKING SET 9 PIECE RETROSPOT ,METAL SIGN TAKE IT OR LEAVE IT 
14960,JUMBO BAG PINK VINTAGE PAISLEY,JUMBO BAG RED RETROSPOT,REGENCY CAKESTAND 3 TIER,WHITE HANGING HEART T-LIGHT HOLDER,ASSORTED COLOUR BIRD ORNAMENT
14961,PACK OF 72 RETROSPOT CAKE CASES,HAND WARMER OWL DESIGN,RED RETROSPOT CHARLOTTE BAG,HEART OF WICKER LARGE,WHITE HANGING HEART T-LIGHT HOLDER
14962,REGENCY CAKESTAND 3 TIER,ASSORTED COLOUR BIRD ORNAMENT,PARTY BUNTING,VINTAGE UNION JACK BUNTING,BAKING SET 9 PIECE RETROSPOT 
14963,LUNCH BAG SPACEBOY DESIGN ,LUNCH BAG PINK POLKADOT,LUNCH BAG SUKI  DESIGN ,LUNCH BAG RED RETROSPOT,JUMBO BAG RED RETROSPOT
14964,WHITE HANGING HEART T-LIGHT HOLDER,REGENCY CAKESTAND 3 TIER,ASSORTED COLOUR BIRD ORNAMENT,VINTAGE UNION JACK BUNTING,BAKING SET 9 PIECE RETROSPOT 
14965,JUMBO BAG RED RETROSPOT,JUMBO STORAGE BAG SUKI,JUMBO BAG PINK POLKADOT,ASSORTED COLOUR BIRD ORNAMENT,TOILET METAL SIGN
14966,WHITE HANGING HEART T-LIGHT HOLDER,JUMBO BAG RED RETROSPOT,LOVE BUILDING BLOCK WORD,GIN + TONIC DIET METAL SIGN,PINK BLUE FELT CRAFT TRINKET BOX
14967,GIN + TONIC DIET METAL SIGN,PICNIC BASKET WICKER SMALL,PARTY BUNTING,JUMBO BAG RED WHITE SPOTTY ,ASSORTED COLOUR BIRD ORNAMENT
14968,JUMBO BAG SCANDINAVIAN PAISLEY,JUMBO BAG RED RETROSPOT,HEART OF WICKER SMALL,WHITE HANGING HEART T-LIGHT HOLDER,REGENCY CAKESTAND 3 TIER
14969,WHITE HANGING HEART T-LIGHT HOLDER,REGENCY CAKESTAND 3 TIER,ASSORTED COLOUR BIRD ORNAMENT,PARTY BUNTING,VINTAGE UNION JACK BUNTING
14970,HEART OF WICKER LARGE,WHITE HANGING HEART T-LIGHT HOLDER,REGENCY CAKESTAND 3 TIER,"PAPER CRAFT , LITTLE BIRDIE",JUMBO BAG RED WHITE SPOTTY 
14971,PACK OF 72 RETROSPOT CAKE CASES,WHITE HANGING HEART T-LIGHT HOLDER,HAND WARMER OWL DESIGN,PACK OF 60 DINOSAUR CAKE CASES,CHOCOLATE HOT WATER BOTTLE
14972,ASSORTED COLOUR BIRD ORNAMENT,PARTY BUNTING,VINTAGE UNION JACK BUNTING,BAKING SET 9 PIECE RETROSPOT ,GRAND CHOCOLATECANDLE
14973,WHITE HANGING HEART T-LIGHT HOLDER,PICNIC BASKET WICKER SMALL,PARTY BUNTING,JUMBO BAG RED WHITE SPOTTY ,FAIRY CAKE FLANNEL ASSORTED COLOUR
14974,WHITE HANGING HEART T-LIGHT HOLDER,REGENCY CAKESTAND 3 TIER,ASSORTED COLOUR BIRD ORNAMENT,PAPER CHAIN KIT 50'S CHRISTMAS ,BAKING SET 9 PIECE RETROSPOT 
14975,JUMBO STORAGE BAG SUKI,JUMBO BAG PINK POLKADOT,JUMBO BAG RED RETROSPOT,REGENCY CAKESTAND 3 TIER,WHITE HANGING HEART T-LIGHT HOLDER
14976,GIN + TONIC DIET METAL SIGN,60 TEATIME FAIRY CAKE CASES,PACK OF 72 RETROSPOT CAKE CASES,LOVE BUILDING BLOCK WORD,WHITE HANGING HEART T-LIGHT HOLDER
14977,WHITE HANGING HEART T-LIGHT HOLDER,REGENCY CAKESTAND 3 TIER,ASSORTED COLOUR BIRD ORNAMENT,PARTY BUNTING,VINTAGE UNION JACK BUNTING
14978,LUNCH BAG PINK POLKADOT,LUNCH BAG WOODLAND,LUNCH BAG SUKI  DESIGN ,LUNCH BAG CARS BLUE,LUNCH BAG SPACEBOY DESIGN 
14979,PINK 3 PIECE MINI DOTS CUTLERY SET,WHITE HANGING HEART T-LIGHT HOLDER,REGENCY CAKESTAND 3 TIER,PARTY BUNTING,VINTAGE UNION JACK BUNTING
14980,LOVE BUILDING BLOCK WORD,STRAWBERRY CERAMIC TRINKET BOX,REGENCY CAKESTAND 3 TIER,ASSORTED COLOUR BIRD ORNAMENT,PARTY BUNTING
14981,SWEETHEART CERAMIC TRINKET BOX,WHITE HANGING HEART T-LIGHT HOLDER,REGENCY CAKESTAND 3 TIER,ASSORTED COLOUR BIRD ORNAMENT,PARTY BUNTING
14982,HEART OF WICKER LARGE,WHITE HANGING HEART T-LIGHT HOLDER,REGENCY CAKESTAND 3 TIER,ASSORTED COLOUR BIRD ORNAMENT,PARTY BUNTING
14983,WOODEN PICTURE FRAME WHITE FINISH,JUMBO STORAGE BAG SUKI,JUMBO BAG PINK POLKADOT,JUMBO BAG RED RETROSPOT,WOOD S/3 CABINET ANT WHITE FINISH
14984,WOODEN PICTURE FRAME WHITE FINISH,REGENCY CAKESTAND 3 TIER,ASSORTED COLOUR BIRD ORNAMENT,PAPER CHAIN KIT 50'S CHRISTMAS ,BAKING SET 9 PIECE RETROSPOT 
14985,JUMBO BAG PINK POLKADOT,JUMBO BAG RED RETROSPOT,PACK OF 60 DINOSAUR CAKE CASES,72 SWEETHEART FAIRY CAKE CASES,PACK OF 60 PINK PAISLEY CAKE CASES
14986,PAPER CHAIN KIT 50'S CHRISTMAS ,REGENCY CAKESTAND 3 TIER,ASSORTED COLOUR BIRD ORNAMENT,PARTY BUNTING,VINTAGE UNION JACK BUNTING
14987,REGENCY CAKESTAND 3 TIER,"PAPER CRAFT , LITTLE BIRDIE",JUMBO BAG RED WHITE SPOTTY ,ASSORTED COLOUR BIRD ORNAMENT,MEDIUM CERAMIC TOP STORAGE JAR
14988,WHITE HANGING HEART T-LIGHT HOLDER,JUMBO STORAGE BAG SUKI,JUMBO BAG PINK POLKADOT,JUMBO BAG RED RETROSPOT,PICNIC BASKET WICKER SMALL
14989,60 TEATIME FAIRY CAKE CASES,PACK OF 72 RETROSPOT CAKE CASES,WHITE HANGING HEART T-LIGHT HOLDER,REGENCY CAKESTAND 3 TIER,ASSORTED COLOUR BIRD ORNAMENT
14990,WOODEN FRAME ANTIQUE WHITE ,WHITE HANGING HEART T-LIGHT HOLDER,GIN + TONIC DIET METAL SIGN,REGENCY CAKESTAND 3 TIER,ASSORTED COLOUR BIRD ORNAMENT
14991,PAPER CHAIN KIT VINTAGE CHRISTMAS,WHITE HANGING HEART T-LIGHT HOLDER,REGENCY CAKESTAND 3 TIER,ASSORTED COLOUR BIRD ORNAMENT,PARTY BUNTING
14992,HAND WARMER BIRD DESIGN,WHITE HANGING HEART T-LIGHT HOLDER,REGENCY CAKESTAND 3 TIER,ASSORTED COLOUR BIRD ORNAMENT,PARTY BUNTING
14993,WHITE HANGING HEART T-LIGHT HOLDER,REGENCY CAKESTAND 3 TIER,ASSORTED COLOUR BIRD ORNAMENT,PARTY BUNTING,VINTAGE UNION JACK BUNTING
14994,JUMBO BAG RED RETROSPOT,LUNCH BAG SUKI  DESIGN ,JUMBO BAG PINK POLKADOT,LUNCH BAG CARS BLUE,LUNCH BAG SPACEBOY DESIGN 
14995,JUMBO BAG PINK POLKADOT,JUMBO BAG RED RETROSPOT,JUMBO BAG STRAWBERRY,LUNCH BAG SUKI  DESIGN ,HEART OF WICKER SMALL
14996,WHITE HANGING HEART T-LIGHT HOLDER,LUNCH BAG WOODLAND,LUNCH BAG PINK POLKADOT,LUNCH BAG SUKI  DESIGN ,LUNCH BAG SPACEBOY DESIGN 
14997,SWEETHEART CERAMIC TRINKET BOX,HEART OF WICKER LARGE,WHITE HANGING HEART T-LIGHT HOLDER,REGENCY CAKESTAND 3 TIER,ASSORTED COLOUR BIRD ORNAMENT
14998,JUMBO BAG PINK POLKADOT,JUMBO STORAGE BAG SUKI,JUMBO BAG RED RETROSPOT,PICNIC BASKET WICKER SMALL,PARTY BUNTING
14999,WHITE HANGING HEART T-LIGHT HOLDER,REGENCY CAKESTAND 3 TIER,ASSORTED COLOUR BIRD ORNAMENT,PARTY BUNTING,VINTAGE UNION JACK BUNTING
15000,WHITE HANGING HEART T-LIGHT HOLDER,REGENCY CAKESTAND 3 TIER,PAPER CHAIN KIT 50'S CHRISTMAS ,METAL SIGN TAKE IT OR LEAVE IT ,RABBIT NIGHT LIGHT
15001,JUMBO BAG STRAWBERRY,JUMBO  BAG BAROQUE BLACK WHITE,JUMBO BAG PINK POLKADOT,JUMBO SHOPPER VINTAGE RED PAISLEY,JUMBO BAG RED RETROSPOT
15002,PACK OF 72 RETROSPOT CAKE CASES,LUNCH BAG PINK POLKADOT,LUNCH BAG WOODLAND,LUNCH BAG SUKI  DESIGN ,LUNCH BAG CARS BLUE
15003,JUMBO BAG RED RETROSPOT,PACK OF 72 RETROSPOT CAKE CASES,LUNCH BAG SUKI  DESIGN ,JUMBO BAG PINK POLKADOT,LUNCH BAG SPACEBOY DESIGN 
15004,PINK REGENCY TEACUP AND SAUCER,LOVE BUILDING BLOCK WORD,WHITE HANGING HEART T-LIGHT HOLDER,GIN + TONIC DIET METAL SIGN,ASSORTED COLOUR BIRD ORNAMENT
15005,JUMBO BAG RED RETROSPOT,LUNCH BAG SUKI  DESIGN ,JUMBO BAG PINK POLKADOT,LUNCH BAG PINK POLKADOT,LUNCH BAG SPACEBOY DESIGN 
15006,JUMBO BAG RED RETROSPOT,JUMBO BAG PINK POLKADOT,JUMBO STORAGE BAG SUKI,JUMBO BAG SCANDINAVIAN PAISLEY,REGENCY CAKESTAND 3 TIER
15007,HEART OF WICKER LARGE,WHITE HANGING HEART T-LIGHT HOLDER,REGENCY CAKESTAND 3 TIER,ASSORTED COLOUR BIRD ORNAMENT,PARTY BUNTING
15008,WHITE HANGING HEART T-LIGHT HOLDER,REGENCY CAKESTAND 3 TIER,ASSORTED COLOUR BIRD ORNAMENT,PARTY BUNTING,VINTAGE UNION JACK BUNTING
15009,JUMBO BAG RED RETROSPOT,60 TEATIME FAIRY CAKE CASES,PACK OF 72 RETROSPOT CAKE CASES,RED RETROSPOT CHARLOTTE BAG,GIN + TONIC DIET METAL SIGN
15010,HOME BUILDING BLOCK WORD,WHITE HANGING HEART T-LIGHT HOLDER,ASSORTED COLOUR BIRD ORNAMENT,PAPER CHAIN KIT 50'S CHRISTMAS ,BAKING SET 9 PIECE RETROSPOT 
15011,WHITE HANGING HEART T-LIGHT HOLDER,REGENCY CAKESTAND 3 TIER,ASSORTED COLOUR BIRD ORNAMENT,PARTY BUNTING,VINTAGE UNION JACK BUNTING
15012,LUNCH BAG SUKI  DESIGN ,ALARM CLOCK BAKELIKE RED ,LUNCH BAG PINK POLKADOT,LUNCH BAG WOODLAND,LUNCH BAG CARS BLUE
15013,PACK OF 72 RETROSPOT CAKE CASES,LUNCH BAG PINK POLKADOT,LUNCH BAG WOODLAND,LUNCH BAG SUKI  DESIGN ,LUNCH BAG SPACEBOY DESIGN 
15014,REGENCY CAKESTAND 3 TIER,WHITE HANGING HEART T-LIGHT HOLDER,ASSORTED COLOUR BIRD ORNAMENT,METAL SIGN TAKE IT OR LEAVE IT ,RABBIT NIGHT LIGHT
15015,PACK OF 72 RETROSPOT CAKE CASES,LUNCH BAG SPACEBOY DESIGN ,LUNCH BAG PINK POLKADOT,LUNCH BAG SUKI  DESIGN ,LUNCH BAG RED RETROSPOT
15016,WOOD 2 DRAWER CABINET WHITE FINISH,HOME BUILDING BLOCK WORD,BATHROOM METAL SIGN,HEART OF WICKER LARGE,JUMBO BAG RED WHITE SPOTTY 
15017,REGENCY CAKESTAND 3 TIER,WHITE HANGING HEART T-LIGHT HOLDER,ASSORTED COLOUR BIRD ORNAMENT,PAPER CHAIN KIT 50'S CHRISTMAS ,BAKING SET 9 PIECE RETROSPOT 
15018,PINK REGENCY TEACUP AND SAUCER,GREEN REGENCY TEACUP AND SAUCER,WHITE HANGING HEART T-LIGHT HOLDER,ASSORTED COLOUR BIRD ORNAMENT,PAPER CHAIN KIT 50'S CHRISTMAS 
15019,JUMBO BAG RED RETROSPOT,JUMBO BAG PINK POLKADOT,JUMBO BAG STRAWBERRY,JUMBO  BAG BAROQUE BLACK WHITE,LUNCH BAG SUKI  DESIGN 
15020,HOT WATER BOTTLE TEA AND SYMPATHY,WHITE HANGING HEART T-LIGHT HOLDER,REGENCY CAKESTAND 3 TIER,ASSORTED COLOUR BIRD ORNAMENT,PARTY BUNTING
15021,LUNCH BAG SUKI  DESIGN ,JUMBO BAG RED RETROSPOT,LUNCH BAG PINK POLKADOT,LUNCH BAG SPACEBOY DESIGN ,LUNCH BAG RED RETROSPOT
15022,HEART OF WICKER SMALL,REGENCY CAKESTAND 3 TIER,ASSORTED COLOUR BIRD ORNAMENT,PAPER CHAIN KIT 50'S CHRISTMAS ,METAL SIGN TAKE IT OR LEAVE IT 
15023,JUMBO BAG RED RETROSPOT,LUNCH BAG SUKI  DESIGN ,JUMBO BAG PINK POLKADOT,PACK OF 72 RETROSPOT CAKE CASES,LUNCH BAG PINK POLKADOT
15024,VINTAGE HEADS AND TAILS CARD GAME ,"PAPER CRAFT , LITTLE BIRDIE",JUMBO BAG RED WHITE SPOTTY ,MEDIUM CERAMIC TOP STORAGE JAR,PARTY BUNTING
15025,HOT WATER BOTTLE TEA AND SYMPATHY,RED RETROSPOT CHARLOTTE BAG,JUMBO BAG PINK POLKADOT,JUMBO STORAGE BAG SUKI,JUMBO BAG RED RETROSPOT
15026,WHITE HANGING HEART T-LIGHT HOLDER,LUNCH BAG PINK POLKADOT,LUNCH BAG WOODLAND,LUNCH BAG SUKI  DESIGN ,LUNCH BAG CARS BLUE
15027,PINK REGENCY TEACUP AND SAUCER,LUNCH BAG WOODLAND,LUNCH BAG PINK POLKADOT,LUNCH BAG SUKI  DESIGN ,LUNCH BAG SPACEBOY DESIGN 
15028,SWEETHEART CERAMIC TRINKET BOX,PACK OF 60 DINOSAUR CAKE CASES,72 SWEETHEART FAIRY CAKE CASES,PACK OF 60 PINK PAISLEY CAKE CASES,PACK OF 72 RETROSPOT CAKE CASES
15029,LUNCH BAG CARS BLUE,LUNCH BAG SPACEBOY DESIGN ,LUNCH BAG PINK POLKADOT,LUNCH BAG SUKI  DESIGN ,LUNCH BAG  BLACK SKULL.
15030,WHITE HANGING HEART T-LIGHT HOLDER,PICNIC BASKET WICKER SMALL,REGENCY CAKESTAND 3 TIER,PARTY BUNTING,JUMBO BAG RED WHITE SPOTTY 
15031,WOODEN PICTURE FRAME WHITE FINISH,JUMBO STORAGE BAG SUKI,JUMBO BAG PINK POLKADOT,JUMBO BAG RED RETROSPOT,60 TEATIME FAIRY CAKE CASES
15032,JUMBO BAG RED RETROSPOT,LUNCH BAG SUKI  DESIGN ,JUMBO BAG PINK POLKADOT,LUNCH BAG PINK POLKADOT,LUNCH BAG SPACEBOY DESIGN 
15033,LUNCH BAG PINK POLKADOT,LUNCH BAG SUKI  DESIGN ,LUNCH BAG SPACEBOY DESIGN ,LUNCH BAG RED RETROSPOT,WHITE HANGING HEART T-LIGHT HOLDER
15034,PACK OF 72 RETROSPOT CAKE CASES,LUNCH BAG PINK POLKADOT,LUNCH BAG SUKI  DESIGN ,LUNCH BAG SPACEBOY DESIGN ,LUNCH BAG RED RETROSPOT
15035,REGENCY CAKESTAND 3 TIER,ASSORTED COLOUR BIRD ORNAMENT,PARTY BUNTING,VINTAGE UNION JACK BUNTING,BAKING SET 9 PIECE RETROSPOT 
15036,SWEETHEART CERAMIC TRINKET BOX,PACK OF 72 RETROSPOT CAKE CASES,HAND WARMER SCOTTY DOG DESIGN,HAND WARMER BIRD DESIGN,TOILET METAL SIGN
15037,LUNCH BAG PINK POLKADOT,LUNCH BAG WOODLAND,LUNCH BAG SUKI  DESIGN ,LUNCH BAG CARS BLUE,LUNCH BAG SPACEBOY DESIGN 
15038,SWEETHEART CERAMIC TRINKET BOX,HOT WATER BOTTLE TEA AND SYMPATHY,PICNIC BASKET WICKER SMALL,REGENCY CAKESTAND 3 TIER,ASSORTED COLOUR BIRD ORNAMENT
15039,JUMBO BAG RED RETROSPOT,PACK OF 72 RETROSPOT CAKE CASES,LUNCH BAG SUKI  DESIGN ,JUMBO BAG PINK POLKADOT,LUNCH BAG PINK POLKADOT
15040,WHITE HANGING HEART T-LIGHT HOLDER,REGENCY CAKESTAND 3 TIER,ASSORTED COLOUR BIRD ORNAMENT,PARTY BUNTING,VINTAGE UNION JACK BUNTING
15041,WHITE HANGING HEART T-LIGHT HOLDER,REGENCY CAKESTAND 3 TIER,ASSORTED COLOUR BIRD ORNAMENT,PARTY BUNTING,VINTAGE UNION JACK BUNTING
15042,WHITE HANGING HEART T-LIGHT HOLDER,REGENCY CAKESTAND 3 TIER,PARTY BUNTING,VINTAGE UNION JACK BUNTING,BAKING SET 9 PIECE RETROSPOT 
15043,JUMBO BAG RED RETROSPOT,JUMBO BAG PINK POLKADOT,JUMBO  BAG BAROQUE BLACK WHITE,JUMBO SHOPPER VINTAGE RED PAISLEY,LUNCH BAG SUKI  DESIGN 
15044,HAND WARMER OWL DESIGN,JUMBO BAG RED RETROSPOT,JUMBO BAG PINK POLKADOT,JUMBO STORAGE BAG SUKI,HEART OF WICKER SMALL
15045,WHITE HANGING HEART T-LIGHT HOLDER,ASSORTED COLOUR BIRD ORNAMENT,PARTY BUNTING,VINTAGE UNION JACK BUNTING,BAKING SET 9 PIECE RETROSPOT 
15046,PACK OF 72 RETROSPOT CAKE CASES,PACK OF 60 PINK PAISLEY CAKE CASES,HOME BUILDING BLOCK WORD,HEART OF WICKER LARGE,REGENCY CAKESTAND 3 TIER
15047,WHITE HANGING HEART T-LIGHT HOLDER,REGENCY CAKESTAND 3 TIER,ASSORTED COLOUR BIRD ORNAMENT,PARTY BUNTING,VINTAGE UNION JACK BUNTING
15048,PAPER CHAIN KIT VINTAGE CHRISTMAS,PINK REGENCY TEACUP AND SAUCER,GREEN REGENCY TEACUP AND SAUCER,REGENCY CAKESTAND 3 TIER,JUMBO BAG PINK POLKADOT
15049,WHITE HANGING HEART T-LIGHT HOLDER,REGENCY CAKESTAND 3 TIER,ASSORTED COLOUR BIRD ORNAMENT,PARTY BUNTING,VINTAGE UNION JACK BUNTING
15050,REGENCY CAKESTAND 3 TIER,"PAPER CRAFT , LITTLE BIRDIE",JUMBO BAG RED WHITE SPOTTY ,MEDIUM CERAMIC TOP STORAGE JAR,PARTY BUNTING
15051,PAPER CHAIN KIT 50'S CHRISTMAS ,VINTAGE HEADS AND TAILS CARD GAME ,REGENCY CAKESTAND 3 TIER,"PAPER CRAFT , LITTLE BIRDIE",JUMBO BAG RED WHITE SPOTTY 
15052,REGENCY CAKESTAND 3 TIER,ASSORTED COLOUR BIRD ORNAMENT,PARTY BUNTING,VINTAGE UNION JACK BUNTING,BAKING SET 9 PIECE RETROSPOT 
15053,LUNCH BAG CARS BLUE,LUNCH BAG SPACEBOY DESIGN ,LUNCH BAG PINK POLKADOT,LUNCH BAG SUKI  DESIGN ,LUNCH BAG RED RETROSPOT
15054,HAND WARMER OWL DESIGN,REGENCY CAKESTAND 3 TIER,WHITE HANGING HEART T-LIGHT HOLDER,ASSORTED COLOUR BIRD ORNAMENT,PAPER CHAIN KIT 50'S CHRISTMAS 
15055,JUMBO BAG RED RETROSPOT,JUMBO BAG PINK POLKADOT,PAPER CHAIN KIT VINTAGE CHRISTMAS,JUMBO  BAG BAROQUE BLACK WHITE,JUMBO SHOPPER VINTAGE RED PAISLEY
15056,WHITE HANGING HEART T-LIGHT HOLDER,REGENCY CAKESTAND 3 TIER,ASSORTED COLOUR BIRD ORNAMENT,PARTY BUNTING,VINTAGE UNION JACK BUNTING
15057,WHITE HANGING HEART T-LIGHT HOLDER,HOT WATER BOTTLE TEA AND SYMPATHY,PINK BLUE FELT CRAFT TRINKET BOX,PICNIC BASKET WICKER SMALL,REGENCY CAKESTAND 3 TIER
15058,JUMBO BAG RED RETROSPOT,JUMBO STORAGE BAG SUKI,JUMBO BAG PINK POLKADOT,LUNCH BAG PINK POLKADOT,LUNCH BAG WOODLAND
15059,WHITE HANGING HEART T-LIGHT HOLDER,ALARM CLOCK BAKELIKE RED ,PINK REGENCY TEACUP AND SAUCER,GREEN REGENCY TEACUP AND SAUCER,JUMBO BAG STRAWBERRY
15060,PINK REGENCY TEACUP AND SAUCER,ROSES REGENCY TEACUP AND SAUCER ,REGENCY CAKESTAND 3 TIER,WHITE HANGING HEART T-LIGHT HOLDER,ASSORTED COLOUR BIRD ORNAMENT
15061,PAPER CHAIN KIT VINTAGE CHRISTMAS,WHITE HANGING HEART T-LIGHT HOLDER,"PAPER CRAFT , LITTLE BIRDIE",MEDIUM CERAMIC TOP STORAGE JAR,PARTY BUNTING
15062,JUMBO BAG PINK POLKADOT,JUMBO BAG RED RETROSPOT,JUMBO BAG STRAWBERRY,JUMBO SHOPPER VINTAGE RED PAISLEY,LUNCH BAG SUKI  DESIGN 
15063,WHITE HANGING HEART T-LIGHT HOLDER,ASSORTED COLOUR BIRD ORNAMENT,PARTY BUNTING,VINTAGE UNION JACK BUNTING,BAKING SET 9 PIECE RETROSPOT 
15064,JUMBO STORAGE BAG SUKI,JUMBO BAG PINK POLKADOT,JUMBO BAG RED RETROSPOT,VINTAGE HEADS AND TAILS CARD GAME ,PINK BLUE FELT CRAFT TRINKET BOX
15065,HAND WARMER OWL DESIGN,WOOD 2 DRAWER CABINET WHITE FINISH,PAPER CHAIN KIT VINTAGE CHRISTMAS,HOME BUILDING BLOCK WORD,WHITE HANGING HEART T-LIGHT HOLDER
15066,LOVE BUILDING BLOCK WORD,WHITE HANGING HEART T-LIGHT HOLDER,PAPER CHAIN KIT 50'S CHRISTMAS ,BAKING SET 9 PIECE RETROSPOT ,METAL SIGN TAKE IT OR LEAVE IT 
15067,PACK OF 72 RETROSPOT CAKE CASES,LUNCH BAG WOODLAND,LUNCH BAG PINK POLKADOT,LUNCH BAG SUKI  DESIGN ,LUNCH BAG SPACEBOY DESIGN 
15068,PAPER CHAIN KIT VINTAGE CHRISTMAS,PINK CREAM FELT CRAFT TRINKET BOX ,VINTAGE HEADS AND TAILS CARD GAME ,WHITE HANGING HEART T-LIGHT HOLDER,ASSORTED COLOUR BIRD ORNAMENT
15069,WHITE HANGING HEART T-LIGHT HOLDER,ASSORTED COLOUR BIRD ORNAMENT,PARTY BUNTING,VINTAGE UNION JACK BUNTING,BAKING SET 9 PIECE RETROSPOT 
15070,PAPER CHAIN KIT VINTAGE CHRISTMAS,WHITE HANGING HEART T-LIGHT HOLDER,PICNIC BASKET WICKER SMALL,REGENCY CAKESTAND 3 TIER,PARTY BUNTING
15071,PINK REGENCY TEACUP AND SAUCER,GREEN REGENCY TEACUP AND SAUCER,REGENCY CAKESTAND 3 TIER,HEART OF WICKER LARGE,WHITE HANGING HEART T-LIGHT HOLDER
15072,WHITE HANGING HEART T-LIGHT HOLDER,REGENCY CAKESTAND 3 TIER,PARTY BUNTING,VINTAGE UNION JACK BUNTING,GRAND CHOCOLATECANDLE
15073,WHITE HANGING HEART T-LIGHT HOLDER,LOVE BUILDING BLOCK WORD,HEART OF WICKER LARGE,"PAPER CRAFT , LITTLE BIRDIE",JUMBO BAG RED WHITE SPOTTY 
15074,LUNCH BAG PINK POLKADOT,LUNCH BAG SUKI  DESIGN ,LUNCH BAG SPACEBOY DESIGN ,LUNCH BAG  BLACK SKULL.,LUNCH BAG RED RETROSPOT
15075,PAPER CHAIN KIT 50'S CHRISTMAS ,REGENCY CAKESTAND 3 TIER,WHITE HANGING HEART T-LIGHT HOLDER,ASSORTED COLOUR BIRD ORNAMENT,BAKING SET 9 PIECE RETROSPOT 
15076,RED RETROSPOT CHARLOTTE BAG,SWEETHEART CERAMIC TRINKET BOX,PACK OF 60 DINOSAUR CAKE CASES,72 SWEETHEART FAIRY CAKE CASES,PACK OF 60 PINK PAISLEY CAKE CASES
15077,SWEETHEART CERAMIC TRINKET BOX,CHOCOLATE HOT WATER BOTTLE,WHITE HANGING HEART T-LIGHT HOLDER,PICNIC BASKET WICKER SMALL,REGENCY CAKESTAND 3 TIER
15078,JUMBO BAG RED RETROSPOT,JUMBO BAG PINK POLKADOT,PACK OF 60 DINOSAUR CAKE CASES,72 SWEETHEART FAIRY CAKE CASES,PACK OF 60 PINK PAISLEY CAKE CASES
15079,JUMBO BAG PINK POLKADOT,JUMBO BAG RED RETROSPOT,SWEETHEART CERAMIC TRINKET BOX,PACK OF 60 DINOSAUR CAKE CASES,72 SWEETHEART FAIRY CAKE CASES
15080,PAPER CHAIN KIT 50'S CHRISTMAS ,VINTAGE HEADS AND TAILS CARD GAME ,WHITE HANGING HEART T-LIGHT HOLDER,REGENCY CAKESTAND 3 TIER,ASSORTED COLOUR BIRD ORNAMENT
15081,WOOD S/3 CABINET ANT WHITE FINISH,VINTAGE HEADS AND TAILS CARD GAME ,HOME BUILDING BLOCK WORD,REGENCY CAKESTAND 3 TIER,"PAPER CRAFT , LITTLE BIRDIE"
15082,WHITE HANGING HEART T-LIGHT HOLDER,REGENCY CAKESTAND 3 TIER,ASSORTED COLOUR BIRD ORNAMENT,PARTY BUNTING,VINTAGE UNION JACK BUNTING
15083,WHITE HANGING HEART T-LIGHT HOLDER,REGENCY CAKESTAND 3 TIER,ASSORTED COLOUR BIRD ORNAMENT,PARTY BUNTING,VINTAGE UNION JACK BUNTING
15084,PACK OF 72 RETROSPOT CAKE CASES,WHITE HANGING HEART T-LIGHT HOLDER,ASSORTED COLOUR BIRD ORNAMENT,PARTY BUNTING,VINTAGE UNION JACK BUNTING
15085,SWEETHEART CERAMIC TRINKET BOX,WHITE HANGING HEART T-LIGHT HOLDER,REGENCY CAKESTAND 3 TIER,ASSORTED COLOUR BIRD ORNAMENT,PARTY BUNTING
15086,HEART OF WICKER SMALL,WHITE HANGING HEART T-LIGHT HOLDER,REGENCY CAKESTAND 3 TIER,ASSORTED COLOUR BIRD ORNAMENT,PARTY BUNTING
15087,PACK OF 60 DINOSAUR CAKE CASES,72 SWEETHEART FAIRY CAKE CASES,PACK OF 60 PINK PAISLEY CAKE CASES,PACK OF 72 RETROSPOT CAKE CASES,WHITE HANGING HEART T-LIGHT HOLDER
15088,CHOCOLATE HOT WATER BOTTLE,LOVE BUILDING BLOCK WORD,WHITE HANGING HEART T-LIGHT HOLDER,ASSORTED COLOUR BIRD ORNAMENT,BAKING SET 9 PIECE RETROSPOT 
15089,LOVE BUILDING BLOCK WORD,STRAWBERRY CERAMIC TRINKET BOX,PINK REGENCY TEACUP AND SAUCER,ROSES REGENCY TEACUP AND SAUCER ,LUNCH BAG WOODLAND
15090,JUMBO BAG PINK POLKADOT,JUMBO STORAGE BAG SUKI,JUMBO BAG RED RETROSPOT,WHITE HANGING HEART T-LIGHT HOLDER,REGENCY CAKESTAND 3 TIER
15091,SWEETHEART CERAMIC TRINKET BOX,VINTAGE HEADS AND TAILS CARD GAME ,JUMBO BAG PINK POLKADOT,JUMBO STORAGE BAG SUKI,JUMBO BAG RED RETROSPOT
15092,WHITE HANGING HEART T-LIGHT HOLDER,REGENCY CAKESTAND 3 TIER,JUMBO BAG RED WHITE SPOTTY ,ASSORTED COLOUR BIRD ORNAMENT,FAIRY CAKE FLANNEL ASSORTED COLOUR
15093,LOVE BUILDING BLOCK WORD,WHITE HANGING HEART T-LIGHT HOLDER,"PAPER CRAFT , LITTLE BIRDIE",JUMBO BAG RED WHITE SPOTTY ,MEDIUM CERAMIC TOP STORAGE JAR
15094,WOODEN PICTURE FRAME WHITE FINISH,WHITE HANGING HEART T-LIGHT HOLDER,REGENCY CAKESTAND 3 TIER,ASSORTED COLOUR BIRD ORNAMENT,PARTY BUNTING
15095,STRAWBERRY CERAMIC TRINKET BOX,PACK OF 60 DINOSAUR CAKE CASES,72 SWEETHEART FAIRY CAKE CASES,PACK OF 60 PINK PAISLEY CAKE CASES,PACK OF 72 RETROSPOT CAKE CASES
15096,REGENCY CAKESTAND 3 TIER,WHITE HANGING HEART T-LIGHT HOLDER,ASSORTED COLOUR BIRD ORNAMENT,BAKING SET 9 PIECE RETROSPOT ,METAL SIGN TAKE IT OR LEAVE IT 
15097,WHITE HANGING HEART T-LIGHT HOLDER,WOODEN PICTURE FRAME WHITE FINISH,HEART OF WICKER SMALL,ASSORTED COLOUR BIRD ORNAMENT,PAPER CHAIN KIT 50'S CHRISTMAS 
15098,WHITE HANGING HEART T-LIGHT HOLDER,REGENCY CAKESTAND 3 TIER,PARTY BUNTING,JUMBO BAG RED WHITE SPOTTY ,ASSORTED COLOUR BIRD ORNAMENT
15099,GIN + TONIC DIET METAL SIGN,WOODEN PICTURE FRAME WHITE FINISH,HEART OF WICKER SMALL,REGENCY CAKESTAND 3 TIER,ASSORTED COLOUR BIRD ORNAMENT
15100,WHITE HANGING HEART T-LIGHT HOLDER,PICNIC BASKET WICKER SMALL,REGENCY CAKESTAND 3 TIER,PARTY BUNTING,JUMBO BAG RED WHITE SPOTTY 
15101,REGENCY CAKESTAND 3 TIER,WHITE HANGING HEART T-LIGHT HOLDER,ASSORTED COLOUR BIRD ORNAMENT,PAPER CHAIN KIT 50'S CHRISTMAS ,BAKING SET 9 PIECE RETROSPOT 
15102,WOOD 2 DRAWER CABINET WHITE FINISH,WHITE HANGING HEART T-LIGHT HOLDER,REGENCY CAKESTAND 3 TIER,ASSORTED COLOUR BIRD ORNAMENT,VINTAGE UNION JACK BUNTING
15103,PAPER CHAIN KIT VINTAGE CHRISTMAS,REGENCY CAKESTAND 3 TIER,WHITE HANGING HEART T-LIGHT HOLDER,ASSORTED COLOUR BIRD ORNAMENT,BAKING SET 9 PIECE RETROSPOT 
15104,PACK OF 72 RETROSPOT CAKE CASES,WHITE HANGING HEART T-LIGHT HOLDER,PACK OF 60 DINOSAUR CAKE CASES,PACK OF 60 PINK PAISLEY CAKE CASES,PICNIC BASKET WICKER SMALL
15105,PAPER CHAIN KIT 50'S CHRISTMAS ,PACK OF 72 RETROSPOT CAKE CASES,REGENCY CAKESTAND 3 TIER,WHITE HANGING HEART T-LIGHT HOLDER,"PAPER CRAFT , LITTLE BIRDIE"
15106,WHITE HANGING HEART T-LIGHT HOLDER,LUNCH BAG SPACEBOY DESIGN ,LUNCH BAG PINK POLKADOT,LUNCH BAG SUKI  DESIGN ,LUNCH BAG  BLACK SKULL.
15107,WOODEN PICTURE FRAME WHITE FINISH,WOOD 2 DRAWER CABINET WHITE FINISH,PICNIC BASKET WICKER SMALL,REGENCY CAKESTAND 3 TIER,PARTY BUNTING
15108,WHITE HANGING HEART T-LIGHT HOLDER,PICNIC BASKET WICKER SMALL,REGENCY CAKESTAND 3 TIER,PARTY BUNTING,JUMBO BAG RED WHITE SPOTTY 
15109,TOILET METAL SIGN,WHITE HANGING HEART T-LIGHT HOLDER,PICNIC BASKET WICKER SMALL,JUMBO BAG RED WHITE SPOTTY ,ASSORTED COLOUR BIRD ORNAMENT
15110,CHOCOLATE HOT WATER BOTTLE,LOVE BUILDING BLOCK WORD,WHITE HANGING HEART T-LIGHT HOLDER,REGENCY CAKESTAND 3 TIER,ASSORTED COLOUR BIRD ORNAMENT
15111,PAPER CHAIN KIT VINTAGE CHRISTMAS,HEART OF WICKER SMALL,WHITE HANGING HEART T-LIGHT HOLDER,PICNIC BASKET WICKER SMALL,REGENCY CAKESTAND 3 TIER
15112,WHITE HANGING HEART T-LIGHT HOLDER,REGENCY CAKESTAND 3 TIER,ASSORTED COLOUR BIRD ORNAMENT,PARTY BUNTING,VINTAGE UNION JACK BUNTING
15113,JUMBO BAG PINK POLKADOT,JUMBO BAG RED RETROSPOT,60 TEATIME FAIRY CAKE CASES,PACK OF 72 RETROSPOT CAKE CASES,JUMBO BAG STRAWBERRY
15114,PACK OF 72 RETROSPOT CAKE CASES,LUNCH BAG CARS BLUE,LUNCH BAG SPACEBOY DESIGN ,LUNCH BAG PINK POLKADOT,LUNCH BAG SUKI  DESIGN 
15115,WHITE HANGING HEART T-LIGHT HOLDER,WOODEN PICTURE FRAME WHITE FINISH,HOME BUILDING BLOCK WORD,REGENCY CAKESTAND 3 TIER,PAPER CHAIN KIT 50'S CHRISTMAS 
15116,REGENCY CAKESTAND 3 TIER,WHITE HANGING HEART T-LIGHT HOLDER,ASSORTED COLOUR BIRD ORNAMENT,PAPER CHAIN KIT 50'S CHRISTMAS ,METAL SIGN TAKE IT OR LEAVE IT 
15117,JUMBO BAG RED RETROSPOT,JUMBO BAG PINK POLKADOT,PACK OF 72 RETROSPOT CAKE CASES,LUNCH BAG SUKI  DESIGN ,60 TEATIME FAIRY CAKE CASES
15118,WHITE HANGING HEART T-LIGHT HOLDER,REGENCY CAKESTAND 3 TIER,ASSORTED COLOUR BIRD ORNAMENT,PARTY BUNTING,VINTAGE UNION JACK BUNTING
15119,60 TEATIME FAIRY CAKE CASES,PACK OF 72 RETROSPOT CAKE CASES,WHITE HANGING HEART T-LIGHT HOLDER,ASSORTED COLOUR BIRD ORNAMENT,PARTY BUNTING
15120,WHITE HANGING HEART T-LIGHT HOLDER,REGENCY CAKESTAND 3 TIER,ASSORTED COLOUR BIRD ORNAMENT,VINTAGE UNION JACK BUNTING,BAKING SET 9 PIECE RETROSPOT 
15121,PINK CREAM FELT CRAFT TRINKET BOX ,REGENCY CAKESTAND 3 TIER,WHITE HANGING HEART T-LIGHT HOLDER,ASSORTED COLOUR BIRD ORNAMENT,PAPER CHAIN KIT 50'S CHRISTMAS 
15122,JUMBO BAG PINK POLKADOT,JUMBO STORAGE BAG SUKI,JUMBO BAG RED RETROSPOT,WOODEN FRAME ANTIQUE WHITE ,PAPER CHAIN KIT VINTAGE CHRISTMAS
15123,PACK OF 72 RETROSPOT CAKE CASES,GREEN REGENCY TEACUP AND SAUCER,LOVE BUILDING BLOCK WORD,WHITE HANGING HEART T-LIGHT HOLDER,72 SWEETHEART FAIRY CAKE CASES
15124,REGENCY CAKESTAND 3 TIER,WHITE HANGING HEART T-LIGHT HOLDER,ASSORTED COLOUR BIRD ORNAMENT,PAPER CHAIN KIT 50'S CHRISTMAS ,BAKING SET 9 PIECE RETROSPOT 
15125,JUMBO BAG RED RETROSPOT,JUMBO STORAGE BAG SUKI,JUMBO BAG PINK POLKADOT,JUMBO BAG PINK VINTAGE PAISLEY,WHITE HANGING HEART T-LIGHT HOLDER
15126,GIN + TONIC DIET METAL SIGN,HOT WATER BOTTLE TEA AND SYMPATHY,WHITE HANGING HEART T-LIGHT HOLDER,REGENCY CAKESTAND 3 TIER,VINTAGE UNION JACK BUNTING
15127,HAND WARMER SCOTTY DOG DESIGN,HAND WARMER BIRD DESIGN,HOT WATER BOTTLE TEA AND SYMPATHY,REGENCY CAKESTAND 3 TIER,WHITE HANGING HEART T-LIGHT HOLDER
15128,SWEETHEART CERAMIC TRINKET BOX,GIN + TONIC DIET METAL SIGN,ALARM CLOCK BAKELIKE GREEN,RED RETROSPOT CHARLOTTE BAG,VINTAGE HEADS AND TAILS CARD GAME 
15129,HOT WATER BOTTLE TEA AND SYMPATHY,REGENCY CAKESTAND 3 TIER,"PAPER CRAFT , LITTLE BIRDIE",JUMBO BAG RED WHITE SPOTTY ,ASSORTED COLOUR BIRD ORNAMENT
15130,WHITE HANGING HEART T-LIGHT HOLDER,REGENCY CAKESTAND 3 TIER,ASSORTED COLOUR BIRD ORNAMENT,PARTY BUNTING,VINTAGE UNION JACK BUNTING
15131,WHITE HANGING HEART T-LIGHT HOLDER,REGENCY CAKESTAND 3 TIER,ASSORTED COLOUR BIRD ORNAMENT,PARTY BUNTING,VINTAGE UNION JACK BUNTING
15132,LUNCH BAG PINK POLKADOT,LUNCH BAG SUKI  DESIGN ,LUNCH BAG SPACEBOY DESIGN ,LUNCH BAG  BLACK SKULL.,LUNCH BAG RED RETROSPOT
15133,ALARM CLOCK BAKELIKE GREEN,JUMBO BAG RED RETROSPOT,PAPER CHAIN KIT VINTAGE CHRISTMAS,WHITE HANGING HEART T-LIGHT HOLDER,PICNIC BASKET WICKER SMALL
15134,HEART OF WICKER LARGE,REGENCY CAKESTAND 3 TIER,"PAPER CRAFT , LITTLE BIRDIE",JUMBO BAG RED WHITE SPOTTY ,ASSORTED COLOUR BIRD ORNAMENT
15135,WHITE HANGING HEART T-LIGHT HOLDER,REGENCY CAKESTAND 3 TIER,ASSORTED COLOUR BIRD ORNAMENT,PARTY BUNTING,VINTAGE UNION JACK BUNTING
15136,60 TEATIME FAIRY CAKE CASES,PACK OF 72 RETROSPOT CAKE CASES,HAND WARMER BIRD DESIGN,PAPER CHAIN KIT VINTAGE CHRISTMAS,REGENCY CAKESTAND 3 TIER
15137,60 TEATIME FAIRY CAKE CASES,PACK OF 72 RETROSPOT CAKE CASES,WHITE HANGING HEART T-LIGHT HOLDER,REGENCY CAKESTAND 3 TIER,ASSORTED COLOUR BIRD ORNAMENT
15138,WOODEN FRAME ANTIQUE WHITE ,REGENCY CAKESTAND 3 TIER,ASSORTED COLOUR BIRD ORNAMENT,PARTY BUNTING,VINTAGE UNION JACK BUNTING
15139,60 TEATIME FAIRY CAKE CASES,PACK OF 72 RETROSPOT CAKE CASES,WHITE HANGING HEART T-LIGHT HOLDER,REGENCY CAKESTAND 3 TIER,ASSORTED COLOUR BIRD ORNAMENT
15140,PAPER CHAIN KIT VINTAGE CHRISTMAS,WHITE HANGING HEART T-LIGHT HOLDER,PICNIC BASKET WICKER SMALL,REGENCY CAKESTAND 3 TIER,PARTY BUNTING
15141,VINTAGE HEADS AND TAILS CARD GAME ,HOT WATER BOTTLE TEA AND SYMPATHY,WHITE HANGING HEART T-LIGHT HOLDER,PICNIC BASKET WICKER SMALL,REGENCY CAKESTAND 3 TIER
15142,PACK OF 60 DINOSAUR CAKE CASES,72 SWEETHEART FAIRY CAKE CASES,PACK OF 60 PINK PAISLEY CAKE CASES,PACK OF 72 RETROSPOT CAKE CASES,PINK BLUE FELT CRAFT TRINKET BOX
15143,60 TEATIME FAIRY CAKE CASES,PACK OF 72 RETROSPOT CAKE CASES,PINK REGENCY TEACUP AND SAUCER,GREEN REGENCY TEACUP AND SAUCER,WHITE HANGING HEART T-LIGHT HOLDER
15144,LUNCH BAG SUKI  DESIGN ,PACK OF 72 RETROSPOT CAKE CASES,LUNCH BAG SPACEBOY DESIGN ,LUNCH BAG PINK POLKADOT,LUNCH BAG RED RETROSPOT
15145,PAPER CHAIN KIT 50'S CHRISTMAS ,SWEETHEART CERAMIC TRINKET BOX,PACK OF 72 RETROSPOT CAKE CASES,REGENCY CAKESTAND 3 TIER,WHITE HANGING HEART T-LIGHT HOLDER
15146,WHITE HANGING HEART T-LIGHT HOLDER,PICNIC BASKET WICKER SMALL,REGENCY CAKESTAND 3 TIER,PARTY BUNTING,JUMBO BAG RED WHITE SPOTTY 
15147,60 TEATIME FAIRY CAKE CASES,PACK OF 72 RETROSPOT CAKE CASES,WHITE HANGING HEART T-LIGHT HOLDER,REGENCY CAKESTAND 3 TIER,ASSORTED COLOUR BIRD ORNAMENT
15148,REGENCY CAKESTAND 3 TIER,WHITE HANGING HEART T-LIGHT HOLDER,ASSORTED COLOUR BIRD ORNAMENT,PAPER CHAIN KIT 50'S CHRISTMAS ,BAKING SET 9 PIECE RETROSPOT 
15149,60 TEATIME FAIRY CAKE CASES,PACK OF 72 RETROSPOT CAKE CASES,SWEETHEART CERAMIC TRINKET BOX,PICNIC BASKET WICKER SMALL,JUMBO BAG RED WHITE SPOTTY 
15150,WHITE HANGING HEART T-LIGHT HOLDER,60 TEATIME FAIRY CAKE CASES,PACK OF 72 RETROSPOT CAKE CASES,PINK REGENCY TEACUP AND SAUCER,HAND WARMER OWL DESIGN
15151,PAPER CHAIN KIT 50'S CHRISTMAS ,WHITE HANGING HEART T-LIGHT HOLDER,VINTAGE HEADS AND TAILS CARD GAME ,REGENCY CAKESTAND 3 TIER,PARTY BUNTING
15152,WHITE HANGING HEART T-LIGHT HOLDER,PACK OF 72 RETROSPOT CAKE CASES,JUMBO BAG RED RETROSPOT,60 TEATIME FAIRY CAKE CASES,WOOD 2 DRAWER CABINET WHITE FINISH
15153,HEART OF WICKER LARGE,WHITE HANGING HEART T-LIGHT HOLDER,REGENCY CAKESTAND 3 TIER,ASSORTED COLOUR BIRD ORNAMENT,PAPER CHAIN KIT 50'S CHRISTMAS 
15154,60 TEATIME FAIRY CAKE CASES,PACK OF 72 RETROSPOT CAKE CASES,JUMBO BAG PINK POLKADOT,JUMBO BAG RED RETROSPOT,ALARM CLOCK BAKELIKE RED 
15155,ALARM CLOCK BAKELIKE GREEN,WHITE HANGING HEART T-LIGHT HOLDER,REGENCY CAKESTAND 3 TIER,ASSORTED COLOUR BIRD ORNAMENT,PARTY BUNTING
15156,REGENCY CAKESTAND 3 TIER,WHITE HANGING HEART T-LIGHT HOLDER,ASSORTED COLOUR BIRD ORNAMENT,PAPER CHAIN KIT 50'S CHRISTMAS ,BAKING SET 9 PIECE RETROSPOT 
15157,REGENCY CAKESTAND 3 TIER,WHITE HANGING HEART T-LIGHT HOLDER,ASSORTED COLOUR BIRD ORNAMENT,PAPER CHAIN KIT 50'S CHRISTMAS ,BAKING SET 9 PIECE RETROSPOT 
15158,HAND WARMER OWL DESIGN,REGENCY CAKESTAND 3 TIER,WHITE HANGING HEART T-LIGHT HOLDER,ASSORTED COLOUR BIRD ORNAMENT,PAPER CHAIN KIT 50'S CHRISTMAS 
15159,PACK OF 72 RETROSPOT CAKE CASES,WHITE HANGING HEART T-LIGHT HOLDER,LUNCH BAG CARS BLUE,LUNCH BAG SPACEBOY DESIGN ,LUNCH BAG PINK POLKADOT
15160,WHITE HANGING HEART T-LIGHT HOLDER,PICNIC BASKET WICKER SMALL,REGENCY CAKESTAND 3 TIER,PARTY BUNTING,JUMBO BAG RED WHITE SPOTTY 
15161,REGENCY CAKESTAND 3 TIER,ASSORTED COLOUR BIRD ORNAMENT,PARTY BUNTING,VINTAGE UNION JACK BUNTING,BAKING SET 9 PIECE RETROSPOT 
15162,WHITE HANGING HEART T-LIGHT HOLDER,REGENCY CAKESTAND 3 TIER,ASSORTED COLOUR BIRD ORNAMENT,PARTY BUNTING,VINTAGE UNION JACK BUNTING
15163,PAPER CHAIN KIT 50'S CHRISTMAS ,HEART OF WICKER LARGE,WHITE HANGING HEART T-LIGHT HOLDER,PINK BLUE FELT CRAFT TRINKET BOX,REGENCY CAKESTAND 3 TIER
15164,JUMBO BAG PINK POLKADOT,JUMBO BAG RED RETROSPOT,GIN + TONIC DIET METAL SIGN,HAND WARMER OWL DESIGN,PACK OF 60 DINOSAUR CAKE CASES
15165,CHOCOLATE HOT WATER BOTTLE,WOOD 2 DRAWER CABINET WHITE FINISH,HAND WARMER OWL DESIGN,WHITE HANGING HEART T-LIGHT HOLDER,ASSORTED COLOUR BIRD ORNAMENT
15166,JUMBO BAG PINK POLKADOT,JUMBO STORAGE BAG SUKI,JUMBO BAG RED RETROSPOT,WHITE HANGING HEART T-LIGHT HOLDER,REGENCY CAKESTAND 3 TIER
15167,JUMBO BAG RED RETROSPOT,WHITE HANGING HEART T-LIGHT HOLDER,JUMBO BAG PINK POLKADOT,LUNCH BAG SUKI  DESIGN ,SWEETHEART CERAMIC TRINKET BOX
15168,REGENCY CAKESTAND 3 TIER,WHITE HANGING HEART T-LIGHT HOLDER,ASSORTED COLOUR BIRD ORNAMENT,PAPER CHAIN KIT 50'S CHRISTMAS ,BAKING SET 9 PIECE RETROSPOT 
15169,WOODEN PICTURE FRAME WHITE FINISH,REGENCY CAKESTAND 3 TIER,ASSORTED COLOUR BIRD ORNAMENT,PARTY BUNTING,VINTAGE UNION JACK BUNTING
15170,WHITE HANGING HEART T-LIGHT HOLDER,REGENCY CAKESTAND 3 TIER,ASSORTED COLOUR BIRD ORNAMENT,PARTY BUNTING,VINTAGE UNION JACK BUNTING
15171,WHITE HANGING HEART T-LIGHT HOLDER,REGENCY CAKESTAND 3 TIER,ASSORTED COLOUR BIRD ORNAMENT,PARTY BUNTING,BAKING SET 9 PIECE RETROSPOT 
15172,LUNCH BAG PINK POLKADOT,LUNCH BAG WOODLAND,LUNCH BAG SUKI  DESIGN ,LUNCH BAG SPACEBOY DESIGN ,LUNCH BAG RED RETROSPOT
15173,LUNCH BAG WOODLAND,LUNCH BAG PINK POLKADOT,LUNCH BAG SUKI  DESIGN ,LUNCH BAG SPACEBOY DESIGN ,LUNCH BAG RED RETROSPOT
15174,LUNCH BAG CARS BLUE,LUNCH BAG SPACEBOY DESIGN ,LUNCH BAG PINK POLKADOT,LUNCH BAG SUKI  DESIGN ,LUNCH BAG  BLACK SKULL.
15175,VINTAGE HEADS AND TAILS CARD GAME ,WHITE HANGING HEART T-LIGHT HOLDER,REGENCY CAKESTAND 3 TIER,ASSORTED COLOUR BIRD ORNAMENT,PARTY BUNTING
15176,REGENCY CAKESTAND 3 TIER,ASSORTED COLOUR BIRD ORNAMENT,VINTAGE UNION JACK BUNTING,PAPER CHAIN KIT 50'S CHRISTMAS ,RETRO SPOT TEA SET CERAMIC 11 PC 
15177,TOILET METAL SIGN,PAPER CHAIN KIT VINTAGE CHRISTMAS,WHITE HANGING HEART T-LIGHT HOLDER,ASSORTED COLOUR BIRD ORNAMENT,PARTY BUNTING
15178,JUMBO BAG PINK POLKADOT,JUMBO STORAGE BAG SUKI,JUMBO BAG RED RETROSPOT,RED RETROSPOT CHARLOTTE BAG,WHITE HANGING HEART T-LIGHT HOLDER
15179,JUMBO BAG RED RETROSPOT,PACK OF 72 RETROSPOT CAKE CASES,JUMBO STORAGE BAG SUKI,JUMBO BAG PINK POLKADOT,72 SWEETHEART FAIRY CAKE CASES
15180,GIN + TONIC DIET METAL SIGN,LUNCH BAG PINK POLKADOT,LUNCH BAG WOODLAND,LUNCH BAG SUKI  DESIGN ,LUNCH BAG CARS BLUE
15181,WHITE HANGING HEART T-LIGHT HOLDER,PICNIC BASKET WICKER SMALL,REGENCY CAKESTAND 3 TIER,PARTY BUNTING,JUMBO BAG RED WHITE SPOTTY 
15182,JUMBO BAG RED RETROSPOT,JUMBO STORAGE BAG SUKI,JUMBO BAG PINK POLKADOT,PACK OF 72 RETROSPOT CAKE CASES,STRAWBERRY CERAMIC TRINKET BOX
15183,WHITE HANGING HEART T-LIGHT HOLDER,REGENCY CAKESTAND 3 TIER,ASSORTED COLOUR BIRD ORNAMENT,PARTY BUNTING,VINTAGE UNION JACK BUNTING
15184,WOOD 2 DRAWER CABINET WHITE FINISH,HEART OF WICKER SMALL,VINTAGE HEADS AND TAILS CARD GAME ,REGENCY CAKESTAND 3 TIER,ASSORTED COLOUR BIRD ORNAMENT
15185,WHITE HANGING HEART T-LIGHT HOLDER,REGENCY CAKESTAND 3 TIER,ASSORTED COLOUR BIRD ORNAMENT,PARTY BUNTING,VINTAGE UNION JACK BUNTING
15186,WOODEN FRAME ANTIQUE WHITE ,REGENCY CAKESTAND 3 TIER,ASSORTED COLOUR BIRD ORNAMENT,PAPER CHAIN KIT 50'S CHRISTMAS ,BAKING SET 9 PIECE RETROSPOT 
15187,JUMBO BAG RED RETROSPOT,REGENCY CAKESTAND 3 TIER,WHITE HANGING HEART T-LIGHT HOLDER,"PAPER CRAFT , LITTLE BIRDIE",JUMBO BAG RED WHITE SPOTTY 
15188,WHITE HANGING HEART T-LIGHT HOLDER,REGENCY CAKESTAND 3 TIER,ASSORTED COLOUR BIRD ORNAMENT,PARTY BUNTING,VINTAGE UNION JACK BUNTING
15189,WHITE HANGING HEART T-LIGHT HOLDER,"PAPER CRAFT , LITTLE BIRDIE",JUMBO BAG RED WHITE SPOTTY ,ASSORTED COLOUR BIRD ORNAMENT,MEDIUM CERAMIC TOP STORAGE JAR
15190,WHITE HANGING HEART T-LIGHT HOLDER,ASSORTED COLOUR BIRD ORNAMENT,PARTY BUNTING,VINTAGE UNION JACK BUNTING,BAKING SET 9 PIECE RETROSPOT 
15191,SWEETHEART CERAMIC TRINKET BOX,PACK OF 60 DINOSAUR CAKE CASES,72 SWEETHEART FAIRY CAKE CASES,PACK OF 60 PINK PAISLEY CAKE CASES,PACK OF 72 RETROSPOT CAKE CASES
15192,PACK OF 72 RETROSPOT CAKE CASES,72 SWEETHEART FAIRY CAKE CASES,PACK OF 60 PINK PAISLEY CAKE CASES,WHITE HANGING HEART T-LIGHT HOLDER,PICNIC BASKET WICKER SMALL
15193,WHITE HANGING HEART T-LIGHT HOLDER,ASSORTED COLOUR BIRD ORNAMENT,PAPER CHAIN KIT 50'S CHRISTMAS ,BAKING SET 9 PIECE RETROSPOT ,METAL SIGN TAKE IT OR LEAVE IT 
15194,JUMBO BAG RED RETROSPOT,WHITE HANGING HEART T-LIGHT HOLDER,JUMBO BAG SCANDINAVIAN PAISLEY,PINK BLUE FELT CRAFT TRINKET BOX,GIN + TONIC DIET METAL SIGN
15195,REGENCY CAKESTAND 3 TIER,WHITE HANGING HEART T-LIGHT HOLDER,ASSORTED COLOUR BIRD ORNAMENT,PAPER CHAIN KIT 50'S CHRISTMAS ,BAKING SET 9 PIECE RETROSPOT 
15196,LUNCH BAG SUKI  DESIGN ,LUNCH BAG WOODLAND,LUNCH BAG PINK POLKADOT,LUNCH BAG SPACEBOY DESIGN ,LUNCH BAG RED RETROSPOT
15197,WHITE HANGING HEART T-LIGHT HOLDER,PAPER CHAIN KIT 50'S CHRISTMAS ,BAKING SET 9 PIECE RETROSPOT ,METAL SIGN TAKE IT OR LEAVE IT ,RABBIT NIGHT LIGHT
15198,ASSORTED COLOUR BIRD ORNAMENT,WHITE HANGING HEART T-LIGHT HOLDER,PICNIC BASKET WICKER SMALL,REGENCY CAKESTAND 3 TIER,JUMBO BAG RED WHITE SPOTTY 
15199,PICNIC BASKET WICKER SMALL,REGENCY CAKESTAND 3 TIER,PARTY BUNTING,JUMBO BAG RED WHITE SPOTTY ,ASSORTED COLOUR BIRD ORNAMENT
15200,PINK 3 PIECE MINI DOTS CUTLERY SET,WHITE HANGING HEART T-LIGHT HOLDER,REGENCY CAKESTAND 3 TIER,ASSORTED COLOUR BIRD ORNAMENT,PARTY BUNTING
15201,JUMBO BAG PINK POLKADOT,JUMBO BAG RED RETROSPOT,JUMBO  BAG BAROQUE BLACK WHITE,JUMBO SHOPPER VINTAGE RED PAISLEY,LUNCH BAG SUKI  DESIGN 
15203,JUMBO BAG RED RETROSPOT,JUMBO BAG PINK POLKADOT,LUNCH BAG SUKI  DESIGN ,PACK OF 72 RETROSPOT CAKE CASES,LUNCH BAG SPACEBOY DESIGN 
15204,WHITE HANGING HEART T-LIGHT HOLDER,REGENCY CAKESTAND 3 TIER,ASSORTED COLOUR BIRD ORNAMENT,PARTY BUNTING,VINTAGE UNION JACK BUNTING
15205,WHITE HANGING HEART T-LIGHT HOLDER,ASSORTED COLOUR BIRD ORNAMENT,PAPER CHAIN KIT 50'S CHRISTMAS ,BAKING SET 9 PIECE RETROSPOT ,METAL SIGN TAKE IT OR LEAVE IT 
15206,REGENCY CAKESTAND 3 TIER,WHITE HANGING HEART T-LIGHT HOLDER,ASSORTED COLOUR BIRD ORNAMENT,PAPER CHAIN KIT 50'S CHRISTMAS ,BAKING SET 9 PIECE RETROSPOT 
15207,WHITE HANGING HEART T-LIGHT HOLDER,REGENCY CAKESTAND 3 TIER,PARTY BUNTING,VINTAGE UNION JACK BUNTING,BAKING SET 9 PIECE RETROSPOT 
15208,PAPER CHAIN KIT VINTAGE CHRISTMAS,REGENCY CAKESTAND 3 TIER,WHITE HANGING HEART T-LIGHT HOLDER,ASSORTED COLOUR BIRD ORNAMENT,METAL SIGN TAKE IT OR LEAVE IT 
15209,WHITE HANGING HEART T-LIGHT HOLDER,REGENCY CAKESTAND 3 TIER,ASSORTED COLOUR BIRD ORNAMENT,PARTY BUNTING,VINTAGE UNION JACK BUNTING
15210,WHITE HANGING HEART T-LIGHT HOLDER,PICNIC BASKET WICKER SMALL,REGENCY CAKESTAND 3 TIER,PARTY BUNTING,JUMBO BAG RED WHITE SPOTTY 
15211,WOODEN PICTURE FRAME WHITE FINISH,HEART OF WICKER LARGE,ASSORTED COLOUR BIRD ORNAMENT,PAPER CHAIN KIT 50'S CHRISTMAS ,BAKING SET 9 PIECE RETROSPOT 
15212,WHITE HANGING HEART T-LIGHT HOLDER,REGENCY CAKESTAND 3 TIER,ASSORTED COLOUR BIRD ORNAMENT,PARTY BUNTING,VINTAGE UNION JACK BUNTING
15213,PACK OF 60 DINOSAUR CAKE CASES,72 SWEETHEART FAIRY CAKE CASES,PACK OF 60 PINK PAISLEY CAKE CASES,PACK OF 72 RETROSPOT CAKE CASES,WHITE HANGING HEART T-LIGHT HOLDER
15214,HAND WARMER OWL DESIGN,TOILET METAL SIGN,"PAPER CRAFT , LITTLE BIRDIE",JUMBO BAG RED WHITE SPOTTY ,MEDIUM CERAMIC TOP STORAGE JAR
15215,HAND WARMER OWL DESIGN,HOME BUILDING BLOCK WORD,WHITE HANGING HEART T-LIGHT HOLDER,PICNIC BASKET WICKER SMALL,JUMBO BAG RED WHITE SPOTTY 
15216,PACK OF 60 DINOSAUR CAKE CASES,72 SWEETHEART FAIRY CAKE CASES,PACK OF 60 PINK PAISLEY CAKE CASES,PACK OF 72 RETROSPOT CAKE CASES,LUNCH BAG PINK POLKADOT
15217,WHITE HANGING HEART T-LIGHT HOLDER,HEART OF WICKER LARGE,REGENCY CAKESTAND 3 TIER,ASSORTED COLOUR BIRD ORNAMENT,PARTY BUNTING
15218,JUMBO BAG RED RETROSPOT,JUMBO STORAGE BAG SUKI,JUMBO BAG PINK POLKADOT,PACK OF 60 DINOSAUR CAKE CASES,72 SWEETHEART FAIRY CAKE CASES
15219,SWEETHEART CERAMIC TRINKET BOX,WHITE HANGING HEART T-LIGHT HOLDER,REGENCY CAKESTAND 3 TIER,ASSORTED COLOUR BIRD ORNAMENT,PARTY BUNTING
15220,PAPER CHAIN KIT 50'S CHRISTMAS ,HEART OF WICKER LARGE,VINTAGE HEADS AND TAILS CARD GAME ,PICNIC BASKET WICKER SMALL,REGENCY CAKESTAND 3 TIER
15221,WHITE HANGING HEART T-LIGHT HOLDER,PICNIC BASKET WICKER SMALL,REGENCY CAKESTAND 3 TIER,PARTY BUNTING,JUMBO BAG RED WHITE SPOTTY 
15222,JUMBO BAG RED RETROSPOT,JUMBO BAG PINK POLKADOT,PACK OF 60 DINOSAUR CAKE CASES,72 SWEETHEART FAIRY CAKE CASES,PACK OF 60 PINK PAISLEY CAKE CASES
15223,JUMBO BAG STRAWBERRY,JUMBO  BAG BAROQUE BLACK WHITE,JUMBO BAG PINK POLKADOT,JUMBO SHOPPER VINTAGE RED PAISLEY,JUMBO BAG RED RETROSPOT
15224,PACK OF 60 DINOSAUR CAKE CASES,72 SWEETHEART FAIRY CAKE CASES,PACK OF 60 PINK PAISLEY CAKE CASES,PACK OF 72 RETROSPOT CAKE CASES,WHITE HANGING HEART T-LIGHT HOLDER
15225,REGENCY CAKESTAND 3 TIER,ASSORTED COLOUR BIRD ORNAMENT,PARTY BUNTING,VINTAGE UNION JACK BUNTING,BAKING SET 9 PIECE RETROSPOT 
15226,WHITE HANGING HEART T-LIGHT HOLDER,REGENCY CAKESTAND 3 TIER,ASSORTED COLOUR BIRD ORNAMENT,PARTY BUNTING,VINTAGE UNION JACK BUNTING
15227,WHITE HANGING HEART T-LIGHT HOLDER,REGENCY CAKESTAND 3 TIER,"PAPER CRAFT , LITTLE BIRDIE",JUMBO BAG RED WHITE SPOTTY ,ASSORTED COLOUR BIRD ORNAMENT
15228,PACK OF 72 RETROSPOT CAKE CASES,HAND WARMER SCOTTY DOG DESIGN,WHITE HANGING HEART T-LIGHT HOLDER,PICNIC BASKET WICKER SMALL,PARTY BUNTING
15229,WHITE HANGING HEART T-LIGHT HOLDER,REGENCY CAKESTAND 3 TIER,ASSORTED COLOUR BIRD ORNAMENT,PARTY BUNTING,VINTAGE UNION JACK BUNTING
15230,REGENCY CAKESTAND 3 TIER,ASSORTED COLOUR BIRD ORNAMENT,VINTAGE UNION JACK BUNTING,BAKING SET 9 PIECE RETROSPOT ,GRAND CHOCOLATECANDLE
15231,VINTAGE HEADS AND TAILS CARD GAME ,WHITE HANGING HEART T-LIGHT HOLDER,REGENCY CAKESTAND 3 TIER,ASSORTED COLOUR BIRD ORNAMENT,PARTY BUNTING
15232,60 TEATIME FAIRY CAKE CASES,PACK OF 72 RETROSPOT CAKE CASES,RED RETROSPOT CHARLOTTE BAG,WHITE HANGING HEART T-LIGHT HOLDER,REGENCY CAKESTAND 3 TIER
15233,WHITE HANGING HEART T-LIGHT HOLDER,REGENCY CAKESTAND 3 TIER,ASSORTED COLOUR BIRD ORNAMENT,PARTY BUNTING,VINTAGE UNION JACK BUNTING
15234,SWEETHEART CERAMIC TRINKET BOX,REGENCY CAKESTAND 3 TIER,ASSORTED COLOUR BIRD ORNAMENT,PARTY BUNTING,VINTAGE UNION JACK BUNTING
15235,PACK OF 72 RETROSPOT CAKE CASES,PACK OF 60 DINOSAUR CAKE CASES,72 SWEETHEART FAIRY CAKE CASES,PACK OF 60 PINK PAISLEY CAKE CASES,PICNIC BASKET WICKER SMALL
15236,PACK OF 72 RETROSPOT CAKE CASES,PACK OF 60 DINOSAUR CAKE CASES,PACK OF 60 PINK PAISLEY CAKE CASES,WHITE HANGING HEART T-LIGHT HOLDER,REGENCY CAKESTAND 3 TIER
15237,ROSES REGENCY TEACUP AND SAUCER ,LOVE BUILDING BLOCK WORD,WHITE HANGING HEART T-LIGHT HOLDER,STRAWBERRY CERAMIC TRINKET BOX,REGENCY CAKESTAND 3 TIER
15238,HOT WATER BOTTLE TEA AND SYMPATHY,REGENCY CAKESTAND 3 TIER,WHITE HANGING HEART T-LIGHT HOLDER,PAPER CHAIN KIT 50'S CHRISTMAS ,BAKING SET 9 PIECE RETROSPOT 
15239,WHITE HANGING HEART T-LIGHT HOLDER,PAPER CHAIN KIT VINTAGE CHRISTMAS,REGENCY CAKESTAND 3 TIER,ASSORTED COLOUR BIRD ORNAMENT,METAL SIGN TAKE IT OR LEAVE IT 
15240,ALARM CLOCK BAKELIKE RED ,HAND WARMER OWL DESIGN,PAPER CHAIN KIT VINTAGE CHRISTMAS,HOT WATER BOTTLE TEA AND SYMPATHY,HEART OF WICKER LARGE
15241,PACK OF 72 RETROSPOT CAKE CASES,60 TEATIME FAIRY CAKE CASES,PINK BLUE FELT CRAFT TRINKET BOX,LUNCH BAG WOODLAND,LUNCH BAG PINK POLKADOT
15242,CHOCOLATE HOT WATER BOTTLE,PAPER CHAIN KIT VINTAGE CHRISTMAS,WHITE HANGING HEART T-LIGHT HOLDER,REGENCY CAKESTAND 3 TIER,ASSORTED COLOUR BIRD ORNAMENT
15243,PAPER CHAIN KIT 50'S CHRISTMAS ,VINTAGE HEADS AND TAILS CARD GAME ,PINK BLUE FELT CRAFT TRINKET BOX,REGENCY CAKESTAND 3 TIER,WHITE HANGING HEART T-LIGHT HOLDER
15244,60 TEATIME FAIRY CAKE CASES,PACK OF 72 RETROSPOT CAKE CASES,REGENCY CAKESTAND 3 TIER,PAPER CHAIN KIT 50'S CHRISTMAS ,BAKING SET 9 PIECE RETROSPOT 
15245,LUNCH BAG SUKI  DESIGN ,JUMBO BAG RED RETROSPOT,LUNCH BAG PINK POLKADOT,LUNCH BAG SPACEBOY DESIGN ,LUNCH BAG  BLACK SKULL.
15246,JUMBO BAG STRAWBERRY,JUMBO  BAG BAROQUE BLACK WHITE,JUMBO BAG PINK POLKADOT,JUMBO SHOPPER VINTAGE RED PAISLEY,JUMBO BAG RED RETROSPOT
15247,PICNIC BASKET WICKER SMALL,REGENCY CAKESTAND 3 TIER,PARTY BUNTING,JUMBO BAG RED WHITE SPOTTY ,ASSORTED COLOUR BIRD ORNAMENT
15248,JUMBO BAG RED RETROSPOT,PACK OF 72 RETROSPOT CAKE CASES,LOVE BUILDING BLOCK WORD,WHITE HANGING HEART T-LIGHT HOLDER,60 TEATIME FAIRY CAKE CASES
15249,LUNCH BAG PINK POLKADOT,LUNCH BAG WOODLAND,LUNCH BAG SUKI  DESIGN ,LUNCH BAG SPACEBOY DESIGN ,LUNCH BAG RED RETROSPOT
15250,WHITE HANGING HEART T-LIGHT HOLDER,REGENCY CAKESTAND 3 TIER,ASSORTED COLOUR BIRD ORNAMENT,PARTY BUNTING,VINTAGE UNION JACK BUNTING
15251,PACK OF 72 RETROSPOT CAKE CASES,PINK REGENCY TEACUP AND SAUCER,PACK OF 60 DINOSAUR CAKE CASES,PACK OF 60 PINK PAISLEY CAKE CASES,"PAPER CRAFT , LITTLE BIRDIE"
15252,PACK OF 72 RETROSPOT CAKE CASES,HEART OF WICKER LARGE,VINTAGE SNAP CARDS,TOILET METAL SIGN,PICNIC BASKET WICKER SMALL
15253,BLUE 3 PIECE MINI DOTS CUTLERY SET,PINK BLUE FELT CRAFT TRINKET BOX,PACK OF 72 RETROSPOT CAKE CASES,REGENCY CAKESTAND 3 TIER,"PAPER CRAFT , LITTLE BIRDIE"
15254,JUMBO STORAGE BAG SUKI,JUMBO BAG PINK POLKADOT,JUMBO BAG RED RETROSPOT,WHITE HANGING HEART T-LIGHT HOLDER,PICNIC BASKET WICKER SMALL
15255,HOT WATER BOTTLE TEA AND SYMPATHY,HEART OF WICKER SMALL,PICNIC BASKET WICKER SMALL,REGENCY CAKESTAND 3 TIER,PARTY BUNTING
15256,WHITE HANGING HEART T-LIGHT HOLDER,REGENCY CAKESTAND 3 TIER,ASSORTED COLOUR BIRD ORNAMENT,PARTY BUNTING,VINTAGE UNION JACK BUNTING
15257,LOVE BUILDING BLOCK WORD,WHITE HANGING HEART T-LIGHT HOLDER,ASSORTED COLOUR BIRD ORNAMENT,PARTY BUNTING,VINTAGE UNION JACK BUNTING
15258,WOODEN FRAME ANTIQUE WHITE ,WHITE HANGING HEART T-LIGHT HOLDER,PINK REGENCY TEACUP AND SAUCER,ROSES REGENCY TEACUP AND SAUCER ,ASSORTED COLOUR BIRD ORNAMENT
15259,PACK OF 72 RETROSPOT CAKE CASES,PICNIC BASKET WICKER SMALL,JUMBO BAG RED WHITE SPOTTY ,ASSORTED COLOUR BIRD ORNAMENT,FAIRY CAKE FLANNEL ASSORTED COLOUR
15260,JUMBO BAG RED RETROSPOT,JUMBO BAG PINK POLKADOT,JUMBO STORAGE BAG SUKI,LUNCH BAG PINK POLKADOT,LUNCH BAG WOODLAND
15261,GIN + TONIC DIET METAL SIGN,WHITE HANGING HEART T-LIGHT HOLDER,PARTY BUNTING,JUMBO BAG RED WHITE SPOTTY ,ASSORTED COLOUR BIRD ORNAMENT
15262,WHITE HANGING HEART T-LIGHT HOLDER,SWEETHEART CERAMIC TRINKET BOX,WOODEN PICTURE FRAME WHITE FINISH,REGENCY CAKESTAND 3 TIER,VINTAGE UNION JACK BUNTING
15263,VINTAGE HEADS AND TAILS CARD GAME ,WHITE HANGING HEART T-LIGHT HOLDER,REGENCY CAKESTAND 3 TIER,ASSORTED COLOUR BIRD ORNAMENT,PARTY BUNTING
15264,GIN + TONIC DIET METAL SIGN,REGENCY CAKESTAND 3 TIER,WHITE HANGING HEART T-LIGHT HOLDER,ASSORTED COLOUR BIRD ORNAMENT,PAPER CHAIN KIT 50'S CHRISTMAS 
15265,GIN + TONIC DIET METAL SIGN,WOODEN PICTURE FRAME WHITE FINISH,HEART OF WICKER LARGE,VINTAGE HEADS AND TAILS CARD GAME ,PICNIC BASKET WICKER SMALL
15266,WHITE HANGING HEART T-LIGHT HOLDER,VINTAGE SNAP CARDS,PINK BLUE FELT CRAFT TRINKET BOX,PICNIC BASKET WICKER SMALL,PARTY BUNTING
15267,REGENCY CAKESTAND 3 TIER,WHITE HANGING HEART T-LIGHT HOLDER,ASSORTED COLOUR BIRD ORNAMENT,PAPER CHAIN KIT 50'S CHRISTMAS ,METAL SIGN TAKE IT OR LEAVE IT 
15268,HOME BUILDING BLOCK WORD,WHITE HANGING HEART T-LIGHT HOLDER,PICNIC BASKET WICKER SMALL,JUMBO BAG RED WHITE SPOTTY ,ASSORTED COLOUR BIRD ORNAMENT
15269,REGENCY CAKESTAND 3 TIER,WHITE HANGING HEART T-LIGHT HOLDER,ASSORTED COLOUR BIRD ORNAMENT,PAPER CHAIN KIT 50'S CHRISTMAS ,BAKING SET 9 PIECE RETROSPOT 
15270,REGENCY CAKESTAND 3 TIER,"PAPER CRAFT , LITTLE BIRDIE",JUMBO BAG RED WHITE SPOTTY ,ASSORTED COLOUR BIRD ORNAMENT,MEDIUM CERAMIC TOP STORAGE JAR
15271,PACK OF 72 RETROSPOT CAKE CASES,STRAWBERRY CERAMIC TRINKET BOX,GIN + TONIC DIET METAL SIGN,JUMBO BAG RED RETROSPOT,LUNCH BAG PINK POLKADOT
15272,JUMBO BAG RED RETROSPOT,LUNCH BAG PINK POLKADOT,LUNCH BAG WOODLAND,LUNCH BAG SUKI  DESIGN ,LUNCH BAG CARS BLUE
15273,WHITE HANGING HEART T-LIGHT HOLDER,REGENCY CAKESTAND 3 TIER,ASSORTED COLOUR BIRD ORNAMENT,PARTY BUNTING,VINTAGE UNION JACK BUNTING
15274,HEART OF WICKER LARGE,WHITE HANGING HEART T-LIGHT HOLDER,VINTAGE HEADS AND TAILS CARD GAME ,REGENCY CAKESTAND 3 TIER,ASSORTED COLOUR BIRD ORNAMENT
15275,PAPER CHAIN KIT VINTAGE CHRISTMAS,REGENCY CAKESTAND 3 TIER,WHITE HANGING HEART T-LIGHT HOLDER,METAL SIGN TAKE IT OR LEAVE IT ,RABBIT NIGHT LIGHT
15276,SWEETHEART CERAMIC TRINKET BOX,LUNCH BAG CARS BLUE,LUNCH BAG SPACEBOY DESIGN ,LUNCH BAG PINK POLKADOT,LUNCH BAG SUKI  DESIGN 
15277,VINTAGE SNAP CARDS,REGENCY CAKESTAND 3 TIER,WHITE HANGING HEART T-LIGHT HOLDER,ASSORTED COLOUR BIRD ORNAMENT,PAPER CHAIN KIT 50'S CHRISTMAS 
15278,WHITE HANGING HEART T-LIGHT HOLDER,REGENCY CAKESTAND 3 TIER,ASSORTED COLOUR BIRD ORNAMENT,PARTY BUNTING,VINTAGE UNION JACK BUNTING
15279,HEART OF WICKER LARGE,WHITE HANGING HEART T-LIGHT HOLDER,PINK BLUE FELT CRAFT TRINKET BOX,PICNIC BASKET WICKER SMALL,PARTY BUNTING
15280,PACK OF 72 RETROSPOT CAKE CASES,PACK OF 60 DINOSAUR CAKE CASES,WHITE HANGING HEART T-LIGHT HOLDER,REGENCY CAKESTAND 3 TIER,ASSORTED COLOUR BIRD ORNAMENT
15281,PACK OF 72 RETROSPOT CAKE CASES,ALARM CLOCK BAKELIKE RED ,STRAWBERRY CERAMIC TRINKET BOX,72 SWEETHEART FAIRY CAKE CASES,HEART OF WICKER LARGE
15282,PACK OF 72 RETROSPOT CAKE CASES,WHITE HANGING HEART T-LIGHT HOLDER,PACK OF 60 DINOSAUR CAKE CASES,72 SWEETHEART FAIRY CAKE CASES,REGENCY CAKESTAND 3 TIER
15283,WHITE HANGING HEART T-LIGHT HOLDER,REGENCY CAKESTAND 3 TIER,ASSORTED COLOUR BIRD ORNAMENT,PARTY BUNTING,VINTAGE UNION JACK BUNTING
15284,WHITE HANGING HEART T-LIGHT HOLDER,REGENCY CAKESTAND 3 TIER,ASSORTED COLOUR BIRD ORNAMENT,PARTY BUNTING,VINTAGE UNION JACK BUNTING
15285,WHITE HANGING HEART T-LIGHT HOLDER,REGENCY CAKESTAND 3 TIER,ASSORTED COLOUR BIRD ORNAMENT,PARTY BUNTING,VINTAGE UNION JACK BUNTING
15286,HOT WATER BOTTLE TEA AND SYMPATHY,REGENCY CAKESTAND 3 TIER,WHITE HANGING HEART T-LIGHT HOLDER,ASSORTED COLOUR BIRD ORNAMENT,PAPER CHAIN KIT 50'S CHRISTMAS 
15287,LUNCH BAG PINK POLKADOT,LUNCH BAG WOODLAND,LUNCH BAG SUKI  DESIGN ,LUNCH BAG CARS BLUE,LUNCH BAG SPACEBOY DESIGN 
15288,LUNCH BAG CARS BLUE,LUNCH BAG SPACEBOY DESIGN ,LUNCH BAG PINK POLKADOT,LUNCH BAG SUKI  DESIGN ,LUNCH BAG  BLACK SKULL.
15289,GIN + TONIC DIET METAL SIGN,PACK OF 60 DINOSAUR CAKE CASES,72 SWEETHEART FAIRY CAKE CASES,PACK OF 60 PINK PAISLEY CAKE CASES,PACK OF 72 RETROSPOT CAKE CASES
15290,60 TEATIME FAIRY CAKE CASES,PACK OF 72 RETROSPOT CAKE CASES,PAPER CHAIN KIT 50'S CHRISTMAS ,WHITE HANGING HEART T-LIGHT HOLDER,"PAPER CRAFT , LITTLE BIRDIE"
15291,SWEETHEART CERAMIC TRINKET BOX,WOOD 2 DRAWER CABINET WHITE FINISH,PAPER CHAIN KIT VINTAGE CHRISTMAS,LUNCH BAG WOODLAND,LUNCH BAG PINK POLKADOT
15292,WHITE HANGING HEART T-LIGHT HOLDER,REGENCY CAKESTAND 3 TIER,ASSORTED COLOUR BIRD ORNAMENT,PARTY BUNTING,VINTAGE UNION JACK BUNTING
15293,WHITE HANGING HEART T-LIGHT HOLDER,REGENCY CAKESTAND 3 TIER,ASSORTED COLOUR BIRD ORNAMENT,PARTY BUNTING,VINTAGE UNION JACK BUNTING
15294,WHITE HANGING HEART T-LIGHT HOLDER,REGENCY CAKESTAND 3 TIER,ASSORTED COLOUR BIRD ORNAMENT,PARTY BUNTING,VINTAGE UNION JACK BUNTING
15295,HOME BUILDING BLOCK WORD,REGENCY CAKESTAND 3 TIER,ASSORTED COLOUR BIRD ORNAMENT,PARTY BUNTING,VINTAGE UNION JACK BUNTING
15296,PACK OF 72 RETROSPOT CAKE CASES,JUMBO BAG PINK POLKADOT,JUMBO STORAGE BAG SUKI,JUMBO BAG RED RETROSPOT,RED RETROSPOT CHARLOTTE BAG
15297,VINTAGE HEADS AND TAILS CARD GAME ,REGENCY CAKESTAND 3 TIER,WHITE HANGING HEART T-LIGHT HOLDER,PAPER CHAIN KIT 50'S CHRISTMAS ,BAKING SET 9 PIECE RETROSPOT 
15298,JUMBO BAG RED RETROSPOT,JUMBO BAG PINK POLKADOT,PACK OF 72 RETROSPOT CAKE CASES,PACK OF 60 DINOSAUR CAKE CASES,72 SWEETHEART FAIRY CAKE CASES
15299,HOT WATER BOTTLE TEA AND SYMPATHY,REGENCY CAKESTAND 3 TIER,WHITE HANGING HEART T-LIGHT HOLDER,"PAPER CRAFT , LITTLE BIRDIE",JUMBO BAG RED WHITE SPOTTY 
15300,PAPER CHAIN KIT 50'S CHRISTMAS ,ALARM CLOCK BAKELIKE RED ,REGENCY CAKESTAND 3 TIER,WHITE HANGING HEART T-LIGHT HOLDER,ASSORTED COLOUR BIRD ORNAMENT
15301,WHITE HANGING HEART T-LIGHT HOLDER,PAPER CHAIN KIT VINTAGE CHRISTMAS,REGENCY CAKESTAND 3 TIER,"PAPER CRAFT , LITTLE BIRDIE",JUMBO BAG RED WHITE SPOTTY 
15302,REGENCY CAKESTAND 3 TIER,ASSORTED COLOUR BIRD ORNAMENT,PARTY BUNTING,VINTAGE UNION JACK BUNTING,PAPER CHAIN KIT 50'S CHRISTMAS 
15303,60 TEATIME FAIRY CAKE CASES,PACK OF 72 RETROSPOT CAKE CASES,LUNCH BAG PINK POLKADOT,LUNCH BAG WOODLAND,LUNCH BAG SUKI  DESIGN 
15304,PINK REGENCY TEACUP AND SAUCER,WHITE HANGING HEART T-LIGHT HOLDER,PICNIC BASKET WICKER SMALL,PARTY BUNTING,JUMBO BAG RED WHITE SPOTTY 
15305,WHITE HANGING HEART T-LIGHT HOLDER,REGENCY CAKESTAND 3 TIER,ASSORTED COLOUR BIRD ORNAMENT,PARTY BUNTING,VINTAGE UNION JACK BUNTING
15306,WHITE HANGING HEART T-LIGHT HOLDER,PACK OF 60 DINOSAUR CAKE CASES,72 SWEETHEART FAIRY CAKE CASES,PACK OF 60 PINK PAISLEY CAKE CASES,PACK OF 72 RETROSPOT CAKE CASES
15307,WOOD 2 DRAWER CABINET WHITE FINISH,WOODEN PICTURE FRAME WHITE FINISH,WHITE HANGING HEART T-LIGHT HOLDER,REGENCY CAKESTAND 3 TIER,ASSORTED COLOUR BIRD ORNAMENT
15308,WHITE HANGING HEART T-LIGHT HOLDER,WOOD S/3 CABINET ANT WHITE FINISH,REGENCY CAKESTAND 3 TIER,ASSORTED COLOUR BIRD ORNAMENT,PARTY BUNTING
15309,CHOCOLATE HOT WATER BOTTLE,WHITE HANGING HEART T-LIGHT HOLDER,PICNIC BASKET WICKER SMALL,REGENCY CAKESTAND 3 TIER,PARTY BUNTING
15310,SWEETHEART CERAMIC TRINKET BOX,LOVE BUILDING BLOCK WORD,WHITE HANGING HEART T-LIGHT HOLDER,REGENCY CAKESTAND 3 TIER,ASSORTED COLOUR BIRD ORNAMENT
15311,JUMBO BAG RED RETROSPOT,LUNCH BAG SUKI  DESIGN ,JUMBO BAG PINK POLKADOT,PACK OF 72 RETROSPOT CAKE CASES,LUNCH BAG PINK POLKADOT
15312,PACK OF 72 RETROSPOT CAKE CASES,PACK OF 60 DINOSAUR CAKE CASES,72 SWEETHEART FAIRY CAKE CASES,CHOCOLATE HOT WATER BOTTLE,VINTAGE HEADS AND TAILS CARD GAME 
15313,WHITE HANGING HEART T-LIGHT HOLDER,REGENCY CAKESTAND 3 TIER,ASSORTED COLOUR BIRD ORNAMENT,PARTY BUNTING,VINTAGE UNION JACK BUNTING
15314,WHITE HANGING HEART T-LIGHT HOLDER,60 TEATIME FAIRY CAKE CASES,PACK OF 72 RETROSPOT CAKE CASES,PICNIC BASKET WICKER SMALL,REGENCY CAKESTAND 3 TIER
15315,REGENCY CAKESTAND 3 TIER,WHITE HANGING HEART T-LIGHT HOLDER,ASSORTED COLOUR BIRD ORNAMENT,PAPER CHAIN KIT 50'S CHRISTMAS ,BAKING SET 9 PIECE RETROSPOT 
15316,WHITE HANGING HEART T-LIGHT HOLDER,REGENCY CAKESTAND 3 TIER,ASSORTED COLOUR BIRD ORNAMENT,PARTY BUNTING,VINTAGE UNION JACK BUNTING
15317,WHITE HANGING HEART T-LIGHT HOLDER,WOODEN PICTURE FRAME WHITE FINISH,LOVE BUILDING BLOCK WORD,REGENCY CAKESTAND 3 TIER,ASSORTED COLOUR BIRD ORNAMENT
15318,REGENCY CAKESTAND 3 TIER,WHITE HANGING HEART T-LIGHT HOLDER,ASSORTED COLOUR BIRD ORNAMENT,PAPER CHAIN KIT 50'S CHRISTMAS ,BAKING SET 9 PIECE RETROSPOT 
15319,WHITE HANGING HEART T-LIGHT HOLDER,REGENCY CAKESTAND 3 TIER,ASSORTED COLOUR BIRD ORNAMENT,PARTY BUNTING,VINTAGE UNION JACK BUNTING
15320,VINTAGE HEADS AND TAILS CARD GAME ,REGENCY CAKESTAND 3 TIER,WHITE HANGING HEART T-LIGHT HOLDER,ASSORTED COLOUR BIRD ORNAMENT,PAPER CHAIN KIT 50'S CHRISTMAS 
15321,PACK OF 72 RETROSPOT CAKE CASES,LUNCH BAG PINK POLKADOT,LUNCH BAG WOODLAND,LUNCH BAG SUKI  DESIGN ,LUNCH BAG SPACEBOY DESIGN 
15322,VINTAGE HEADS AND TAILS CARD GAME ,JUMBO BAG PINK POLKADOT,JUMBO STORAGE BAG SUKI,JUMBO BAG RED RETROSPOT,ALARM CLOCK BAKELIKE RED 
15323,SWEETHEART CERAMIC TRINKET BOX,REGENCY CAKESTAND 3 TIER,ASSORTED COLOUR BIRD ORNAMENT,GRAND CHOCOLATECANDLE,PAPER CHAIN KIT 50'S CHRISTMAS 
15324,REGENCY CAKESTAND 3 TIER,ASSORTED COLOUR BIRD ORNAMENT,PARTY BUNTING,VINTAGE UNION JACK BUNTING,BAKING SET 9 PIECE RETROSPOT 
15325,WHITE HANGING HEART T-LIGHT HOLDER,60 TEATIME FAIRY CAKE CASES,PACK OF 72 RETROSPOT CAKE CASES,LOVE BUILDING BLOCK WORD,PICNIC BASKET WICKER SMALL
15326,60 TEATIME FAIRY CAKE CASES,PACK OF 72 RETROSPOT CAKE CASES,HOME BUILDING BLOCK WORD,WHITE HANGING HEART T-LIGHT HOLDER,PICNIC BASKET WICKER SMALL
15327,WHITE HANGING HEART T-LIGHT HOLDER,ASSORTED COLOUR BIRD ORNAMENT,PARTY BUNTING,VINTAGE UNION JACK BUNTING,BAKING SET 9 PIECE RETROSPOT 
15328,WHITE HANGING HEART T-LIGHT HOLDER,REGENCY CAKESTAND 3 TIER,ASSORTED COLOUR BIRD ORNAMENT,PARTY BUNTING,VINTAGE UNION JACK BUNTING
15329,JUMBO BAG PINK POLKADOT,JUMBO BAG RED RETROSPOT,60 TEATIME FAIRY CAKE CASES,PACK OF 72 RETROSPOT CAKE CASES,HAND WARMER OWL DESIGN
15330,REGENCY CAKESTAND 3 TIER,WHITE HANGING HEART T-LIGHT HOLDER,ASSORTED COLOUR BIRD ORNAMENT,PAPER CHAIN KIT 50'S CHRISTMAS ,BAKING SET 9 PIECE RETROSPOT 
15331,PACK OF 72 RETROSPOT CAKE CASES,LUNCH BAG PINK POLKADOT,LUNCH BAG WOODLAND,LUNCH BAG SUKI  DESIGN ,LUNCH BAG CARS BLUE
15332,WHITE HANGING HEART T-LIGHT HOLDER,PICNIC BASKET WICKER SMALL,REGENCY CAKESTAND 3 TIER,PARTY BUNTING,JUMBO BAG RED WHITE SPOTTY 
15333,WHITE HANGING HEART T-LIGHT HOLDER,REGENCY CAKESTAND 3 TIER,ASSORTED COLOUR BIRD ORNAMENT,PARTY BUNTING,VINTAGE UNION JACK BUNTING
15334,PACK OF 72 RETROSPOT CAKE CASES,60 TEATIME FAIRY CAKE CASES,RED RETROSPOT CHARLOTTE BAG,JUMBO BAG STRAWBERRY,JUMBO  BAG BAROQUE BLACK WHITE
15335,JUMBO BAG RED RETROSPOT,HAND WARMER SCOTTY DOG DESIGN,JUMBO BAG PINK VINTAGE PAISLEY,JUMBO BAG PINK POLKADOT,JUMBO STORAGE BAG SUKI
15336,PAPER CHAIN KIT VINTAGE CHRISTMAS,WHITE HANGING HEART T-LIGHT HOLDER,ASSORTED COLOUR BIRD ORNAMENT,PARTY BUNTING,VINTAGE UNION JACK BUNTING
15337,WHITE HANGING HEART T-LIGHT HOLDER,REGENCY CAKESTAND 3 TIER,ASSORTED COLOUR BIRD ORNAMENT,PARTY BUNTING,VINTAGE UNION JACK BUNTING
15338,WOOD S/3 CABINET ANT WHITE FINISH,HOME BUILDING BLOCK WORD,REGENCY CAKESTAND 3 TIER,ASSORTED COLOUR BIRD ORNAMENT,PARTY BUNTING
15339,PACK OF 72 RETROSPOT CAKE CASES,JUMBO BAG RED RETROSPOT,LUNCH BAG SUKI  DESIGN ,JUMBO BAG PINK POLKADOT,LUNCH BAG CARS BLUE
15340,REGENCY CAKESTAND 3 TIER,ASSORTED COLOUR BIRD ORNAMENT,PARTY BUNTING,VINTAGE UNION JACK BUNTING,BAKING SET 9 PIECE RETROSPOT 
15341,JUMBO BAG RED RETROSPOT,JUMBO BAG PINK POLKADOT,LUNCH BAG SUKI  DESIGN ,PAPER CHAIN KIT VINTAGE CHRISTMAS,WHITE HANGING HEART T-LIGHT HOLDER
15342,WHITE HANGING HEART T-LIGHT HOLDER,REGENCY CAKESTAND 3 TIER,ASSORTED COLOUR BIRD ORNAMENT,PARTY BUNTING,VINTAGE UNION JACK BUNTING
15343,PINK REGENCY TEACUP AND SAUCER,GREEN REGENCY TEACUP AND SAUCER,WHITE HANGING HEART T-LIGHT HOLDER,ASSORTED COLOUR BIRD ORNAMENT,PARTY BUNTING
15344,ROSES REGENCY TEACUP AND SAUCER ,WOOD 2 DRAWER CABINET WHITE FINISH,LOVE BUILDING BLOCK WORD,WHITE HANGING HEART T-LIGHT HOLDER,ASSORTED COLOUR BIRD ORNAMENT
15345,PINK REGENCY TEACUP AND SAUCER,WOODEN PICTURE FRAME WHITE FINISH,WHITE HANGING HEART T-LIGHT HOLDER,WOOD S/3 CABINET ANT WHITE FINISH,ASSORTED COLOUR BIRD ORNAMENT
15346,ASSORTED COLOUR BIRD ORNAMENT,PINK 3 PIECE MINI DOTS CUTLERY SET,HOME BUILDING BLOCK WORD,WHITE HANGING HEART T-LIGHT HOLDER,REGENCY CAKESTAND 3 TIER
15347,LUNCH BAG WOODLAND,LUNCH BAG PINK POLKADOT,LUNCH BAG SUKI  DESIGN ,LUNCH BAG SPACEBOY DESIGN ,LUNCH BAG  BLACK SKULL.
15348,WHITE HANGING HEART T-LIGHT HOLDER,REGENCY CAKESTAND 3 TIER,ASSORTED COLOUR BIRD ORNAMENT,PARTY BUNTING,VINTAGE UNION JACK BUNTING
15349,WOODEN FRAME ANTIQUE WHITE ,REGENCY CAKESTAND 3 TIER,ASSORTED COLOUR BIRD ORNAMENT,PARTY BUNTING,VINTAGE UNION JACK BUNTING
15350,LUNCH BAG WOODLAND,LUNCH BAG PINK POLKADOT,LUNCH BAG SUKI  DESIGN ,LUNCH BAG SPACEBOY DESIGN ,LUNCH BAG  BLACK SKULL.
15351,JUMBO BAG RED RETROSPOT,JUMBO BAG PINK POLKADOT,PACK OF 60 DINOSAUR CAKE CASES,72 SWEETHEART FAIRY CAKE CASES,PACK OF 60 PINK PAISLEY CAKE CASES
15352,REGENCY CAKESTAND 3 TIER,ASSORTED COLOUR BIRD ORNAMENT,PARTY BUNTING,VINTAGE UNION JACK BUNTING,BAKING SET 9 PIECE RETROSPOT 
15353,JUMBO BAG RED RETROSPOT,PACK OF 72 RETROSPOT CAKE CASES,LUNCH BAG SUKI  DESIGN ,JUMBO BAG PINK POLKADOT,LUNCH BAG PINK POLKADOT
15355,REGENCY CAKESTAND 3 TIER,WHITE HANGING HEART T-LIGHT HOLDER,ASSORTED COLOUR BIRD ORNAMENT,PAPER CHAIN KIT 50'S CHRISTMAS ,BAKING SET 9 PIECE RETROSPOT 
15356,JUMBO BAG RED RETROSPOT,PACK OF 72 RETROSPOT CAKE CASES,LUNCH BAG SUKI  DESIGN ,LUNCH BAG PINK POLKADOT,LUNCH BAG WOODLAND
15358,PACK OF 72 RETROSPOT CAKE CASES,WHITE HANGING HEART T-LIGHT HOLDER,"PAPER CRAFT , LITTLE BIRDIE",JUMBO BAG RED WHITE SPOTTY ,ASSORTED COLOUR BIRD ORNAMENT
15359,WHITE HANGING HEART T-LIGHT HOLDER,REGENCY CAKESTAND 3 TIER,ASSORTED COLOUR BIRD ORNAMENT,PARTY BUNTING,VINTAGE UNION JACK BUNTING
15360,REGENCY CAKESTAND 3 TIER,WHITE HANGING HEART T-LIGHT HOLDER,ASSORTED COLOUR BIRD ORNAMENT,PAPER CHAIN KIT 50'S CHRISTMAS ,BAKING SET 9 PIECE RETROSPOT 
15361,WHITE HANGING HEART T-LIGHT HOLDER,PICNIC BASKET WICKER SMALL,REGENCY CAKESTAND 3 TIER,PARTY BUNTING,JUMBO BAG RED WHITE SPOTTY 
15362,HOT WATER BOTTLE TEA AND SYMPATHY,PINK CREAM FELT CRAFT TRINKET BOX ,WHITE HANGING HEART T-LIGHT HOLDER,REGENCY CAKESTAND 3 TIER,ASSORTED COLOUR BIRD ORNAMENT
15363,VINTAGE HEADS AND TAILS CARD GAME ,WHITE HANGING HEART T-LIGHT HOLDER,REGENCY CAKESTAND 3 TIER,ASSORTED COLOUR BIRD ORNAMENT,PARTY BUNTING
15364,PAPER CHAIN KIT 50'S CHRISTMAS ,60 TEATIME FAIRY CAKE CASES,PACK OF 72 RETROSPOT CAKE CASES,HAND WARMER BIRD DESIGN,WHITE HANGING HEART T-LIGHT HOLDER
15365,LUNCH BAG PINK POLKADOT,LUNCH BAG WOODLAND,LUNCH BAG SUKI  DESIGN ,LUNCH BAG CARS BLUE,LUNCH BAG SPACEBOY DESIGN 
15366,60 TEATIME FAIRY CAKE CASES,PACK OF 72 RETROSPOT CAKE CASES,PICNIC BASKET WICKER SMALL,PARTY BUNTING,JUMBO BAG RED WHITE SPOTTY 
15367,JUMBO BAG RED RETROSPOT,PACK OF 72 RETROSPOT CAKE CASES,JUMBO BAG PINK POLKADOT,LUNCH BAG SUKI  DESIGN ,JUMBO BAG SCANDINAVIAN PAISLEY
15368,REGENCY CAKESTAND 3 TIER,WHITE HANGING HEART T-LIGHT HOLDER,ASSORTED COLOUR BIRD ORNAMENT,PAPER CHAIN KIT 50'S CHRISTMAS ,BAKING SET 9 PIECE RETROSPOT 
15369,PACK OF 72 RETROSPOT CAKE CASES,PACK OF 60 DINOSAUR CAKE CASES,WHITE HANGING HEART T-LIGHT HOLDER,PICNIC BASKET WICKER SMALL,REGENCY CAKESTAND 3 TIER
15370,BLUE 3 PIECE MINI DOTS CUTLERY SET,PACK OF 60 DINOSAUR CAKE CASES,72 SWEETHEART FAIRY CAKE CASES,PACK OF 60 PINK PAISLEY CAKE CASES,PACK OF 72 RETROSPOT CAKE CASES
15371,WHITE HANGING HEART T-LIGHT HOLDER,REGENCY CAKESTAND 3 TIER,ASSORTED COLOUR BIRD ORNAMENT,PARTY BUNTING,VINTAGE UNION JACK BUNTING
15372,ROSES REGENCY TEACUP AND SAUCER ,60 TEATIME FAIRY CAKE CASES,PACK OF 72 RETROSPOT CAKE CASES,VINTAGE HEADS AND TAILS CARD GAME ,WHITE HANGING HEART T-LIGHT HOLDER
15373,60 TEATIME FAIRY CAKE CASES,PACK OF 72 RETROSPOT CAKE CASES,ALARM CLOCK BAKELIKE GREEN,CHOCOLATE HOT WATER BOTTLE,"PAPER CRAFT , LITTLE BIRDIE"
15374,LUNCH BAG WOODLAND,LUNCH BAG PINK POLKADOT,LUNCH BAG SUKI  DESIGN ,LUNCH BAG SPACEBOY DESIGN ,LUNCH BAG  BLACK SKULL.
15375,WHITE HANGING HEART T-LIGHT HOLDER,REGENCY CAKESTAND 3 TIER,ASSORTED COLOUR BIRD ORNAMENT,PARTY BUNTING,VINTAGE UNION JACK BUNTING
15376,WOODEN PICTURE FRAME WHITE FINISH,WHITE HANGING HEART T-LIGHT HOLDER,ASSORTED COLOUR BIRD ORNAMENT,PAPER CHAIN KIT 50'S CHRISTMAS ,RABBIT NIGHT LIGHT
15377,WHITE HANGING HEART T-LIGHT HOLDER,PICNIC BASKET WICKER SMALL,REGENCY CAKESTAND 3 TIER,PARTY BUNTING,JUMBO BAG RED WHITE SPOTTY 
15378,JUMBO BAG RED RETROSPOT,JUMBO BAG PINK POLKADOT,JUMBO BAG STRAWBERRY,LUNCH BAG SUKI  DESIGN ,WHITE HANGING HEART T-LIGHT HOLDER
15379,JUMBO BAG RED RETROSPOT,LUNCH BAG SUKI  DESIGN ,PACK OF 72 RETROSPOT CAKE CASES,JUMBO BAG PINK POLKADOT,LUNCH BAG SPACEBOY DESIGN 
15380,REGENCY CAKESTAND 3 TIER,WHITE HANGING HEART T-LIGHT HOLDER,"PAPER CRAFT , LITTLE BIRDIE",JUMBO BAG RED WHITE SPOTTY ,ASSORTED COLOUR BIRD ORNAMENT
15381,WHITE HANGING HEART T-LIGHT HOLDER,PICNIC BASKET WICKER SMALL,REGENCY CAKESTAND 3 TIER,PARTY BUNTING,JUMBO BAG RED WHITE SPOTTY 
15382,PACK OF 72 RETROSPOT CAKE CASES,JUMBO BAG RED RETROSPOT,JUMBO BAG PINK POLKADOT,LUNCH BAG SUKI  DESIGN ,LUNCH BAG CARS BLUE
15384,PACK OF 72 RETROSPOT CAKE CASES,60 TEATIME FAIRY CAKE CASES,JUMBO BAG RED RETROSPOT,LUNCH BAG PINK POLKADOT,LUNCH BAG WOODLAND
15385,REGENCY CAKESTAND 3 TIER,PAPER CHAIN KIT 50'S CHRISTMAS ,BAKING SET 9 PIECE RETROSPOT ,METAL SIGN TAKE IT OR LEAVE IT ,RABBIT NIGHT LIGHT
15386,WHITE HANGING HEART T-LIGHT HOLDER,REGENCY CAKESTAND 3 TIER,ASSORTED COLOUR BIRD ORNAMENT,PARTY BUNTING,VINTAGE UNION JACK BUNTING
15387,WHITE HANGING HEART T-LIGHT HOLDER,REGENCY CAKESTAND 3 TIER,ASSORTED COLOUR BIRD ORNAMENT,PARTY BUNTING,VINTAGE UNION JACK BUNTING
15388,WHITE HANGING HEART T-LIGHT HOLDER,REGENCY CAKESTAND 3 TIER,PARTY BUNTING,VINTAGE UNION JACK BUNTING,BAKING SET 9 PIECE RETROSPOT 
15389,WHITE HANGING HEART T-LIGHT HOLDER,PICNIC BASKET WICKER SMALL,REGENCY CAKESTAND 3 TIER,PARTY BUNTING,JUMBO BAG RED WHITE SPOTTY 
15390,60 TEATIME FAIRY CAKE CASES,PACK OF 72 RETROSPOT CAKE CASES,SWEETHEART CERAMIC TRINKET BOX,PAPER CHAIN KIT 50'S CHRISTMAS ,PICNIC BASKET WICKER SMALL
15391,WHITE HANGING HEART T-LIGHT HOLDER,REGENCY CAKESTAND 3 TIER,ASSORTED COLOUR BIRD ORNAMENT,PARTY BUNTING,VINTAGE UNION JACK BUNTING
15392,60 TEATIME FAIRY CAKE CASES,PACK OF 72 RETROSPOT CAKE CASES,PINK CREAM FELT CRAFT TRINKET BOX ,WHITE HANGING HEART T-LIGHT HOLDER,"PAPER CRAFT , LITTLE BIRDIE"
15393,WHITE HANGING HEART T-LIGHT HOLDER,LOVE BUILDING BLOCK WORD,REGENCY CAKESTAND 3 TIER,PAPER CHAIN KIT 50'S CHRISTMAS ,BAKING SET 9 PIECE RETROSPOT 
15394,JUMBO BAG RED RETROSPOT,JUMBO BAG PINK POLKADOT,LUNCH BAG SUKI  DESIGN ,LUNCH BAG PINK POLKADOT,LUNCH BAG WOODLAND
15395,WHITE HANGING HEART T-LIGHT HOLDER,REGENCY CAKESTAND 3 TIER,ASSORTED COLOUR BIRD ORNAMENT,PARTY BUNTING,VINTAGE UNION JACK BUNTING
15396,PINK BLUE FELT CRAFT TRINKET BOX,WHITE HANGING HEART T-LIGHT HOLDER,PICNIC BASKET WICKER SMALL,REGENCY CAKESTAND 3 TIER,JUMBO BAG RED WHITE SPOTTY 
15397,WHITE HANGING HEART T-LIGHT HOLDER,REGENCY CAKESTAND 3 TIER,ASSORTED COLOUR BIRD ORNAMENT,PARTY BUNTING,VINTAGE UNION JACK BUNTING
15398,LUNCH BAG WOODLAND,LUNCH BAG PINK POLKADOT,LUNCH BAG SUKI  DESIGN ,LUNCH BAG SPACEBOY DESIGN ,LUNCH BAG  BLACK SKULL.
15399,HAND WARMER OWL DESIGN,ASSORTED COLOUR BIRD ORNAMENT,LUNCH BAG CARS BLUE,LUNCH BAG SPACEBOY DESIGN ,LUNCH BAG PINK POLKADOT
15400,JUMBO BAG PINK POLKADOT,JUMBO STORAGE BAG SUKI,JUMBO BAG RED RETROSPOT,WHITE HANGING HEART T-LIGHT HOLDER,PICNIC BASKET WICKER SMALL
15401,HEART OF WICKER SMALL,WHITE HANGING HEART T-LIGHT HOLDER,REGENCY CAKESTAND 3 TIER,ASSORTED COLOUR BIRD ORNAMENT,PARTY BUNTING
15402,PICNIC BASKET WICKER SMALL,REGENCY CAKESTAND 3 TIER,PARTY BUNTING,JUMBO BAG RED WHITE SPOTTY ,ASSORTED COLOUR BIRD ORNAMENT
15403,WHITE HANGING HEART T-LIGHT HOLDER,REGENCY CAKESTAND 3 TIER,ASSORTED COLOUR BIRD ORNAMENT,PARTY BUNTING,VINTAGE UNION JACK BUNTING
15404,WHITE HANGING HEART T-LIGHT HOLDER,REGENCY CAKESTAND 3 TIER,ASSORTED COLOUR BIRD ORNAMENT,PARTY BUNTING,VINTAGE UNION JACK BUNTING
15405,LOVE BUILDING BLOCK WORD,WHITE HANGING HEART T-LIGHT HOLDER,REGENCY CAKESTAND 3 TIER,PARTY BUNTING,VINTAGE UNION JACK BUNTING
15406,JUMBO BAG RED RETROSPOT,PACK OF 72 RETROSPOT CAKE CASES,JUMBO STORAGE BAG SUKI,JUMBO BAG PINK POLKADOT,HAND WARMER OWL DESIGN
15407,JUMBO BAG RED RETROSPOT,LOVE BUILDING BLOCK WORD,JUMBO BAG PINK VINTAGE PAISLEY,HAND WARMER SCOTTY DOG DESIGN,HAND WARMER BIRD DESIGN
15408,REGENCY CAKESTAND 3 TIER,ASSORTED COLOUR BIRD ORNAMENT,PARTY BUNTING,VINTAGE UNION JACK BUNTING,BAKING SET 9 PIECE RETROSPOT 
15409,WHITE HANGING HEART T-LIGHT HOLDER,REGENCY CAKESTAND 3 TIER,ASSORTED COLOUR BIRD ORNAMENT,PARTY BUNTING,VINTAGE UNION JACK BUNTING
15410,WHITE HANGING HEART T-LIGHT HOLDER,WOODEN FRAME ANTIQUE WHITE ,HOME BUILDING BLOCK WORD,PICNIC BASKET WICKER SMALL,ASSORTED COLOUR BIRD ORNAMENT
15411,JUMBO BAG RED RETROSPOT,JUMBO STORAGE BAG SUKI,JUMBO BAG PINK POLKADOT,JUMBO BAG SCANDINAVIAN PAISLEY,PAPER CHAIN KIT 50'S CHRISTMAS 
15412,HEART OF WICKER SMALL,REGENCY CAKESTAND 3 TIER,ASSORTED COLOUR BIRD ORNAMENT,PARTY BUNTING,VINTAGE UNION JACK BUNTING
15413,WOODEN FRAME ANTIQUE WHITE ,WHITE HANGING HEART T-LIGHT HOLDER,PICNIC BASKET WICKER SMALL,REGENCY CAKESTAND 3 TIER,PARTY BUNTING
15414,VINTAGE SNAP CARDS,LOVE BUILDING BLOCK WORD,WHITE HANGING HEART T-LIGHT HOLDER,PINK CREAM FELT CRAFT TRINKET BOX ,REGENCY CAKESTAND 3 TIER
15415,PACK OF 72 RETROSPOT CAKE CASES,PACK OF 60 DINOSAUR CAKE CASES,PACK OF 60 PINK PAISLEY CAKE CASES,JUMBO BAG RED RETROSPOT,LUNCH BAG PINK POLKADOT
15416,LUNCH BAG SPACEBOY DESIGN ,LUNCH BAG PINK POLKADOT,LUNCH BAG SUKI  DESIGN ,LUNCH BAG  BLACK SKULL.,LUNCH BAG RED RETROSPOT
15417,LUNCH BAG PINK POLKADOT,LUNCH BAG SUKI  DESIGN ,LUNCH BAG SPACEBOY DESIGN ,LUNCH BAG RED RETROSPOT,JUMBO BAG RED RETROSPOT
15418,PAPER CHAIN KIT 50'S CHRISTMAS ,HOME BUILDING BLOCK WORD,WHITE HANGING HEART T-LIGHT HOLDER,ASSORTED COLOUR BIRD ORNAMENT,PARTY BUNTING
15419,REGENCY CAKESTAND 3 TIER,WHITE HANGING HEART T-LIGHT HOLDER,ASSORTED COLOUR BIRD ORNAMENT,PAPER CHAIN KIT 50'S CHRISTMAS ,BAKING SET 9 PIECE RETROSPOT 
15420,60 TEATIME FAIRY CAKE CASES,PACK OF 72 RETROSPOT CAKE CASES,WHITE HANGING HEART T-LIGHT HOLDER,PICNIC BASKET WICKER SMALL,REGENCY CAKESTAND 3 TIER
15421,PACK OF 72 RETROSPOT CAKE CASES,JUMBO BAG RED RETROSPOT,JUMBO BAG PINK POLKADOT,LUNCH BAG SUKI  DESIGN ,WOODEN PICTURE FRAME WHITE FINISH
15422,GIN + TONIC DIET METAL SIGN,HOT WATER BOTTLE TEA AND SYMPATHY,PAPER CHAIN KIT 50'S CHRISTMAS ,WHITE HANGING HEART T-LIGHT HOLDER,PICNIC BASKET WICKER SMALL
15423,REGENCY CAKESTAND 3 TIER,WHITE HANGING HEART T-LIGHT HOLDER,ASSORTED COLOUR BIRD ORNAMENT,PAPER CHAIN KIT 50'S CHRISTMAS ,BAKING SET 9 PIECE RETROSPOT 
15424,PINK CREAM FELT CRAFT TRINKET BOX ,WHITE HANGING HEART T-LIGHT HOLDER,REGENCY CAKESTAND 3 TIER,ASSORTED COLOUR BIRD ORNAMENT,PARTY BUNTING
15425,LOVE BUILDING BLOCK WORD,ASSORTED COLOUR BIRD ORNAMENT,PICNIC BASKET WICKER SMALL,REGENCY CAKESTAND 3 TIER,PARTY BUNTING
15426,PACK OF 72 RETROSPOT CAKE CASES,LUNCH BAG PINK POLKADOT,LUNCH BAG SUKI  DESIGN ,LUNCH BAG SPACEBOY DESIGN ,LUNCH BAG RED RETROSPOT
15427,WHITE HANGING HEART T-LIGHT HOLDER,LOVE BUILDING BLOCK WORD,HEART OF WICKER LARGE,HAND WARMER SCOTTY DOG DESIGN,VINTAGE HEADS AND TAILS CARD GAME 
15428,REGENCY CAKESTAND 3 TIER,ASSORTED COLOUR BIRD ORNAMENT,PAPER CHAIN KIT 50'S CHRISTMAS ,BAKING SET 9 PIECE RETROSPOT ,METAL SIGN TAKE IT OR LEAVE IT 
15429,LOVE BUILDING BLOCK WORD,HAND WARMER OWL DESIGN,PAPER CHAIN KIT VINTAGE CHRISTMAS,BATHROOM METAL SIGN,VINTAGE HEADS AND TAILS CARD GAME 
15430,WHITE HANGING HEART T-LIGHT HOLDER,JUMBO BAG STRAWBERRY,JUMBO  BAG BAROQUE BLACK WHITE,JUMBO BAG PINK POLKADOT,JUMBO SHOPPER VINTAGE RED PAISLEY
15431,WHITE HANGING HEART T-LIGHT HOLDER,REGENCY CAKESTAND 3 TIER,ASSORTED COLOUR BIRD ORNAMENT,PARTY BUNTING,VINTAGE UNION JACK BUNTING
15432,HEART OF WICKER SMALL,WHITE HANGING HEART T-LIGHT HOLDER,PAPER CHAIN KIT 50'S CHRISTMAS ,BAKING SET 9 PIECE RETROSPOT ,METAL SIGN TAKE IT OR LEAVE IT 
15433,LUNCH BAG PINK POLKADOT,LUNCH BAG SUKI  DESIGN ,LUNCH BAG SPACEBOY DESIGN ,LUNCH BAG RED RETROSPOT,PACK OF 60 DINOSAUR CAKE CASES
15434,WHITE HANGING HEART T-LIGHT HOLDER,GIN + TONIC DIET METAL SIGN,REGENCY CAKESTAND 3 TIER,"PAPER CRAFT , LITTLE BIRDIE",JUMBO BAG RED WHITE SPOTTY 
15435,REGENCY CAKESTAND 3 TIER,WHITE HANGING HEART T-LIGHT HOLDER,ASSORTED COLOUR BIRD ORNAMENT,PAPER CHAIN KIT 50'S CHRISTMAS ,BAKING SET 9 PIECE RETROSPOT 
15436,PACK OF 72 RETROSPOT CAKE CASES,WHITE HANGING HEART T-LIGHT HOLDER,JUMBO BAG PINK VINTAGE PAISLEY,JUMBO BAG RED RETROSPOT,PAPER CHAIN KIT 50'S CHRISTMAS 
15437,WHITE HANGING HEART T-LIGHT HOLDER,JUMBO BAG PINK POLKADOT,JUMBO STORAGE BAG SUKI,JUMBO BAG RED RETROSPOT,REGENCY CAKESTAND 3 TIER
15438,WOOD S/3 CABINET ANT WHITE FINISH,PINK REGENCY TEACUP AND SAUCER,ROSES REGENCY TEACUP AND SAUCER ,WHITE HANGING HEART T-LIGHT HOLDER,REGENCY CAKESTAND 3 TIER
15439,JUMBO BAG PINK POLKADOT,JUMBO BAG RED RETROSPOT,LUNCH BAG SUKI  DESIGN ,LUNCH BAG WOODLAND,LUNCH BAG PINK POLKADOT
15440,WHITE HANGING HEART T-LIGHT HOLDER,WOODEN PICTURE FRAME WHITE FINISH,PACK OF 72 RETROSPOT CAKE CASES,JUMBO BAG RED RETROSPOT,HEART OF WICKER SMALL
15441,PACK OF 72 RETROSPOT CAKE CASES,PACK OF 60 DINOSAUR CAKE CASES,72 SWEETHEART FAIRY CAKE CASES,WHITE HANGING HEART T-LIGHT HOLDER,PICNIC BASKET WICKER SMALL
15442,WHITE HANGING HEART T-LIGHT HOLDER,REGENCY CAKESTAND 3 TIER,ASSORTED COLOUR BIRD ORNAMENT,PARTY BUNTING,VINTAGE UNION JACK BUNTING
15443,PACK OF 72 RETROSPOT CAKE CASES,WHITE HANGING HEART T-LIGHT HOLDER,REGENCY CAKESTAND 3 TIER,"PAPER CRAFT , LITTLE BIRDIE",JUMBO BAG RED WHITE SPOTTY 
15444,HAND WARMER OWL DESIGN,PAPER CHAIN KIT 50'S CHRISTMAS ,BAKING SET 9 PIECE RETROSPOT ,METAL SIGN TAKE IT OR LEAVE IT ,JUMBO BAG RED WHITE SPOTTY 
15445,WHITE HANGING HEART T-LIGHT HOLDER,ASSORTED COLOUR BIRD ORNAMENT,VINTAGE UNION JACK BUNTING,BAKING SET 9 PIECE RETROSPOT ,GRAND CHOCOLATECANDLE
15446,SWEETHEART CERAMIC TRINKET BOX,JUMBO BAG RED RETROSPOT,HOME BUILDING BLOCK WORD,60 TEATIME FAIRY CAKE CASES,PACK OF 72 RETROSPOT CAKE CASES
15447,WHITE HANGING HEART T-LIGHT HOLDER,PICNIC BASKET WICKER SMALL,JUMBO BAG RED WHITE SPOTTY ,FAIRY CAKE FLANNEL ASSORTED COLOUR,GIN + TONIC DIET METAL SIGN
15448,WHITE HANGING HEART T-LIGHT HOLDER,REGENCY CAKESTAND 3 TIER,PARTY BUNTING,VINTAGE UNION JACK BUNTING,BAKING SET 9 PIECE RETROSPOT 
15449,60 TEATIME FAIRY CAKE CASES,PACK OF 72 RETROSPOT CAKE CASES,JUMBO BAG SCANDINAVIAN PAISLEY,JUMBO BAG RED RETROSPOT,HEART OF WICKER LARGE
15450,HAND WARMER SCOTTY DOG DESIGN,HAND WARMER BIRD DESIGN,STRAWBERRY CERAMIC TRINKET BOX,REGENCY CAKESTAND 3 TIER,WHITE HANGING HEART T-LIGHT HOLDER
15451,60 TEATIME FAIRY CAKE CASES,PACK OF 72 RETROSPOT CAKE CASES,WHITE HANGING HEART T-LIGHT HOLDER,ALARM CLOCK BAKELIKE GREEN,STRAWBERRY CERAMIC TRINKET BOX
15452,LUNCH BAG CARS BLUE,LUNCH BAG SPACEBOY DESIGN ,LUNCH BAG PINK POLKADOT,LUNCH BAG SUKI  DESIGN ,LUNCH BAG RED RETROSPOT
15453,LOVE BUILDING BLOCK WORD,HAND WARMER SCOTTY DOG DESIGN,REGENCY CAKESTAND 3 TIER,ASSORTED COLOUR BIRD ORNAMENT,PAPER CHAIN KIT 50'S CHRISTMAS 
15454,PAPER CHAIN KIT 50'S CHRISTMAS ,HOT WATER BOTTLE TEA AND SYMPATHY,WHITE HANGING HEART T-LIGHT HOLDER,REGENCY CAKESTAND 3 TIER,ASSORTED COLOUR BIRD ORNAMENT
15455,WHITE HANGING HEART T-LIGHT HOLDER,ASSORTED COLOUR BIRD ORNAMENT,PARTY BUNTING,VINTAGE UNION JACK BUNTING,BAKING SET 9 PIECE RETROSPOT 
15456,LUNCH BAG PINK POLKADOT,LUNCH BAG WOODLAND,LUNCH BAG SUKI  DESIGN ,LUNCH BAG CARS BLUE,LUNCH BAG SPACEBOY DESIGN 
15457,GIN + TONIC DIET METAL SIGN,LUNCH BAG CARS BLUE,LUNCH BAG SPACEBOY DESIGN ,LUNCH BAG PINK POLKADOT,LUNCH BAG SUKI  DESIGN 
15458,REGENCY CAKESTAND 3 TIER,WHITE HANGING HEART T-LIGHT HOLDER,ASSORTED COLOUR BIRD ORNAMENT,PAPER CHAIN KIT 50'S CHRISTMAS ,BAKING SET 9 PIECE RETROSPOT 
15459,HEART OF WICKER LARGE,WHITE HANGING HEART T-LIGHT HOLDER,REGENCY CAKESTAND 3 TIER,ASSORTED COLOUR BIRD ORNAMENT,PARTY BUNTING
15460,WHITE HANGING HEART T-LIGHT HOLDER,JUMBO STORAGE BAG SUKI,JUMBO BAG PINK POLKADOT,JUMBO BAG RED RETROSPOT,PACK OF 60 DINOSAUR CAKE CASES
15461,WHITE HANGING HEART T-LIGHT HOLDER,REGENCY CAKESTAND 3 TIER,ASSORTED COLOUR BIRD ORNAMENT,PARTY BUNTING,VINTAGE UNION JACK BUNTING
15462,SWEETHEART CERAMIC TRINKET BOX,BLUE 3 PIECE MINI DOTS CUTLERY SET,60 TEATIME FAIRY CAKE CASES,PACK OF 72 RETROSPOT CAKE CASES,WHITE HANGING HEART T-LIGHT HOLDER
15463,REGENCY CAKESTAND 3 TIER,WHITE HANGING HEART T-LIGHT HOLDER,ASSORTED COLOUR BIRD ORNAMENT,PAPER CHAIN KIT 50'S CHRISTMAS ,BAKING SET 9 PIECE RETROSPOT 
15464,LOVE BUILDING BLOCK WORD,LUNCH BAG WOODLAND,LUNCH BAG PINK POLKADOT,LUNCH BAG SUKI  DESIGN ,LUNCH BAG SPACEBOY DESIGN 
15465,HEART OF WICKER SMALL,"PAPER CRAFT , LITTLE BIRDIE",JUMBO BAG RED WHITE SPOTTY ,MEDIUM CERAMIC TOP STORAGE JAR,PARTY BUNTING
15466,PACK OF 72 RETROSPOT CAKE CASES,HOME BUILDING BLOCK WORD,WHITE HANGING HEART T-LIGHT HOLDER,JUMBO BAG SCANDINAVIAN PAISLEY,JUMBO BAG RED RETROSPOT
15467,REGENCY CAKESTAND 3 TIER,WHITE HANGING HEART T-LIGHT HOLDER,ASSORTED COLOUR BIRD ORNAMENT,PAPER CHAIN KIT 50'S CHRISTMAS ,BAKING SET 9 PIECE RETROSPOT 
15468,HAND WARMER OWL DESIGN,CHOCOLATE HOT WATER BOTTLE,REGENCY CAKESTAND 3 TIER,ASSORTED COLOUR BIRD ORNAMENT,PAPER CHAIN KIT 50'S CHRISTMAS 
15469,PAPER CHAIN KIT 50'S CHRISTMAS ,CHOCOLATE HOT WATER BOTTLE,HEART OF WICKER SMALL,REGENCY CAKESTAND 3 TIER,ASSORTED COLOUR BIRD ORNAMENT
15470,WHITE HANGING HEART T-LIGHT HOLDER,REGENCY CAKESTAND 3 TIER,ASSORTED COLOUR BIRD ORNAMENT,PARTY BUNTING,VINTAGE UNION JACK BUNTING
15471,REGENCY CAKESTAND 3 TIER,ASSORTED COLOUR BIRD ORNAMENT,PAPER CHAIN KIT 50'S CHRISTMAS ,BAKING SET 9 PIECE RETROSPOT ,METAL SIGN TAKE IT OR LEAVE IT 
15472,LOVE BUILDING BLOCK WORD,WHITE HANGING HEART T-LIGHT HOLDER,REGENCY CAKESTAND 3 TIER,PARTY BUNTING,VINTAGE UNION JACK BUNTING
15473,HEART OF WICKER SMALL,WHITE HANGING HEART T-LIGHT HOLDER,REGENCY CAKESTAND 3 TIER,"PAPER CRAFT , LITTLE BIRDIE",JUMBO BAG RED WHITE SPOTTY 
15474,WHITE HANGING HEART T-LIGHT HOLDER,REGENCY CAKESTAND 3 TIER,PARTY BUNTING,VINTAGE UNION JACK BUNTING,BAKING SET 9 PIECE RETROSPOT 
15475,WHITE HANGING HEART T-LIGHT HOLDER,REGENCY CAKESTAND 3 TIER,ASSORTED COLOUR BIRD ORNAMENT,PARTY BUNTING,VINTAGE UNION JACK BUNTING
15476,HAND WARMER OWL DESIGN,HEART OF WICKER SMALL,HOT WATER BOTTLE TEA AND SYMPATHY,PICNIC BASKET WICKER SMALL,REGENCY CAKESTAND 3 TIER
15477,WHITE HANGING HEART T-LIGHT HOLDER,REGENCY CAKESTAND 3 TIER,ASSORTED COLOUR BIRD ORNAMENT,PARTY BUNTING,VINTAGE UNION JACK BUNTING
15478,JUMBO BAG RED RETROSPOT,JUMBO BAG PINK POLKADOT,JUMBO BAG STRAWBERRY,LUNCH BAG SUKI  DESIGN ,HOT WATER BOTTLE TEA AND SYMPATHY
15479,WHITE HANGING HEART T-LIGHT HOLDER,REGENCY CAKESTAND 3 TIER,ASSORTED COLOUR BIRD ORNAMENT,PARTY BUNTING,VINTAGE UNION JACK BUNTING
15480,BLUE 3 PIECE MINI DOTS CUTLERY SET,VINTAGE HEADS AND TAILS CARD GAME ,WHITE HANGING HEART T-LIGHT HOLDER,PICNIC BASKET WICKER SMALL,PARTY BUNTING
15481,PACK OF 72 RETROSPOT CAKE CASES,72 SWEETHEART FAIRY CAKE CASES,WHITE HANGING HEART T-LIGHT HOLDER,REGENCY CAKESTAND 3 TIER,ASSORTED COLOUR BIRD ORNAMENT
15482,LUNCH BAG PINK POLKADOT,LUNCH BAG SUKI  DESIGN ,LUNCH BAG SPACEBOY DESIGN ,LUNCH BAG  BLACK SKULL.,LUNCH BAG RED RETROSPOT
15483,GIN + TONIC DIET METAL SIGN,PAPER CHAIN KIT VINTAGE CHRISTMAS,PACK OF 72 RETROSPOT CAKE CASES,WHITE HANGING HEART T-LIGHT HOLDER,PICNIC BASKET WICKER SMALL
15484,LUNCH BAG SUKI  DESIGN ,JUMBO BAG PINK POLKADOT,JUMBO BAG RED RETROSPOT,LUNCH BAG PINK POLKADOT,LUNCH BAG WOODLAND
15485,WOODEN PICTURE FRAME WHITE FINISH,WHITE HANGING HEART T-LIGHT HOLDER,REGENCY CAKESTAND 3 TIER,"PAPER CRAFT , LITTLE BIRDIE",JUMBO BAG RED WHITE SPOTTY 
15486,WHITE HANGING HEART T-LIGHT HOLDER,REGENCY CAKESTAND 3 TIER,ASSORTED COLOUR BIRD ORNAMENT,PARTY BUNTING,VINTAGE UNION JACK BUNTING
15487,VINTAGE SNAP CARDS,WHITE HANGING HEART T-LIGHT HOLDER,REGENCY CAKESTAND 3 TIER,ASSORTED COLOUR BIRD ORNAMENT,PARTY BUNTING
15488,PICNIC BASKET WICKER SMALL,REGENCY CAKESTAND 3 TIER,PARTY BUNTING,JUMBO BAG RED WHITE SPOTTY ,FAIRY CAKE FLANNEL ASSORTED COLOUR
15489,REGENCY CAKESTAND 3 TIER,WHITE HANGING HEART T-LIGHT HOLDER,"PAPER CRAFT , LITTLE BIRDIE",JUMBO BAG RED WHITE SPOTTY ,ASSORTED COLOUR BIRD ORNAMENT
15490,JUMBO STORAGE BAG SUKI,JUMBO BAG PINK POLKADOT,JUMBO BAG RED RETROSPOT,WHITE HANGING HEART T-LIGHT HOLDER,REGENCY CAKESTAND 3 TIER
15491,WHITE HANGING HEART T-LIGHT HOLDER,60 TEATIME FAIRY CAKE CASES,PACK OF 72 RETROSPOT CAKE CASES,JUMBO BAG RED WHITE SPOTTY ,ASSORTED COLOUR BIRD ORNAMENT
15492,REGENCY CAKESTAND 3 TIER,WHITE HANGING HEART T-LIGHT HOLDER,ASSORTED COLOUR BIRD ORNAMENT,PAPER CHAIN KIT 50'S CHRISTMAS ,BAKING SET 9 PIECE RETROSPOT 
15493,WHITE HANGING HEART T-LIGHT HOLDER,"PAPER CRAFT , LITTLE BIRDIE",JUMBO BAG RED WHITE SPOTTY ,ASSORTED COLOUR BIRD ORNAMENT,MEDIUM CERAMIC TOP STORAGE JAR
15494,PACK OF 72 RETROSPOT CAKE CASES,JUMBO BAG RED RETROSPOT,PAPER CHAIN KIT 50'S CHRISTMAS ,60 TEATIME FAIRY CAKE CASES,JUMBO BAG STRAWBERRY
15495,WHITE HANGING HEART T-LIGHT HOLDER,GIN + TONIC DIET METAL SIGN,PACK OF 60 DINOSAUR CAKE CASES,72 SWEETHEART FAIRY CAKE CASES,PACK OF 60 PINK PAISLEY CAKE CASES
15496,WHITE HANGING HEART T-LIGHT HOLDER,REGENCY CAKESTAND 3 TIER,ASSORTED COLOUR BIRD ORNAMENT,PARTY BUNTING,VINTAGE UNION JACK BUNTING
15497,WHITE HANGING HEART T-LIGHT HOLDER,"PAPER CRAFT , LITTLE BIRDIE",JUMBO BAG RED WHITE SPOTTY ,MEDIUM CERAMIC TOP STORAGE JAR,PARTY BUNTING
15498,JUMBO BAG RED RETROSPOT,PACK OF 72 RETROSPOT CAKE CASES,LUNCH BAG SUKI  DESIGN ,JUMBO BAG PINK POLKADOT,LUNCH BAG PINK POLKADOT
15499,CHOCOLATE HOT WATER BOTTLE,JUMBO STORAGE BAG SUKI,JUMBO BAG PINK POLKADOT,JUMBO BAG RED RETROSPOT,WHITE HANGING HEART T-LIGHT HOLDER
15500,CHOCOLATE HOT WATER BOTTLE,WHITE HANGING HEART T-LIGHT HOLDER,ASSORTED COLOUR BIRD ORNAMENT,METAL SIGN TAKE IT OR LEAVE IT ,RABBIT NIGHT LIGHT
15501,WHITE HANGING HEART T-LIGHT HOLDER,HEART OF WICKER SMALL,HOT WATER BOTTLE TEA AND SYMPATHY,REGENCY CAKESTAND 3 TIER,ASSORTED COLOUR BIRD ORNAMENT
15502,PACK OF 72 RETROSPOT CAKE CASES,WOODEN FRAME ANTIQUE WHITE ,PACK OF 60 DINOSAUR CAKE CASES,72 SWEETHEART FAIRY CAKE CASES,HOME BUILDING BLOCK WORD
15503,LUNCH BAG SPACEBOY DESIGN ,LUNCH BAG PINK POLKADOT,LUNCH BAG SUKI  DESIGN ,LUNCH BAG RED RETROSPOT,WHITE HANGING HEART T-LIGHT HOLDER
15504,REGENCY CAKESTAND 3 TIER,WHITE HANGING HEART T-LIGHT HOLDER,ASSORTED COLOUR BIRD ORNAMENT,PAPER CHAIN KIT 50'S CHRISTMAS ,BAKING SET 9 PIECE RETROSPOT 
15505,CHOCOLATE HOT WATER BOTTLE,WHITE HANGING HEART T-LIGHT HOLDER,PICNIC BASKET WICKER SMALL,REGENCY CAKESTAND 3 TIER,PARTY BUNTING
15506,LUNCH BAG SPACEBOY DESIGN ,LUNCH BAG PINK POLKADOT,LUNCH BAG SUKI  DESIGN ,LUNCH BAG RED RETROSPOT,JUMBO STORAGE BAG SUKI
15507,WOODEN PICTURE FRAME WHITE FINISH,WHITE HANGING HEART T-LIGHT HOLDER,JUMBO BAG PINK POLKADOT,JUMBO STORAGE BAG SUKI,JUMBO BAG RED RETROSPOT
15508,JUMBO STORAGE BAG SUKI,JUMBO BAG PINK POLKADOT,JUMBO BAG RED RETROSPOT,SWEETHEART CERAMIC TRINKET BOX,PARTY BUNTING
15509,WHITE HANGING HEART T-LIGHT HOLDER,REGENCY CAKESTAND 3 TIER,ASSORTED COLOUR BIRD ORNAMENT,PARTY BUNTING,VINTAGE UNION JACK BUNTING
15510,WHITE HANGING HEART T-LIGHT HOLDER,REGENCY CAKESTAND 3 TIER,ASSORTED COLOUR BIRD ORNAMENT,PARTY BUNTING,VINTAGE UNION JACK BUNTING
15511,ROSES REGENCY TEACUP AND SAUCER ,LOVE BUILDING BLOCK WORD,PACK OF 60 DINOSAUR CAKE CASES,72 SWEETHEART FAIRY CAKE CASES,PACK OF 60 PINK PAISLEY CAKE CASES
15512,PINK REGENCY TEACUP AND SAUCER,GREEN REGENCY TEACUP AND SAUCER,ALARM CLOCK BAKELIKE RED ,WHITE HANGING HEART T-LIGHT HOLDER,ASSORTED COLOUR BIRD ORNAMENT
15513,SWEETHEART CERAMIC TRINKET BOX,LOVE BUILDING BLOCK WORD,PACK OF 72 RETROSPOT CAKE CASES,"PAPER CRAFT , LITTLE BIRDIE",JUMBO BAG RED WHITE SPOTTY 
15514,PAPER CHAIN KIT VINTAGE CHRISTMAS,HAND WARMER SCOTTY DOG DESIGN,HAND WARMER BIRD DESIGN,REGENCY CAKESTAND 3 TIER,WHITE HANGING HEART T-LIGHT HOLDER
15515,WHITE HANGING HEART T-LIGHT HOLDER,REGENCY CAKESTAND 3 TIER,ASSORTED COLOUR BIRD ORNAMENT,PARTY BUNTING,VINTAGE UNION JACK BUNTING
15516,REGENCY CAKESTAND 3 TIER,WHITE HANGING HEART T-LIGHT HOLDER,ASSORTED COLOUR BIRD ORNAMENT,PAPER CHAIN KIT 50'S CHRISTMAS ,BAKING SET 9 PIECE RETROSPOT 
15517,PACK OF 60 DINOSAUR CAKE CASES,72 SWEETHEART FAIRY CAKE CASES,PACK OF 60 PINK PAISLEY CAKE CASES,PACK OF 72 RETROSPOT CAKE CASES,WHITE HANGING HEART T-LIGHT HOLDER
15518,PACK OF 72 RETROSPOT CAKE CASES,LUNCH BAG SPACEBOY DESIGN ,LUNCH BAG PINK POLKADOT,LUNCH BAG SUKI  DESIGN ,LUNCH BAG RED RETROSPOT
15519,HOT WATER BOTTLE TEA AND SYMPATHY,WHITE HANGING HEART T-LIGHT HOLDER,REGENCY CAKESTAND 3 TIER,ASSORTED COLOUR BIRD ORNAMENT,PARTY BUNTING
15520,GIN + TONIC DIET METAL SIGN,REGENCY CAKESTAND 3 TIER,WHITE HANGING HEART T-LIGHT HOLDER,ASSORTED COLOUR BIRD ORNAMENT,PAPER CHAIN KIT 50'S CHRISTMAS 
15521,LUNCH BAG CARS BLUE,LUNCH BAG SPACEBOY DESIGN ,LUNCH BAG PINK POLKADOT,LUNCH BAG SUKI  DESIGN ,LUNCH BAG  BLACK SKULL.
15522,RED RETROSPOT CHARLOTTE BAG,LUNCH BAG CARS BLUE,LUNCH BAG SPACEBOY DESIGN ,LUNCH BAG PINK POLKADOT,LUNCH BAG SUKI  DESIGN 
15523,PACK OF 72 RETROSPOT CAKE CASES,JUMBO BAG RED RETROSPOT,JUMBO BAG PINK POLKADOT,JUMBO STORAGE BAG SUKI,REGENCY CAKESTAND 3 TIER
15524,WHITE HANGING HEART T-LIGHT HOLDER,ASSORTED COLOUR BIRD ORNAMENT,PAPER CHAIN KIT 50'S CHRISTMAS ,BAKING SET 9 PIECE RETROSPOT ,METAL SIGN TAKE IT OR LEAVE IT 
15525,BLUE 3 PIECE MINI DOTS CUTLERY SET,60 TEATIME FAIRY CAKE CASES,PACK OF 72 RETROSPOT CAKE CASES,HAND WARMER SCOTTY DOG DESIGN,VINTAGE SNAP CARDS
15526,REGENCY CAKESTAND 3 TIER,WHITE HANGING HEART T-LIGHT HOLDER,ASSORTED COLOUR BIRD ORNAMENT,PAPER CHAIN KIT 50'S CHRISTMAS ,BAKING SET 9 PIECE RETROSPOT 
15527,JUMBO BAG RED RETROSPOT,JUMBO STORAGE BAG SUKI,JUMBO BAG PINK POLKADOT,LUNCH BAG CARS BLUE,LUNCH BAG SPACEBOY DESIGN 
15528,WHITE HANGING HEART T-LIGHT HOLDER,REGENCY CAKESTAND 3 TIER,ASSORTED COLOUR BIRD ORNAMENT,PARTY BUNTING,VINTAGE UNION JACK BUNTING
15529,JUMBO BAG RED RETROSPOT,LUNCH BAG SUKI  DESIGN ,JUMBO BAG PINK POLKADOT,PACK OF 72 RETROSPOT CAKE CASES,LUNCH BAG PINK POLKADOT
15530,PAPER CHAIN KIT 50'S CHRISTMAS ,HAND WARMER SCOTTY DOG DESIGN,HAND WARMER BIRD DESIGN,ASSORTED COLOUR BIRD ORNAMENT,METAL SIGN TAKE IT OR LEAVE IT 
15531,JUMBO BAG RED RETROSPOT,JUMBO STORAGE BAG SUKI,JUMBO BAG PINK POLKADOT,WHITE HANGING HEART T-LIGHT HOLDER,LOVE BUILDING BLOCK WORD
15532,WHITE HANGING HEART T-LIGHT HOLDER,SWEETHEART CERAMIC TRINKET BOX,PINK BLUE FELT CRAFT TRINKET BOX,REGENCY CAKESTAND 3 TIER,"PAPER CRAFT , LITTLE BIRDIE"
15533,JUMBO BAG SCANDINAVIAN PAISLEY,JUMBO BAG RED RETROSPOT,REGENCY CAKESTAND 3 TIER,WHITE HANGING HEART T-LIGHT HOLDER,ASSORTED COLOUR BIRD ORNAMENT
15534,WHITE HANGING HEART T-LIGHT HOLDER,WOOD S/3 CABINET ANT WHITE FINISH,REGENCY CAKESTAND 3 TIER,ASSORTED COLOUR BIRD ORNAMENT,PARTY BUNTING
15535,HOME BUILDING BLOCK WORD,WHITE HANGING HEART T-LIGHT HOLDER,PICNIC BASKET WICKER SMALL,JUMBO BAG RED WHITE SPOTTY ,ASSORTED COLOUR BIRD ORNAMENT
15536,WHITE HANGING HEART T-LIGHT HOLDER,REGENCY CAKESTAND 3 TIER,ASSORTED COLOUR BIRD ORNAMENT,PARTY BUNTING,VINTAGE UNION JACK BUNTING
15537,RED RETROSPOT CHARLOTTE BAG,WHITE HANGING HEART T-LIGHT HOLDER,REGENCY CAKESTAND 3 TIER,ASSORTED COLOUR BIRD ORNAMENT,VINTAGE UNION JACK BUNTING
15538,WHITE HANGING HEART T-LIGHT HOLDER,PICNIC BASKET WICKER SMALL,REGENCY CAKESTAND 3 TIER,PARTY BUNTING,JUMBO BAG RED WHITE SPOTTY 
15539,HAND WARMER BIRD DESIGN,VINTAGE SNAP CARDS,PAPER CHAIN KIT VINTAGE CHRISTMAS,PINK CREAM FELT CRAFT TRINKET BOX ,REGENCY CAKESTAND 3 TIER
15540,PAPER CHAIN KIT VINTAGE CHRISTMAS,REGENCY CAKESTAND 3 TIER,WHITE HANGING HEART T-LIGHT HOLDER,ASSORTED COLOUR BIRD ORNAMENT,METAL SIGN TAKE IT OR LEAVE IT 
15541,JUMBO BAG RED RETROSPOT,JUMBO BAG PINK POLKADOT,JUMBO BAG STRAWBERRY,JUMBO  BAG BAROQUE BLACK WHITE,LUNCH BAG SUKI  DESIGN 
15542,JUMBO BAG RED RETROSPOT,JUMBO BAG PINK POLKADOT,LUNCH BAG SUKI  DESIGN ,LUNCH BAG SPACEBOY DESIGN ,LUNCH BAG PINK POLKADOT
15543,BLUE 3 PIECE MINI DOTS CUTLERY SET,HOME BUILDING BLOCK WORD,WHITE HANGING HEART T-LIGHT HOLDER,ASSORTED COLOUR BIRD ORNAMENT,PARTY BUNTING
15544,LUNCH BAG SPACEBOY DESIGN ,LUNCH BAG PINK POLKADOT,LUNCH BAG SUKI  DESIGN ,LUNCH BAG RED RETROSPOT,PACK OF 72 RETROSPOT CAKE CASES
15545,LOVE BUILDING BLOCK WORD,WHITE HANGING HEART T-LIGHT HOLDER,REGENCY CAKESTAND 3 TIER,PAPER CHAIN KIT 50'S CHRISTMAS ,BAKING SET 9 PIECE RETROSPOT 
15546,WHITE HANGING HEART T-LIGHT HOLDER,REGENCY CAKESTAND 3 TIER,ASSORTED COLOUR BIRD ORNAMENT,PARTY BUNTING,VINTAGE UNION JACK BUNTING
15547,PACK OF 72 RETROSPOT CAKE CASES,SWEETHEART CERAMIC TRINKET BOX,PACK OF 60 DINOSAUR CAKE CASES,PACK OF 60 PINK PAISLEY CAKE CASES,PINK BLUE FELT CRAFT TRINKET BOX
15548,GIN + TONIC DIET METAL SIGN,HOT WATER BOTTLE TEA AND SYMPATHY,WHITE HANGING HEART T-LIGHT HOLDER,REGENCY CAKESTAND 3 TIER,ASSORTED COLOUR BIRD ORNAMENT
15549,WHITE HANGING HEART T-LIGHT HOLDER,PICNIC BASKET WICKER SMALL,REGENCY CAKESTAND 3 TIER,PARTY BUNTING,JUMBO BAG RED WHITE SPOTTY 
15550,LUNCH BAG SPACEBOY DESIGN ,LUNCH BAG PINK POLKADOT,LUNCH BAG SUKI  DESIGN ,LUNCH BAG RED RETROSPOT,JUMBO STORAGE BAG SUKI
15551,WHITE HANGING HEART T-LIGHT HOLDER,REGENCY CAKESTAND 3 TIER,PICNIC BASKET WICKER SMALL,PARTY BUNTING,JUMBO BAG RED WHITE SPOTTY 
15552,WHITE HANGING HEART T-LIGHT HOLDER,REGENCY CAKESTAND 3 TIER,ASSORTED COLOUR BIRD ORNAMENT,PARTY BUNTING,VINTAGE UNION JACK BUNTING
15553,60 TEATIME FAIRY CAKE CASES,PACK OF 72 RETROSPOT CAKE CASES,REGENCY CAKESTAND 3 TIER,PAPER CHAIN KIT VINTAGE CHRISTMAS,WHITE HANGING HEART T-LIGHT HOLDER
15554,GREEN REGENCY TEACUP AND SAUCER,ROSES REGENCY TEACUP AND SAUCER ,WHITE HANGING HEART T-LIGHT HOLDER,REGENCY CAKESTAND 3 TIER,ASSORTED COLOUR BIRD ORNAMENT
15555,JUMBO BAG RED RETROSPOT,LUNCH BAG SUKI  DESIGN ,JUMBO BAG PINK POLKADOT,LUNCH BAG PINK POLKADOT,LUNCH BAG SPACEBOY DESIGN 
15556,VINTAGE SNAP CARDS,REGENCY CAKESTAND 3 TIER,WHITE HANGING HEART T-LIGHT HOLDER,ASSORTED COLOUR BIRD ORNAMENT,PAPER CHAIN KIT 50'S CHRISTMAS 
15557,REGENCY CAKESTAND 3 TIER,WHITE HANGING HEART T-LIGHT HOLDER,ASSORTED COLOUR BIRD ORNAMENT,PAPER CHAIN KIT 50'S CHRISTMAS ,BAKING SET 9 PIECE RETROSPOT 
15558,WHITE HANGING HEART T-LIGHT HOLDER,REGENCY CAKESTAND 3 TIER,PARTY BUNTING,VINTAGE UNION JACK BUNTING,BAKING SET 9 PIECE RETROSPOT 
15559,WHITE HANGING HEART T-LIGHT HOLDER,REGENCY CAKESTAND 3 TIER,ASSORTED COLOUR BIRD ORNAMENT,PARTY BUNTING,VINTAGE UNION JACK BUNTING
15560,VINTAGE HEADS AND TAILS CARD GAME ,WHITE HANGING HEART T-LIGHT HOLDER,REGENCY CAKESTAND 3 TIER,PARTY BUNTING,VINTAGE UNION JACK BUNTING
15561,REGENCY CAKESTAND 3 TIER,WHITE HANGING HEART T-LIGHT HOLDER,"PAPER CRAFT , LITTLE BIRDIE",JUMBO BAG RED WHITE SPOTTY ,ASSORTED COLOUR BIRD ORNAMENT
15562,WHITE HANGING HEART T-LIGHT HOLDER,REGENCY CAKESTAND 3 TIER,ASSORTED COLOUR BIRD ORNAMENT,PARTY BUNTING,VINTAGE UNION JACK BUNTING
15563,PACK OF 72 RETROSPOT CAKE CASES,PINK REGENCY TEACUP AND SAUCER,GREEN REGENCY TEACUP AND SAUCER,"PAPER CRAFT , LITTLE BIRDIE",JUMBO BAG RED WHITE SPOTTY 
15564,WHITE HANGING HEART T-LIGHT HOLDER,REGENCY CAKESTAND 3 TIER,ASSORTED COLOUR BIRD ORNAMENT,PARTY BUNTING,VINTAGE UNION JACK BUNTING
15565,REGENCY CAKESTAND 3 TIER,WHITE HANGING HEART T-LIGHT HOLDER,ASSORTED COLOUR BIRD ORNAMENT,PAPER CHAIN KIT 50'S CHRISTMAS ,BAKING SET 9 PIECE RETROSPOT 
15566,REGENCY CAKESTAND 3 TIER,ASSORTED COLOUR BIRD ORNAMENT,PARTY BUNTING,VINTAGE UNION JACK BUNTING,BAKING SET 9 PIECE RETROSPOT 
15567,REGENCY CAKESTAND 3 TIER,WHITE HANGING HEART T-LIGHT HOLDER,ASSORTED COLOUR BIRD ORNAMENT,PAPER CHAIN KIT 50'S CHRISTMAS ,BAKING SET 9 PIECE RETROSPOT 
15568,HOT WATER BOTTLE TEA AND SYMPATHY,REGENCY CAKESTAND 3 TIER,WHITE HANGING HEART T-LIGHT HOLDER,ASSORTED COLOUR BIRD ORNAMENT,PAPER CHAIN KIT 50'S CHRISTMAS 
15569,JUMBO BAG PINK POLKADOT,JUMBO BAG RED RETROSPOT,JUMBO BAG STRAWBERRY,JUMBO  BAG BAROQUE BLACK WHITE,LUNCH BAG SUKI  DESIGN 
15570,"PAPER CRAFT , LITTLE BIRDIE",JUMBO BAG RED WHITE SPOTTY ,MEDIUM CERAMIC TOP STORAGE JAR,CHILLI LIGHTS,JUMBO BAG PINK WITH WHITE SPOTS
15571,PACK OF 72 RETROSPOT CAKE CASES,JUMBO BAG RED RETROSPOT,JUMBO BAG PINK POLKADOT,JUMBO STORAGE BAG SUKI,JUMBO BAG PINK VINTAGE PAISLEY
15572,JUMBO BAG RED RETROSPOT,LOVE BUILDING BLOCK WORD,LUNCH BAG PINK POLKADOT,LUNCH BAG WOODLAND,LUNCH BAG SUKI  DESIGN 
15573,PACK OF 72 RETROSPOT CAKE CASES,SWEETHEART CERAMIC TRINKET BOX,PACK OF 60 DINOSAUR CAKE CASES,72 SWEETHEART FAIRY CAKE CASES,PINK 3 PIECE MINI DOTS CUTLERY SET
15574,ALARM CLOCK BAKELIKE GREEN,LUNCH BAG WOODLAND,LUNCH BAG PINK POLKADOT,LUNCH BAG SUKI  DESIGN ,LUNCH BAG SPACEBOY DESIGN 
15575,WHITE HANGING HEART T-LIGHT HOLDER,REGENCY CAKESTAND 3 TIER,ASSORTED COLOUR BIRD ORNAMENT,PARTY BUNTING,VINTAGE UNION JACK BUNTING
15576,WHITE HANGING HEART T-LIGHT HOLDER,REGENCY CAKESTAND 3 TIER,ASSORTED COLOUR BIRD ORNAMENT,PAPER CHAIN KIT 50'S CHRISTMAS ,BAKING SET 9 PIECE RETROSPOT 
15577,LUNCH BAG SUKI  DESIGN ,LUNCH BAG PINK POLKADOT,LUNCH BAG SPACEBOY DESIGN ,LUNCH BAG RED RETROSPOT,60 TEATIME FAIRY CAKE CASES
15578,60 TEATIME FAIRY CAKE CASES,PACK OF 72 RETROSPOT CAKE CASES,WHITE HANGING HEART T-LIGHT HOLDER,REGENCY CAKESTAND 3 TIER,ASSORTED COLOUR BIRD ORNAMENT
15579,PACK OF 72 RETROSPOT CAKE CASES,PACK OF 60 DINOSAUR CAKE CASES,PACK OF 60 PINK PAISLEY CAKE CASES,HEART OF WICKER SMALL,PICNIC BASKET WICKER SMALL
15580,PACK OF 72 RETROSPOT CAKE CASES,LUNCH BAG SUKI  DESIGN ,LUNCH BAG PINK POLKADOT,LUNCH BAG WOODLAND,LUNCH BAG SPACEBOY DESIGN 
15581,JUMBO BAG RED RETROSPOT,WHITE HANGING HEART T-LIGHT HOLDER,PACK OF 72 RETROSPOT CAKE CASES,LUNCH BAG SUKI  DESIGN ,LUNCH BAG PINK POLKADOT
15582,60 TEATIME FAIRY CAKE CASES,PACK OF 72 RETROSPOT CAKE CASES,SWEETHEART CERAMIC TRINKET BOX,REGENCY CAKESTAND 3 TIER,WHITE HANGING HEART T-LIGHT HOLDER
15583,60 TEATIME FAIRY CAKE CASES,PACK OF 72 RETROSPOT CAKE CASES,JUMBO BAG PINK POLKADOT,JUMBO STORAGE BAG SUKI,JUMBO BAG RED RETROSPOT
15584,JUMBO BAG RED RETROSPOT,JUMBO BAG PINK POLKADOT,STRAWBERRY CERAMIC TRINKET BOX,GIN + TONIC DIET METAL SIGN,PAPER CHAIN KIT VINTAGE CHRISTMAS
15585,WOODEN FRAME ANTIQUE WHITE ,WHITE HANGING HEART T-LIGHT HOLDER,REGENCY CAKESTAND 3 TIER,ASSORTED COLOUR BIRD ORNAMENT,VINTAGE UNION JACK BUNTING
15586,60 TEATIME FAIRY CAKE CASES,PACK OF 72 RETROSPOT CAKE CASES,WHITE HANGING HEART T-LIGHT HOLDER,PICNIC BASKET WICKER SMALL,REGENCY CAKESTAND 3 TIER
15587,WHITE HANGING HEART T-LIGHT HOLDER,PICNIC BASKET WICKER SMALL,REGENCY CAKESTAND 3 TIER,PARTY BUNTING,JUMBO BAG RED WHITE SPOTTY 
15588,WHITE HANGING HEART T-LIGHT HOLDER,REGENCY CAKESTAND 3 TIER,ASSORTED COLOUR BIRD ORNAMENT,PARTY BUNTING,VINTAGE UNION JACK BUNTING
15589,PACK OF 60 DINOSAUR CAKE CASES,72 SWEETHEART FAIRY CAKE CASES,PACK OF 60 PINK PAISLEY CAKE CASES,PACK OF 72 RETROSPOT CAKE CASES,REGENCY CAKESTAND 3 TIER
15590,WHITE HANGING HEART T-LIGHT HOLDER,PICNIC BASKET WICKER SMALL,REGENCY CAKESTAND 3 TIER,JUMBO BAG RED WHITE SPOTTY ,FAIRY CAKE FLANNEL ASSORTED COLOUR
15591,WOOD 2 DRAWER CABINET WHITE FINISH,WOODEN PICTURE FRAME WHITE FINISH,WHITE HANGING HEART T-LIGHT HOLDER,REGENCY CAKESTAND 3 TIER,ASSORTED COLOUR BIRD ORNAMENT
15592,VINTAGE HEADS AND TAILS CARD GAME ,PINK BLUE FELT CRAFT TRINKET BOX,STRAWBERRY CERAMIC TRINKET BOX,REGENCY CAKESTAND 3 TIER,WHITE HANGING HEART T-LIGHT HOLDER
15593,WHITE HANGING HEART T-LIGHT HOLDER,REGENCY CAKESTAND 3 TIER,ASSORTED COLOUR BIRD ORNAMENT,PARTY BUNTING,VINTAGE UNION JACK BUNTING
15594,WOODEN FRAME ANTIQUE WHITE ,WHITE HANGING HEART T-LIGHT HOLDER,ASSORTED COLOUR BIRD ORNAMENT,REGENCY CAKESTAND 3 TIER,PAPER CHAIN KIT 50'S CHRISTMAS 
15595,WHITE HANGING HEART T-LIGHT HOLDER,REGENCY CAKESTAND 3 TIER,ASSORTED COLOUR BIRD ORNAMENT,PARTY BUNTING,VINTAGE UNION JACK BUNTING
15596,PACK OF 72 RETROSPOT CAKE CASES,WHITE HANGING HEART T-LIGHT HOLDER,REGENCY CAKESTAND 3 TIER,PARTY BUNTING,JUMBO BAG RED WHITE SPOTTY 
15597,WHITE HANGING HEART T-LIGHT HOLDER,REGENCY CAKESTAND 3 TIER,ASSORTED COLOUR BIRD ORNAMENT,PAPER CHAIN KIT 50'S CHRISTMAS ,BAKING SET 9 PIECE RETROSPOT 
15598,LOVE BUILDING BLOCK WORD,REGENCY CAKESTAND 3 TIER,PAPER CHAIN KIT 50'S CHRISTMAS ,BAKING SET 9 PIECE RETROSPOT ,METAL SIGN TAKE IT OR LEAVE IT 
15599,60 TEATIME FAIRY CAKE CASES,PACK OF 72 RETROSPOT CAKE CASES,REGENCY CAKESTAND 3 TIER,WHITE HANGING HEART T-LIGHT HOLDER,PAPER CHAIN KIT 50'S CHRISTMAS 
15600,RED RETROSPOT CHARLOTTE BAG,WOODEN PICTURE FRAME WHITE FINISH,HEART OF WICKER LARGE,CHOCOLATE HOT WATER BOTTLE,VINTAGE HEADS AND TAILS CARD GAME 
15601,PINK REGENCY TEACUP AND SAUCER,SWEETHEART CERAMIC TRINKET BOX,JUMBO BAG PINK POLKADOT,JUMBO STORAGE BAG SUKI,JUMBO BAG RED RETROSPOT
15602,"PAPER CRAFT , LITTLE BIRDIE",JUMBO BAG RED WHITE SPOTTY ,ASSORTED COLOUR BIRD ORNAMENT,MEDIUM CERAMIC TOP STORAGE JAR,PARTY BUNTING
15603,WHITE HANGING HEART T-LIGHT HOLDER,REGENCY CAKESTAND 3 TIER,ASSORTED COLOUR BIRD ORNAMENT,PARTY BUNTING,VINTAGE UNION JACK BUNTING
15604,WHITE HANGING HEART T-LIGHT HOLDER,REGENCY CAKESTAND 3 TIER,ASSORTED COLOUR BIRD ORNAMENT,PARTY BUNTING,VINTAGE UNION JACK BUNTING
15605,SWEETHEART CERAMIC TRINKET BOX,LOVE BUILDING BLOCK WORD,WHITE HANGING HEART T-LIGHT HOLDER,HAND WARMER OWL DESIGN,GIN + TONIC DIET METAL SIGN
15606,REGENCY CAKESTAND 3 TIER,"PAPER CRAFT , LITTLE BIRDIE",JUMBO BAG RED WHITE SPOTTY ,ASSORTED COLOUR BIRD ORNAMENT,MEDIUM CERAMIC TOP STORAGE JAR
15607,PACK OF 72 RETROSPOT CAKE CASES,WHITE HANGING HEART T-LIGHT HOLDER,PICNIC BASKET WICKER SMALL,REGENCY CAKESTAND 3 TIER,PARTY BUNTING
15608,SWEETHEART CERAMIC TRINKET BOX,PINK REGENCY TEACUP AND SAUCER,ROSES REGENCY TEACUP AND SAUCER ,VINTAGE HEADS AND TAILS CARD GAME ,REGENCY CAKESTAND 3 TIER
15609,WHITE HANGING HEART T-LIGHT HOLDER,REGENCY CAKESTAND 3 TIER,ASSORTED COLOUR BIRD ORNAMENT,VINTAGE UNION JACK BUNTING,GRAND CHOCOLATECANDLE
15610,JUMBO STORAGE BAG SUKI,JUMBO BAG PINK POLKADOT,JUMBO BAG RED RETROSPOT,WHITE HANGING HEART T-LIGHT HOLDER,REGENCY CAKESTAND 3 TIER
15611,PINK REGENCY TEACUP AND SAUCER,WHITE HANGING HEART T-LIGHT HOLDER,"PAPER CRAFT , LITTLE BIRDIE",JUMBO BAG RED WHITE SPOTTY ,ASSORTED COLOUR BIRD ORNAMENT
15612,REGENCY CAKESTAND 3 TIER,WHITE HANGING HEART T-LIGHT HOLDER,ASSORTED COLOUR BIRD ORNAMENT,PAPER CHAIN KIT 50'S CHRISTMAS ,BAKING SET 9 PIECE RETROSPOT 
15613,60 TEATIME FAIRY CAKE CASES,PACK OF 72 RETROSPOT CAKE CASES,WHITE HANGING HEART T-LIGHT HOLDER,REGENCY CAKESTAND 3 TIER,ASSORTED COLOUR BIRD ORNAMENT
15614,JUMBO STORAGE BAG SUKI,JUMBO BAG PINK POLKADOT,JUMBO BAG RED RETROSPOT,WHITE HANGING HEART T-LIGHT HOLDER,PICNIC BASKET WICKER SMALL
15615,JUMBO BAG RED RETROSPOT,PACK OF 72 RETROSPOT CAKE CASES,JUMBO BAG PINK POLKADOT,LUNCH BAG SUKI  DESIGN ,LUNCH BAG SPACEBOY DESIGN 
15616,WHITE HANGING HEART T-LIGHT HOLDER,REGENCY CAKESTAND 3 TIER,ASSORTED COLOUR BIRD ORNAMENT,PARTY BUNTING,VINTAGE UNION JACK BUNTING
15617,TOILET METAL SIGN,WHITE HANGING HEART T-LIGHT HOLDER,PICNIC BASKET WICKER SMALL,REGENCY CAKESTAND 3 TIER,PARTY BUNTING
15618,PACK OF 60 DINOSAUR CAKE CASES,72 SWEETHEART FAIRY CAKE CASES,PACK OF 60 PINK PAISLEY CAKE CASES,PACK OF 72 RETROSPOT CAKE CASES,REGENCY CAKESTAND 3 TIER
15619,REGENCY CAKESTAND 3 TIER,WHITE HANGING HEART T-LIGHT HOLDER,ASSORTED COLOUR BIRD ORNAMENT,PAPER CHAIN KIT 50'S CHRISTMAS ,BAKING SET 9 PIECE RETROSPOT 
15620,RED RETROSPOT CHARLOTTE BAG,HEART OF WICKER LARGE,WHITE HANGING HEART T-LIGHT HOLDER,PICNIC BASKET WICKER SMALL,REGENCY CAKESTAND 3 TIER
15621,REGENCY CAKESTAND 3 TIER,ASSORTED COLOUR BIRD ORNAMENT,PAPER CHAIN KIT 50'S CHRISTMAS ,BAKING SET 9 PIECE RETROSPOT ,METAL SIGN TAKE IT OR LEAVE IT 
15622,JUMBO BAG RED RETROSPOT,PACK OF 72 RETROSPOT CAKE CASES,LUNCH BAG SUKI  DESIGN ,JUMBO BAG PINK POLKADOT,LUNCH BAG PINK POLKADOT
15623,WHITE HANGING HEART T-LIGHT HOLDER,HEART OF WICKER LARGE,PICNIC BASKET WICKER SMALL,REGENCY CAKESTAND 3 TIER,JUMBO BAG RED WHITE SPOTTY 
15624,TOILET METAL SIGN,PICNIC BASKET WICKER SMALL,REGENCY CAKESTAND 3 TIER,PARTY BUNTING,JUMBO BAG RED WHITE SPOTTY 
15625,LUNCH BAG WOODLAND,LUNCH BAG PINK POLKADOT,LUNCH BAG SUKI  DESIGN ,LUNCH BAG SPACEBOY DESIGN ,LUNCH BAG  BLACK SKULL.
15626,VINTAGE HEADS AND TAILS CARD GAME ,HEART OF WICKER SMALL,WHITE HANGING HEART T-LIGHT HOLDER,TOILET METAL SIGN,PICNIC BASKET WICKER SMALL
15627,LUNCH BAG WOODLAND,LUNCH BAG PINK POLKADOT,LUNCH BAG SUKI  DESIGN ,LUNCH BAG SPACEBOY DESIGN ,LUNCH BAG  BLACK SKULL.
15628,PACK OF 72 RETROSPOT CAKE CASES,72 SWEETHEART FAIRY CAKE CASES,PACK OF 60 PINK PAISLEY CAKE CASES,HEART OF WICKER SMALL,"PAPER CRAFT , LITTLE BIRDIE"
15629,SWEETHEART CERAMIC TRINKET BOX,WHITE HANGING HEART T-LIGHT HOLDER,PICNIC BASKET WICKER SMALL,REGENCY CAKESTAND 3 TIER,PARTY BUNTING
15630,JUMBO BAG RED RETROSPOT,JUMBO BAG STRAWBERRY,JUMBO  BAG BAROQUE BLACK WHITE,JUMBO BAG PINK POLKADOT,JUMBO SHOPPER VINTAGE RED PAISLEY
15631,PINK 3 PIECE MINI DOTS CUTLERY SET,PINK CREAM FELT CRAFT TRINKET BOX ,WHITE HANGING HEART T-LIGHT HOLDER,REGENCY CAKESTAND 3 TIER,ASSORTED COLOUR BIRD ORNAMENT
15632,LUNCH BAG SPACEBOY DESIGN ,LUNCH BAG PINK POLKADOT,LUNCH BAG SUKI  DESIGN ,LUNCH BAG RED RETROSPOT,LOVE BUILDING BLOCK WORD
15633,JUMBO BAG RED RETROSPOT,LUNCH BAG SUKI  DESIGN ,JUMBO BAG PINK POLKADOT,LOVE BUILDING BLOCK WORD,WHITE HANGING HEART T-LIGHT HOLDER
15634,HAND WARMER OWL DESIGN,HOT WATER BOTTLE TEA AND SYMPATHY,REGENCY CAKESTAND 3 TIER,WHITE HANGING HEART T-LIGHT HOLDER,ASSORTED COLOUR BIRD ORNAMENT
15635,WHITE HANGING HEART T-LIGHT HOLDER,REGENCY CAKESTAND 3 TIER,ASSORTED COLOUR BIRD ORNAMENT,PARTY BUNTING,VINTAGE UNION JACK BUNTING
15636,HEART OF WICKER SMALL,PICNIC BASKET WICKER SMALL,REGENCY CAKESTAND 3 TIER,PARTY BUNTING,JUMBO BAG RED WHITE SPOTTY 
15637,RED RETROSPOT CHARLOTTE BAG,REGENCY CAKESTAND 3 TIER,WHITE HANGING HEART T-LIGHT HOLDER,ASSORTED COLOUR BIRD ORNAMENT,PAPER CHAIN KIT 50'S CHRISTMAS 
15638,WHITE HANGING HEART T-LIGHT HOLDER,PICNIC BASKET WICKER SMALL,REGENCY CAKESTAND 3 TIER,PARTY BUNTING,JUMBO BAG RED WHITE SPOTTY 
15639,WHITE HANGING HEART T-LIGHT HOLDER,PICNIC BASKET WICKER SMALL,REGENCY CAKESTAND 3 TIER,PARTY BUNTING,JUMBO BAG RED WHITE SPOTTY 
15640,JUMBO BAG RED RETROSPOT,PACK OF 72 RETROSPOT CAKE CASES,JUMBO BAG PINK POLKADOT,LUNCH BAG SUKI  DESIGN ,JUMBO BAG STRAWBERRY
15641,JUMBO BAG RED RETROSPOT,PACK OF 60 DINOSAUR CAKE CASES,72 SWEETHEART FAIRY CAKE CASES,PACK OF 60 PINK PAISLEY CAKE CASES,PACK OF 72 RETROSPOT CAKE CASES
15642,WHITE HANGING HEART T-LIGHT HOLDER,REGENCY CAKESTAND 3 TIER,ASSORTED COLOUR BIRD ORNAMENT,PARTY BUNTING,VINTAGE UNION JACK BUNTING
15643,TOILET METAL SIGN,WHITE HANGING HEART T-LIGHT HOLDER,PICNIC BASKET WICKER SMALL,JUMBO BAG RED WHITE SPOTTY ,ASSORTED COLOUR BIRD ORNAMENT
15644,PACK OF 72 RETROSPOT CAKE CASES,LUNCH BAG SPACEBOY DESIGN ,LUNCH BAG PINK POLKADOT,LUNCH BAG SUKI  DESIGN ,LUNCH BAG RED RETROSPOT
15645,HEART OF WICKER SMALL,HOT WATER BOTTLE TEA AND SYMPATHY,REGENCY CAKESTAND 3 TIER,ASSORTED COLOUR BIRD ORNAMENT,PAPER CHAIN KIT 50'S CHRISTMAS 
15646,PINK REGENCY TEACUP AND SAUCER,60 TEATIME FAIRY CAKE CASES,PACK OF 72 RETROSPOT CAKE CASES,PICNIC BASKET WICKER SMALL,PARTY BUNTING
15647,STRAWBERRY CERAMIC TRINKET BOX,WHITE HANGING HEART T-LIGHT HOLDER,REGENCY CAKESTAND 3 TIER,ASSORTED COLOUR BIRD ORNAMENT,PARTY BUNTING
15648,WHITE HANGING HEART T-LIGHT HOLDER,ALARM CLOCK BAKELIKE GREEN,LOVE BUILDING BLOCK WORD,REGENCY CAKESTAND 3 TIER,ASSORTED COLOUR BIRD ORNAMENT
15649,WHITE HANGING HEART T-LIGHT HOLDER,PICNIC BASKET WICKER SMALL,REGENCY CAKESTAND 3 TIER,PARTY BUNTING,JUMBO BAG RED WHITE SPOTTY 
15650,WHITE HANGING HEART T-LIGHT HOLDER,REGENCY CAKESTAND 3 TIER,ASSORTED COLOUR BIRD ORNAMENT,PARTY BUNTING,VINTAGE UNION JACK BUNTING
15651,HAND WARMER OWL DESIGN,REGENCY CAKESTAND 3 TIER,WHITE HANGING HEART T-LIGHT HOLDER,ASSORTED COLOUR BIRD ORNAMENT,PAPER CHAIN KIT 50'S CHRISTMAS 
15652,JUMBO BAG RED RETROSPOT,HOME BUILDING BLOCK WORD,WHITE HANGING HEART T-LIGHT HOLDER,JUMBO BAG SCANDINAVIAN PAISLEY,JUMBO BAG PINK POLKADOT
15653,REGENCY CAKESTAND 3 TIER,WHITE HANGING HEART T-LIGHT HOLDER,ASSORTED COLOUR BIRD ORNAMENT,PAPER CHAIN KIT 50'S CHRISTMAS ,BAKING SET 9 PIECE RETROSPOT 
15654,REGENCY CAKESTAND 3 TIER,WHITE HANGING HEART T-LIGHT HOLDER,ASSORTED COLOUR BIRD ORNAMENT,PAPER CHAIN KIT 50'S CHRISTMAS ,METAL SIGN TAKE IT OR LEAVE IT 
15655,GIN + TONIC DIET METAL SIGN,HOME BUILDING BLOCK WORD,WHITE HANGING HEART T-LIGHT HOLDER,REGENCY CAKESTAND 3 TIER,ASSORTED COLOUR BIRD ORNAMENT
15656,WOODEN PICTURE FRAME WHITE FINISH,WHITE HANGING HEART T-LIGHT HOLDER,ASSORTED COLOUR BIRD ORNAMENT,WOOD 2 DRAWER CABINET WHITE FINISH,PAPER CHAIN KIT 50'S CHRISTMAS 
15657,WHITE HANGING HEART T-LIGHT HOLDER,REGENCY CAKESTAND 3 TIER,ASSORTED COLOUR BIRD ORNAMENT,PARTY BUNTING,VINTAGE UNION JACK BUNTING
15658,WHITE HANGING HEART T-LIGHT HOLDER,PAPER CHAIN KIT 50'S CHRISTMAS ,HEART OF WICKER SMALL,PICNIC BASKET WICKER SMALL,JUMBO BAG RED WHITE SPOTTY 
15659,REGENCY CAKESTAND 3 TIER,WHITE HANGING HEART T-LIGHT HOLDER,ASSORTED COLOUR BIRD ORNAMENT,PAPER CHAIN KIT 50'S CHRISTMAS ,BAKING SET 9 PIECE RETROSPOT 
15660,LUNCH BAG WOODLAND,LUNCH BAG PINK POLKADOT,LUNCH BAG SUKI  DESIGN ,LUNCH BAG SPACEBOY DESIGN ,LUNCH BAG  BLACK SKULL.
15661,WHITE HANGING HEART T-LIGHT HOLDER,LOVE BUILDING BLOCK WORD,PICNIC BASKET WICKER SMALL,REGENCY CAKESTAND 3 TIER,PARTY BUNTING
15662,HOME BUILDING BLOCK WORD,WHITE HANGING HEART T-LIGHT HOLDER,REGENCY CAKESTAND 3 TIER,PARTY BUNTING,BAKING SET 9 PIECE RETROSPOT 
15663,WHITE HANGING HEART T-LIGHT HOLDER,REGENCY CAKESTAND 3 TIER,ASSORTED COLOUR BIRD ORNAMENT,PARTY BUNTING,VINTAGE UNION JACK BUNTING
15664,JUMBO STORAGE BAG SUKI,JUMBO BAG PINK POLKADOT,JUMBO BAG RED RETROSPOT,LUNCH BAG WOODLAND,LUNCH BAG PINK POLKADOT
15665,JUMBO BAG RED RETROSPOT,LUNCH BAG SUKI  DESIGN ,PACK OF 72 RETROSPOT CAKE CASES,JUMBO BAG PINK POLKADOT,LUNCH BAG SPACEBOY DESIGN 
15666,LUNCH BAG WOODLAND,LUNCH BAG PINK POLKADOT,LUNCH BAG SUKI  DESIGN ,LUNCH BAG SPACEBOY DESIGN ,LUNCH BAG  BLACK SKULL.
15667,REGENCY CAKESTAND 3 TIER,WHITE HANGING HEART T-LIGHT HOLDER,ASSORTED COLOUR BIRD ORNAMENT,PAPER CHAIN KIT 50'S CHRISTMAS ,BAKING SET 9 PIECE RETROSPOT 
15668,WHITE HANGING HEART T-LIGHT HOLDER,REGENCY CAKESTAND 3 TIER,ASSORTED COLOUR BIRD ORNAMENT,PARTY BUNTING,VINTAGE UNION JACK BUNTING
15669,WHITE HANGING HEART T-LIGHT HOLDER,ASSORTED COLOUR BIRD ORNAMENT,PAPER CHAIN KIT 50'S CHRISTMAS ,BAKING SET 9 PIECE RETROSPOT ,METAL SIGN TAKE IT OR LEAVE IT 
15670,WHITE HANGING HEART T-LIGHT HOLDER,REGENCY CAKESTAND 3 TIER,ASSORTED COLOUR BIRD ORNAMENT,PARTY BUNTING,VINTAGE UNION JACK BUNTING
15671,GIN + TONIC DIET METAL SIGN,PAPER CHAIN KIT VINTAGE CHRISTMAS,REGENCY CAKESTAND 3 TIER,WHITE HANGING HEART T-LIGHT HOLDER,"PAPER CRAFT , LITTLE BIRDIE"
15672,WHITE HANGING HEART T-LIGHT HOLDER,REGENCY CAKESTAND 3 TIER,ASSORTED COLOUR BIRD ORNAMENT,PARTY BUNTING,VINTAGE UNION JACK BUNTING
15673,JUMBO BAG RED RETROSPOT,WHITE HANGING HEART T-LIGHT HOLDER,PACK OF 72 RETROSPOT CAKE CASES,60 TEATIME FAIRY CAKE CASES,HEART OF WICKER LARGE
15674,JUMBO BAG RED RETROSPOT,JUMBO BAG PINK POLKADOT,60 TEATIME FAIRY CAKE CASES,PACK OF 72 RETROSPOT CAKE CASES,LUNCH BAG SUKI  DESIGN 
15675,LUNCH BAG WOODLAND,LUNCH BAG PINK POLKADOT,LUNCH BAG SUKI  DESIGN ,LUNCH BAG SPACEBOY DESIGN ,LUNCH BAG  BLACK SKULL.
15676,VINTAGE HEADS AND TAILS CARD GAME ,ASSORTED COLOUR BIRD ORNAMENT,PAPER CHAIN KIT 50'S CHRISTMAS ,METAL SIGN TAKE IT OR LEAVE IT ,RABBIT NIGHT LIGHT
15677,WHITE HANGING HEART T-LIGHT HOLDER,SWEETHEART CERAMIC TRINKET BOX,HEART OF WICKER LARGE,HOME BUILDING BLOCK WORD,REGENCY CAKESTAND 3 TIER
15678,JUMBO BAG RED RETROSPOT,WHITE HANGING HEART T-LIGHT HOLDER,JUMBO BAG PINK POLKADOT,JUMBO STORAGE BAG SUKI,GIN + TONIC DIET METAL SIGN
15679,JUMBO BAG STRAWBERRY,JUMBO  BAG BAROQUE BLACK WHITE,JUMBO BAG PINK POLKADOT,JUMBO SHOPPER VINTAGE RED PAISLEY,JUMBO BAG RED RETROSPOT
15680,PACK OF 72 RETROSPOT CAKE CASES,PACK OF 60 DINOSAUR CAKE CASES,PACK OF 60 PINK PAISLEY CAKE CASES,HOT WATER BOTTLE TEA AND SYMPATHY,PINK CREAM FELT CRAFT TRINKET BOX 
15681,PAPER CHAIN KIT 50'S CHRISTMAS ,VINTAGE HEADS AND TAILS CARD GAME ,REGENCY CAKESTAND 3 TIER,WHITE HANGING HEART T-LIGHT HOLDER,"PAPER CRAFT , LITTLE BIRDIE"
15682,WHITE HANGING HEART T-LIGHT HOLDER,REGENCY CAKESTAND 3 TIER,ASSORTED COLOUR BIRD ORNAMENT,PARTY BUNTING,VINTAGE UNION JACK BUNTING
15683,PAPER CHAIN KIT VINTAGE CHRISTMAS,WHITE HANGING HEART T-LIGHT HOLDER,REGENCY CAKESTAND 3 TIER,PARTY BUNTING,VINTAGE UNION JACK BUNTING
15684,WHITE HANGING HEART T-LIGHT HOLDER,REGENCY CAKESTAND 3 TIER,ASSORTED COLOUR BIRD ORNAMENT,PARTY BUNTING,VINTAGE UNION JACK BUNTING
15685,WHITE HANGING HEART T-LIGHT HOLDER,REGENCY CAKESTAND 3 TIER,ASSORTED COLOUR BIRD ORNAMENT,PARTY BUNTING,VINTAGE UNION JACK BUNTING
15686,WHITE HANGING HEART T-LIGHT HOLDER,REGENCY CAKESTAND 3 TIER,ASSORTED COLOUR BIRD ORNAMENT,PARTY BUNTING,VINTAGE UNION JACK BUNTING
15687,JUMBO BAG RED RETROSPOT,PACK OF 72 RETROSPOT CAKE CASES,JUMBO STORAGE BAG SUKI,JUMBO BAG PINK POLKADOT,PACK OF 60 DINOSAUR CAKE CASES
15688,HEART OF WICKER LARGE,PAPER CHAIN KIT VINTAGE CHRISTMAS,REGENCY CAKESTAND 3 TIER,ASSORTED COLOUR BIRD ORNAMENT,PARTY BUNTING
15689,WHITE HANGING HEART T-LIGHT HOLDER,PICNIC BASKET WICKER SMALL,REGENCY CAKESTAND 3 TIER,PARTY BUNTING,JUMBO BAG RED WHITE SPOTTY 
15690,REGENCY CAKESTAND 3 TIER,WHITE HANGING HEART T-LIGHT HOLDER,ASSORTED COLOUR BIRD ORNAMENT,PAPER CHAIN KIT 50'S CHRISTMAS ,BAKING SET 9 PIECE RETROSPOT 
15691,PICNIC BASKET WICKER SMALL,REGENCY CAKESTAND 3 TIER,PARTY BUNTING,JUMBO BAG RED WHITE SPOTTY ,ASSORTED COLOUR BIRD ORNAMENT
15692,HEART OF WICKER LARGE,REGENCY CAKESTAND 3 TIER,ASSORTED COLOUR BIRD ORNAMENT,PAPER CHAIN KIT 50'S CHRISTMAS ,BAKING SET 9 PIECE RETROSPOT 
15693,WHITE HANGING HEART T-LIGHT HOLDER,REGENCY CAKESTAND 3 TIER,ASSORTED COLOUR BIRD ORNAMENT,PARTY BUNTING,VINTAGE UNION JACK BUNTING
15694,WHITE HANGING HEART T-LIGHT HOLDER,HEART OF WICKER LARGE,GIN + TONIC DIET METAL SIGN,"PAPER CRAFT , LITTLE BIRDIE",JUMBO BAG RED WHITE SPOTTY 
15695,HOT WATER BOTTLE TEA AND SYMPATHY,LOVE BUILDING BLOCK WORD,PICNIC BASKET WICKER SMALL,PARTY BUNTING,JUMBO BAG RED WHITE SPOTTY 
15696,60 TEATIME FAIRY CAKE CASES,PACK OF 72 RETROSPOT CAKE CASES,ALARM CLOCK BAKELIKE GREEN,"PAPER CRAFT , LITTLE BIRDIE",JUMBO BAG RED WHITE SPOTTY 
15697,WHITE HANGING HEART T-LIGHT HOLDER,REGENCY CAKESTAND 3 TIER,ASSORTED COLOUR BIRD ORNAMENT,PARTY BUNTING,VINTAGE UNION JACK BUNTING
15698,WHITE HANGING HEART T-LIGHT HOLDER,REGENCY CAKESTAND 3 TIER,ASSORTED COLOUR BIRD ORNAMENT,PARTY BUNTING,VINTAGE UNION JACK BUNTING
15699,REGENCY CAKESTAND 3 TIER,WHITE HANGING HEART T-LIGHT HOLDER,ASSORTED COLOUR BIRD ORNAMENT,PAPER CHAIN KIT 50'S CHRISTMAS ,BAKING SET 9 PIECE RETROSPOT 
15700,WHITE HANGING HEART T-LIGHT HOLDER,GIN + TONIC DIET METAL SIGN,JUMBO BAG PINK POLKADOT,JUMBO STORAGE BAG SUKI,JUMBO BAG RED RETROSPOT
15701,WHITE HANGING HEART T-LIGHT HOLDER,60 TEATIME FAIRY CAKE CASES,PACK OF 72 RETROSPOT CAKE CASES,PAPER CHAIN KIT VINTAGE CHRISTMAS,WOOD S/3 CABINET ANT WHITE FINISH
15702,PACK OF 60 DINOSAUR CAKE CASES,72 SWEETHEART FAIRY CAKE CASES,PACK OF 60 PINK PAISLEY CAKE CASES,PACK OF 72 RETROSPOT CAKE CASES,WHITE HANGING HEART T-LIGHT HOLDER
15703,WHITE HANGING HEART T-LIGHT HOLDER,REGENCY CAKESTAND 3 TIER,ASSORTED COLOUR BIRD ORNAMENT,PARTY BUNTING,VINTAGE UNION JACK BUNTING
15704,JUMBO BAG PINK POLKADOT,JUMBO STORAGE BAG SUKI,JUMBO BAG RED RETROSPOT,PICNIC BASKET WICKER SMALL,REGENCY CAKESTAND 3 TIER
15705,WHITE HANGING HEART T-LIGHT HOLDER,REGENCY CAKESTAND 3 TIER,ASSORTED COLOUR BIRD ORNAMENT,PARTY BUNTING,VINTAGE UNION JACK BUNTING
15706,PICNIC BASKET WICKER SMALL,REGENCY CAKESTAND 3 TIER,PARTY BUNTING,JUMBO BAG RED WHITE SPOTTY ,ASSORTED COLOUR BIRD ORNAMENT
15707,PACK OF 72 RETROSPOT CAKE CASES,GIN + TONIC DIET METAL SIGN,PACK OF 60 DINOSAUR CAKE CASES,PAPER CHAIN KIT 50'S CHRISTMAS ,WHITE HANGING HEART T-LIGHT HOLDER
15708,PACK OF 60 DINOSAUR CAKE CASES,72 SWEETHEART FAIRY CAKE CASES,PACK OF 60 PINK PAISLEY CAKE CASES,PACK OF 72 RETROSPOT CAKE CASES,"PAPER CRAFT , LITTLE BIRDIE"
15709,WHITE HANGING HEART T-LIGHT HOLDER,ASSORTED COLOUR BIRD ORNAMENT,VINTAGE UNION JACK BUNTING,BAKING SET 9 PIECE RETROSPOT ,GRAND CHOCOLATECANDLE
15710,GIN + TONIC DIET METAL SIGN,60 TEATIME FAIRY CAKE CASES,PACK OF 72 RETROSPOT CAKE CASES,PINK BLUE FELT CRAFT TRINKET BOX,TOILET METAL SIGN
15711,LOVE BUILDING BLOCK WORD,REGENCY CAKESTAND 3 TIER,ASSORTED COLOUR BIRD ORNAMENT,PARTY BUNTING,VINTAGE UNION JACK BUNTING
15712,LUNCH BAG PINK POLKADOT,LUNCH BAG WOODLAND,LUNCH BAG SUKI  DESIGN ,LUNCH BAG CARS BLUE,LUNCH BAG SPACEBOY DESIGN 
15713,60 TEATIME FAIRY CAKE CASES,PACK OF 72 RETROSPOT CAKE CASES,ASSORTED COLOUR BIRD ORNAMENT,PICNIC BASKET WICKER SMALL,REGENCY CAKESTAND 3 TIER
15714,JUMBO BAG RED RETROSPOT,JUMBO BAG PINK POLKADOT,JUMBO STORAGE BAG SUKI,REGENCY CAKESTAND 3 TIER,WHITE HANGING HEART T-LIGHT HOLDER
15715,60 TEATIME FAIRY CAKE CASES,PACK OF 72 RETROSPOT CAKE CASES,HEART OF WICKER SMALL,PICNIC BASKET WICKER SMALL,REGENCY CAKESTAND 3 TIER
15716,GIN + TONIC DIET METAL SIGN,VINTAGE HEADS AND TAILS CARD GAME ,PICNIC BASKET WICKER SMALL,REGENCY CAKESTAND 3 TIER,JUMBO BAG RED WHITE SPOTTY 
15717,PICNIC BASKET WICKER SMALL,REGENCY CAKESTAND 3 TIER,JUMBO BAG RED WHITE SPOTTY ,ASSORTED COLOUR BIRD ORNAMENT,FAIRY CAKE FLANNEL ASSORTED COLOUR
15718,LOVE BUILDING BLOCK WORD,WHITE HANGING HEART T-LIGHT HOLDER,REGENCY CAKESTAND 3 TIER,ASSORTED COLOUR BIRD ORNAMENT,PARTY BUNTING
15719,JUMBO BAG RED RETROSPOT,LUNCH BAG SUKI  DESIGN ,JUMBO BAG PINK POLKADOT,PACK OF 72 RETROSPOT CAKE CASES,LUNCH BAG PINK POLKADOT
15720,HAND WARMER OWL DESIGN,PINK CREAM FELT CRAFT TRINKET BOX ,VINTAGE HEADS AND TAILS CARD GAME ,REGENCY CAKESTAND 3 TIER,PAPER CHAIN KIT 50'S CHRISTMAS 
15721,JUMBO BAG RED RETROSPOT,PAPER CHAIN KIT VINTAGE CHRISTMAS,HAND WARMER SCOTTY DOG DESIGN,VINTAGE SNAP CARDS,REGENCY CAKESTAND 3 TIER
15722,WHITE HANGING HEART T-LIGHT HOLDER,JUMBO BAG PINK POLKADOT,JUMBO STORAGE BAG SUKI,JUMBO BAG RED RETROSPOT,REGENCY CAKESTAND 3 TIER
15723,JUMBO BAG RED RETROSPOT,JUMBO BAG PINK POLKADOT,60 TEATIME FAIRY CAKE CASES,PACK OF 72 RETROSPOT CAKE CASES,LUNCH BAG SUKI  DESIGN 
15724,SWEETHEART CERAMIC TRINKET BOX,LOVE BUILDING BLOCK WORD,WHITE HANGING HEART T-LIGHT HOLDER,REGENCY CAKESTAND 3 TIER,ASSORTED COLOUR BIRD ORNAMENT
15725,REGENCY CAKESTAND 3 TIER,ASSORTED COLOUR BIRD ORNAMENT,BAKING SET 9 PIECE RETROSPOT ,METAL SIGN TAKE IT OR LEAVE IT ,RABBIT NIGHT LIGHT
15726,WHITE HANGING HEART T-LIGHT HOLDER,REGENCY CAKESTAND 3 TIER,ASSORTED COLOUR BIRD ORNAMENT,PARTY BUNTING,VINTAGE UNION JACK BUNTING
15727,PACK OF 72 RETROSPOT CAKE CASES,LUNCH BAG PINK POLKADOT,LUNCH BAG SUKI  DESIGN ,LUNCH BAG SPACEBOY DESIGN ,LUNCH BAG  BLACK SKULL.
15728,WHITE HANGING HEART T-LIGHT HOLDER,REGENCY CAKESTAND 3 TIER,ASSORTED COLOUR BIRD ORNAMENT,PARTY BUNTING,VINTAGE UNION JACK BUNTING
15729,WHITE HANGING HEART T-LIGHT HOLDER,REGENCY CAKESTAND 3 TIER,ASSORTED COLOUR BIRD ORNAMENT,PARTY BUNTING,VINTAGE UNION JACK BUNTING
15730,LUNCH BAG PINK POLKADOT,LUNCH BAG WOODLAND,LUNCH BAG SUKI  DESIGN ,LUNCH BAG CARS BLUE,LUNCH BAG SPACEBOY DESIGN 
15731,PACK OF 60 DINOSAUR CAKE CASES,72 SWEETHEART FAIRY CAKE CASES,PACK OF 60 PINK PAISLEY CAKE CASES,PACK OF 72 RETROSPOT CAKE CASES,SWEETHEART CERAMIC TRINKET BOX
15732,LUNCH BAG WOODLAND,LUNCH BAG PINK POLKADOT,LUNCH BAG SUKI  DESIGN ,LUNCH BAG SPACEBOY DESIGN ,LUNCH BAG  BLACK SKULL.
15733,PINK REGENCY TEACUP AND SAUCER,REGENCY CAKESTAND 3 TIER,HEART OF WICKER LARGE,WHITE HANGING HEART T-LIGHT HOLDER,ASSORTED COLOUR BIRD ORNAMENT
15734,WHITE HANGING HEART T-LIGHT HOLDER,PICNIC BASKET WICKER SMALL,REGENCY CAKESTAND 3 TIER,JUMBO BAG RED WHITE SPOTTY ,ASSORTED COLOUR BIRD ORNAMENT
15735,WHITE HANGING HEART T-LIGHT HOLDER,REGENCY CAKESTAND 3 TIER,ASSORTED COLOUR BIRD ORNAMENT,PARTY BUNTING,VINTAGE UNION JACK BUNTING
15736,WHITE HANGING HEART T-LIGHT HOLDER,HAND WARMER OWL DESIGN,HOME BUILDING BLOCK WORD,HEART OF WICKER SMALL,PARTY BUNTING
15737,LUNCH BAG WOODLAND,LUNCH BAG PINK POLKADOT,LUNCH BAG SUKI  DESIGN ,LUNCH BAG SPACEBOY DESIGN ,LUNCH BAG RED RETROSPOT
15738,PACK OF 72 RETROSPOT CAKE CASES,PACK OF 60 DINOSAUR CAKE CASES,72 SWEETHEART FAIRY CAKE CASES,PACK OF 60 PINK PAISLEY CAKE CASES,REGENCY CAKESTAND 3 TIER
15739,REGENCY CAKESTAND 3 TIER,WHITE HANGING HEART T-LIGHT HOLDER,ASSORTED COLOUR BIRD ORNAMENT,PAPER CHAIN KIT 50'S CHRISTMAS ,BAKING SET 9 PIECE RETROSPOT 
15740,WHITE HANGING HEART T-LIGHT HOLDER,REGENCY CAKESTAND 3 TIER,ASSORTED COLOUR BIRD ORNAMENT,PARTY BUNTING,VINTAGE UNION JACK BUNTING
15741,WHITE HANGING HEART T-LIGHT HOLDER,REGENCY CAKESTAND 3 TIER,ASSORTED COLOUR BIRD ORNAMENT,PARTY BUNTING,VINTAGE UNION JACK BUNTING
15742,JUMBO BAG SCANDINAVIAN PAISLEY,JUMBO BAG RED RETROSPOT,WHITE HANGING HEART T-LIGHT HOLDER,REGENCY CAKESTAND 3 TIER,ASSORTED COLOUR BIRD ORNAMENT
15743,WHITE HANGING HEART T-LIGHT HOLDER,60 TEATIME FAIRY CAKE CASES,PACK OF 72 RETROSPOT CAKE CASES,HEART OF WICKER LARGE,WOOD S/3 CABINET ANT WHITE FINISH
15744,WHITE HANGING HEART T-LIGHT HOLDER,REGENCY CAKESTAND 3 TIER,ASSORTED COLOUR BIRD ORNAMENT,PARTY BUNTING,VINTAGE UNION JACK BUNTING
15745,WHITE HANGING HEART T-LIGHT HOLDER,HOME BUILDING BLOCK WORD,HOT WATER BOTTLE TEA AND SYMPATHY,PAPER CHAIN KIT 50'S CHRISTMAS ,BAKING SET 9 PIECE RETROSPOT 
15746,LUNCH BAG WOODLAND,LUNCH BAG PINK POLKADOT,LUNCH BAG SUKI  DESIGN ,LUNCH BAG SPACEBOY DESIGN ,LUNCH BAG  BLACK SKULL.
15747,JUMBO BAG RED RETROSPOT,LUNCH BAG SUKI  DESIGN ,JUMBO BAG PINK POLKADOT,LUNCH BAG SPACEBOY DESIGN ,LUNCH BAG PINK POLKADOT
15748,LOVE BUILDING BLOCK WORD,WHITE HANGING HEART T-LIGHT HOLDER,HAND WARMER OWL DESIGN,REGENCY CAKESTAND 3 TIER,ASSORTED COLOUR BIRD ORNAMENT
15749,PICNIC BASKET WICKER SMALL,REGENCY CAKESTAND 3 TIER,PARTY BUNTING,JUMBO BAG RED WHITE SPOTTY ,ASSORTED COLOUR BIRD ORNAMENT
15750,JUMBO BAG RED RETROSPOT,JUMBO BAG PINK POLKADOT,LUNCH BAG SUKI  DESIGN ,LUNCH BAG WOODLAND,LUNCH BAG PINK POLKADOT
15751,PICNIC BASKET WICKER SMALL,REGENCY CAKESTAND 3 TIER,PARTY BUNTING,JUMBO BAG RED WHITE SPOTTY ,ASSORTED COLOUR BIRD ORNAMENT
15752,JUMBO BAG RED RETROSPOT,LUNCH BAG SUKI  DESIGN ,JUMBO BAG PINK POLKADOT,WHITE HANGING HEART T-LIGHT HOLDER,LUNCH BAG PINK POLKADOT
15753,WHITE HANGING HEART T-LIGHT HOLDER,REGENCY CAKESTAND 3 TIER,ASSORTED COLOUR BIRD ORNAMENT,PARTY BUNTING,VINTAGE UNION JACK BUNTING
15754,PACK OF 72 RETROSPOT CAKE CASES,GIN + TONIC DIET METAL SIGN,60 TEATIME FAIRY CAKE CASES,PICNIC BASKET WICKER SMALL,JUMBO BAG RED WHITE SPOTTY 
15755,HAND WARMER OWL DESIGN,PACK OF 60 DINOSAUR CAKE CASES,72 SWEETHEART FAIRY CAKE CASES,PACK OF 60 PINK PAISLEY CAKE CASES,PACK OF 72 RETROSPOT CAKE CASES
15756,JUMBO BAG RED RETROSPOT,JUMBO STORAGE BAG SUKI,JUMBO BAG PINK POLKADOT,WHITE HANGING HEART T-LIGHT HOLDER,LOVE BUILDING BLOCK WORD
15757,PINK BLUE FELT CRAFT TRINKET BOX,HEART OF WICKER SMALL,PICNIC BASKET WICKER SMALL,REGENCY CAKESTAND 3 TIER,JUMBO BAG RED WHITE SPOTTY 
15758,HOT WATER BOTTLE TEA AND SYMPATHY,REGENCY CAKESTAND 3 TIER,WHITE HANGING HEART T-LIGHT HOLDER,ASSORTED COLOUR BIRD ORNAMENT,PAPER CHAIN KIT 50'S CHRISTMAS 
15759,WHITE HANGING HEART T-LIGHT HOLDER,PICNIC BASKET WICKER SMALL,REGENCY CAKESTAND 3 TIER,PARTY BUNTING,JUMBO BAG RED WHITE SPOTTY 
15761,WHITE HANGING HEART T-LIGHT HOLDER,ASSORTED COLOUR BIRD ORNAMENT,PARTY BUNTING,VINTAGE UNION JACK BUNTING,BAKING SET 9 PIECE RETROSPOT 
15762,PAPER CHAIN KIT 50'S CHRISTMAS ,LUNCH BAG PINK POLKADOT,LUNCH BAG WOODLAND,LUNCH BAG SUKI  DESIGN ,LUNCH BAG CARS BLUE
15763,WOODEN PICTURE FRAME WHITE FINISH,WHITE HANGING HEART T-LIGHT HOLDER,HOT WATER BOTTLE TEA AND SYMPATHY,ASSORTED COLOUR BIRD ORNAMENT,PAPER CHAIN KIT 50'S CHRISTMAS 
15764,LUNCH BAG SUKI  DESIGN ,JUMBO BAG RED RETROSPOT,LUNCH BAG CARS BLUE,LUNCH BAG SPACEBOY DESIGN ,LUNCH BAG PINK POLKADOT
15765,PACK OF 72 RETROSPOT CAKE CASES,WHITE HANGING HEART T-LIGHT HOLDER,REGENCY CAKESTAND 3 TIER,ASSORTED COLOUR BIRD ORNAMENT,PARTY BUNTING
15766,WHITE HANGING HEART T-LIGHT HOLDER,ASSORTED COLOUR BIRD ORNAMENT,PAPER CHAIN KIT 50'S CHRISTMAS ,BAKING SET 9 PIECE RETROSPOT ,METAL SIGN TAKE IT OR LEAVE IT 
15768,JUMBO BAG RED RETROSPOT,JUMBO BAG PINK POLKADOT,PACK OF 72 RETROSPOT CAKE CASES,LUNCH BAG SUKI  DESIGN ,ALARM CLOCK BAKELIKE RED 
15769,JUMBO BAG RED RETROSPOT,JUMBO STORAGE BAG SUKI,JUMBO BAG PINK POLKADOT,REGENCY CAKESTAND 3 TIER,WHITE HANGING HEART T-LIGHT HOLDER
15770,WHITE HANGING HEART T-LIGHT HOLDER,REGENCY CAKESTAND 3 TIER,ASSORTED COLOUR BIRD ORNAMENT,PARTY BUNTING,VINTAGE UNION JACK BUNTING
15771,WHITE HANGING HEART T-LIGHT HOLDER,PICNIC BASKET WICKER SMALL,REGENCY CAKESTAND 3 TIER,JUMBO BAG RED WHITE SPOTTY ,ASSORTED COLOUR BIRD ORNAMENT
15772,WHITE HANGING HEART T-LIGHT HOLDER,REGENCY CAKESTAND 3 TIER,ASSORTED COLOUR BIRD ORNAMENT,PARTY BUNTING,VINTAGE UNION JACK BUNTING
15773,HEART OF WICKER SMALL,WHITE HANGING HEART T-LIGHT HOLDER,VINTAGE HEADS AND TAILS CARD GAME ,HOT WATER BOTTLE TEA AND SYMPATHY,REGENCY CAKESTAND 3 TIER
15774,HOT WATER BOTTLE TEA AND SYMPATHY,ASSORTED COLOUR BIRD ORNAMENT,PICNIC BASKET WICKER SMALL,REGENCY CAKESTAND 3 TIER,PARTY BUNTING
15775,REGENCY CAKESTAND 3 TIER,ASSORTED COLOUR BIRD ORNAMENT,PARTY BUNTING,VINTAGE UNION JACK BUNTING,BAKING SET 9 PIECE RETROSPOT 
15776,WHITE HANGING HEART T-LIGHT HOLDER,REGENCY CAKESTAND 3 TIER,PARTY BUNTING,VINTAGE UNION JACK BUNTING,BAKING SET 9 PIECE RETROSPOT 
15777,GREEN REGENCY TEACUP AND SAUCER,PICNIC BASKET WICKER SMALL,JUMBO BAG RED WHITE SPOTTY ,ASSORTED COLOUR BIRD ORNAMENT,FAIRY CAKE FLANNEL ASSORTED COLOUR
15778,HEART OF WICKER SMALL,WOODEN PICTURE FRAME WHITE FINISH,HOME BUILDING BLOCK WORD,REGENCY CAKESTAND 3 TIER,ASSORTED COLOUR BIRD ORNAMENT
15779,REGENCY CAKESTAND 3 TIER,ASSORTED COLOUR BIRD ORNAMENT,PARTY BUNTING,VINTAGE UNION JACK BUNTING,BAKING SET 9 PIECE RETROSPOT 
15780,WHITE HANGING HEART T-LIGHT HOLDER,60 TEATIME FAIRY CAKE CASES,PACK OF 72 RETROSPOT CAKE CASES,TOILET METAL SIGN,HOME BUILDING BLOCK WORD
15781,WHITE HANGING HEART T-LIGHT HOLDER,PAPER CHAIN KIT 50'S CHRISTMAS ,BAKING SET 9 PIECE RETROSPOT ,METAL SIGN TAKE IT OR LEAVE IT ,RABBIT NIGHT LIGHT
15782,HOT WATER BOTTLE TEA AND SYMPATHY,REGENCY CAKESTAND 3 TIER,WHITE HANGING HEART T-LIGHT HOLDER,ASSORTED COLOUR BIRD ORNAMENT,BAKING SET 9 PIECE RETROSPOT 
15783,REGENCY CAKESTAND 3 TIER,WHITE HANGING HEART T-LIGHT HOLDER,PAPER CHAIN KIT 50'S CHRISTMAS ,BAKING SET 9 PIECE RETROSPOT ,METAL SIGN TAKE IT OR LEAVE IT 
15784,REGENCY CAKESTAND 3 TIER,ASSORTED COLOUR BIRD ORNAMENT,PARTY BUNTING,VINTAGE UNION JACK BUNTING,BAKING SET 9 PIECE RETROSPOT 
15785,PACK OF 72 RETROSPOT CAKE CASES,STRAWBERRY CERAMIC TRINKET BOX,LUNCH BAG WOODLAND,LUNCH BAG PINK POLKADOT,LUNCH BAG SUKI  DESIGN 
15786,PACK OF 72 RETROSPOT CAKE CASES,TOILET METAL SIGN,PICNIC BASKET WICKER SMALL,REGENCY CAKESTAND 3 TIER,JUMBO BAG RED WHITE SPOTTY 
15787,ALARM CLOCK BAKELIKE GREEN,LUNCH BAG WOODLAND,LUNCH BAG PINK POLKADOT,LUNCH BAG SUKI  DESIGN ,LUNCH BAG SPACEBOY DESIGN 
15788,WHITE HANGING HEART T-LIGHT HOLDER,REGENCY CAKESTAND 3 TIER,ASSORTED COLOUR BIRD ORNAMENT,PARTY BUNTING,VINTAGE UNION JACK BUNTING
15789,VINTAGE HEADS AND TAILS CARD GAME ,WHITE HANGING HEART T-LIGHT HOLDER,PICNIC BASKET WICKER SMALL,REGENCY CAKESTAND 3 TIER,PARTY BUNTING
15790,GIN + TONIC DIET METAL SIGN,WHITE HANGING HEART T-LIGHT HOLDER,CHOCOLATE HOT WATER BOTTLE,REGENCY CAKESTAND 3 TIER,ASSORTED COLOUR BIRD ORNAMENT
15791,JUMBO BAG RED RETROSPOT,WHITE HANGING HEART T-LIGHT HOLDER,JUMBO STORAGE BAG SUKI,JUMBO BAG PINK POLKADOT,LUNCH BAG CARS BLUE
15792,PACK OF 72 RETROSPOT CAKE CASES,PACK OF 60 DINOSAUR CAKE CASES,72 SWEETHEART FAIRY CAKE CASES,HOT WATER BOTTLE TEA AND SYMPATHY,PINK BLUE FELT CRAFT TRINKET BOX
15793,LOVE BUILDING BLOCK WORD,REGENCY CAKESTAND 3 TIER,"PAPER CRAFT , LITTLE BIRDIE",MEDIUM CERAMIC TOP STORAGE JAR,PARTY BUNTING
15794,WHITE HANGING HEART T-LIGHT HOLDER,REGENCY CAKESTAND 3 TIER,ASSORTED COLOUR BIRD ORNAMENT,PARTY BUNTING,VINTAGE UNION JACK BUNTING
15795,JUMBO BAG RED RETROSPOT,JUMBO BAG STRAWBERRY,JUMBO  BAG BAROQUE BLACK WHITE,JUMBO BAG PINK POLKADOT,JUMBO SHOPPER VINTAGE RED PAISLEY
15796,JUMBO BAG RED RETROSPOT,60 TEATIME FAIRY CAKE CASES,PACK OF 72 RETROSPOT CAKE CASES,WOOD S/3 CABINET ANT WHITE FINISH,JUMBO BAG PINK POLKADOT
15797,PICNIC BASKET WICKER SMALL,REGENCY CAKESTAND 3 TIER,PARTY BUNTING,ASSORTED COLOUR BIRD ORNAMENT,FAIRY CAKE FLANNEL ASSORTED COLOUR
15798,GIN + TONIC DIET METAL SIGN,WOOD 2 DRAWER CABINET WHITE FINISH,WHITE HANGING HEART T-LIGHT HOLDER,PICNIC BASKET WICKER SMALL,PARTY BUNTING
15799,PACK OF 72 RETROSPOT CAKE CASES,GIN + TONIC DIET METAL SIGN,PICNIC BASKET WICKER SMALL,REGENCY CAKESTAND 3 TIER,JUMBO BAG RED WHITE SPOTTY 
15800,JUMBO BAG RED RETROSPOT,PACK OF 72 RETROSPOT CAKE CASES,HAND WARMER OWL DESIGN,PAPER CHAIN KIT VINTAGE CHRISTMAS,60 TEATIME FAIRY CAKE CASES
15801,HAND WARMER OWL DESIGN,RED RETROSPOT CHARLOTTE BAG,PINK REGENCY TEACUP AND SAUCER,GREEN REGENCY TEACUP AND SAUCER,REGENCY CAKESTAND 3 TIER
15803,PAPER CHAIN KIT 50'S CHRISTMAS ,PICNIC BASKET WICKER SMALL,REGENCY CAKESTAND 3 TIER,PARTY BUNTING,JUMBO BAG RED WHITE SPOTTY 
15804,LUNCH BAG CARS BLUE,LUNCH BAG SPACEBOY DESIGN ,LUNCH BAG PINK POLKADOT,LUNCH BAG SUKI  DESIGN ,LUNCH BAG  BLACK SKULL.
15805,JUMBO BAG RED RETROSPOT,PACK OF 72 RETROSPOT CAKE CASES,JUMBO BAG PINK POLKADOT,LUNCH BAG SUKI  DESIGN ,LUNCH BAG WOODLAND
15806,VINTAGE HEADS AND TAILS CARD GAME ,REGENCY CAKESTAND 3 TIER,WHITE HANGING HEART T-LIGHT HOLDER,ASSORTED COLOUR BIRD ORNAMENT,PAPER CHAIN KIT 50'S CHRISTMAS 
15807,LUNCH BAG SPACEBOY DESIGN ,LUNCH BAG PINK POLKADOT,LUNCH BAG SUKI  DESIGN ,LUNCH BAG  BLACK SKULL.,LUNCH BAG RED RETROSPOT
15808,JUMBO BAG PINK POLKADOT,JUMBO BAG RED RETROSPOT,60 TEATIME FAIRY CAKE CASES,PACK OF 72 RETROSPOT CAKE CASES,LUNCH BAG SUKI  DESIGN 
15809,WHITE HANGING HEART T-LIGHT HOLDER,PICNIC BASKET WICKER SMALL,PARTY BUNTING,JUMBO BAG RED WHITE SPOTTY ,ASSORTED COLOUR BIRD ORNAMENT
15810,LUNCH BAG SUKI  DESIGN ,LUNCH BAG SPACEBOY DESIGN ,LUNCH BAG PINK POLKADOT,LUNCH BAG RED RETROSPOT,JUMBO BAG RED RETROSPOT
15811,LOVE BUILDING BLOCK WORD,WOODEN FRAME ANTIQUE WHITE ,PINK CREAM FELT CRAFT TRINKET BOX ,JUMBO BAG PINK POLKADOT,JUMBO STORAGE BAG SUKI
15812,PINK REGENCY TEACUP AND SAUCER,PICNIC BASKET WICKER SMALL,JUMBO BAG RED WHITE SPOTTY ,FAIRY CAKE FLANNEL ASSORTED COLOUR,GIN + TONIC DIET METAL SIGN
15813,WHITE HANGING HEART T-LIGHT HOLDER,PICNIC BASKET WICKER SMALL,PARTY BUNTING,JUMBO BAG RED WHITE SPOTTY ,ASSORTED COLOUR BIRD ORNAMENT
15814,PACK OF 72 RETROSPOT CAKE CASES,60 TEATIME FAIRY CAKE CASES,HOME BUILDING BLOCK WORD,WHITE HANGING HEART T-LIGHT HOLDER,PAPER CHAIN KIT 50'S CHRISTMAS 
15815,VINTAGE HEADS AND TAILS CARD GAME ,WHITE HANGING HEART T-LIGHT HOLDER,PICNIC BASKET WICKER SMALL,REGENCY CAKESTAND 3 TIER,PARTY BUNTING
15816,WHITE HANGING HEART T-LIGHT HOLDER,REGENCY CAKESTAND 3 TIER,ASSORTED COLOUR BIRD ORNAMENT,PARTY BUNTING,VINTAGE UNION JACK BUNTING
15817,WHITE HANGING HEART T-LIGHT HOLDER,PACK OF 72 RETROSPOT CAKE CASES,PACK OF 60 DINOSAUR CAKE CASES,72 SWEETHEART FAIRY CAKE CASES,PICNIC BASKET WICKER SMALL
15818,LUNCH BAG PINK POLKADOT,LUNCH BAG WOODLAND,LUNCH BAG SUKI  DESIGN ,LUNCH BAG CARS BLUE,LUNCH BAG SPACEBOY DESIGN 
15819,LUNCH BAG SUKI  DESIGN ,60 TEATIME FAIRY CAKE CASES,PACK OF 72 RETROSPOT CAKE CASES,LUNCH BAG CARS BLUE,LUNCH BAG SPACEBOY DESIGN 
15820,WHITE HANGING HEART T-LIGHT HOLDER,REGENCY CAKESTAND 3 TIER,ASSORTED COLOUR BIRD ORNAMENT,PARTY BUNTING,VINTAGE UNION JACK BUNTING
15821,LUNCH BAG PINK POLKADOT,LUNCH BAG SUKI  DESIGN ,LUNCH BAG SPACEBOY DESIGN ,LUNCH BAG  BLACK SKULL.,LUNCH BAG RED RETROSPOT
15822,JUMBO BAG PINK POLKADOT,JUMBO STORAGE BAG SUKI,JUMBO BAG RED RETROSPOT,REGENCY CAKESTAND 3 TIER,ASSORTED COLOUR BIRD ORNAMENT
15823,JUMBO BAG RED RETROSPOT,SWEETHEART CERAMIC TRINKET BOX,JUMBO STORAGE BAG SUKI,JUMBO BAG PINK POLKADOT,JUMBO BAG PINK VINTAGE PAISLEY
15824,WHITE HANGING HEART T-LIGHT HOLDER,REGENCY CAKESTAND 3 TIER,PARTY BUNTING,VINTAGE UNION JACK BUNTING,BAKING SET 9 PIECE RETROSPOT 
15825,HEART OF WICKER LARGE,WHITE HANGING HEART T-LIGHT HOLDER,REGENCY CAKESTAND 3 TIER,ASSORTED COLOUR BIRD ORNAMENT,PARTY BUNTING
15826,PACK OF 72 RETROSPOT CAKE CASES,LOVE BUILDING BLOCK WORD,WHITE HANGING HEART T-LIGHT HOLDER,PACK OF 60 DINOSAUR CAKE CASES,72 SWEETHEART FAIRY CAKE CASES
15827,PACK OF 72 RETROSPOT CAKE CASES,PINK REGENCY TEACUP AND SAUCER,GREEN REGENCY TEACUP AND SAUCER,WHITE HANGING HEART T-LIGHT HOLDER,"PAPER CRAFT , LITTLE BIRDIE"
15828,WHITE HANGING HEART T-LIGHT HOLDER,HEART OF WICKER LARGE,LOVE BUILDING BLOCK WORD,REGENCY CAKESTAND 3 TIER,ASSORTED COLOUR BIRD ORNAMENT
15829,VINTAGE HEADS AND TAILS CARD GAME ,REGENCY CAKESTAND 3 TIER,WHITE HANGING HEART T-LIGHT HOLDER,ASSORTED COLOUR BIRD ORNAMENT,PAPER CHAIN KIT 50'S CHRISTMAS 
15830,REGENCY CAKESTAND 3 TIER,WHITE HANGING HEART T-LIGHT HOLDER,ASSORTED COLOUR BIRD ORNAMENT,PAPER CHAIN KIT 50'S CHRISTMAS ,BAKING SET 9 PIECE RETROSPOT 
15831,HEART OF WICKER LARGE,WHITE HANGING HEART T-LIGHT HOLDER,HAND WARMER SCOTTY DOG DESIGN,HAND WARMER BIRD DESIGN,LUNCH BAG PINK POLKADOT
15832,JUMBO BAG SCANDINAVIAN PAISLEY,JUMBO BAG RED RETROSPOT,STRAWBERRY CERAMIC TRINKET BOX,WHITE HANGING HEART T-LIGHT HOLDER,REGENCY CAKESTAND 3 TIER
15833,WHITE HANGING HEART T-LIGHT HOLDER,REGENCY CAKESTAND 3 TIER,ASSORTED COLOUR BIRD ORNAMENT,PARTY BUNTING,VINTAGE UNION JACK BUNTING
15834,PINK 3 PIECE MINI DOTS CUTLERY SET,LOVE BUILDING BLOCK WORD,WHITE HANGING HEART T-LIGHT HOLDER,LUNCH BAG CARS BLUE,LUNCH BAG SPACEBOY DESIGN 
15835,JUMBO BAG RED RETROSPOT,JUMBO BAG PINK VINTAGE PAISLEY,JUMBO BAG PINK POLKADOT,JUMBO STORAGE BAG SUKI,REGENCY CAKESTAND 3 TIER
15836,WHITE HANGING HEART T-LIGHT HOLDER,PARTY BUNTING,VINTAGE UNION JACK BUNTING,BAKING SET 9 PIECE RETROSPOT ,GRAND CHOCOLATECANDLE
15837,PINK CREAM FELT CRAFT TRINKET BOX ,REGENCY CAKESTAND 3 TIER,WHITE HANGING HEART T-LIGHT HOLDER,ASSORTED COLOUR BIRD ORNAMENT,PAPER CHAIN KIT 50'S CHRISTMAS 
15838,WOODEN FRAME ANTIQUE WHITE ,WHITE HANGING HEART T-LIGHT HOLDER,HAND WARMER BIRD DESIGN,JUMBO BAG PINK POLKADOT,JUMBO STORAGE BAG SUKI
15839,LUNCH BAG PINK POLKADOT,LUNCH BAG SUKI  DESIGN ,LUNCH BAG SPACEBOY DESIGN ,LUNCH BAG RED RETROSPOT,REGENCY CAKESTAND 3 TIER
15840,REGENCY CAKESTAND 3 TIER,WHITE HANGING HEART T-LIGHT HOLDER,ASSORTED COLOUR BIRD ORNAMENT,PAPER CHAIN KIT 50'S CHRISTMAS ,METAL SIGN TAKE IT OR LEAVE IT 
15841,GIN + TONIC DIET METAL SIGN,VINTAGE HEADS AND TAILS CARD GAME ,PICNIC BASKET WICKER SMALL,JUMBO BAG RED WHITE SPOTTY ,ASSORTED COLOUR BIRD ORNAMENT
15842,WHITE HANGING HEART T-LIGHT HOLDER,REGENCY CAKESTAND 3 TIER,ASSORTED COLOUR BIRD ORNAMENT,PARTY BUNTING,VINTAGE UNION JACK BUNTING
15843,ROSES REGENCY TEACUP AND SAUCER ,WHITE HANGING HEART T-LIGHT HOLDER,ASSORTED COLOUR BIRD ORNAMENT,PARTY BUNTING,VINTAGE UNION JACK BUNTING
15844,WHITE HANGING HEART T-LIGHT HOLDER,REGENCY CAKESTAND 3 TIER,ASSORTED COLOUR BIRD ORNAMENT,PARTY BUNTING,VINTAGE UNION JACK BUNTING
15845,WHITE HANGING HEART T-LIGHT HOLDER,WOODEN FRAME ANTIQUE WHITE ,WOOD 2 DRAWER CABINET WHITE FINISH,60 TEATIME FAIRY CAKE CASES,PACK OF 72 RETROSPOT CAKE CASES
15846,LUNCH BAG WOODLAND,LUNCH BAG PINK POLKADOT,LUNCH BAG SUKI  DESIGN ,LUNCH BAG SPACEBOY DESIGN ,LUNCH BAG  BLACK SKULL.
15847,REGENCY CAKESTAND 3 TIER,PAPER CHAIN KIT 50'S CHRISTMAS ,BAKING SET 9 PIECE RETROSPOT ,METAL SIGN TAKE IT OR LEAVE IT ,RABBIT NIGHT LIGHT
15848,WHITE HANGING HEART T-LIGHT HOLDER,REGENCY CAKESTAND 3 TIER,ASSORTED COLOUR BIRD ORNAMENT,PARTY BUNTING,VINTAGE UNION JACK BUNTING
15850,LUNCH BAG SUKI  DESIGN ,PACK OF 72 RETROSPOT CAKE CASES,SWEETHEART CERAMIC TRINKET BOX,LUNCH BAG CARS BLUE,LUNCH BAG SPACEBOY DESIGN 
15851,WHITE HANGING HEART T-LIGHT HOLDER,REGENCY CAKESTAND 3 TIER,ASSORTED COLOUR BIRD ORNAMENT,PARTY BUNTING,VINTAGE UNION JACK BUNTING
15852,PACK OF 72 RETROSPOT CAKE CASES,PACK OF 60 DINOSAUR CAKE CASES,72 SWEETHEART FAIRY CAKE CASES,WHITE HANGING HEART T-LIGHT HOLDER,ASSORTED COLOUR BIRD ORNAMENT
15853,PACK OF 72 RETROSPOT CAKE CASES,72 SWEETHEART FAIRY CAKE CASES,PACK OF 60 PINK PAISLEY CAKE CASES,JUMBO BAG PINK POLKADOT,JUMBO STORAGE BAG SUKI
15854,JUMBO BAG RED RETROSPOT,PACK OF 72 RETROSPOT CAKE CASES,PINK REGENCY TEACUP AND SAUCER,WOODEN FRAME ANTIQUE WHITE ,PACK OF 60 DINOSAUR CAKE CASES
15855,RED RETROSPOT CHARLOTTE BAG,LUNCH BAG CARS BLUE,LUNCH BAG SPACEBOY DESIGN ,LUNCH BAG PINK POLKADOT,LUNCH BAG SUKI  DESIGN 
15856,PACK OF 72 RETROSPOT CAKE CASES,PACK OF 60 DINOSAUR CAKE CASES,RED RETROSPOT CHARLOTTE BAG,HEART OF WICKER LARGE,JUMBO BAG STRAWBERRY
15857,PACK OF 72 RETROSPOT CAKE CASES,60 TEATIME FAIRY CAKE CASES,REGENCY CAKESTAND 3 TIER,WHITE HANGING HEART T-LIGHT HOLDER,ASSORTED COLOUR BIRD ORNAMENT
15858,JUMBO BAG RED RETROSPOT,WHITE HANGING HEART T-LIGHT HOLDER,JUMBO BAG PINK POLKADOT,LUNCH BAG SUKI  DESIGN ,60 TEATIME FAIRY CAKE CASES
15859,WOODEN FRAME ANTIQUE WHITE ,WHITE HANGING HEART T-LIGHT HOLDER,WOOD 2 DRAWER CABINET WHITE FINISH,REGENCY CAKESTAND 3 TIER,ASSORTED COLOUR BIRD ORNAMENT
15860,JUMBO BAG RED RETROSPOT,JUMBO BAG PINK POLKADOT,LUNCH BAG SUKI  DESIGN ,JUMBO BAG STRAWBERRY,LUNCH BAG WOODLAND
15861,PACK OF 72 RETROSPOT CAKE CASES,LUNCH BAG PINK POLKADOT,LUNCH BAG SUKI  DESIGN ,LUNCH BAG SPACEBOY DESIGN ,LUNCH BAG RED RETROSPOT
15862,PACK OF 72 RETROSPOT CAKE CASES,STRAWBERRY CERAMIC TRINKET BOX,HAND WARMER OWL DESIGN,PACK OF 60 DINOSAUR CAKE CASES,72 SWEETHEART FAIRY CAKE CASES
15863,HOME BUILDING BLOCK WORD,WHITE HANGING HEART T-LIGHT HOLDER,REGENCY CAKESTAND 3 TIER,PAPER CHAIN KIT 50'S CHRISTMAS ,METAL SIGN TAKE IT OR LEAVE IT 
15864,PINK REGENCY TEACUP AND SAUCER,GREEN REGENCY TEACUP AND SAUCER,REGENCY CAKESTAND 3 TIER,WHITE HANGING HEART T-LIGHT HOLDER,"PAPER CRAFT , LITTLE BIRDIE"
15865,ALARM CLOCK BAKELIKE GREEN,PAPER CHAIN KIT 50'S CHRISTMAS ,PINK REGENCY TEACUP AND SAUCER,GREEN REGENCY TEACUP AND SAUCER,WHITE HANGING HEART T-LIGHT HOLDER
15866,JUMBO BAG PINK POLKADOT,JUMBO STORAGE BAG SUKI,JUMBO BAG RED RETROSPOT,WHITE HANGING HEART T-LIGHT HOLDER,REGENCY CAKESTAND 3 TIER
15867,GIN + TONIC DIET METAL SIGN,60 TEATIME FAIRY CAKE CASES,PACK OF 72 RETROSPOT CAKE CASES,HOT WATER BOTTLE TEA AND SYMPATHY,HOME BUILDING BLOCK WORD
15868,WHITE HANGING HEART T-LIGHT HOLDER,REGENCY CAKESTAND 3 TIER,ASSORTED COLOUR BIRD ORNAMENT,PARTY BUNTING,VINTAGE UNION JACK BUNTING
15869,WHITE HANGING HEART T-LIGHT HOLDER,REGENCY CAKESTAND 3 TIER,ASSORTED COLOUR BIRD ORNAMENT,PARTY BUNTING,VINTAGE UNION JACK BUNTING
15870,PACK OF 72 RETROSPOT CAKE CASES,PACK OF 60 DINOSAUR CAKE CASES,72 SWEETHEART FAIRY CAKE CASES,WOOD 2 DRAWER CABINET WHITE FINISH,REGENCY CAKESTAND 3 TIER
15871,WHITE HANGING HEART T-LIGHT HOLDER,REGENCY CAKESTAND 3 TIER,ASSORTED COLOUR BIRD ORNAMENT,PARTY BUNTING,VINTAGE UNION JACK BUNTING
15872,WHITE HANGING HEART T-LIGHT HOLDER,BLUE 3 PIECE MINI DOTS CUTLERY SET,PAPER CHAIN KIT VINTAGE CHRISTMAS,REGENCY CAKESTAND 3 TIER,ASSORTED COLOUR BIRD ORNAMENT
15873,WHITE HANGING HEART T-LIGHT HOLDER,REGENCY CAKESTAND 3 TIER,ASSORTED COLOUR BIRD ORNAMENT,PARTY BUNTING,VINTAGE UNION JACK BUNTING
15874,HAND WARMER OWL DESIGN,PACK OF 60 DINOSAUR CAKE CASES,72 SWEETHEART FAIRY CAKE CASES,PACK OF 60 PINK PAISLEY CAKE CASES,PACK OF 72 RETROSPOT CAKE CASES
15875,WHITE HANGING HEART T-LIGHT HOLDER,REGENCY CAKESTAND 3 TIER,ASSORTED COLOUR BIRD ORNAMENT,PARTY BUNTING,VINTAGE UNION JACK BUNTING
15876,WHITE HANGING HEART T-LIGHT HOLDER,PICNIC BASKET WICKER SMALL,REGENCY CAKESTAND 3 TIER,PARTY BUNTING,JUMBO BAG RED WHITE SPOTTY 
15877,PACK OF 72 RETROSPOT CAKE CASES,PAPER CHAIN KIT VINTAGE CHRISTMAS,60 TEATIME FAIRY CAKE CASES,REGENCY CAKESTAND 3 TIER,WHITE HANGING HEART T-LIGHT HOLDER
15878,LUNCH BAG WOODLAND,LUNCH BAG PINK POLKADOT,LUNCH BAG SUKI  DESIGN ,LUNCH BAG SPACEBOY DESIGN ,LUNCH BAG  BLACK SKULL.
15879,WHITE HANGING HEART T-LIGHT HOLDER,LUNCH BAG CARS BLUE,LUNCH BAG SPACEBOY DESIGN ,LUNCH BAG PINK POLKADOT,LUNCH BAG SUKI  DESIGN 
15880,JUMBO BAG RED RETROSPOT,JUMBO BAG PINK POLKADOT,JUMBO  BAG BAROQUE BLACK WHITE,JUMBO SHOPPER VINTAGE RED PAISLEY,LUNCH BAG SUKI  DESIGN 
15881,WHITE HANGING HEART T-LIGHT HOLDER,PICNIC BASKET WICKER SMALL,REGENCY CAKESTAND 3 TIER,PARTY BUNTING,JUMBO BAG RED WHITE SPOTTY 
15882,60 TEATIME FAIRY CAKE CASES,PACK OF 72 RETROSPOT CAKE CASES,HAND WARMER BIRD DESIGN,WHITE HANGING HEART T-LIGHT HOLDER,PICNIC BASKET WICKER SMALL
15883,HAND WARMER OWL DESIGN,CHOCOLATE HOT WATER BOTTLE,WHITE HANGING HEART T-LIGHT HOLDER,ASSORTED COLOUR BIRD ORNAMENT,PAPER CHAIN KIT 50'S CHRISTMAS 
15884,WHITE HANGING HEART T-LIGHT HOLDER,REGENCY CAKESTAND 3 TIER,ASSORTED COLOUR BIRD ORNAMENT,PARTY BUNTING,VINTAGE UNION JACK BUNTING
15885,CHOCOLATE HOT WATER BOTTLE,WHITE HANGING HEART T-LIGHT HOLDER,PICNIC BASKET WICKER SMALL,PARTY BUNTING,JUMBO BAG RED WHITE SPOTTY 
15886,HOT WATER BOTTLE TEA AND SYMPATHY,WHITE HANGING HEART T-LIGHT HOLDER,PICNIC BASKET WICKER SMALL,REGENCY CAKESTAND 3 TIER,PARTY BUNTING
15887,JUMBO BAG PINK POLKADOT,JUMBO BAG RED RETROSPOT,JUMBO SHOPPER VINTAGE RED PAISLEY,LUNCH BAG SUKI  DESIGN ,SWEETHEART CERAMIC TRINKET BOX
15888,SWEETHEART CERAMIC TRINKET BOX,PACK OF 72 RETROSPOT CAKE CASES,WHITE HANGING HEART T-LIGHT HOLDER,PAPER CHAIN KIT 50'S CHRISTMAS ,BAKING SET 9 PIECE RETROSPOT 
15889,WHITE HANGING HEART T-LIGHT HOLDER,HOME BUILDING BLOCK WORD,JUMBO BAG PINK POLKADOT,JUMBO STORAGE BAG SUKI,JUMBO BAG RED RETROSPOT
15890,WHITE HANGING HEART T-LIGHT HOLDER,PICNIC BASKET WICKER SMALL,REGENCY CAKESTAND 3 TIER,PARTY BUNTING,JUMBO BAG RED WHITE SPOTTY 
15891,WOODEN FRAME ANTIQUE WHITE ,WHITE HANGING HEART T-LIGHT HOLDER,WOOD S/3 CABINET ANT WHITE FINISH,REGENCY CAKESTAND 3 TIER,ASSORTED COLOUR BIRD ORNAMENT
15892,JUMBO BAG RED RETROSPOT,LOVE BUILDING BLOCK WORD,LUNCH BAG PINK POLKADOT,LUNCH BAG WOODLAND,LUNCH BAG SUKI  DESIGN 
15893,WHITE HANGING HEART T-LIGHT HOLDER,REGENCY CAKESTAND 3 TIER,ASSORTED COLOUR BIRD ORNAMENT,PARTY BUNTING,VINTAGE UNION JACK BUNTING
15894,HAND WARMER OWL DESIGN,PACK OF 60 DINOSAUR CAKE CASES,72 SWEETHEART FAIRY CAKE CASES,PACK OF 60 PINK PAISLEY CAKE CASES,PACK OF 72 RETROSPOT CAKE CASES
15895,WHITE HANGING HEART T-LIGHT HOLDER,REGENCY CAKESTAND 3 TIER,ASSORTED COLOUR BIRD ORNAMENT,PARTY BUNTING,VINTAGE UNION JACK BUNTING
15897,WHITE HANGING HEART T-LIGHT HOLDER,REGENCY CAKESTAND 3 TIER,ASSORTED COLOUR BIRD ORNAMENT,PARTY BUNTING,VINTAGE UNION JACK BUNTING
15898,JUMBO BAG RED RETROSPOT,JUMBO BAG PINK POLKADOT,LUNCH BAG SUKI  DESIGN ,PACK OF 72 RETROSPOT CAKE CASES,LUNCH BAG PINK POLKADOT
15899,WHITE HANGING HEART T-LIGHT HOLDER,REGENCY CAKESTAND 3 TIER,ASSORTED COLOUR BIRD ORNAMENT,PARTY BUNTING,VINTAGE UNION JACK BUNTING
15900,HOT WATER BOTTLE TEA AND SYMPATHY,PINK REGENCY TEACUP AND SAUCER,GREEN REGENCY TEACUP AND SAUCER,REGENCY CAKESTAND 3 TIER,HEART OF WICKER LARGE
15901,BLUE 3 PIECE MINI DOTS CUTLERY SET,PACK OF 60 DINOSAUR CAKE CASES,72 SWEETHEART FAIRY CAKE CASES,PACK OF 60 PINK PAISLEY CAKE CASES,PACK OF 72 RETROSPOT CAKE CASES
15902,LUNCH BAG PINK POLKADOT,LUNCH BAG SUKI  DESIGN ,LUNCH BAG CARS BLUE,LUNCH BAG SPACEBOY DESIGN ,LUNCH BAG RED RETROSPOT
15903,WHITE HANGING HEART T-LIGHT HOLDER,"PAPER CRAFT , LITTLE BIRDIE",JUMBO BAG RED WHITE SPOTTY ,ASSORTED COLOUR BIRD ORNAMENT,MEDIUM CERAMIC TOP STORAGE JAR
15904,PAPER CHAIN KIT VINTAGE CHRISTMAS,REGENCY CAKESTAND 3 TIER,WHITE HANGING HEART T-LIGHT HOLDER,ASSORTED COLOUR BIRD ORNAMENT,BAKING SET 9 PIECE RETROSPOT 
15905,HEART OF WICKER SMALL,WHITE HANGING HEART T-LIGHT HOLDER,VINTAGE SNAP CARDS,REGENCY CAKESTAND 3 TIER,ASSORTED COLOUR BIRD ORNAMENT
15906,HAND WARMER OWL DESIGN,PAPER CHAIN KIT VINTAGE CHRISTMAS,ALARM CLOCK BAKELIKE GREEN,PINK BLUE FELT CRAFT TRINKET BOX,WHITE HANGING HEART T-LIGHT HOLDER
15907,HAND WARMER OWL DESIGN,JUMBO BAG STRAWBERRY,JUMBO  BAG BAROQUE BLACK WHITE,JUMBO BAG PINK POLKADOT,JUMBO SHOPPER VINTAGE RED PAISLEY
15908,WHITE HANGING HEART T-LIGHT HOLDER,REGENCY CAKESTAND 3 TIER,ASSORTED COLOUR BIRD ORNAMENT,PARTY BUNTING,VINTAGE UNION JACK BUNTING
15909,PINK REGENCY TEACUP AND SAUCER,REGENCY CAKESTAND 3 TIER,WHITE HANGING HEART T-LIGHT HOLDER,ASSORTED COLOUR BIRD ORNAMENT,PARTY BUNTING
15910,PACK OF 72 RETROSPOT CAKE CASES,JUMBO BAG RED RETROSPOT,PINK REGENCY TEACUP AND SAUCER,JUMBO BAG PINK POLKADOT,JUMBO STORAGE BAG SUKI
15911,LUNCH BAG SUKI  DESIGN ,JUMBO BAG RED RETROSPOT,LUNCH BAG SPACEBOY DESIGN ,LUNCH BAG PINK POLKADOT,LUNCH BAG  BLACK SKULL.
15912,WHITE HANGING HEART T-LIGHT HOLDER,PICNIC BASKET WICKER SMALL,REGENCY CAKESTAND 3 TIER,PARTY BUNTING,JUMBO BAG RED WHITE SPOTTY 
15913,WHITE HANGING HEART T-LIGHT HOLDER,REGENCY CAKESTAND 3 TIER,ASSORTED COLOUR BIRD ORNAMENT,PARTY BUNTING,VINTAGE UNION JACK BUNTING
15914,WHITE HANGING HEART T-LIGHT HOLDER,REGENCY CAKESTAND 3 TIER,ASSORTED COLOUR BIRD ORNAMENT,PARTY BUNTING,VINTAGE UNION JACK BUNTING
15915,LUNCH BAG CARS BLUE,LUNCH BAG SPACEBOY DESIGN ,LUNCH BAG PINK POLKADOT,LUNCH BAG SUKI  DESIGN ,LUNCH BAG  BLACK SKULL.
15916,WHITE HANGING HEART T-LIGHT HOLDER,LUNCH BAG PINK POLKADOT,LUNCH BAG WOODLAND,LUNCH BAG SUKI  DESIGN ,LUNCH BAG CARS BLUE
15917,JUMBO BAG SCANDINAVIAN PAISLEY,JUMBO BAG RED RETROSPOT,ASSORTED COLOUR BIRD ORNAMENT,FAIRY CAKE FLANNEL ASSORTED COLOUR,GIN + TONIC DIET METAL SIGN
15918,JUMBO STORAGE BAG SUKI,JUMBO BAG PINK POLKADOT,JUMBO BAG RED RETROSPOT,LOVE BUILDING BLOCK WORD,WHITE HANGING HEART T-LIGHT HOLDER
15919,LUNCH BAG WOODLAND,LUNCH BAG PINK POLKADOT,LUNCH BAG SUKI  DESIGN ,LUNCH BAG SPACEBOY DESIGN ,LUNCH BAG  BLACK SKULL.
15920,JUMBO STORAGE BAG SUKI,JUMBO BAG PINK POLKADOT,JUMBO BAG RED RETROSPOT,WOOD 2 DRAWER CABINET WHITE FINISH,ASSORTED COLOUR BIRD ORNAMENT
15921,PACK OF 72 RETROSPOT CAKE CASES,JUMBO STORAGE BAG SUKI,JUMBO BAG PINK POLKADOT,JUMBO BAG RED RETROSPOT,72 SWEETHEART FAIRY CAKE CASES
15922,WHITE HANGING HEART T-LIGHT HOLDER,ASSORTED COLOUR BIRD ORNAMENT,PARTY BUNTING,VINTAGE UNION JACK BUNTING,BAKING SET 9 PIECE RETROSPOT 
15923,WHITE HANGING HEART T-LIGHT HOLDER,REGENCY CAKESTAND 3 TIER,ASSORTED COLOUR BIRD ORNAMENT,PARTY BUNTING,VINTAGE UNION JACK BUNTING
15924,WHITE HANGING HEART T-LIGHT HOLDER,REGENCY CAKESTAND 3 TIER,ASSORTED COLOUR BIRD ORNAMENT,PARTY BUNTING,VINTAGE UNION JACK BUNTING
15925,GIN + TONIC DIET METAL SIGN,WOODEN FRAME ANTIQUE WHITE ,WHITE HANGING HEART T-LIGHT HOLDER,ASSORTED COLOUR BIRD ORNAMENT,PARTY BUNTING
15926,WHITE HANGING HEART T-LIGHT HOLDER,REGENCY CAKESTAND 3 TIER,PARTY BUNTING,VINTAGE UNION JACK BUNTING,BAKING SET 9 PIECE RETROSPOT 
15927,WHITE HANGING HEART T-LIGHT HOLDER,REGENCY CAKESTAND 3 TIER,ASSORTED COLOUR BIRD ORNAMENT,PARTY BUNTING,VINTAGE UNION JACK BUNTING
15928,LUNCH BAG PINK POLKADOT,LUNCH BAG WOODLAND,LUNCH BAG SUKI  DESIGN ,LUNCH BAG CARS BLUE,LUNCH BAG SPACEBOY DESIGN 
15929,WHITE HANGING HEART T-LIGHT HOLDER,REGENCY CAKESTAND 3 TIER,ASSORTED COLOUR BIRD ORNAMENT,PARTY BUNTING,VINTAGE UNION JACK BUNTING
15930,PAPER CHAIN KIT VINTAGE CHRISTMAS,WHITE HANGING HEART T-LIGHT HOLDER,REGENCY CAKESTAND 3 TIER,ASSORTED COLOUR BIRD ORNAMENT,VINTAGE UNION JACK BUNTING
15931,WHITE HANGING HEART T-LIGHT HOLDER,REGENCY CAKESTAND 3 TIER,ASSORTED COLOUR BIRD ORNAMENT,PARTY BUNTING,VINTAGE UNION JACK BUNTING
15932,HEART OF WICKER LARGE,TOILET METAL SIGN,REGENCY CAKESTAND 3 TIER,"PAPER CRAFT , LITTLE BIRDIE",JUMBO BAG RED WHITE SPOTTY 
15933,PAPER CHAIN KIT 50'S CHRISTMAS ,60 TEATIME FAIRY CAKE CASES,PACK OF 72 RETROSPOT CAKE CASES,HEART OF WICKER LARGE,REGENCY CAKESTAND 3 TIER
15934,WHITE HANGING HEART T-LIGHT HOLDER,PICNIC BASKET WICKER SMALL,REGENCY CAKESTAND 3 TIER,PARTY BUNTING,JUMBO BAG RED WHITE SPOTTY 
15935,WHITE HANGING HEART T-LIGHT HOLDER,REGENCY CAKESTAND 3 TIER,ASSORTED COLOUR BIRD ORNAMENT,PARTY BUNTING,VINTAGE UNION JACK BUNTING
15936,LOVE BUILDING BLOCK WORD,WHITE HANGING HEART T-LIGHT HOLDER,PARTY BUNTING,VINTAGE UNION JACK BUNTING,BAKING SET 9 PIECE RETROSPOT 
15937,WHITE HANGING HEART T-LIGHT HOLDER,REGENCY CAKESTAND 3 TIER,ASSORTED COLOUR BIRD ORNAMENT,PARTY BUNTING,VINTAGE UNION JACK BUNTING
15938,WOODEN FRAME ANTIQUE WHITE ,HEART OF WICKER LARGE,PICNIC BASKET WICKER SMALL,REGENCY CAKESTAND 3 TIER,PARTY BUNTING
15939,PACK OF 72 RETROSPOT CAKE CASES,PACK OF 60 DINOSAUR CAKE CASES,REGENCY CAKESTAND 3 TIER,WHITE HANGING HEART T-LIGHT HOLDER,"PAPER CRAFT , LITTLE BIRDIE"
15940,WHITE HANGING HEART T-LIGHT HOLDER,REGENCY CAKESTAND 3 TIER,ASSORTED COLOUR BIRD ORNAMENT,PARTY BUNTING,VINTAGE UNION JACK BUNTING
15941,WHITE HANGING HEART T-LIGHT HOLDER,REGENCY CAKESTAND 3 TIER,ASSORTED COLOUR BIRD ORNAMENT,PARTY BUNTING,VINTAGE UNION JACK BUNTING
15942,WHITE HANGING HEART T-LIGHT HOLDER,REGENCY CAKESTAND 3 TIER,ASSORTED COLOUR BIRD ORNAMENT,PARTY BUNTING,VINTAGE UNION JACK BUNTING
15943,GIN + TONIC DIET METAL SIGN,WHITE HANGING HEART T-LIGHT HOLDER,REGENCY CAKESTAND 3 TIER,ASSORTED COLOUR BIRD ORNAMENT,PARTY BUNTING
15944,WHITE HANGING HEART T-LIGHT HOLDER,PICNIC BASKET WICKER SMALL,PARTY BUNTING,JUMBO BAG RED WHITE SPOTTY ,FAIRY CAKE FLANNEL ASSORTED COLOUR
15945,CHOCOLATE HOT WATER BOTTLE,WHITE HANGING HEART T-LIGHT HOLDER,PICNIC BASKET WICKER SMALL,REGENCY CAKESTAND 3 TIER,PARTY BUNTING
15946,WHITE HANGING HEART T-LIGHT HOLDER,PICNIC BASKET WICKER SMALL,PARTY BUNTING,JUMBO BAG RED WHITE SPOTTY ,ASSORTED COLOUR BIRD ORNAMENT
15947,JUMBO BAG PINK POLKADOT,JUMBO BAG RED RETROSPOT,RED RETROSPOT CHARLOTTE BAG,JUMBO  BAG BAROQUE BLACK WHITE,JUMBO SHOPPER VINTAGE RED PAISLEY
15948,REGENCY CAKESTAND 3 TIER,WHITE HANGING HEART T-LIGHT HOLDER,ASSORTED COLOUR BIRD ORNAMENT,METAL SIGN TAKE IT OR LEAVE IT ,RABBIT NIGHT LIGHT
15949,PAPER CHAIN KIT VINTAGE CHRISTMAS,REGENCY CAKESTAND 3 TIER,WHITE HANGING HEART T-LIGHT HOLDER,ASSORTED COLOUR BIRD ORNAMENT,BAKING SET 9 PIECE RETROSPOT 
15950,JUMBO BAG RED RETROSPOT,JUMBO BAG PINK POLKADOT,LUNCH BAG SUKI  DESIGN ,LUNCH BAG PINK POLKADOT,LUNCH BAG WOODLAND
15951,WHITE HANGING HEART T-LIGHT HOLDER,JUMBO BAG PINK POLKADOT,JUMBO STORAGE BAG SUKI,JUMBO BAG RED RETROSPOT,PAPER CHAIN KIT 50'S CHRISTMAS 
15952,WOOD 2 DRAWER CABINET WHITE FINISH,HEART OF WICKER SMALL,JUMBO BAG PINK POLKADOT,JUMBO STORAGE BAG SUKI,JUMBO BAG RED RETROSPOT
15953,LUNCH BAG SPACEBOY DESIGN ,LUNCH BAG PINK POLKADOT,LUNCH BAG SUKI  DESIGN ,LUNCH BAG  BLACK SKULL.,LUNCH BAG RED RETROSPOT
15954,JUMBO BAG RED RETROSPOT,JUMBO BAG PINK POLKADOT,JUMBO STORAGE BAG SUKI,60 TEATIME FAIRY CAKE CASES,PACK OF 72 RETROSPOT CAKE CASES
15955,JUMBO BAG RED RETROSPOT,LUNCH BAG SPACEBOY DESIGN ,LUNCH BAG PINK POLKADOT,LUNCH BAG SUKI  DESIGN ,LUNCH BAG RED RETROSPOT
15956,REGENCY CAKESTAND 3 TIER,ASSORTED COLOUR BIRD ORNAMENT,PARTY BUNTING,VINTAGE UNION JACK BUNTING,BAKING SET 9 PIECE RETROSPOT 
15957,JUMBO BAG RED RETROSPOT,JUMBO BAG PINK POLKADOT,PAPER CHAIN KIT VINTAGE CHRISTMAS,JUMBO BAG STRAWBERRY,JUMBO  BAG BAROQUE BLACK WHITE
15958,JUMBO BAG RED RETROSPOT,GIN + TONIC DIET METAL SIGN,JUMBO BAG PINK POLKADOT,JUMBO STORAGE BAG SUKI,REGENCY CAKESTAND 3 TIER
15959,WHITE HANGING HEART T-LIGHT HOLDER,REGENCY CAKESTAND 3 TIER,ASSORTED COLOUR BIRD ORNAMENT,PARTY BUNTING,VINTAGE UNION JACK BUNTING
15960,WHITE HANGING HEART T-LIGHT HOLDER,REGENCY CAKESTAND 3 TIER,ASSORTED COLOUR BIRD ORNAMENT,PARTY BUNTING,VINTAGE UNION JACK BUNTING
15961,60 TEATIME FAIRY CAKE CASES,PACK OF 72 RETROSPOT CAKE CASES,WOOD S/3 CABINET ANT WHITE FINISH,HAND WARMER OWL DESIGN,WHITE HANGING HEART T-LIGHT HOLDER
15962,WHITE HANGING HEART T-LIGHT HOLDER,REGENCY CAKESTAND 3 TIER,ASSORTED COLOUR BIRD ORNAMENT,PARTY BUNTING,VINTAGE UNION JACK BUNTING
15963,REGENCY CAKESTAND 3 TIER,WHITE HANGING HEART T-LIGHT HOLDER,PAPER CHAIN KIT 50'S CHRISTMAS ,BAKING SET 9 PIECE RETROSPOT ,METAL SIGN TAKE IT OR LEAVE IT 
15964,WHITE HANGING HEART T-LIGHT HOLDER,REGENCY CAKESTAND 3 TIER,ASSORTED COLOUR BIRD ORNAMENT,PARTY BUNTING,VINTAGE UNION JACK BUNTING
15965,JUMBO BAG RED RETROSPOT,JUMBO BAG PINK POLKADOT,LUNCH BAG SUKI  DESIGN ,LUNCH BAG SPACEBOY DESIGN ,LUNCH BAG PINK POLKADOT
15966,WHITE HANGING HEART T-LIGHT HOLDER,REGENCY CAKESTAND 3 TIER,ASSORTED COLOUR BIRD ORNAMENT,PARTY BUNTING,VINTAGE UNION JACK BUNTING
15967,JUMBO BAG RED RETROSPOT,LUNCH BAG PINK POLKADOT,LUNCH BAG SUKI  DESIGN ,LUNCH BAG SPACEBOY DESIGN ,LUNCH BAG  BLACK SKULL.
15968,JUMBO BAG RED RETROSPOT,JUMBO BAG PINK POLKADOT,LUNCH BAG SUKI  DESIGN ,LUNCH BAG PINK POLKADOT,LUNCH BAG SPACEBOY DESIGN 
15969,WHITE HANGING HEART T-LIGHT HOLDER,HEART OF WICKER LARGE,LOVE BUILDING BLOCK WORD,REGENCY CAKESTAND 3 TIER,PAPER CHAIN KIT 50'S CHRISTMAS 
15970,LUNCH BAG SUKI  DESIGN ,JUMBO BAG PINK POLKADOT,JUMBO BAG RED RETROSPOT,LUNCH BAG WOODLAND,LUNCH BAG PINK POLKADOT
15971,JUMBO BAG STRAWBERRY,JUMBO  BAG BAROQUE BLACK WHITE,JUMBO BAG PINK POLKADOT,JUMBO SHOPPER VINTAGE RED PAISLEY,JUMBO BAG RED RETROSPOT
15972,WOOD S/3 CABINET ANT WHITE FINISH,PICNIC BASKET WICKER SMALL,REGENCY CAKESTAND 3 TIER,JUMBO BAG RED WHITE SPOTTY ,ASSORTED COLOUR BIRD ORNAMENT
15973,WHITE HANGING HEART T-LIGHT HOLDER,REGENCY CAKESTAND 3 TIER,ASSORTED COLOUR BIRD ORNAMENT,PARTY BUNTING,VINTAGE UNION JACK BUNTING
15974,WHITE HANGING HEART T-LIGHT HOLDER,HOME BUILDING BLOCK WORD,BATHROOM METAL SIGN,PICNIC BASKET WICKER SMALL,JUMBO BAG RED WHITE SPOTTY 
15975,WHITE HANGING HEART T-LIGHT HOLDER,REGENCY CAKESTAND 3 TIER,ASSORTED COLOUR BIRD ORNAMENT,VINTAGE UNION JACK BUNTING,BAKING SET 9 PIECE RETROSPOT 
15976,LUNCH BAG PINK POLKADOT,LUNCH BAG WOODLAND,LUNCH BAG SUKI  DESIGN ,LUNCH BAG SPACEBOY DESIGN ,LUNCH BAG RED RETROSPOT
15977,HEART OF WICKER LARGE,WHITE HANGING HEART T-LIGHT HOLDER,REGENCY CAKESTAND 3 TIER,ASSORTED COLOUR BIRD ORNAMENT,PAPER CHAIN KIT 50'S CHRISTMAS 
15978,PACK OF 72 RETROSPOT CAKE CASES,PICNIC BASKET WICKER SMALL,REGENCY CAKESTAND 3 TIER,PARTY BUNTING,JUMBO BAG RED WHITE SPOTTY 
15979,PACK OF 72 RETROSPOT CAKE CASES,PACK OF 60 DINOSAUR CAKE CASES,72 SWEETHEART FAIRY CAKE CASES,VINTAGE HEADS AND TAILS CARD GAME ,PINK BLUE FELT CRAFT TRINKET BOX
15980,PICNIC BASKET WICKER SMALL,REGENCY CAKESTAND 3 TIER,PARTY BUNTING,JUMBO BAG RED WHITE SPOTTY ,ASSORTED COLOUR BIRD ORNAMENT
15981,JUMBO BAG PINK POLKADOT,JUMBO BAG RED RETROSPOT,60 TEATIME FAIRY CAKE CASES,PACK OF 72 RETROSPOT CAKE CASES,LUNCH BAG SUKI  DESIGN 
15982,WHITE HANGING HEART T-LIGHT HOLDER,ASSORTED COLOUR BIRD ORNAMENT,PARTY BUNTING,VINTAGE UNION JACK BUNTING,BAKING SET 9 PIECE RETROSPOT 
15983,PACK OF 72 RETROSPOT CAKE CASES,PACK OF 60 DINOSAUR CAKE CASES,72 SWEETHEART FAIRY CAKE CASES,HOT WATER BOTTLE TEA AND SYMPATHY,HEART OF WICKER LARGE
15984,JUMBO BAG RED RETROSPOT,BLUE 3 PIECE MINI DOTS CUTLERY SET,LUNCH BAG WOODLAND,LUNCH BAG PINK POLKADOT,LUNCH BAG SUKI  DESIGN 
15985,TOILET METAL SIGN,WHITE HANGING HEART T-LIGHT HOLDER,PICNIC BASKET WICKER SMALL,REGENCY CAKESTAND 3 TIER,PARTY BUNTING
15986,REGENCY CAKESTAND 3 TIER,WHITE HANGING HEART T-LIGHT HOLDER,PAPER CHAIN KIT 50'S CHRISTMAS ,BAKING SET 9 PIECE RETROSPOT ,METAL SIGN TAKE IT OR LEAVE IT 
15987,ROSES REGENCY TEACUP AND SAUCER ,LUNCH BAG PINK POLKADOT,LUNCH BAG WOODLAND,LUNCH BAG SUKI  DESIGN ,LUNCH BAG CARS BLUE
15988,LOVE BUILDING BLOCK WORD,WHITE HANGING HEART T-LIGHT HOLDER,PACK OF 60 DINOSAUR CAKE CASES,72 SWEETHEART FAIRY CAKE CASES,PACK OF 60 PINK PAISLEY CAKE CASES
15989,GIN + TONIC DIET METAL SIGN,WOOD 2 DRAWER CABINET WHITE FINISH,HAND WARMER SCOTTY DOG DESIGN,WHITE HANGING HEART T-LIGHT HOLDER,REGENCY CAKESTAND 3 TIER
15990,WHITE HANGING HEART T-LIGHT HOLDER,LUNCH BAG SPACEBOY DESIGN ,LUNCH BAG PINK POLKADOT,LUNCH BAG SUKI  DESIGN ,LUNCH BAG RED RETROSPOT
15991,WHITE HANGING HEART T-LIGHT HOLDER,ASSORTED COLOUR BIRD ORNAMENT,PARTY BUNTING,VINTAGE UNION JACK BUNTING,BAKING SET 9 PIECE RETROSPOT 
15992,JUMBO BAG RED RETROSPOT,JUMBO BAG STRAWBERRY,JUMBO  BAG BAROQUE BLACK WHITE,JUMBO BAG PINK POLKADOT,JUMBO SHOPPER VINTAGE RED PAISLEY
15993,JUMBO BAG RED RETROSPOT,GREEN REGENCY TEACUP AND SAUCER,ALARM CLOCK BAKELIKE RED ,LOVE BUILDING BLOCK WORD,JUMBO STORAGE BAG SUKI
15994,REGENCY CAKESTAND 3 TIER,BAKING SET 9 PIECE RETROSPOT ,METAL SIGN TAKE IT OR LEAVE IT ,RABBIT NIGHT LIGHT,HOT WATER BOTTLE KEEP CALM
15995,PACK OF 72 RETROSPOT CAKE CASES,GIN + TONIC DIET METAL SIGN,PACK OF 60 DINOSAUR CAKE CASES,72 SWEETHEART FAIRY CAKE CASES,PACK OF 60 PINK PAISLEY CAKE CASES
15996,PAPER CHAIN KIT VINTAGE CHRISTMAS,WHITE HANGING HEART T-LIGHT HOLDER,PICNIC BASKET WICKER SMALL,REGENCY CAKESTAND 3 TIER,JUMBO BAG RED WHITE SPOTTY 
15998,PACK OF 72 RETROSPOT CAKE CASES,JUMBO BAG RED RETROSPOT,JUMBO BAG PINK POLKADOT,LUNCH BAG SUKI  DESIGN ,72 SWEETHEART FAIRY CAKE CASES
15999,WHITE HANGING HEART T-LIGHT HOLDER,REGENCY CAKESTAND 3 TIER,ASSORTED COLOUR BIRD ORNAMENT,PARTY BUNTING,VINTAGE UNION JACK BUNTING
16000,GIN + TONIC DIET METAL SIGN,ALARM CLOCK BAKELIKE GREEN,REGENCY CAKESTAND 3 TIER,WHITE HANGING HEART T-LIGHT HOLDER,"PAPER CRAFT , LITTLE BIRDIE"
16001,HEART OF WICKER LARGE,PARTY BUNTING,VINTAGE UNION JACK BUNTING,BAKING SET 9 PIECE RETROSPOT ,GRAND CHOCOLATECANDLE
16002,PARTY BUNTING,VINTAGE UNION JACK BUNTING,BAKING SET 9 PIECE RETROSPOT ,GRAND CHOCOLATECANDLE,PAPER CHAIN KIT 50'S CHRISTMAS 
16003,WHITE HANGING HEART T-LIGHT HOLDER,WOODEN PICTURE FRAME WHITE FINISH,LOVE BUILDING BLOCK WORD,HEART OF WICKER SMALL,"PAPER CRAFT , LITTLE BIRDIE"
16004,LUNCH BAG PINK POLKADOT,LUNCH BAG SUKI  DESIGN ,LUNCH BAG SPACEBOY DESIGN ,LUNCH BAG  BLACK SKULL.,LUNCH BAG RED RETROSPOT
16005,LUNCH BAG PINK POLKADOT,LUNCH BAG SUKI  DESIGN ,LUNCH BAG SPACEBOY DESIGN ,LUNCH BAG RED RETROSPOT,PACK OF 72 RETROSPOT CAKE CASES
16006,JUMBO BAG RED RETROSPOT,60 TEATIME FAIRY CAKE CASES,PACK OF 72 RETROSPOT CAKE CASES,PAPER CHAIN KIT 50'S CHRISTMAS ,JUMBO BAG STRAWBERRY
16007,JUMBO BAG RED RETROSPOT,PACK OF 72 RETROSPOT CAKE CASES,JUMBO BAG PINK POLKADOT,RED RETROSPOT CHARLOTTE BAG,CHOCOLATE HOT WATER BOTTLE
16008,LUNCH BAG PINK POLKADOT,LUNCH BAG SUKI  DESIGN ,LUNCH BAG SPACEBOY DESIGN ,LUNCH BAG RED RETROSPOT,JUMBO BAG RED RETROSPOT
16009,LUNCH BAG WOODLAND,LUNCH BAG PINK POLKADOT,LUNCH BAG SUKI  DESIGN ,LUNCH BAG SPACEBOY DESIGN ,LUNCH BAG RED RETROSPOT
16010,JUMBO BAG RED RETROSPOT,JUMBO BAG PINK POLKADOT,LUNCH BAG SUKI  DESIGN ,PACK OF 72 RETROSPOT CAKE CASES,LUNCH BAG PINK POLKADOT
16011,WHITE HANGING HEART T-LIGHT HOLDER,HEART OF WICKER LARGE,REGENCY CAKESTAND 3 TIER,"PAPER CRAFT , LITTLE BIRDIE",JUMBO BAG RED WHITE SPOTTY 
16012,PACK OF 72 RETROSPOT CAKE CASES,HAND WARMER OWL DESIGN,GIN + TONIC DIET METAL SIGN,PACK OF 60 DINOSAUR CAKE CASES,72 SWEETHEART FAIRY CAKE CASES
16013,"PAPER CRAFT , LITTLE BIRDIE",JUMBO BAG RED WHITE SPOTTY ,ASSORTED COLOUR BIRD ORNAMENT,MEDIUM CERAMIC TOP STORAGE JAR,PAPER CHAIN KIT 50'S CHRISTMAS 
16014,PACK OF 72 RETROSPOT CAKE CASES,LOVE BUILDING BLOCK WORD,LUNCH BAG PINK POLKADOT,LUNCH BAG WOODLAND,LUNCH BAG SUKI  DESIGN 
16015,LUNCH BAG SPACEBOY DESIGN ,LUNCH BAG PINK POLKADOT,LUNCH BAG SUKI  DESIGN ,LUNCH BAG RED RETROSPOT,HEART OF WICKER LARGE
16016,JUMBO BAG RED RETROSPOT,LUNCH BAG SUKI  DESIGN ,JUMBO BAG PINK POLKADOT,LUNCH BAG SPACEBOY DESIGN ,LUNCH BAG PINK POLKADOT
16017,WHITE HANGING HEART T-LIGHT HOLDER,HAND WARMER OWL DESIGN,PICNIC BASKET WICKER SMALL,REGENCY CAKESTAND 3 TIER,PARTY BUNTING
16018,SWEETHEART CERAMIC TRINKET BOX,LUNCH BAG PINK POLKADOT,LUNCH BAG WOODLAND,LUNCH BAG SUKI  DESIGN ,LUNCH BAG CARS BLUE
16019,PACK OF 72 RETROSPOT CAKE CASES,JUMBO BAG RED RETROSPOT,PACK OF 60 DINOSAUR CAKE CASES,72 SWEETHEART FAIRY CAKE CASES,WOOD 2 DRAWER CABINET WHITE FINISH
16020,LUNCH BAG WOODLAND,LUNCH BAG PINK POLKADOT,LUNCH BAG SUKI  DESIGN ,LUNCH BAG SPACEBOY DESIGN ,LUNCH BAG  BLACK SKULL.
16021,HAND WARMER OWL DESIGN,VINTAGE SNAP CARDS,REGENCY CAKESTAND 3 TIER,ASSORTED COLOUR BIRD ORNAMENT,PARTY BUNTING
16022,PACK OF 72 RETROSPOT CAKE CASES,60 TEATIME FAIRY CAKE CASES,LUNCH BAG SUKI  DESIGN ,LUNCH BAG WOODLAND,LUNCH BAG PINK POLKADOT
16023,WHITE HANGING HEART T-LIGHT HOLDER,60 TEATIME FAIRY CAKE CASES,PACK OF 72 RETROSPOT CAKE CASES,PAPER CHAIN KIT 50'S CHRISTMAS ,BAKING SET 9 PIECE RETROSPOT 
16024,PACK OF 72 RETROSPOT CAKE CASES,REGENCY CAKESTAND 3 TIER,WHITE HANGING HEART T-LIGHT HOLDER,ASSORTED COLOUR BIRD ORNAMENT,PAPER CHAIN KIT 50'S CHRISTMAS 
16025,JUMBO BAG PINK POLKADOT,JUMBO STORAGE BAG SUKI,JUMBO BAG RED RETROSPOT,REGENCY CAKESTAND 3 TIER,WHITE HANGING HEART T-LIGHT HOLDER
16026,REGENCY CAKESTAND 3 TIER,WHITE HANGING HEART T-LIGHT HOLDER,ASSORTED COLOUR BIRD ORNAMENT,PAPER CHAIN KIT 50'S CHRISTMAS ,BAKING SET 9 PIECE RETROSPOT 
16027,PICNIC BASKET WICKER SMALL,PARTY BUNTING,JUMBO BAG RED WHITE SPOTTY ,ASSORTED COLOUR BIRD ORNAMENT,FAIRY CAKE FLANNEL ASSORTED COLOUR
16028,WHITE HANGING HEART T-LIGHT HOLDER,REGENCY CAKESTAND 3 TIER,ASSORTED COLOUR BIRD ORNAMENT,PARTY BUNTING,VINTAGE UNION JACK BUNTING
16029,JUMBO BAG RED RETROSPOT,JUMBO BAG PINK POLKADOT,GIN + TONIC DIET METAL SIGN,LUNCH BAG SUKI  DESIGN ,PINK CREAM FELT CRAFT TRINKET BOX 
16030,LUNCH BAG SUKI  DESIGN ,LUNCH BAG WOODLAND,LUNCH BAG PINK POLKADOT,LUNCH BAG SPACEBOY DESIGN ,LUNCH BAG  BLACK SKULL.
16031,PACK OF 72 RETROSPOT CAKE CASES,PACK OF 60 DINOSAUR CAKE CASES,PACK OF 60 PINK PAISLEY CAKE CASES,HAND WARMER SCOTTY DOG DESIGN,HAND WARMER BIRD DESIGN
16032,JUMBO BAG RED RETROSPOT,LUNCH BAG SUKI  DESIGN ,PACK OF 72 RETROSPOT CAKE CASES,LUNCH BAG SPACEBOY DESIGN ,LUNCH BAG PINK POLKADOT
16033,PACK OF 72 RETROSPOT CAKE CASES,LUNCH BAG PINK POLKADOT,LUNCH BAG SUKI  DESIGN ,LUNCH BAG SPACEBOY DESIGN ,LUNCH BAG  BLACK SKULL.
16034,JUMBO STORAGE BAG SUKI,JUMBO BAG PINK POLKADOT,JUMBO BAG RED RETROSPOT,HEART OF WICKER SMALL,WHITE HANGING HEART T-LIGHT HOLDER
16035,WHITE HANGING HEART T-LIGHT HOLDER,REGENCY CAKESTAND 3 TIER,ASSORTED COLOUR BIRD ORNAMENT,PARTY BUNTING,VINTAGE UNION JACK BUNTING
16036,JUMBO BAG RED RETROSPOT,WHITE HANGING HEART T-LIGHT HOLDER,JUMBO BAG PINK POLKADOT,JUMBO BAG STRAWBERRY,JUMBO  BAG BAROQUE BLACK WHITE
16037,LUNCH BAG PINK POLKADOT,LUNCH BAG SUKI  DESIGN ,LUNCH BAG SPACEBOY DESIGN ,LUNCH BAG  BLACK SKULL.,LUNCH BAG RED RETROSPOT
16038,REGENCY CAKESTAND 3 TIER,ASSORTED COLOUR BIRD ORNAMENT,PAPER CHAIN KIT 50'S CHRISTMAS ,METAL SIGN TAKE IT OR LEAVE IT ,RABBIT NIGHT LIGHT
16039,WHITE HANGING HEART T-LIGHT HOLDER,REGENCY CAKESTAND 3 TIER,PARTY BUNTING,VINTAGE UNION JACK BUNTING,BAKING SET 9 PIECE RETROSPOT 
16040,LUNCH BAG CARS BLUE,LUNCH BAG SPACEBOY DESIGN ,LUNCH BAG PINK POLKADOT,LUNCH BAG SUKI  DESIGN ,LUNCH BAG RED RETROSPOT
16041,REGENCY CAKESTAND 3 TIER,WHITE HANGING HEART T-LIGHT HOLDER,ASSORTED COLOUR BIRD ORNAMENT,PAPER CHAIN KIT 50'S CHRISTMAS ,BAKING SET 9 PIECE RETROSPOT 
16042,PAPER CHAIN KIT 50'S CHRISTMAS ,VINTAGE SNAP CARDS,REGENCY CAKESTAND 3 TIER,WHITE HANGING HEART T-LIGHT HOLDER,"PAPER CRAFT , LITTLE BIRDIE"
16043,PAPER CHAIN KIT 50'S CHRISTMAS ,HEART OF WICKER SMALL,VINTAGE HEADS AND TAILS CARD GAME ,PICNIC BASKET WICKER SMALL,REGENCY CAKESTAND 3 TIER
16044,HOT WATER BOTTLE TEA AND SYMPATHY,WHITE HANGING HEART T-LIGHT HOLDER,REGENCY CAKESTAND 3 TIER,ASSORTED COLOUR BIRD ORNAMENT,PARTY BUNTING
16045,GREEN REGENCY TEACUP AND SAUCER,WHITE HANGING HEART T-LIGHT HOLDER,60 TEATIME FAIRY CAKE CASES,PACK OF 72 RETROSPOT CAKE CASES,PINK CREAM FELT CRAFT TRINKET BOX 
16046,WHITE HANGING HEART T-LIGHT HOLDER,REGENCY CAKESTAND 3 TIER,ASSORTED COLOUR BIRD ORNAMENT,PARTY BUNTING,VINTAGE UNION JACK BUNTING
16048,REGENCY CAKESTAND 3 TIER,WHITE HANGING HEART T-LIGHT HOLDER,PICNIC BASKET WICKER SMALL,PARTY BUNTING,JUMBO BAG RED WHITE SPOTTY 
16049,PACK OF 72 RETROSPOT CAKE CASES,JUMBO BAG PINK POLKADOT,JUMBO BAG RED RETROSPOT,LUNCH BAG SUKI  DESIGN ,LOVE BUILDING BLOCK WORD
16050,WHITE HANGING HEART T-LIGHT HOLDER,REGENCY CAKESTAND 3 TIER,ASSORTED COLOUR BIRD ORNAMENT,PARTY BUNTING,VINTAGE UNION JACK BUNTING
16051,WHITE HANGING HEART T-LIGHT HOLDER,REGENCY CAKESTAND 3 TIER,ASSORTED COLOUR BIRD ORNAMENT,PARTY BUNTING,VINTAGE UNION JACK BUNTING
16052,VINTAGE HEADS AND TAILS CARD GAME ,REGENCY CAKESTAND 3 TIER,WHITE HANGING HEART T-LIGHT HOLDER,PAPER CHAIN KIT 50'S CHRISTMAS ,BAKING SET 9 PIECE RETROSPOT 
16053,PACK OF 72 RETROSPOT CAKE CASES,JUMBO BAG RED RETROSPOT,LUNCH BAG PINK POLKADOT,LUNCH BAG WOODLAND,LUNCH BAG SUKI  DESIGN 
16054,PAPER CHAIN KIT 50'S CHRISTMAS ,WHITE HANGING HEART T-LIGHT HOLDER,PICNIC BASKET WICKER SMALL,PARTY BUNTING,JUMBO BAG RED WHITE SPOTTY 
16055,WHITE HANGING HEART T-LIGHT HOLDER,REGENCY CAKESTAND 3 TIER,ASSORTED COLOUR BIRD ORNAMENT,VINTAGE UNION JACK BUNTING,BAKING SET 9 PIECE RETROSPOT 
16056,GIN + TONIC DIET METAL SIGN,HEART OF WICKER LARGE,WHITE HANGING HEART T-LIGHT HOLDER,HOT WATER BOTTLE TEA AND SYMPATHY,ASSORTED COLOUR BIRD ORNAMENT
16057,PACK OF 72 RETROSPOT CAKE CASES,72 SWEETHEART FAIRY CAKE CASES,PACK OF 60 PINK PAISLEY CAKE CASES,JUMBO BAG PINK POLKADOT,JUMBO STORAGE BAG SUKI
16058,WHITE HANGING HEART T-LIGHT HOLDER,REGENCY CAKESTAND 3 TIER,ASSORTED COLOUR BIRD ORNAMENT,PARTY BUNTING,VINTAGE UNION JACK BUNTING
16059,60 TEATIME FAIRY CAKE CASES,PACK OF 72 RETROSPOT CAKE CASES,PINK BLUE FELT CRAFT TRINKET BOX,CHOCOLATE HOT WATER BOTTLE,HAND WARMER SCOTTY DOG DESIGN
16060,60 TEATIME FAIRY CAKE CASES,PACK OF 72 RETROSPOT CAKE CASES,HEART OF WICKER LARGE,WHITE HANGING HEART T-LIGHT HOLDER,REGENCY CAKESTAND 3 TIER
16061,WHITE HANGING HEART T-LIGHT HOLDER,REGENCY CAKESTAND 3 TIER,ASSORTED COLOUR BIRD ORNAMENT,PARTY BUNTING,VINTAGE UNION JACK BUNTING
16062,WHITE HANGING HEART T-LIGHT HOLDER,HAND WARMER SCOTTY DOG DESIGN,HAND WARMER BIRD DESIGN,"PAPER CRAFT , LITTLE BIRDIE",JUMBO BAG RED WHITE SPOTTY 
16063,VINTAGE HEADS AND TAILS CARD GAME ,PINK BLUE FELT CRAFT TRINKET BOX,WHITE HANGING HEART T-LIGHT HOLDER,REGENCY CAKESTAND 3 TIER,ASSORTED COLOUR BIRD ORNAMENT
16064,REGENCY CAKESTAND 3 TIER,ASSORTED COLOUR BIRD ORNAMENT,PARTY BUNTING,VINTAGE UNION JACK BUNTING,BAKING SET 9 PIECE RETROSPOT 
16065,JUMBO BAG RED RETROSPOT,PACK OF 72 RETROSPOT CAKE CASES,JUMBO STORAGE BAG SUKI,JUMBO BAG PINK POLKADOT,LUNCH BAG WOODLAND
16066,WHITE HANGING HEART T-LIGHT HOLDER,LOVE BUILDING BLOCK WORD,PAPER CHAIN KIT VINTAGE CHRISTMAS,PINK BLUE FELT CRAFT TRINKET BOX,CHOCOLATE HOT WATER BOTTLE
16067,JUMBO BAG PINK POLKADOT,JUMBO BAG RED RETROSPOT,JUMBO SHOPPER VINTAGE RED PAISLEY,LUNCH BAG SUKI  DESIGN ,HOT WATER BOTTLE TEA AND SYMPATHY
16068,LUNCH BAG WOODLAND,LUNCH BAG PINK POLKADOT,LUNCH BAG SUKI  DESIGN ,LUNCH BAG SPACEBOY DESIGN ,LUNCH BAG  BLACK SKULL.
16069,WHITE HANGING HEART T-LIGHT HOLDER,REGENCY CAKESTAND 3 TIER,ASSORTED COLOUR BIRD ORNAMENT,PARTY BUNTING,VINTAGE UNION JACK BUNTING
16070,PAPER CHAIN KIT VINTAGE CHRISTMAS,REGENCY CAKESTAND 3 TIER,WHITE HANGING HEART T-LIGHT HOLDER,ASSORTED COLOUR BIRD ORNAMENT,METAL SIGN TAKE IT OR LEAVE IT 
16071,LUNCH BAG WOODLAND,LUNCH BAG PINK POLKADOT,LUNCH BAG SUKI  DESIGN ,LUNCH BAG SPACEBOY DESIGN ,LUNCH BAG  BLACK SKULL.
16072,WHITE HANGING HEART T-LIGHT HOLDER,PACK OF 72 RETROSPOT CAKE CASES,HAND WARMER OWL DESIGN,PACK OF 60 DINOSAUR CAKE CASES,LUNCH BAG WOODLAND
16073,WHITE HANGING HEART T-LIGHT HOLDER,REGENCY CAKESTAND 3 TIER,ASSORTED COLOUR BIRD ORNAMENT,PARTY BUNTING,VINTAGE UNION JACK BUNTING
16074,WOODEN FRAME ANTIQUE WHITE ,WHITE HANGING HEART T-LIGHT HOLDER,REGENCY CAKESTAND 3 TIER,ASSORTED COLOUR BIRD ORNAMENT,PARTY BUNTING
16075,PACK OF 60 DINOSAUR CAKE CASES,72 SWEETHEART FAIRY CAKE CASES,PACK OF 60 PINK PAISLEY CAKE CASES,PACK OF 72 RETROSPOT CAKE CASES,WOOD 2 DRAWER CABINET WHITE FINISH
16076,LUNCH BAG WOODLAND,LUNCH BAG PINK POLKADOT,LUNCH BAG SUKI  DESIGN ,LUNCH BAG SPACEBOY DESIGN ,LUNCH BAG  BLACK SKULL.
16077,WHITE HANGING HEART T-LIGHT HOLDER,REGENCY CAKESTAND 3 TIER,ASSORTED COLOUR BIRD ORNAMENT,PARTY BUNTING,VINTAGE UNION JACK BUNTING
16078,60 TEATIME FAIRY CAKE CASES,PACK OF 72 RETROSPOT CAKE CASES,WHITE HANGING HEART T-LIGHT HOLDER,REGENCY CAKESTAND 3 TIER,ASSORTED COLOUR BIRD ORNAMENT
16079,REGENCY CAKESTAND 3 TIER,WHITE HANGING HEART T-LIGHT HOLDER,ASSORTED COLOUR BIRD ORNAMENT,BAKING SET 9 PIECE RETROSPOT ,METAL SIGN TAKE IT OR LEAVE IT 
16080,LUNCH BAG PINK POLKADOT,LUNCH BAG WOODLAND,LUNCH BAG SUKI  DESIGN ,LUNCH BAG CARS BLUE,LUNCH BAG SPACEBOY DESIGN 
16081,HOME BUILDING BLOCK WORD,PICNIC BASKET WICKER SMALL,FAIRY CAKE FLANNEL ASSORTED COLOUR,ROUND SNACK BOXES SET OF 4 FRUITS ,LUNCH BAG CARS BLUE
16082,WOOD 2 DRAWER CABINET WHITE FINISH,WHITE HANGING HEART T-LIGHT HOLDER,REGENCY CAKESTAND 3 TIER,ASSORTED COLOUR BIRD ORNAMENT,PARTY BUNTING
16083,PACK OF 72 RETROSPOT CAKE CASES,60 TEATIME FAIRY CAKE CASES,WHITE HANGING HEART T-LIGHT HOLDER,PICNIC BASKET WICKER SMALL,REGENCY CAKESTAND 3 TIER
16084,SWEETHEART CERAMIC TRINKET BOX,60 TEATIME FAIRY CAKE CASES,PACK OF 72 RETROSPOT CAKE CASES,WHITE HANGING HEART T-LIGHT HOLDER,ASSORTED COLOUR BIRD ORNAMENT
16085,GIN + TONIC DIET METAL SIGN,REGENCY CAKESTAND 3 TIER,"PAPER CRAFT , LITTLE BIRDIE",JUMBO BAG RED WHITE SPOTTY ,ASSORTED COLOUR BIRD ORNAMENT
16086,JUMBO BAG RED RETROSPOT,JUMBO BAG PINK POLKADOT,JUMBO STORAGE BAG SUKI,RED RETROSPOT CHARLOTTE BAG,JUMBO BAG SCANDINAVIAN PAISLEY
16087,WHITE HANGING HEART T-LIGHT HOLDER,PICNIC BASKET WICKER SMALL,REGENCY CAKESTAND 3 TIER,PARTY BUNTING,JUMBO BAG RED WHITE SPOTTY 
16088,WHITE HANGING HEART T-LIGHT HOLDER,PICNIC BASKET WICKER SMALL,REGENCY CAKESTAND 3 TIER,PARTY BUNTING,JUMBO BAG RED WHITE SPOTTY 
16089,REGENCY CAKESTAND 3 TIER,ASSORTED COLOUR BIRD ORNAMENT,PARTY BUNTING,VINTAGE UNION JACK BUNTING,BAKING SET 9 PIECE RETROSPOT 
16090,WHITE HANGING HEART T-LIGHT HOLDER,REGENCY CAKESTAND 3 TIER,ASSORTED COLOUR BIRD ORNAMENT,PARTY BUNTING,VINTAGE UNION JACK BUNTING
16091,WHITE HANGING HEART T-LIGHT HOLDER,REGENCY CAKESTAND 3 TIER,ASSORTED COLOUR BIRD ORNAMENT,VINTAGE UNION JACK BUNTING,BAKING SET 9 PIECE RETROSPOT 
16092,60 TEATIME FAIRY CAKE CASES,PACK OF 72 RETROSPOT CAKE CASES,SWEETHEART CERAMIC TRINKET BOX,VINTAGE HEADS AND TAILS CARD GAME ,WHITE HANGING HEART T-LIGHT HOLDER
16093,WHITE HANGING HEART T-LIGHT HOLDER,REGENCY CAKESTAND 3 TIER,ASSORTED COLOUR BIRD ORNAMENT,PARTY BUNTING,VINTAGE UNION JACK BUNTING
16094,PACK OF 72 RETROSPOT CAKE CASES,PAPER CHAIN KIT VINTAGE CHRISTMAS,HEART OF WICKER LARGE,WHITE HANGING HEART T-LIGHT HOLDER,"PAPER CRAFT , LITTLE BIRDIE"
16095,WHITE HANGING HEART T-LIGHT HOLDER,REGENCY CAKESTAND 3 TIER,ASSORTED COLOUR BIRD ORNAMENT,PARTY BUNTING,VINTAGE UNION JACK BUNTING
16096,JUMBO STORAGE BAG SUKI,JUMBO BAG PINK POLKADOT,JUMBO BAG RED RETROSPOT,WHITE HANGING HEART T-LIGHT HOLDER,PICNIC BASKET WICKER SMALL
16097,VINTAGE SNAP CARDS,WHITE HANGING HEART T-LIGHT HOLDER,REGENCY CAKESTAND 3 TIER,ASSORTED COLOUR BIRD ORNAMENT,PARTY BUNTING
16098,LUNCH BAG PINK POLKADOT,LUNCH BAG WOODLAND,LUNCH BAG SUKI  DESIGN ,LUNCH BAG CARS BLUE,LUNCH BAG SPACEBOY DESIGN 
16099,JUMBO BAG PINK VINTAGE PAISLEY,JUMBO BAG RED RETROSPOT,WHITE HANGING HEART T-LIGHT HOLDER,PICNIC BASKET WICKER SMALL,REGENCY CAKESTAND 3 TIER
16100,WHITE HANGING HEART T-LIGHT HOLDER,REGENCY CAKESTAND 3 TIER,PARTY BUNTING,VINTAGE UNION JACK BUNTING,BAKING SET 9 PIECE RETROSPOT 
16101,JUMBO BAG RED RETROSPOT,LUNCH BAG SUKI  DESIGN ,JUMBO BAG PINK POLKADOT,LUNCH BAG SPACEBOY DESIGN ,LUNCH BAG PINK POLKADOT
16102,60 TEATIME FAIRY CAKE CASES,PACK OF 72 RETROSPOT CAKE CASES,REGENCY CAKESTAND 3 TIER,WHITE HANGING HEART T-LIGHT HOLDER,ASSORTED COLOUR BIRD ORNAMENT
16103,REGENCY CAKESTAND 3 TIER,"PAPER CRAFT , LITTLE BIRDIE",ASSORTED COLOUR BIRD ORNAMENT,MEDIUM CERAMIC TOP STORAGE JAR,PARTY BUNTING
16104,LOVE BUILDING BLOCK WORD,PICNIC BASKET WICKER SMALL,REGENCY CAKESTAND 3 TIER,PARTY BUNTING,JUMBO BAG RED WHITE SPOTTY 
16105,STRAWBERRY CERAMIC TRINKET BOX,PACK OF 60 DINOSAUR CAKE CASES,72 SWEETHEART FAIRY CAKE CASES,PACK OF 60 PINK PAISLEY CAKE CASES,PACK OF 72 RETROSPOT CAKE CASES
16106,WHITE HANGING HEART T-LIGHT HOLDER,REGENCY CAKESTAND 3 TIER,ASSORTED COLOUR BIRD ORNAMENT,PARTY BUNTING,VINTAGE UNION JACK BUNTING
16107,HAND WARMER SCOTTY DOG DESIGN,HAND WARMER BIRD DESIGN,"PAPER CRAFT , LITTLE BIRDIE",JUMBO BAG RED WHITE SPOTTY ,ASSORTED COLOUR BIRD ORNAMENT
16108,JUMBO STORAGE BAG SUKI,JUMBO BAG PINK POLKADOT,JUMBO BAG RED RETROSPOT,HAND WARMER OWL DESIGN,PACK OF 72 RETROSPOT CAKE CASES
16109,WHITE HANGING HEART T-LIGHT HOLDER,PICNIC BASKET WICKER SMALL,REGENCY CAKESTAND 3 TIER,PARTY BUNTING,JUMBO BAG RED WHITE SPOTTY 
16110,PACK OF 72 RETROSPOT CAKE CASES,HAND WARMER OWL DESIGN,PACK OF 60 DINOSAUR CAKE CASES,WOODEN PICTURE FRAME WHITE FINISH,PAPER CHAIN KIT VINTAGE CHRISTMAS
16111,WOODEN FRAME ANTIQUE WHITE ,WHITE HANGING HEART T-LIGHT HOLDER,HAND WARMER BIRD DESIGN,REGENCY CAKESTAND 3 TIER,PARTY BUNTING
16112,RED RETROSPOT CHARLOTTE BAG,WHITE HANGING HEART T-LIGHT HOLDER,REGENCY CAKESTAND 3 TIER,ASSORTED COLOUR BIRD ORNAMENT,PARTY BUNTING
16113,PACK OF 72 RETROSPOT CAKE CASES,WHITE HANGING HEART T-LIGHT HOLDER,REGENCY CAKESTAND 3 TIER,ASSORTED COLOUR BIRD ORNAMENT,PARTY BUNTING
16114,REGENCY CAKESTAND 3 TIER,WHITE HANGING HEART T-LIGHT HOLDER,ASSORTED COLOUR BIRD ORNAMENT,PARTY BUNTING,VINTAGE UNION JACK BUNTING
16115,PACK OF 72 RETROSPOT CAKE CASES,JUMBO BAG RED RETROSPOT,JUMBO BAG PINK POLKADOT,JUMBO STORAGE BAG SUKI,LOVE BUILDING BLOCK WORD
16116,WOODEN FRAME ANTIQUE WHITE ,WHITE HANGING HEART T-LIGHT HOLDER,VINTAGE HEADS AND TAILS CARD GAME ,REGENCY CAKESTAND 3 TIER,PARTY BUNTING
16117,PICNIC BASKET WICKER SMALL,REGENCY CAKESTAND 3 TIER,JUMBO BAG RED WHITE SPOTTY ,ASSORTED COLOUR BIRD ORNAMENT,FAIRY CAKE FLANNEL ASSORTED COLOUR
16118,LUNCH BAG SUKI  DESIGN ,LUNCH BAG WOODLAND,LUNCH BAG PINK POLKADOT,LUNCH BAG SPACEBOY DESIGN ,LUNCH BAG RED RETROSPOT
16119,WHITE HANGING HEART T-LIGHT HOLDER,WOODEN FRAME ANTIQUE WHITE ,HEART OF WICKER SMALL,"PAPER CRAFT , LITTLE BIRDIE",JUMBO BAG RED WHITE SPOTTY 
16120,STRAWBERRY CERAMIC TRINKET BOX,PAPER CHAIN KIT VINTAGE CHRISTMAS,JUMBO BAG PINK POLKADOT,JUMBO STORAGE BAG SUKI,JUMBO BAG RED RETROSPOT
16121,LUNCH BAG CARS BLUE,LUNCH BAG SPACEBOY DESIGN ,LUNCH BAG PINK POLKADOT,LUNCH BAG SUKI  DESIGN ,LUNCH BAG RED RETROSPOT
16122,VINTAGE SNAP CARDS,PINK BLUE FELT CRAFT TRINKET BOX,WHITE HANGING HEART T-LIGHT HOLDER,PICNIC BASKET WICKER SMALL,REGENCY CAKESTAND 3 TIER
16123,REGENCY CAKESTAND 3 TIER,WHITE HANGING HEART T-LIGHT HOLDER,ASSORTED COLOUR BIRD ORNAMENT,PAPER CHAIN KIT 50'S CHRISTMAS ,METAL SIGN TAKE IT OR LEAVE IT 
16124,PACK OF 72 RETROSPOT CAKE CASES,PAPER CHAIN KIT 50'S CHRISTMAS ,PACK OF 60 DINOSAUR CAKE CASES,72 SWEETHEART FAIRY CAKE CASES,VINTAGE HEADS AND TAILS CARD GAME 
16125,JUMBO BAG RED RETROSPOT,LUNCH BAG SUKI  DESIGN ,JUMBO BAG PINK POLKADOT,LUNCH BAG SPACEBOY DESIGN ,LUNCH BAG PINK POLKADOT
16126,JUMBO BAG PINK POLKADOT,JUMBO STORAGE BAG SUKI,JUMBO BAG RED RETROSPOT,WHITE HANGING HEART T-LIGHT HOLDER,"PAPER CRAFT , LITTLE BIRDIE"
16127,HOT WATER BOTTLE TEA AND SYMPATHY,PAPER CHAIN KIT VINTAGE CHRISTMAS,REGENCY CAKESTAND 3 TIER,WHITE HANGING HEART T-LIGHT HOLDER,ASSORTED COLOUR BIRD ORNAMENT
16128,HAND WARMER OWL DESIGN,LOVE BUILDING BLOCK WORD,WHITE HANGING HEART T-LIGHT HOLDER,PINK BLUE FELT CRAFT TRINKET BOX,"PAPER CRAFT , LITTLE BIRDIE"
16129,ALARM CLOCK BAKELIKE GREEN,WHITE HANGING HEART T-LIGHT HOLDER,PICNIC BASKET WICKER SMALL,REGENCY CAKESTAND 3 TIER,PARTY BUNTING
16130,WOODEN FRAME ANTIQUE WHITE ,WHITE HANGING HEART T-LIGHT HOLDER,WOOD 2 DRAWER CABINET WHITE FINISH,REGENCY CAKESTAND 3 TIER,PARTY BUNTING
16131,HAND WARMER OWL DESIGN,HOT WATER BOTTLE TEA AND SYMPATHY,GIN + TONIC DIET METAL SIGN,"PAPER CRAFT , LITTLE BIRDIE",JUMBO BAG RED WHITE SPOTTY 
16132,REGENCY CAKESTAND 3 TIER,ASSORTED COLOUR BIRD ORNAMENT,PARTY BUNTING,VINTAGE UNION JACK BUNTING,BAKING SET 9 PIECE RETROSPOT 
16133,PACK OF 72 RETROSPOT CAKE CASES,PACK OF 60 DINOSAUR CAKE CASES,72 SWEETHEART FAIRY CAKE CASES,HEART OF WICKER LARGE,WHITE HANGING HEART T-LIGHT HOLDER
16134,REGENCY CAKESTAND 3 TIER,WHITE HANGING HEART T-LIGHT HOLDER,ASSORTED COLOUR BIRD ORNAMENT,PAPER CHAIN KIT 50'S CHRISTMAS ,BAKING SET 9 PIECE RETROSPOT 
16135,PACK OF 72 RETROSPOT CAKE CASES,PACK OF 60 DINOSAUR CAKE CASES,72 SWEETHEART FAIRY CAKE CASES,GIN + TONIC DIET METAL SIGN,VINTAGE HEADS AND TAILS CARD GAME 
16136,WHITE HANGING HEART T-LIGHT HOLDER,PAPER CHAIN KIT VINTAGE CHRISTMAS,PICNIC BASKET WICKER SMALL,REGENCY CAKESTAND 3 TIER,PARTY BUNTING
16137,WHITE HANGING HEART T-LIGHT HOLDER,REGENCY CAKESTAND 3 TIER,ASSORTED COLOUR BIRD ORNAMENT,PARTY BUNTING,VINTAGE UNION JACK BUNTING
16138,STRAWBERRY CERAMIC TRINKET BOX,WHITE HANGING HEART T-LIGHT HOLDER,PICNIC BASKET WICKER SMALL,REGENCY CAKESTAND 3 TIER,PARTY BUNTING
16139,HAND WARMER BIRD DESIGN,PAPER CHAIN KIT VINTAGE CHRISTMAS,REGENCY CAKESTAND 3 TIER,WHITE HANGING HEART T-LIGHT HOLDER,ASSORTED COLOUR BIRD ORNAMENT
16140,WHITE HANGING HEART T-LIGHT HOLDER,HAND WARMER SCOTTY DOG DESIGN,PICNIC BASKET WICKER SMALL,REGENCY CAKESTAND 3 TIER,PARTY BUNTING
16141,HAND WARMER BIRD DESIGN,VINTAGE HEADS AND TAILS CARD GAME ,REGENCY CAKESTAND 3 TIER,ASSORTED COLOUR BIRD ORNAMENT,PAPER CHAIN KIT 50'S CHRISTMAS 
16142,JUMBO BAG PINK POLKADOT,JUMBO BAG RED RETROSPOT,JUMBO  BAG BAROQUE BLACK WHITE,JUMBO SHOPPER VINTAGE RED PAISLEY,LUNCH BAG SUKI  DESIGN 
16143,WHITE HANGING HEART T-LIGHT HOLDER,JUMBO BAG SCANDINAVIAN PAISLEY,JUMBO BAG RED RETROSPOT,LUNCH BAG WOODLAND,LUNCH BAG PINK POLKADOT
16144,WHITE HANGING HEART T-LIGHT HOLDER,ASSORTED COLOUR BIRD ORNAMENT,PARTY BUNTING,VINTAGE UNION JACK BUNTING,BAKING SET 9 PIECE RETROSPOT 
16145,LUNCH BAG CARS BLUE,LUNCH BAG SPACEBOY DESIGN ,LUNCH BAG PINK POLKADOT,LUNCH BAG SUKI  DESIGN ,LUNCH BAG RED RETROSPOT
16146,GIN + TONIC DIET METAL SIGN,WOODEN FRAME ANTIQUE WHITE ,HEART OF WICKER SMALL,PICNIC BASKET WICKER SMALL,REGENCY CAKESTAND 3 TIER
16147,PAPER CHAIN KIT VINTAGE CHRISTMAS,JUMBO BAG STRAWBERRY,JUMBO  BAG BAROQUE BLACK WHITE,JUMBO BAG PINK POLKADOT,JUMBO SHOPPER VINTAGE RED PAISLEY
16148,HEART OF WICKER LARGE,WHITE HANGING HEART T-LIGHT HOLDER,REGENCY CAKESTAND 3 TIER,ASSORTED COLOUR BIRD ORNAMENT,PARTY BUNTING
16149,REGENCY CAKESTAND 3 TIER,WHITE HANGING HEART T-LIGHT HOLDER,ASSORTED COLOUR BIRD ORNAMENT,PAPER CHAIN KIT 50'S CHRISTMAS ,BAKING SET 9 PIECE RETROSPOT 
16150,RED RETROSPOT CHARLOTTE BAG,CHOCOLATE HOT WATER BOTTLE,JUMBO BAG PINK POLKADOT,JUMBO STORAGE BAG SUKI,JUMBO BAG RED RETROSPOT
16152,WHITE HANGING HEART T-LIGHT HOLDER,REGENCY CAKESTAND 3 TIER,JUMBO BAG RED WHITE SPOTTY ,ASSORTED COLOUR BIRD ORNAMENT,FAIRY CAKE FLANNEL ASSORTED COLOUR
16153,PACK OF 72 RETROSPOT CAKE CASES,LUNCH BAG CARS BLUE,LUNCH BAG SPACEBOY DESIGN ,LUNCH BAG PINK POLKADOT,LUNCH BAG SUKI  DESIGN 
16155,LUNCH BAG WOODLAND,LUNCH BAG PINK POLKADOT,LUNCH BAG SUKI  DESIGN ,LUNCH BAG SPACEBOY DESIGN ,LUNCH BAG RED RETROSPOT
16156,JUMBO BAG PINK POLKADOT,JUMBO STORAGE BAG SUKI,JUMBO BAG RED RETROSPOT,LUNCH BAG CARS BLUE,LUNCH BAG SPACEBOY DESIGN 
16157,REGENCY CAKESTAND 3 TIER,WHITE HANGING HEART T-LIGHT HOLDER,PAPER CHAIN KIT 50'S CHRISTMAS ,BAKING SET 9 PIECE RETROSPOT ,METAL SIGN TAKE IT OR LEAVE IT 
16158,WOOD 2 DRAWER CABINET WHITE FINISH,PAPER CHAIN KIT VINTAGE CHRISTMAS,WHITE HANGING HEART T-LIGHT HOLDER,PICNIC BASKET WICKER SMALL,REGENCY CAKESTAND 3 TIER
16159,PACK OF 72 RETROSPOT CAKE CASES,PACK OF 60 DINOSAUR CAKE CASES,72 SWEETHEART FAIRY CAKE CASES,WHITE HANGING HEART T-LIGHT HOLDER,PICNIC BASKET WICKER SMALL
16160,REGENCY CAKESTAND 3 TIER,WHITE HANGING HEART T-LIGHT HOLDER,PAPER CHAIN KIT 50'S CHRISTMAS ,BAKING SET 9 PIECE RETROSPOT ,METAL SIGN TAKE IT OR LEAVE IT 
16161,JUMBO BAG RED RETROSPOT,LUNCH BAG SUKI  DESIGN ,JUMBO BAG PINK POLKADOT,LUNCH BAG PINK POLKADOT,LUNCH BAG SPACEBOY DESIGN 
16162,WHITE HANGING HEART T-LIGHT HOLDER,REGENCY CAKESTAND 3 TIER,ASSORTED COLOUR BIRD ORNAMENT,PARTY BUNTING,VINTAGE UNION JACK BUNTING
16163,WOOD S/3 CABINET ANT WHITE FINISH,LOVE BUILDING BLOCK WORD,PAPER CHAIN KIT VINTAGE CHRISTMAS,PICNIC BASKET WICKER SMALL,REGENCY CAKESTAND 3 TIER
16164,JUMBO BAG PINK POLKADOT,JUMBO STORAGE BAG SUKI,JUMBO BAG RED RETROSPOT,REGENCY CAKESTAND 3 TIER,WHITE HANGING HEART T-LIGHT HOLDER
16165,WHITE HANGING HEART T-LIGHT HOLDER,REGENCY CAKESTAND 3 TIER,ASSORTED COLOUR BIRD ORNAMENT,PARTY BUNTING,VINTAGE UNION JACK BUNTING
16166,WOODEN PICTURE FRAME WHITE FINISH,WHITE HANGING HEART T-LIGHT HOLDER,REGENCY CAKESTAND 3 TIER,ASSORTED COLOUR BIRD ORNAMENT,PARTY BUNTING
16167,PACK OF 72 RETROSPOT CAKE CASES,HAND WARMER SCOTTY DOG DESIGN,HAND WARMER BIRD DESIGN,PACK OF 60 DINOSAUR CAKE CASES,72 SWEETHEART FAIRY CAKE CASES
16168,JUMBO BAG RED RETROSPOT,LUNCH BAG SPACEBOY DESIGN ,LUNCH BAG PINK POLKADOT,LUNCH BAG SUKI  DESIGN ,LUNCH BAG RED RETROSPOT
16169,JUMBO BAG RED RETROSPOT,JUMBO BAG PINK POLKADOT,LUNCH BAG SUKI  DESIGN ,JUMBO BAG PINK VINTAGE PAISLEY,LUNCH BAG PINK POLKADOT
16170,ROSES REGENCY TEACUP AND SAUCER ,PAPER CHAIN KIT 50'S CHRISTMAS ,HEART OF WICKER LARGE,WHITE HANGING HEART T-LIGHT HOLDER,VINTAGE HEADS AND TAILS CARD GAME 
16171,WHITE HANGING HEART T-LIGHT HOLDER,REGENCY CAKESTAND 3 TIER,ASSORTED COLOUR BIRD ORNAMENT,PARTY BUNTING,VINTAGE UNION JACK BUNTING
16172,JUMBO BAG RED RETROSPOT,PACK OF 72 RETROSPOT CAKE CASES,JUMBO BAG PINK POLKADOT,72 SWEETHEART FAIRY CAKE CASES,PACK OF 60 PINK PAISLEY CAKE CASES
16173,WHITE HANGING HEART T-LIGHT HOLDER,WOODEN FRAME ANTIQUE WHITE ,HEART OF WICKER LARGE,HOT WATER BOTTLE TEA AND SYMPATHY,JUMBO BAG PINK POLKADOT
16174,LUNCH BAG PINK POLKADOT,LUNCH BAG SUKI  DESIGN ,LUNCH BAG SPACEBOY DESIGN ,LUNCH BAG RED RETROSPOT,PINK REGENCY TEACUP AND SAUCER
16175,PICNIC BASKET WICKER SMALL,REGENCY CAKESTAND 3 TIER,PARTY BUNTING,JUMBO BAG RED WHITE SPOTTY ,ASSORTED COLOUR BIRD ORNAMENT
16176,HEART OF WICKER LARGE,CHOCOLATE HOT WATER BOTTLE,PICNIC BASKET WICKER SMALL,REGENCY CAKESTAND 3 TIER,ASSORTED COLOUR BIRD ORNAMENT
16177,WHITE HANGING HEART T-LIGHT HOLDER,WOOD 2 DRAWER CABINET WHITE FINISH,HEART OF WICKER LARGE,GIN + TONIC DIET METAL SIGN,PICNIC BASKET WICKER SMALL
16178,WHITE HANGING HEART T-LIGHT HOLDER,PARTY BUNTING,VINTAGE UNION JACK BUNTING,BAKING SET 9 PIECE RETROSPOT ,GRAND CHOCOLATECANDLE
16179,WHITE HANGING HEART T-LIGHT HOLDER,REGENCY CAKESTAND 3 TIER,ASSORTED COLOUR BIRD ORNAMENT,PARTY BUNTING,VINTAGE UNION JACK BUNTING
16180,JUMBO BAG RED RETROSPOT,JUMBO BAG PINK POLKADOT,LUNCH BAG SUKI  DESIGN ,LUNCH BAG SPACEBOY DESIGN ,LUNCH BAG PINK POLKADOT
16181,JUMBO BAG PINK POLKADOT,JUMBO STORAGE BAG SUKI,JUMBO BAG RED RETROSPOT,WHITE HANGING HEART T-LIGHT HOLDER,REGENCY CAKESTAND 3 TIER
16182,JUMBO BAG RED RETROSPOT,JUMBO BAG PINK POLKADOT,JUMBO BAG STRAWBERRY,JUMBO  BAG BAROQUE BLACK WHITE,LUNCH BAG SUKI  DESIGN 
16183,WHITE HANGING HEART T-LIGHT HOLDER,PICNIC BASKET WICKER SMALL,REGENCY CAKESTAND 3 TIER,PARTY BUNTING,JUMBO BAG RED WHITE SPOTTY 
16184,WHITE HANGING HEART T-LIGHT HOLDER,PICNIC BASKET WICKER SMALL,REGENCY CAKESTAND 3 TIER,PARTY BUNTING,JUMBO BAG RED WHITE SPOTTY 
16185,LUNCH BAG WOODLAND,LUNCH BAG PINK POLKADOT,LUNCH BAG SUKI  DESIGN ,LUNCH BAG SPACEBOY DESIGN ,LUNCH BAG  BLACK SKULL.
16186,LUNCH BAG SPACEBOY DESIGN ,LUNCH BAG PINK POLKADOT,LUNCH BAG SUKI  DESIGN ,LUNCH BAG RED RETROSPOT,PACK OF 72 RETROSPOT CAKE CASES
16187,PACK OF 72 RETROSPOT CAKE CASES,LUNCH BAG WOODLAND,LUNCH BAG PINK POLKADOT,LUNCH BAG SUKI  DESIGN ,LUNCH BAG SPACEBOY DESIGN 
16188,60 TEATIME FAIRY CAKE CASES,PACK OF 72 RETROSPOT CAKE CASES,WHITE HANGING HEART T-LIGHT HOLDER,PICNIC BASKET WICKER SMALL,REGENCY CAKESTAND 3 TIER
16189,REGENCY CAKESTAND 3 TIER,WHITE HANGING HEART T-LIGHT HOLDER,ASSORTED COLOUR BIRD ORNAMENT,PAPER CHAIN KIT 50'S CHRISTMAS ,BAKING SET 9 PIECE RETROSPOT 
16190,PAPER CHAIN KIT 50'S CHRISTMAS ,HEART OF WICKER SMALL,REGENCY CAKESTAND 3 TIER,JUMBO BAG RED WHITE SPOTTY ,FAIRY CAKE FLANNEL ASSORTED COLOUR
16191,PAPER CHAIN KIT VINTAGE CHRISTMAS,"PAPER CRAFT , LITTLE BIRDIE",JUMBO BAG RED WHITE SPOTTY ,ASSORTED COLOUR BIRD ORNAMENT,MEDIUM CERAMIC TOP STORAGE JAR
16192,JUMBO BAG PINK POLKADOT,JUMBO STORAGE BAG SUKI,JUMBO BAG RED RETROSPOT,WHITE HANGING HEART T-LIGHT HOLDER,REGENCY CAKESTAND 3 TIER
16193,PINK REGENCY TEACUP AND SAUCER,GREEN REGENCY TEACUP AND SAUCER,REGENCY CAKESTAND 3 TIER,VINTAGE SNAP CARDS,ASSORTED COLOUR BIRD ORNAMENT
16194,WHITE HANGING HEART T-LIGHT HOLDER,REGENCY CAKESTAND 3 TIER,ASSORTED COLOUR BIRD ORNAMENT,PARTY BUNTING,VINTAGE UNION JACK BUNTING
16195,PAPER CHAIN KIT VINTAGE CHRISTMAS,WHITE HANGING HEART T-LIGHT HOLDER,REGENCY CAKESTAND 3 TIER,ASSORTED COLOUR BIRD ORNAMENT,PARTY BUNTING
16196,WHITE HANGING HEART T-LIGHT HOLDER,REGENCY CAKESTAND 3 TIER,ASSORTED COLOUR BIRD ORNAMENT,PARTY BUNTING,VINTAGE UNION JACK BUNTING
16197,PACK OF 72 RETROSPOT CAKE CASES,72 SWEETHEART FAIRY CAKE CASES,LUNCH BAG PINK POLKADOT,LUNCH BAG WOODLAND,LUNCH BAG SUKI  DESIGN 
16198,PAPER CHAIN KIT 50'S CHRISTMAS ,REGENCY CAKESTAND 3 TIER,WHITE HANGING HEART T-LIGHT HOLDER,ASSORTED COLOUR BIRD ORNAMENT,BAKING SET 9 PIECE RETROSPOT 
16199,WHITE HANGING HEART T-LIGHT HOLDER,PICNIC BASKET WICKER SMALL,REGENCY CAKESTAND 3 TIER,PARTY BUNTING,JUMBO BAG RED WHITE SPOTTY 
16200,JUMBO BAG RED RETROSPOT,JUMBO BAG PINK POLKADOT,PACK OF 72 RETROSPOT CAKE CASES,LUNCH BAG SUKI  DESIGN ,LUNCH BAG PINK POLKADOT
16201,JUMBO BAG RED RETROSPOT,LUNCH BAG SUKI  DESIGN ,JUMBO BAG PINK POLKADOT,LUNCH BAG SPACEBOY DESIGN ,LUNCH BAG PINK POLKADOT
16202,LOVE BUILDING BLOCK WORD,VINTAGE HEADS AND TAILS CARD GAME ,JUMBO BAG PINK POLKADOT,JUMBO STORAGE BAG SUKI,JUMBO BAG RED RETROSPOT
16203,VINTAGE SNAP CARDS,PINK CREAM FELT CRAFT TRINKET BOX ,WHITE HANGING HEART T-LIGHT HOLDER,PICNIC BASKET WICKER SMALL,REGENCY CAKESTAND 3 TIER
16204,PACK OF 72 RETROSPOT CAKE CASES,SWEETHEART CERAMIC TRINKET BOX,PACK OF 60 DINOSAUR CAKE CASES,PACK OF 60 PINK PAISLEY CAKE CASES,ALARM CLOCK BAKELIKE GREEN
16205,LUNCH BAG PINK POLKADOT,LUNCH BAG WOODLAND,LUNCH BAG SUKI  DESIGN ,LUNCH BAG CARS BLUE,LUNCH BAG SPACEBOY DESIGN 
16206,PACK OF 72 RETROSPOT CAKE CASES,60 TEATIME FAIRY CAKE CASES,WOOD 2 DRAWER CABINET WHITE FINISH,HOME BUILDING BLOCK WORD,HOT WATER BOTTLE TEA AND SYMPATHY
16207,ASSORTED COLOUR BIRD ORNAMENT,REGENCY CAKESTAND 3 TIER,WHITE HANGING HEART T-LIGHT HOLDER,PAPER CHAIN KIT 50'S CHRISTMAS ,BAKING SET 9 PIECE RETROSPOT 
16208,REGENCY CAKESTAND 3 TIER,"PAPER CRAFT , LITTLE BIRDIE",JUMBO BAG RED WHITE SPOTTY ,ASSORTED COLOUR BIRD ORNAMENT,MEDIUM CERAMIC TOP STORAGE JAR
16209,HEART OF WICKER LARGE,WHITE HANGING HEART T-LIGHT HOLDER,GIN + TONIC DIET METAL SIGN,PICNIC BASKET WICKER SMALL,JUMBO BAG RED WHITE SPOTTY 
16210,JUMBO BAG PINK POLKADOT,JUMBO BAG RED RETROSPOT,LUNCH BAG SUKI  DESIGN ,JUMBO BAG STRAWBERRY,JUMBO  BAG BAROQUE BLACK WHITE
16211,PINK BLUE FELT CRAFT TRINKET BOX,WHITE HANGING HEART T-LIGHT HOLDER,PICNIC BASKET WICKER SMALL,PARTY BUNTING,JUMBO BAG RED WHITE SPOTTY 
16212,WHITE HANGING HEART T-LIGHT HOLDER,LUNCH BAG PINK POLKADOT,LUNCH BAG WOODLAND,LUNCH BAG SUKI  DESIGN ,LUNCH BAG CARS BLUE
16213,WHITE HANGING HEART T-LIGHT HOLDER,REGENCY CAKESTAND 3 TIER,ASSORTED COLOUR BIRD ORNAMENT,PARTY BUNTING,VINTAGE UNION JACK BUNTING
16214,HOT WATER BOTTLE TEA AND SYMPATHY,HAND WARMER SCOTTY DOG DESIGN,HAND WARMER BIRD DESIGN,ASSORTED COLOUR BIRD ORNAMENT,HEART OF WICKER SMALL
16215,HAND WARMER OWL DESIGN,VINTAGE SNAP CARDS,WHITE HANGING HEART T-LIGHT HOLDER,REGENCY CAKESTAND 3 TIER,ASSORTED COLOUR BIRD ORNAMENT
16216,WHITE HANGING HEART T-LIGHT HOLDER,REGENCY CAKESTAND 3 TIER,VINTAGE UNION JACK BUNTING,BAKING SET 9 PIECE RETROSPOT ,GRAND CHOCOLATECANDLE
16217,WHITE HANGING HEART T-LIGHT HOLDER,REGENCY CAKESTAND 3 TIER,ASSORTED COLOUR BIRD ORNAMENT,PARTY BUNTING,VINTAGE UNION JACK BUNTING
16218,JUMBO BAG RED RETROSPOT,PACK OF 72 RETROSPOT CAKE CASES,LUNCH BAG SUKI  DESIGN ,JUMBO BAG PINK POLKADOT,60 TEATIME FAIRY CAKE CASES
16219,WHITE HANGING HEART T-LIGHT HOLDER,REGENCY CAKESTAND 3 TIER,ASSORTED COLOUR BIRD ORNAMENT,PARTY BUNTING,VINTAGE UNION JACK BUNTING
16221,JUMBO STORAGE BAG SUKI,JUMBO BAG PINK POLKADOT,JUMBO BAG RED RETROSPOT,LUNCH BAG CARS BLUE,LUNCH BAG SPACEBOY DESIGN 
16222,60 TEATIME FAIRY CAKE CASES,PACK OF 72 RETROSPOT CAKE CASES,ALARM CLOCK BAKELIKE GREEN,HEART OF WICKER SMALL,JUMBO BAG PINK POLKADOT
16223,JUMBO BAG RED RETROSPOT,JUMBO STORAGE BAG SUKI,JUMBO BAG PINK POLKADOT,REGENCY CAKESTAND 3 TIER,PARTY BUNTING
16224,PINK CREAM FELT CRAFT TRINKET BOX ,PAPER CHAIN KIT 50'S CHRISTMAS ,RED RETROSPOT CHARLOTTE BAG,CHOCOLATE HOT WATER BOTTLE,WHITE HANGING HEART T-LIGHT HOLDER
16225,PACK OF 72 RETROSPOT CAKE CASES,JUMBO BAG RED RETROSPOT,PACK OF 60 PINK PAISLEY CAKE CASES,PAPER CHAIN KIT VINTAGE CHRISTMAS,JUMBO BAG PINK POLKADOT
16226,HEART OF WICKER LARGE,WHITE HANGING HEART T-LIGHT HOLDER,PICNIC BASKET WICKER SMALL,REGENCY CAKESTAND 3 TIER,PARTY BUNTING
16227,WHITE HANGING HEART T-LIGHT HOLDER,PICNIC BASKET WICKER SMALL,REGENCY CAKESTAND 3 TIER,PARTY BUNTING,JUMBO BAG RED WHITE SPOTTY 
16228,60 TEATIME FAIRY CAKE CASES,PACK OF 72 RETROSPOT CAKE CASES,CHOCOLATE HOT WATER BOTTLE,ALARM CLOCK BAKELIKE GREEN,HAND WARMER SCOTTY DOG DESIGN
16229,LUNCH BAG SPACEBOY DESIGN ,LUNCH BAG PINK POLKADOT,LUNCH BAG SUKI  DESIGN ,LUNCH BAG RED RETROSPOT,JUMBO BAG RED RETROSPOT
16230,LUNCH BAG WOODLAND,LUNCH BAG PINK POLKADOT,LUNCH BAG SUKI  DESIGN ,LUNCH BAG SPACEBOY DESIGN ,LUNCH BAG  BLACK SKULL.
16231,PACK OF 72 RETROSPOT CAKE CASES,60 TEATIME FAIRY CAKE CASES,JUMBO BAG STRAWBERRY,JUMBO  BAG BAROQUE BLACK WHITE,JUMBO BAG PINK POLKADOT
16232,PACK OF 72 RETROSPOT CAKE CASES,PACK OF 60 DINOSAUR CAKE CASES,PICNIC BASKET WICKER SMALL,REGENCY CAKESTAND 3 TIER,JUMBO BAG RED WHITE SPOTTY 
16233,PAPER CHAIN KIT VINTAGE CHRISTMAS,WHITE HANGING HEART T-LIGHT HOLDER,PICNIC BASKET WICKER SMALL,REGENCY CAKESTAND 3 TIER,PARTY BUNTING
16234,WHITE HANGING HEART T-LIGHT HOLDER,REGENCY CAKESTAND 3 TIER,ASSORTED COLOUR BIRD ORNAMENT,PARTY BUNTING,VINTAGE UNION JACK BUNTING
16235,WHITE HANGING HEART T-LIGHT HOLDER,WOODEN PICTURE FRAME WHITE FINISH,PAPER CHAIN KIT VINTAGE CHRISTMAS,HOME BUILDING BLOCK WORD,HEART OF WICKER LARGE
16236,WHITE HANGING HEART T-LIGHT HOLDER,REGENCY CAKESTAND 3 TIER,ASSORTED COLOUR BIRD ORNAMENT,PARTY BUNTING,VINTAGE UNION JACK BUNTING
16237,WHITE HANGING HEART T-LIGHT HOLDER,REGENCY CAKESTAND 3 TIER,ASSORTED COLOUR BIRD ORNAMENT,PARTY BUNTING,VINTAGE UNION JACK BUNTING
16238,SWEETHEART CERAMIC TRINKET BOX,WHITE HANGING HEART T-LIGHT HOLDER,REGENCY CAKESTAND 3 TIER,ASSORTED COLOUR BIRD ORNAMENT,PARTY BUNTING
16239,WHITE HANGING HEART T-LIGHT HOLDER,PICNIC BASKET WICKER SMALL,REGENCY CAKESTAND 3 TIER,PARTY BUNTING,JUMBO BAG RED WHITE SPOTTY 
16240,HAND WARMER OWL DESIGN,PAPER CHAIN KIT VINTAGE CHRISTMAS,PINK REGENCY TEACUP AND SAUCER,GREEN REGENCY TEACUP AND SAUCER,VINTAGE HEADS AND TAILS CARD GAME 
16241,PACK OF 72 RETROSPOT CAKE CASES,JUMBO BAG RED RETROSPOT,LUNCH BAG SUKI  DESIGN ,LUNCH BAG PINK POLKADOT,LUNCH BAG SPACEBOY DESIGN 
16242,JUMBO BAG RED RETROSPOT,PACK OF 72 RETROSPOT CAKE CASES,LUNCH BAG PINK POLKADOT,LUNCH BAG SUKI  DESIGN ,LUNCH BAG SPACEBOY DESIGN 
16243,REGENCY CAKESTAND 3 TIER,WHITE HANGING HEART T-LIGHT HOLDER,ASSORTED COLOUR BIRD ORNAMENT,PAPER CHAIN KIT 50'S CHRISTMAS ,BAKING SET 9 PIECE RETROSPOT 
16244,PACK OF 72 RETROSPOT CAKE CASES,PACK OF 60 DINOSAUR CAKE CASES,PACK OF 60 PINK PAISLEY CAKE CASES,HEART OF WICKER LARGE,WHITE HANGING HEART T-LIGHT HOLDER
16245,WOODEN PICTURE FRAME WHITE FINISH,WHITE HANGING HEART T-LIGHT HOLDER,HAND WARMER OWL DESIGN,REGENCY CAKESTAND 3 TIER,PAPER CHAIN KIT 50'S CHRISTMAS 
16246,JUMBO BAG STRAWBERRY,JUMBO  BAG BAROQUE BLACK WHITE,JUMBO BAG PINK POLKADOT,JUMBO SHOPPER VINTAGE RED PAISLEY,JUMBO BAG RED RETROSPOT
16247,WHITE HANGING HEART T-LIGHT HOLDER,REGENCY CAKESTAND 3 TIER,ASSORTED COLOUR BIRD ORNAMENT,PARTY BUNTING,BAKING SET 9 PIECE RETROSPOT 
16248,HAND WARMER BIRD DESIGN,WHITE HANGING HEART T-LIGHT HOLDER,REGENCY CAKESTAND 3 TIER,ASSORTED COLOUR BIRD ORNAMENT,PARTY BUNTING
16249,PACK OF 72 RETROSPOT CAKE CASES,HAND WARMER SCOTTY DOG DESIGN,72 SWEETHEART FAIRY CAKE CASES,PICNIC BASKET WICKER SMALL,REGENCY CAKESTAND 3 TIER
16250,WHITE HANGING HEART T-LIGHT HOLDER,HEART OF WICKER LARGE,TOILET METAL SIGN,STRAWBERRY CERAMIC TRINKET BOX,PICNIC BASKET WICKER SMALL
16251,LOVE BUILDING BLOCK WORD,REGENCY CAKESTAND 3 TIER,ASSORTED COLOUR BIRD ORNAMENT,PARTY BUNTING,VINTAGE UNION JACK BUNTING
16252,WHITE HANGING HEART T-LIGHT HOLDER,REGENCY CAKESTAND 3 TIER,ASSORTED COLOUR BIRD ORNAMENT,PARTY BUNTING,VINTAGE UNION JACK BUNTING
16253,LUNCH BAG PINK POLKADOT,LUNCH BAG WOODLAND,LUNCH BAG SUKI  DESIGN ,LUNCH BAG CARS BLUE,LUNCH BAG SPACEBOY DESIGN 
16254,JUMBO STORAGE BAG SUKI,JUMBO BAG PINK POLKADOT,JUMBO BAG RED RETROSPOT,HAND WARMER BIRD DESIGN,PICNIC BASKET WICKER SMALL
16255,PACK OF 72 RETROSPOT CAKE CASES,WHITE HANGING HEART T-LIGHT HOLDER,WOODEN PICTURE FRAME WHITE FINISH,LOVE BUILDING BLOCK WORD,VINTAGE HEADS AND TAILS CARD GAME 
16256,PACK OF 72 RETROSPOT CAKE CASES,WHITE HANGING HEART T-LIGHT HOLDER,PICNIC BASKET WICKER SMALL,REGENCY CAKESTAND 3 TIER,JUMBO BAG RED WHITE SPOTTY 
16257,WHITE HANGING HEART T-LIGHT HOLDER,REGENCY CAKESTAND 3 TIER,ASSORTED COLOUR BIRD ORNAMENT,PARTY BUNTING,VINTAGE UNION JACK BUNTING
16258,PACK OF 72 RETROSPOT CAKE CASES,LUNCH BAG PINK POLKADOT,LUNCH BAG WOODLAND,LUNCH BAG SUKI  DESIGN ,LUNCH BAG SPACEBOY DESIGN 
16259,HEART OF WICKER SMALL,JUMBO BAG PINK POLKADOT,JUMBO STORAGE BAG SUKI,JUMBO BAG RED RETROSPOT,REGENCY CAKESTAND 3 TIER
16260,HAND WARMER OWL DESIGN,PAPER CHAIN KIT VINTAGE CHRISTMAS,REGENCY CAKESTAND 3 TIER,WHITE HANGING HEART T-LIGHT HOLDER,ASSORTED COLOUR BIRD ORNAMENT
16261,PACK OF 72 RETROSPOT CAKE CASES,PACK OF 60 DINOSAUR CAKE CASES,72 SWEETHEART FAIRY CAKE CASES,PAPER CHAIN KIT VINTAGE CHRISTMAS,HOT WATER BOTTLE TEA AND SYMPATHY
16262,JUMBO BAG STRAWBERRY,JUMBO  BAG BAROQUE BLACK WHITE,JUMBO BAG PINK POLKADOT,JUMBO SHOPPER VINTAGE RED PAISLEY,JUMBO BAG RED RETROSPOT
16263,WHITE HANGING HEART T-LIGHT HOLDER,REGENCY CAKESTAND 3 TIER,ASSORTED COLOUR BIRD ORNAMENT,VINTAGE UNION JACK BUNTING,BAKING SET 9 PIECE RETROSPOT 
16264,REGENCY CAKESTAND 3 TIER,ASSORTED COLOUR BIRD ORNAMENT,PARTY BUNTING,VINTAGE UNION JACK BUNTING,BAKING SET 9 PIECE RETROSPOT 
16265,LUNCH BAG SUKI  DESIGN ,LUNCH BAG SPACEBOY DESIGN ,LUNCH BAG PINK POLKADOT,LUNCH BAG  BLACK SKULL.,LUNCH BAG RED RETROSPOT
16266,HAND WARMER SCOTTY DOG DESIGN,HOME BUILDING BLOCK WORD,PICNIC BASKET WICKER SMALL,REGENCY CAKESTAND 3 TIER,PARTY BUNTING
16267,PACK OF 72 RETROSPOT CAKE CASES,72 SWEETHEART FAIRY CAKE CASES,PACK OF 60 PINK PAISLEY CAKE CASES,WHITE HANGING HEART T-LIGHT HOLDER,REGENCY CAKESTAND 3 TIER
16268,CHOCOLATE HOT WATER BOTTLE,REGENCY CAKESTAND 3 TIER,WHITE HANGING HEART T-LIGHT HOLDER,PAPER CHAIN KIT 50'S CHRISTMAS ,METAL SIGN TAKE IT OR LEAVE IT 
16269,CHOCOLATE HOT WATER BOTTLE,TOILET METAL SIGN,PAPER CHAIN KIT VINTAGE CHRISTMAS,WHITE HANGING HEART T-LIGHT HOLDER,ASSORTED COLOUR BIRD ORNAMENT
16270,ASSORTED COLOUR BIRD ORNAMENT,WHITE HANGING HEART T-LIGHT HOLDER,REGENCY CAKESTAND 3 TIER,PARTY BUNTING,VINTAGE UNION JACK BUNTING
16271,JUMBO BAG RED RETROSPOT,PACK OF 72 RETROSPOT CAKE CASES,JUMBO BAG PINK POLKADOT,JUMBO STORAGE BAG SUKI,PACK OF 60 DINOSAUR CAKE CASES
16272,JUMBO BAG RED RETROSPOT,JUMBO BAG PINK POLKADOT,60 TEATIME FAIRY CAKE CASES,PACK OF 72 RETROSPOT CAKE CASES,LUNCH BAG SUKI  DESIGN 
16273,WHITE HANGING HEART T-LIGHT HOLDER,REGENCY CAKESTAND 3 TIER,ASSORTED COLOUR BIRD ORNAMENT,PARTY BUNTING,VINTAGE UNION JACK BUNTING
16274,PAPER CHAIN KIT VINTAGE CHRISTMAS,WHITE HANGING HEART T-LIGHT HOLDER,REGENCY CAKESTAND 3 TIER,ASSORTED COLOUR BIRD ORNAMENT,PARTY BUNTING
16275,PACK OF 72 RETROSPOT CAKE CASES,PACK OF 60 DINOSAUR CAKE CASES,72 SWEETHEART FAIRY CAKE CASES,PINK 3 PIECE MINI DOTS CUTLERY SET,WOOD 2 DRAWER CABINET WHITE FINISH
16276,PACK OF 72 RETROSPOT CAKE CASES,72 SWEETHEART FAIRY CAKE CASES,PACK OF 60 PINK PAISLEY CAKE CASES,GIN + TONIC DIET METAL SIGN,HOT WATER BOTTLE TEA AND SYMPATHY
16277,WHITE HANGING HEART T-LIGHT HOLDER,WOOD S/3 CABINET ANT WHITE FINISH,REGENCY CAKESTAND 3 TIER,ASSORTED COLOUR BIRD ORNAMENT,PARTY BUNTING
16278,PACK OF 72 RETROSPOT CAKE CASES,72 SWEETHEART FAIRY CAKE CASES,PACK OF 60 PINK PAISLEY CAKE CASES,WHITE HANGING HEART T-LIGHT HOLDER,PICNIC BASKET WICKER SMALL
16279,JUMBO BAG RED RETROSPOT,JUMBO STORAGE BAG SUKI,JUMBO BAG PINK POLKADOT,LUNCH BAG PINK POLKADOT,LUNCH BAG WOODLAND
16280,CHOCOLATE HOT WATER BOTTLE,WHITE HANGING HEART T-LIGHT HOLDER,REGENCY CAKESTAND 3 TIER,ASSORTED COLOUR BIRD ORNAMENT,PARTY BUNTING
16281,LUNCH BAG WOODLAND,LUNCH BAG PINK POLKADOT,LUNCH BAG SUKI  DESIGN ,LUNCH BAG SPACEBOY DESIGN ,LUNCH BAG RED RETROSPOT
16282,PICNIC BASKET WICKER SMALL,REGENCY CAKESTAND 3 TIER,PARTY BUNTING,JUMBO BAG RED WHITE SPOTTY ,ASSORTED COLOUR BIRD ORNAMENT
16283,JUMBO BAG RED RETROSPOT,PACK OF 72 RETROSPOT CAKE CASES,LUNCH BAG SUKI  DESIGN ,LUNCH BAG PINK POLKADOT,LUNCH BAG SPACEBOY DESIGN 
16284,PAPER CHAIN KIT 50'S CHRISTMAS ,VINTAGE SNAP CARDS,JUMBO BAG PINK POLKADOT,JUMBO STORAGE BAG SUKI,JUMBO BAG RED RETROSPOT
16285,WHITE HANGING HEART T-LIGHT HOLDER,REGENCY CAKESTAND 3 TIER,ASSORTED COLOUR BIRD ORNAMENT,PARTY BUNTING,VINTAGE UNION JACK BUNTING
16286,STRAWBERRY CERAMIC TRINKET BOX,PINK 3 PIECE MINI DOTS CUTLERY SET,WHITE HANGING HEART T-LIGHT HOLDER,REGENCY CAKESTAND 3 TIER,ASSORTED COLOUR BIRD ORNAMENT
16287,WHITE HANGING HEART T-LIGHT HOLDER,PICNIC BASKET WICKER SMALL,REGENCY CAKESTAND 3 TIER,PARTY BUNTING,JUMBO BAG RED WHITE SPOTTY 
16288,REGENCY CAKESTAND 3 TIER,ASSORTED COLOUR BIRD ORNAMENT,PARTY BUNTING,VINTAGE UNION JACK BUNTING,BAKING SET 9 PIECE RETROSPOT 
16289,WHITE HANGING HEART T-LIGHT HOLDER,REGENCY CAKESTAND 3 TIER,ASSORTED COLOUR BIRD ORNAMENT,PARTY BUNTING,VINTAGE UNION JACK BUNTING
16290,PICNIC BASKET WICKER SMALL,REGENCY CAKESTAND 3 TIER,JUMBO BAG RED WHITE SPOTTY ,ASSORTED COLOUR BIRD ORNAMENT,FAIRY CAKE FLANNEL ASSORTED COLOUR
16292,WHITE HANGING HEART T-LIGHT HOLDER,PACK OF 60 DINOSAUR CAKE CASES,72 SWEETHEART FAIRY CAKE CASES,PACK OF 60 PINK PAISLEY CAKE CASES,PACK OF 72 RETROSPOT CAKE CASES
16293,ROSES REGENCY TEACUP AND SAUCER ,PAPER CHAIN KIT VINTAGE CHRISTMAS,ALARM CLOCK BAKELIKE GREEN,HOT WATER BOTTLE TEA AND SYMPATHY,PINK BLUE FELT CRAFT TRINKET BOX
16294,WHITE HANGING HEART T-LIGHT HOLDER,REGENCY CAKESTAND 3 TIER,ASSORTED COLOUR BIRD ORNAMENT,PARTY BUNTING,VINTAGE UNION JACK BUNTING
16295,WHITE HANGING HEART T-LIGHT HOLDER,60 TEATIME FAIRY CAKE CASES,PACK OF 72 RETROSPOT CAKE CASES,PINK REGENCY TEACUP AND SAUCER,GREEN REGENCY TEACUP AND SAUCER
16296,60 TEATIME FAIRY CAKE CASES,PACK OF 72 RETROSPOT CAKE CASES,SWEETHEART CERAMIC TRINKET BOX,LOVE BUILDING BLOCK WORD,PICNIC BASKET WICKER SMALL
16297,ALARM CLOCK BAKELIKE GREEN,WHITE HANGING HEART T-LIGHT HOLDER,REGENCY CAKESTAND 3 TIER,ASSORTED COLOUR BIRD ORNAMENT,PARTY BUNTING
16298,WHITE HANGING HEART T-LIGHT HOLDER,SWEETHEART CERAMIC TRINKET BOX,REGENCY CAKESTAND 3 TIER,PAPER CHAIN KIT 50'S CHRISTMAS ,BAKING SET 9 PIECE RETROSPOT 
16299,WHITE HANGING HEART T-LIGHT HOLDER,60 TEATIME FAIRY CAKE CASES,PACK OF 72 RETROSPOT CAKE CASES,REGENCY CAKESTAND 3 TIER,ASSORTED COLOUR BIRD ORNAMENT
16300,PACK OF 72 RETROSPOT CAKE CASES,GIN + TONIC DIET METAL SIGN,WOODEN PICTURE FRAME WHITE FINISH,PACK OF 60 DINOSAUR CAKE CASES,CHOCOLATE HOT WATER BOTTLE
16301,HOT WATER BOTTLE TEA AND SYMPATHY,STRAWBERRY CERAMIC TRINKET BOX,WHITE HANGING HEART T-LIGHT HOLDER,REGENCY CAKESTAND 3 TIER,ASSORTED COLOUR BIRD ORNAMENT
16302,WHITE HANGING HEART T-LIGHT HOLDER,REGENCY CAKESTAND 3 TIER,ASSORTED COLOUR BIRD ORNAMENT,PARTY BUNTING,VINTAGE UNION JACK BUNTING
16303,LUNCH BAG SUKI  DESIGN ,LUNCH BAG SPACEBOY DESIGN ,LUNCH BAG PINK POLKADOT,LUNCH BAG RED RETROSPOT,JUMBO BAG RED RETROSPOT
16304,WHITE HANGING HEART T-LIGHT HOLDER,REGENCY CAKESTAND 3 TIER,ASSORTED COLOUR BIRD ORNAMENT,PARTY BUNTING,VINTAGE UNION JACK BUNTING
16305,JUMBO BAG PINK POLKADOT,JUMBO BAG RED RETROSPOT,JUMBO BAG STRAWBERRY,JUMBO SHOPPER VINTAGE RED PAISLEY,LUNCH BAG SUKI  DESIGN 
16306,VINTAGE HEADS AND TAILS CARD GAME ,PAPER CHAIN KIT VINTAGE CHRISTMAS,PICNIC BASKET WICKER SMALL,REGENCY CAKESTAND 3 TIER,PARTY BUNTING
16307,ALARM CLOCK BAKELIKE RED ,WHITE HANGING HEART T-LIGHT HOLDER,PICNIC BASKET WICKER SMALL,REGENCY CAKESTAND 3 TIER,PARTY BUNTING
16308,REGENCY CAKESTAND 3 TIER,WHITE HANGING HEART T-LIGHT HOLDER,"PAPER CRAFT , LITTLE BIRDIE",JUMBO BAG RED WHITE SPOTTY ,ASSORTED COLOUR BIRD ORNAMENT
16309,ROSES REGENCY TEACUP AND SAUCER ,WOODEN FRAME ANTIQUE WHITE ,WHITE HANGING HEART T-LIGHT HOLDER,HOT WATER BOTTLE TEA AND SYMPATHY,REGENCY CAKESTAND 3 TIER
16310,PAPER CHAIN KIT 50'S CHRISTMAS ,VINTAGE HEADS AND TAILS CARD GAME ,HOT WATER BOTTLE TEA AND SYMPATHY,WHITE HANGING HEART T-LIGHT HOLDER,ASSORTED COLOUR BIRD ORNAMENT
16311,VINTAGE HEADS AND TAILS CARD GAME ,REGENCY CAKESTAND 3 TIER,WHITE HANGING HEART T-LIGHT HOLDER,ASSORTED COLOUR BIRD ORNAMENT,PAPER CHAIN KIT 50'S CHRISTMAS 
16312,WHITE HANGING HEART T-LIGHT HOLDER,ASSORTED COLOUR BIRD ORNAMENT,PARTY BUNTING,VINTAGE UNION JACK BUNTING,BAKING SET 9 PIECE RETROSPOT 
16313,HEART OF WICKER LARGE,WHITE HANGING HEART T-LIGHT HOLDER,REGENCY CAKESTAND 3 TIER,PAPER CHAIN KIT 50'S CHRISTMAS ,BAKING SET 9 PIECE RETROSPOT 
16314,PACK OF 72 RETROSPOT CAKE CASES,60 TEATIME FAIRY CAKE CASES,WHITE HANGING HEART T-LIGHT HOLDER,PARTY BUNTING,JUMBO BAG RED WHITE SPOTTY 
16315,WHITE HANGING HEART T-LIGHT HOLDER,REGENCY CAKESTAND 3 TIER,PARTY BUNTING,VINTAGE UNION JACK BUNTING,BAKING SET 9 PIECE RETROSPOT 
16316,JUMBO BAG PINK POLKADOT,JUMBO STORAGE BAG SUKI,JUMBO BAG RED RETROSPOT,"PAPER CRAFT , LITTLE BIRDIE",ASSORTED COLOUR BIRD ORNAMENT
16317,60 TEATIME FAIRY CAKE CASES,PACK OF 72 RETROSPOT CAKE CASES,PICNIC BASKET WICKER SMALL,PARTY BUNTING,JUMBO BAG RED WHITE SPOTTY 
16318,REGENCY CAKESTAND 3 TIER,WHITE HANGING HEART T-LIGHT HOLDER,ASSORTED COLOUR BIRD ORNAMENT,PAPER CHAIN KIT 50'S CHRISTMAS ,METAL SIGN TAKE IT OR LEAVE IT 
16319,WHITE HANGING HEART T-LIGHT HOLDER,REGENCY CAKESTAND 3 TIER,ASSORTED COLOUR BIRD ORNAMENT,PARTY BUNTING,VINTAGE UNION JACK BUNTING
16320,PACK OF 72 RETROSPOT CAKE CASES,WOODEN FRAME ANTIQUE WHITE ,WHITE HANGING HEART T-LIGHT HOLDER,PACK OF 60 DINOSAUR CAKE CASES,PINK BLUE FELT CRAFT TRINKET BOX
16321,PICNIC BASKET WICKER SMALL,REGENCY CAKESTAND 3 TIER,PARTY BUNTING,JUMBO BAG RED WHITE SPOTTY ,ASSORTED COLOUR BIRD ORNAMENT
16322,ASSORTED COLOUR BIRD ORNAMENT,HOME BUILDING BLOCK WORD,WHITE HANGING HEART T-LIGHT HOLDER,REGENCY CAKESTAND 3 TIER,PAPER CHAIN KIT 50'S CHRISTMAS 
16323,WHITE HANGING HEART T-LIGHT HOLDER,REGENCY CAKESTAND 3 TIER,ASSORTED COLOUR BIRD ORNAMENT,VINTAGE UNION JACK BUNTING,BAKING SET 9 PIECE RETROSPOT 
16324,HEART OF WICKER SMALL,REGENCY CAKESTAND 3 TIER,ASSORTED COLOUR BIRD ORNAMENT,PARTY BUNTING,VINTAGE UNION JACK BUNTING
16325,PINK CREAM FELT CRAFT TRINKET BOX ,GIN + TONIC DIET METAL SIGN,REGENCY CAKESTAND 3 TIER,WHITE HANGING HEART T-LIGHT HOLDER,"PAPER CRAFT , LITTLE BIRDIE"
16326,LUNCH BAG SPACEBOY DESIGN ,LUNCH BAG PINK POLKADOT,LUNCH BAG SUKI  DESIGN ,LUNCH BAG  BLACK SKULL.,LUNCH BAG RED RETROSPOT
16327,JUMBO BAG RED RETROSPOT,JUMBO BAG PINK POLKADOT,LUNCH BAG SUKI  DESIGN ,LUNCH BAG SPACEBOY DESIGN ,LUNCH BAG PINK POLKADOT
16328,WHITE HANGING HEART T-LIGHT HOLDER,REGENCY CAKESTAND 3 TIER,ASSORTED COLOUR BIRD ORNAMENT,PARTY BUNTING,VINTAGE UNION JACK BUNTING
16329,LUNCH BAG SUKI  DESIGN ,LUNCH BAG SPACEBOY DESIGN ,LUNCH BAG PINK POLKADOT,LUNCH BAG  BLACK SKULL.,LUNCH BAG RED RETROSPOT
16330,PACK OF 72 RETROSPOT CAKE CASES,HAND WARMER OWL DESIGN,72 SWEETHEART FAIRY CAKE CASES,PACK OF 60 PINK PAISLEY CAKE CASES,HEART OF WICKER LARGE
16331,WHITE HANGING HEART T-LIGHT HOLDER,PINK 3 PIECE MINI DOTS CUTLERY SET,PICNIC BASKET WICKER SMALL,REGENCY CAKESTAND 3 TIER,PARTY BUNTING
16332,HAND WARMER OWL DESIGN,HOME BUILDING BLOCK WORD,LUNCH BAG WOODLAND,LUNCH BAG PINK POLKADOT,LUNCH BAG SUKI  DESIGN 
16333,PAPER CHAIN KIT VINTAGE CHRISTMAS,REGENCY CAKESTAND 3 TIER,WHITE HANGING HEART T-LIGHT HOLDER,"PAPER CRAFT , LITTLE BIRDIE",JUMBO BAG RED WHITE SPOTTY 
16334,WOODEN PICTURE FRAME WHITE FINISH,HOT WATER BOTTLE TEA AND SYMPATHY,REGENCY CAKESTAND 3 TIER,ASSORTED COLOUR BIRD ORNAMENT,PARTY BUNTING
16335,PACK OF 72 RETROSPOT CAKE CASES,LUNCH BAG CARS BLUE,LUNCH BAG SPACEBOY DESIGN ,LUNCH BAG PINK POLKADOT,LUNCH BAG SUKI  DESIGN 
16336,JUMBO BAG RED RETROSPOT,JUMBO BAG STRAWBERRY,JUMBO  BAG BAROQUE BLACK WHITE,JUMBO BAG PINK POLKADOT,JUMBO SHOPPER VINTAGE RED PAISLEY
16337,REGENCY CAKESTAND 3 TIER,WHITE HANGING HEART T-LIGHT HOLDER,ASSORTED COLOUR BIRD ORNAMENT,PAPER CHAIN KIT 50'S CHRISTMAS ,METAL SIGN TAKE IT OR LEAVE IT 
16338,WHITE HANGING HEART T-LIGHT HOLDER,REGENCY CAKESTAND 3 TIER,ASSORTED COLOUR BIRD ORNAMENT,VINTAGE UNION JACK BUNTING,BAKING SET 9 PIECE RETROSPOT 
16339,WHITE HANGING HEART T-LIGHT HOLDER,REGENCY CAKESTAND 3 TIER,ASSORTED COLOUR BIRD ORNAMENT,PARTY BUNTING,VINTAGE UNION JACK BUNTING
16340,PACK OF 72 RETROSPOT CAKE CASES,GREEN REGENCY TEACUP AND SAUCER,WHITE HANGING HEART T-LIGHT HOLDER,72 SWEETHEART FAIRY CAKE CASES,PACK OF 60 PINK PAISLEY CAKE CASES
16341,JUMBO BAG RED RETROSPOT,PACK OF 72 RETROSPOT CAKE CASES,SWEETHEART CERAMIC TRINKET BOX,JUMBO STORAGE BAG SUKI,JUMBO BAG PINK POLKADOT
16342,JUMBO BAG PINK POLKADOT,JUMBO STORAGE BAG SUKI,JUMBO BAG RED RETROSPOT,REGENCY CAKESTAND 3 TIER,WHITE HANGING HEART T-LIGHT HOLDER
16343,PAPER CHAIN KIT VINTAGE CHRISTMAS,REGENCY CAKESTAND 3 TIER,WHITE HANGING HEART T-LIGHT HOLDER,ASSORTED COLOUR BIRD ORNAMENT,BAKING SET 9 PIECE RETROSPOT 
16344,PACK OF 72 RETROSPOT CAKE CASES,PACK OF 60 DINOSAUR CAKE CASES,72 SWEETHEART FAIRY CAKE CASES,PICNIC BASKET WICKER SMALL,REGENCY CAKESTAND 3 TIER
16345,WHITE HANGING HEART T-LIGHT HOLDER,PINK REGENCY TEACUP AND SAUCER,REGENCY CAKESTAND 3 TIER,TOILET METAL SIGN,PAPER CHAIN KIT 50'S CHRISTMAS 
16346,WHITE HANGING HEART T-LIGHT HOLDER,REGENCY CAKESTAND 3 TIER,ASSORTED COLOUR BIRD ORNAMENT,PARTY BUNTING,VINTAGE UNION JACK BUNTING
16347,JUMBO BAG RED RETROSPOT,JUMBO BAG PINK POLKADOT,60 TEATIME FAIRY CAKE CASES,PACK OF 72 RETROSPOT CAKE CASES,LUNCH BAG SUKI  DESIGN 
16348,VINTAGE SNAP CARDS,WHITE HANGING HEART T-LIGHT HOLDER,PICNIC BASKET WICKER SMALL,REGENCY CAKESTAND 3 TIER,PARTY BUNTING
16349,WHITE HANGING HEART T-LIGHT HOLDER,REGENCY CAKESTAND 3 TIER,ASSORTED COLOUR BIRD ORNAMENT,PARTY BUNTING,VINTAGE UNION JACK BUNTING
16350,WOODEN PICTURE FRAME WHITE FINISH,HAND WARMER SCOTTY DOG DESIGN,HAND WARMER BIRD DESIGN,PINK BLUE FELT CRAFT TRINKET BOX,STRAWBERRY CERAMIC TRINKET BOX
16351,LUNCH BAG SUKI  DESIGN ,JUMBO BAG RED RETROSPOT,LUNCH BAG SPACEBOY DESIGN ,LUNCH BAG PINK POLKADOT,LUNCH BAG RED RETROSPOT
16352,HEART OF WICKER LARGE,WHITE HANGING HEART T-LIGHT HOLDER,REGENCY CAKESTAND 3 TIER,ASSORTED COLOUR BIRD ORNAMENT,PAPER CHAIN KIT 50'S CHRISTMAS 
16353,VINTAGE HEADS AND TAILS CARD GAME ,REGENCY CAKESTAND 3 TIER,WHITE HANGING HEART T-LIGHT HOLDER,"PAPER CRAFT , LITTLE BIRDIE",JUMBO BAG RED WHITE SPOTTY 
16354,JUMBO BAG RED RETROSPOT,HAND WARMER OWL DESIGN,JUMBO BAG PINK POLKADOT,JUMBO BAG STRAWBERRY,JUMBO  BAG BAROQUE BLACK WHITE
16355,JUMBO BAG PINK POLKADOT,JUMBO BAG RED RETROSPOT,LUNCH BAG SUKI  DESIGN ,JUMBO  BAG BAROQUE BLACK WHITE,JUMBO SHOPPER VINTAGE RED PAISLEY
16356,WHITE HANGING HEART T-LIGHT HOLDER,PICNIC BASKET WICKER SMALL,REGENCY CAKESTAND 3 TIER,PARTY BUNTING,JUMBO BAG RED WHITE SPOTTY 
16357,SWEETHEART CERAMIC TRINKET BOX,PINK REGENCY TEACUP AND SAUCER,ROSES REGENCY TEACUP AND SAUCER ,HOME BUILDING BLOCK WORD,WHITE HANGING HEART T-LIGHT HOLDER
16358,LUNCH BAG CARS BLUE,LUNCH BAG SPACEBOY DESIGN ,LUNCH BAG PINK POLKADOT,LUNCH BAG SUKI  DESIGN ,LUNCH BAG RED RETROSPOT
16359,LUNCH BAG PINK POLKADOT,LUNCH BAG WOODLAND,LUNCH BAG SUKI  DESIGN ,LUNCH BAG SPACEBOY DESIGN ,LUNCH BAG RED RETROSPOT
16360,PACK OF 72 RETROSPOT CAKE CASES,LUNCH BAG PINK POLKADOT,LUNCH BAG SUKI  DESIGN ,LUNCH BAG SPACEBOY DESIGN ,LUNCH BAG  BLACK SKULL.
16361,REGENCY CAKESTAND 3 TIER,WHITE HANGING HEART T-LIGHT HOLDER,ASSORTED COLOUR BIRD ORNAMENT,BAKING SET 9 PIECE RETROSPOT ,METAL SIGN TAKE IT OR LEAVE IT 
16362,HEART OF WICKER LARGE,WHITE HANGING HEART T-LIGHT HOLDER,JUMBO BAG PINK POLKADOT,JUMBO STORAGE BAG SUKI,JUMBO BAG RED RETROSPOT
16363,WOODEN FRAME ANTIQUE WHITE ,WHITE HANGING HEART T-LIGHT HOLDER,REGENCY CAKESTAND 3 TIER,ASSORTED COLOUR BIRD ORNAMENT,PARTY BUNTING
16364,PACK OF 72 RETROSPOT CAKE CASES,HAND WARMER SCOTTY DOG DESIGN,PACK OF 60 DINOSAUR CAKE CASES,72 SWEETHEART FAIRY CAKE CASES,REGENCY CAKESTAND 3 TIER
16365,PAPER CHAIN KIT VINTAGE CHRISTMAS,JUMBO BAG PINK POLKADOT,JUMBO STORAGE BAG SUKI,JUMBO BAG RED RETROSPOT,REGENCY CAKESTAND 3 TIER
16366,PAPER CHAIN KIT VINTAGE CHRISTMAS,ASSORTED COLOUR BIRD ORNAMENT,BAKING SET 9 PIECE RETROSPOT ,METAL SIGN TAKE IT OR LEAVE IT ,RABBIT NIGHT LIGHT
16367,LUNCH BAG SUKI  DESIGN ,JUMBO BAG RED RETROSPOT,LUNCH BAG SPACEBOY DESIGN ,LUNCH BAG PINK POLKADOT,LUNCH BAG  BLACK SKULL.
16368,60 TEATIME FAIRY CAKE CASES,PACK OF 72 RETROSPOT CAKE CASES,WHITE HANGING HEART T-LIGHT HOLDER,REGENCY CAKESTAND 3 TIER,PAPER CHAIN KIT 50'S CHRISTMAS 
16369,PACK OF 72 RETROSPOT CAKE CASES,PACK OF 60 DINOSAUR CAKE CASES,72 SWEETHEART FAIRY CAKE CASES,REGENCY CAKESTAND 3 TIER,WHITE HANGING HEART T-LIGHT HOLDER
16370,PACK OF 72 RETROSPOT CAKE CASES,JUMBO BAG PINK POLKADOT,JUMBO BAG RED RETROSPOT,LUNCH BAG SUKI  DESIGN ,LOVE BUILDING BLOCK WORD
16371,PACK OF 72 RETROSPOT CAKE CASES,WHITE HANGING HEART T-LIGHT HOLDER,REGENCY CAKESTAND 3 TIER,ASSORTED COLOUR BIRD ORNAMENT,PARTY BUNTING
16372,LUNCH BAG SPACEBOY DESIGN ,LUNCH BAG PINK POLKADOT,LUNCH BAG SUKI  DESIGN ,LUNCH BAG  BLACK SKULL.,LUNCH BAG RED RETROSPOT
16373,PAPER CHAIN KIT VINTAGE CHRISTMAS,WHITE HANGING HEART T-LIGHT HOLDER,REGENCY CAKESTAND 3 TIER,PARTY BUNTING,VINTAGE UNION JACK BUNTING
16374,WHITE HANGING HEART T-LIGHT HOLDER,PINK CREAM FELT CRAFT TRINKET BOX ,HEART OF WICKER LARGE,VINTAGE SNAP CARDS,PICNIC BASKET WICKER SMALL
16375,JUMBO STORAGE BAG SUKI,JUMBO BAG PINK POLKADOT,JUMBO BAG RED RETROSPOT,WHITE HANGING HEART T-LIGHT HOLDER,REGENCY CAKESTAND 3 TIER
16376,JUMBO STORAGE BAG SUKI,JUMBO BAG PINK POLKADOT,JUMBO BAG RED RETROSPOT,PAPER CHAIN KIT VINTAGE CHRISTMAS,PINK CREAM FELT CRAFT TRINKET BOX 
16377,WHITE HANGING HEART T-LIGHT HOLDER,PICNIC BASKET WICKER SMALL,REGENCY CAKESTAND 3 TIER,PARTY BUNTING,JUMBO BAG RED WHITE SPOTTY 
16378,PINK BLUE FELT CRAFT TRINKET BOX,WHITE HANGING HEART T-LIGHT HOLDER,REGENCY CAKESTAND 3 TIER,ASSORTED COLOUR BIRD ORNAMENT,PARTY BUNTING
16379,LUNCH BAG SPACEBOY DESIGN ,LUNCH BAG PINK POLKADOT,LUNCH BAG SUKI  DESIGN ,LUNCH BAG  BLACK SKULL.,LUNCH BAG RED RETROSPOT
16380,REGENCY CAKESTAND 3 TIER,WHITE HANGING HEART T-LIGHT HOLDER,ASSORTED COLOUR BIRD ORNAMENT,PAPER CHAIN KIT 50'S CHRISTMAS ,BAKING SET 9 PIECE RETROSPOT 
16381,60 TEATIME FAIRY CAKE CASES,PACK OF 72 RETROSPOT CAKE CASES,PAPER CHAIN KIT VINTAGE CHRISTMAS,HAND WARMER OWL DESIGN,REGENCY CAKESTAND 3 TIER
16382,WHITE HANGING HEART T-LIGHT HOLDER,REGENCY CAKESTAND 3 TIER,ASSORTED COLOUR BIRD ORNAMENT,PARTY BUNTING,VINTAGE UNION JACK BUNTING
16383,LUNCH BAG PINK POLKADOT,LUNCH BAG WOODLAND,LUNCH BAG SUKI  DESIGN ,LUNCH BAG SPACEBOY DESIGN ,LUNCH BAG RED RETROSPOT
16384,PINK BLUE FELT CRAFT TRINKET BOX,PAPER CHAIN KIT 50'S CHRISTMAS ,WHITE HANGING HEART T-LIGHT HOLDER,PICNIC BASKET WICKER SMALL,JUMBO BAG RED WHITE SPOTTY 
16385,JUMBO BAG RED RETROSPOT,HAND WARMER OWL DESIGN,PAPER CHAIN KIT VINTAGE CHRISTMAS,RED RETROSPOT CHARLOTTE BAG,JUMBO BAG PINK POLKADOT
16386,JUMBO BAG RED RETROSPOT,HAND WARMER OWL DESIGN,60 TEATIME FAIRY CAKE CASES,PACK OF 72 RETROSPOT CAKE CASES,JUMBO BAG PINK VINTAGE PAISLEY
16387,JUMBO BAG PINK POLKADOT,JUMBO STORAGE BAG SUKI,JUMBO BAG RED RETROSPOT,WOODEN PICTURE FRAME WHITE FINISH,LOVE BUILDING BLOCK WORD
16388,WHITE HANGING HEART T-LIGHT HOLDER,REGENCY CAKESTAND 3 TIER,ASSORTED COLOUR BIRD ORNAMENT,PARTY BUNTING,VINTAGE UNION JACK BUNTING
16389,WHITE HANGING HEART T-LIGHT HOLDER,PICNIC BASKET WICKER SMALL,PARTY BUNTING,JUMBO BAG RED WHITE SPOTTY ,ASSORTED COLOUR BIRD ORNAMENT
16390,WHITE HANGING HEART T-LIGHT HOLDER,HEART OF WICKER SMALL,ASSORTED COLOUR BIRD ORNAMENT,PARTY BUNTING,VINTAGE UNION JACK BUNTING
16391,LUNCH BAG SPACEBOY DESIGN ,LUNCH BAG PINK POLKADOT,LUNCH BAG SUKI  DESIGN ,LUNCH BAG RED RETROSPOT,PACK OF 72 RETROSPOT CAKE CASES
16392,60 TEATIME FAIRY CAKE CASES,PACK OF 72 RETROSPOT CAKE CASES,LUNCH BAG PINK POLKADOT,LUNCH BAG WOODLAND,LUNCH BAG SUKI  DESIGN 
16393,JUMBO BAG RED RETROSPOT,LUNCH BAG SUKI  DESIGN ,LUNCH BAG PINK POLKADOT,LUNCH BAG SPACEBOY DESIGN ,LUNCH BAG RED RETROSPOT
16394,WHITE HANGING HEART T-LIGHT HOLDER,PICNIC BASKET WICKER SMALL,REGENCY CAKESTAND 3 TIER,PARTY BUNTING,JUMBO BAG RED WHITE SPOTTY 
16395,JUMBO BAG RED RETROSPOT,PACK OF 72 RETROSPOT CAKE CASES,LUNCH BAG SUKI  DESIGN ,JUMBO BAG PINK POLKADOT,LUNCH BAG WOODLAND
16396,PINK REGENCY TEACUP AND SAUCER,GREEN REGENCY TEACUP AND SAUCER,REGENCY CAKESTAND 3 TIER,ASSORTED COLOUR BIRD ORNAMENT,PARTY BUNTING
16397,WHITE HANGING HEART T-LIGHT HOLDER,REGENCY CAKESTAND 3 TIER,ASSORTED COLOUR BIRD ORNAMENT,PARTY BUNTING,VINTAGE UNION JACK BUNTING
16398,WHITE HANGING HEART T-LIGHT HOLDER,JUMBO BAG RED RETROSPOT,60 TEATIME FAIRY CAKE CASES,PACK OF 72 RETROSPOT CAKE CASES,JUMBO BAG SCANDINAVIAN PAISLEY
16399,LUNCH BAG SUKI  DESIGN ,LUNCH BAG PINK POLKADOT,LUNCH BAG WOODLAND,LUNCH BAG CARS BLUE,LUNCH BAG SPACEBOY DESIGN 
16400,PACK OF 72 RETROSPOT CAKE CASES,72 SWEETHEART FAIRY CAKE CASES,WOOD 2 DRAWER CABINET WHITE FINISH,PAPER CHAIN KIT VINTAGE CHRISTMAS,HOT WATER BOTTLE TEA AND SYMPATHY
16401,LUNCH BAG SUKI  DESIGN ,JUMBO BAG RED RETROSPOT,LUNCH BAG SPACEBOY DESIGN ,LUNCH BAG PINK POLKADOT,LUNCH BAG RED RETROSPOT
16402,HAND WARMER SCOTTY DOG DESIGN,WHITE HANGING HEART T-LIGHT HOLDER,REGENCY CAKESTAND 3 TIER,ASSORTED COLOUR BIRD ORNAMENT,VINTAGE UNION JACK BUNTING
16403,JUMBO BAG STRAWBERRY,JUMBO  BAG BAROQUE BLACK WHITE,JUMBO BAG PINK POLKADOT,JUMBO SHOPPER VINTAGE RED PAISLEY,JUMBO BAG RED RETROSPOT
16404,SWEETHEART CERAMIC TRINKET BOX,HEART OF WICKER LARGE,ASSORTED COLOUR BIRD ORNAMENT,PARTY BUNTING,VINTAGE UNION JACK BUNTING
16405,WHITE HANGING HEART T-LIGHT HOLDER,REGENCY CAKESTAND 3 TIER,ASSORTED COLOUR BIRD ORNAMENT,PARTY BUNTING,VINTAGE UNION JACK BUNTING
16406,JUMBO BAG RED RETROSPOT,JUMBO STORAGE BAG SUKI,JUMBO BAG PINK POLKADOT,BLUE 3 PIECE MINI DOTS CUTLERY SET,WOOD S/3 CABINET ANT WHITE FINISH
16407,PACK OF 72 RETROSPOT CAKE CASES,PACK OF 60 DINOSAUR CAKE CASES,PACK OF 60 PINK PAISLEY CAKE CASES,REGENCY CAKESTAND 3 TIER,"PAPER CRAFT , LITTLE BIRDIE"
16408,PACK OF 72 RETROSPOT CAKE CASES,LOVE BUILDING BLOCK WORD,WHITE HANGING HEART T-LIGHT HOLDER,PINK BLUE FELT CRAFT TRINKET BOX,REGENCY CAKESTAND 3 TIER
16409,PACK OF 72 RETROSPOT CAKE CASES,LUNCH BAG PINK POLKADOT,LUNCH BAG WOODLAND,LUNCH BAG SUKI  DESIGN ,LUNCH BAG CARS BLUE
16410,WHITE HANGING HEART T-LIGHT HOLDER,REGENCY CAKESTAND 3 TIER,ASSORTED COLOUR BIRD ORNAMENT,PARTY BUNTING,VINTAGE UNION JACK BUNTING
16411,LOVE BUILDING BLOCK WORD,PINK REGENCY TEACUP AND SAUCER,ROSES REGENCY TEACUP AND SAUCER ,HAND WARMER SCOTTY DOG DESIGN,REGENCY CAKESTAND 3 TIER
16412,LUNCH BAG SPACEBOY DESIGN ,LUNCH BAG PINK POLKADOT,LUNCH BAG SUKI  DESIGN ,LUNCH BAG RED RETROSPOT,HOME BUILDING BLOCK WORD
16413,WHITE HANGING HEART T-LIGHT HOLDER,LUNCH BAG WOODLAND,LUNCH BAG PINK POLKADOT,LUNCH BAG SUKI  DESIGN ,LUNCH BAG SPACEBOY DESIGN 
16414,60 TEATIME FAIRY CAKE CASES,PACK OF 72 RETROSPOT CAKE CASES,HEART OF WICKER SMALL,JUMBO BAG PINK POLKADOT,JUMBO STORAGE BAG SUKI
16415,JUMBO BAG RED RETROSPOT,JUMBO BAG PINK POLKADOT,LOVE BUILDING BLOCK WORD,WHITE HANGING HEART T-LIGHT HOLDER,JUMBO BAG STRAWBERRY
16416,PINK REGENCY TEACUP AND SAUCER,LUNCH BAG PINK POLKADOT,LUNCH BAG WOODLAND,LUNCH BAG SUKI  DESIGN ,LUNCH BAG CARS BLUE
16417,WHITE HANGING HEART T-LIGHT HOLDER,REGENCY CAKESTAND 3 TIER,ASSORTED COLOUR BIRD ORNAMENT,PARTY BUNTING,VINTAGE UNION JACK BUNTING
16418,WHITE HANGING HEART T-LIGHT HOLDER,JUMBO BAG RED RETROSPOT,JUMBO BAG PINK POLKADOT,JUMBO STORAGE BAG SUKI,WOODEN PICTURE FRAME WHITE FINISH
16419,PINK REGENCY TEACUP AND SAUCER,ROSES REGENCY TEACUP AND SAUCER ,WHITE HANGING HEART T-LIGHT HOLDER,PICNIC BASKET WICKER SMALL,FAIRY CAKE FLANNEL ASSORTED COLOUR
16420,WHITE HANGING HEART T-LIGHT HOLDER,REGENCY CAKESTAND 3 TIER,ASSORTED COLOUR BIRD ORNAMENT,PARTY BUNTING,VINTAGE UNION JACK BUNTING
16421,PINK REGENCY TEACUP AND SAUCER,WHITE HANGING HEART T-LIGHT HOLDER,WOODEN PICTURE FRAME WHITE FINISH,HEART OF WICKER LARGE,PARTY BUNTING
16422,PACK OF 72 RETROSPOT CAKE CASES,PACK OF 60 DINOSAUR CAKE CASES,PACK OF 60 PINK PAISLEY CAKE CASES,PAPER CHAIN KIT VINTAGE CHRISTMAS,PINK BLUE FELT CRAFT TRINKET BOX
16423,PAPER CHAIN KIT 50'S CHRISTMAS ,REGENCY CAKESTAND 3 TIER,WHITE HANGING HEART T-LIGHT HOLDER,ASSORTED COLOUR BIRD ORNAMENT,BAKING SET 9 PIECE RETROSPOT 
16424,WHITE HANGING HEART T-LIGHT HOLDER,REGENCY CAKESTAND 3 TIER,PARTY BUNTING,VINTAGE UNION JACK BUNTING,BAKING SET 9 PIECE RETROSPOT 
16425,60 TEATIME FAIRY CAKE CASES,PACK OF 72 RETROSPOT CAKE CASES,WHITE HANGING HEART T-LIGHT HOLDER,REGENCY CAKESTAND 3 TIER,ASSORTED COLOUR BIRD ORNAMENT
16426,JUMBO BAG RED RETROSPOT,JUMBO STORAGE BAG SUKI,JUMBO BAG PINK POLKADOT,LUNCH BAG SPACEBOY DESIGN ,LUNCH BAG PINK POLKADOT
16427,WHITE HANGING HEART T-LIGHT HOLDER,REGENCY CAKESTAND 3 TIER,PARTY BUNTING,VINTAGE UNION JACK BUNTING,BAKING SET 9 PIECE RETROSPOT 
16428,WHITE HANGING HEART T-LIGHT HOLDER,LOVE BUILDING BLOCK WORD,LUNCH BAG PINK POLKADOT,LUNCH BAG WOODLAND,LUNCH BAG SUKI  DESIGN 
16429,WHITE HANGING HEART T-LIGHT HOLDER,REGENCY CAKESTAND 3 TIER,ASSORTED COLOUR BIRD ORNAMENT,PARTY BUNTING,VINTAGE UNION JACK BUNTING
16430,HOT WATER BOTTLE TEA AND SYMPATHY,WOODEN PICTURE FRAME WHITE FINISH,WHITE HANGING HEART T-LIGHT HOLDER,PICNIC BASKET WICKER SMALL,REGENCY CAKESTAND 3 TIER
16431,ROSES REGENCY TEACUP AND SAUCER ,JUMBO STORAGE BAG SUKI,JUMBO BAG PINK POLKADOT,JUMBO BAG RED RETROSPOT,WHITE HANGING HEART T-LIGHT HOLDER
16432,WHITE HANGING HEART T-LIGHT HOLDER,REGENCY CAKESTAND 3 TIER,ASSORTED COLOUR BIRD ORNAMENT,PARTY BUNTING,VINTAGE UNION JACK BUNTING
16433,JUMBO BAG PINK POLKADOT,JUMBO STORAGE BAG SUKI,JUMBO BAG RED RETROSPOT,REGENCY CAKESTAND 3 TIER,WHITE HANGING HEART T-LIGHT HOLDER
16434,HEART OF WICKER LARGE,WHITE HANGING HEART T-LIGHT HOLDER,"PAPER CRAFT , LITTLE BIRDIE",JUMBO BAG RED WHITE SPOTTY ,ASSORTED COLOUR BIRD ORNAMENT
16435,HEART OF WICKER SMALL,WHITE HANGING HEART T-LIGHT HOLDER,PICNIC BASKET WICKER SMALL,REGENCY CAKESTAND 3 TIER,PARTY BUNTING
16436,WHITE HANGING HEART T-LIGHT HOLDER,HOME BUILDING BLOCK WORD,REGENCY CAKESTAND 3 TIER,PARTY BUNTING,BAKING SET 9 PIECE RETROSPOT 
16437,WHITE HANGING HEART T-LIGHT HOLDER,REGENCY CAKESTAND 3 TIER,ASSORTED COLOUR BIRD ORNAMENT,PARTY BUNTING,VINTAGE UNION JACK BUNTING
16438,PACK OF 72 RETROSPOT CAKE CASES,PACK OF 60 DINOSAUR CAKE CASES,72 SWEETHEART FAIRY CAKE CASES,REGENCY CAKESTAND 3 TIER,ASSORTED COLOUR BIRD ORNAMENT
16439,WHITE HANGING HEART T-LIGHT HOLDER,REGENCY CAKESTAND 3 TIER,ASSORTED COLOUR BIRD ORNAMENT,PARTY BUNTING,VINTAGE UNION JACK BUNTING
16440,LUNCH BAG SPACEBOY DESIGN ,LUNCH BAG PINK POLKADOT,LUNCH BAG SUKI  DESIGN ,LUNCH BAG  BLACK SKULL.,LUNCH BAG RED RETROSPOT
16441,HEART OF WICKER SMALL,WHITE HANGING HEART T-LIGHT HOLDER,VINTAGE SNAP CARDS,PICNIC BASKET WICKER SMALL,PARTY BUNTING
16442,JUMBO BAG RED RETROSPOT,JUMBO BAG PINK POLKADOT,WHITE HANGING HEART T-LIGHT HOLDER,BLUE 3 PIECE MINI DOTS CUTLERY SET,LOVE BUILDING BLOCK WORD
16443,WHITE HANGING HEART T-LIGHT HOLDER,REGENCY CAKESTAND 3 TIER,ASSORTED COLOUR BIRD ORNAMENT,PARTY BUNTING,VINTAGE UNION JACK BUNTING
16444,JUMBO STORAGE BAG SUKI,JUMBO BAG PINK POLKADOT,JUMBO BAG RED RETROSPOT,LUNCH BAG PINK POLKADOT,LUNCH BAG WOODLAND
16445,PACK OF 72 RETROSPOT CAKE CASES,JUMBO BAG RED RETROSPOT,LUNCH BAG WOODLAND,LUNCH BAG PINK POLKADOT,LUNCH BAG SUKI  DESIGN 
16446,REGENCY CAKESTAND 3 TIER,WHITE HANGING HEART T-LIGHT HOLDER,JUMBO BAG RED WHITE SPOTTY ,ASSORTED COLOUR BIRD ORNAMENT,MEDIUM CERAMIC TOP STORAGE JAR
16447,HEART OF WICKER LARGE,PICNIC BASKET WICKER SMALL,REGENCY CAKESTAND 3 TIER,PARTY BUNTING,JUMBO BAG RED WHITE SPOTTY 
16448,ASSORTED COLOUR BIRD ORNAMENT,PACK OF 60 DINOSAUR CAKE CASES,72 SWEETHEART FAIRY CAKE CASES,PACK OF 60 PINK PAISLEY CAKE CASES,PACK OF 72 RETROSPOT CAKE CASES
16449,WHITE HANGING HEART T-LIGHT HOLDER,REGENCY CAKESTAND 3 TIER,PARTY BUNTING,VINTAGE UNION JACK BUNTING,BAKING SET 9 PIECE RETROSPOT 
16450,LUNCH BAG PINK POLKADOT,LUNCH BAG SUKI  DESIGN ,LUNCH BAG SPACEBOY DESIGN ,LUNCH BAG  BLACK SKULL.,LUNCH BAG RED RETROSPOT
16451,LUNCH BAG SUKI  DESIGN ,JUMBO BAG PINK POLKADOT,JUMBO BAG RED RETROSPOT,LUNCH BAG WOODLAND,LUNCH BAG PINK POLKADOT
16452,WHITE HANGING HEART T-LIGHT HOLDER,REGENCY CAKESTAND 3 TIER,ASSORTED COLOUR BIRD ORNAMENT,PARTY BUNTING,VINTAGE UNION JACK BUNTING
16453,STRAWBERRY CERAMIC TRINKET BOX,WHITE HANGING HEART T-LIGHT HOLDER,ASSORTED COLOUR BIRD ORNAMENT,PARTY BUNTING,VINTAGE UNION JACK BUNTING
16454,WHITE HANGING HEART T-LIGHT HOLDER,REGENCY CAKESTAND 3 TIER,ASSORTED COLOUR BIRD ORNAMENT,PARTY BUNTING,VINTAGE UNION JACK BUNTING
16455,HAND WARMER BIRD DESIGN,REGENCY CAKESTAND 3 TIER,WHITE HANGING HEART T-LIGHT HOLDER,"PAPER CRAFT , LITTLE BIRDIE",JUMBO BAG RED WHITE SPOTTY 
16456,JUMBO BAG RED RETROSPOT,JUMBO BAG PINK POLKADOT,LUNCH BAG SUKI  DESIGN ,LUNCH BAG SPACEBOY DESIGN ,LUNCH BAG PINK POLKADOT
16457,REGENCY CAKESTAND 3 TIER,PARTY BUNTING,VINTAGE UNION JACK BUNTING,BAKING SET 9 PIECE RETROSPOT ,GRAND CHOCOLATECANDLE
16458,JUMBO BAG RED RETROSPOT,JUMBO BAG PINK POLKADOT,LUNCH BAG SUKI  DESIGN ,ALARM CLOCK BAKELIKE GREEN,LUNCH BAG WOODLAND
16459,WHITE HANGING HEART T-LIGHT HOLDER,REGENCY CAKESTAND 3 TIER,ASSORTED COLOUR BIRD ORNAMENT,PARTY BUNTING,VINTAGE UNION JACK BUNTING
16460,WHITE HANGING HEART T-LIGHT HOLDER,PACK OF 72 RETROSPOT CAKE CASES,60 TEATIME FAIRY CAKE CASES,HAND WARMER OWL DESIGN,HEART OF WICKER LARGE
16461,PACK OF 60 DINOSAUR CAKE CASES,72 SWEETHEART FAIRY CAKE CASES,PACK OF 60 PINK PAISLEY CAKE CASES,PACK OF 72 RETROSPOT CAKE CASES,JUMBO BAG PINK POLKADOT
16462,WHITE HANGING HEART T-LIGHT HOLDER,REGENCY CAKESTAND 3 TIER,ASSORTED COLOUR BIRD ORNAMENT,PARTY BUNTING,VINTAGE UNION JACK BUNTING
16463,PAPER CHAIN KIT 50'S CHRISTMAS ,PINK BLUE FELT CRAFT TRINKET BOX,REGENCY CAKESTAND 3 TIER,WHITE HANGING HEART T-LIGHT HOLDER,ASSORTED COLOUR BIRD ORNAMENT
16464,WHITE HANGING HEART T-LIGHT HOLDER,PACK OF 72 RETROSPOT CAKE CASES,JUMBO STORAGE BAG SUKI,JUMBO BAG PINK POLKADOT,JUMBO BAG RED RETROSPOT
16465,HEART OF WICKER SMALL,REGENCY CAKESTAND 3 TIER,ASSORTED COLOUR BIRD ORNAMENT,PARTY BUNTING,VINTAGE UNION JACK BUNTING
16466,JUMBO BAG RED RETROSPOT,JUMBO BAG PINK POLKADOT,LUNCH BAG SUKI  DESIGN ,LUNCH BAG CARS BLUE,LUNCH BAG SPACEBOY DESIGN 
16467,WHITE HANGING HEART T-LIGHT HOLDER,PICNIC BASKET WICKER SMALL,REGENCY CAKESTAND 3 TIER,PARTY BUNTING,JUMBO BAG RED WHITE SPOTTY 
16468,JUMBO BAG RED RETROSPOT,LUNCH BAG SUKI  DESIGN ,LUNCH BAG PINK POLKADOT,LUNCH BAG SPACEBOY DESIGN ,LUNCH BAG RED RETROSPOT
16469,JUMBO BAG RED RETROSPOT,JUMBO BAG PINK POLKADOT,JUMBO STORAGE BAG SUKI,LUNCH BAG PINK POLKADOT,LUNCH BAG WOODLAND
16470,JUMBO BAG RED RETROSPOT,LUNCH BAG CARS BLUE,LUNCH BAG SPACEBOY DESIGN ,LUNCH BAG PINK POLKADOT,LUNCH BAG SUKI  DESIGN 
16471,SWEETHEART CERAMIC TRINKET BOX,PACK OF 60 DINOSAUR CAKE CASES,72 SWEETHEART FAIRY CAKE CASES,PACK OF 60 PINK PAISLEY CAKE CASES,PACK OF 72 RETROSPOT CAKE CASES
16472,WHITE HANGING HEART T-LIGHT HOLDER,PARTY BUNTING,BAKING SET 9 PIECE RETROSPOT ,GRAND CHOCOLATECANDLE,PAPER CHAIN KIT 50'S CHRISTMAS 
16473,WHITE HANGING HEART T-LIGHT HOLDER,PICNIC BASKET WICKER SMALL,REGENCY CAKESTAND 3 TIER,PARTY BUNTING,JUMBO BAG RED WHITE SPOTTY 
16474,LUNCH BAG SPACEBOY DESIGN ,LUNCH BAG PINK POLKADOT,LUNCH BAG SUKI  DESIGN ,LUNCH BAG RED RETROSPOT,HAND WARMER OWL DESIGN
16475,PICNIC BASKET WICKER SMALL,REGENCY CAKESTAND 3 TIER,JUMBO BAG RED WHITE SPOTTY ,ASSORTED COLOUR BIRD ORNAMENT,FAIRY CAKE FLANNEL ASSORTED COLOUR
16476,WHITE HANGING HEART T-LIGHT HOLDER,REGENCY CAKESTAND 3 TIER,ASSORTED COLOUR BIRD ORNAMENT,PARTY BUNTING,VINTAGE UNION JACK BUNTING
16477,LUNCH BAG SPACEBOY DESIGN ,LUNCH BAG PINK POLKADOT,LUNCH BAG SUKI  DESIGN ,LUNCH BAG RED RETROSPOT,JUMBO BAG RED RETROSPOT
16478,REGENCY CAKESTAND 3 TIER,WHITE HANGING HEART T-LIGHT HOLDER,ASSORTED COLOUR BIRD ORNAMENT,PAPER CHAIN KIT 50'S CHRISTMAS ,METAL SIGN TAKE IT OR LEAVE IT 
16479,REGENCY CAKESTAND 3 TIER,WHITE HANGING HEART T-LIGHT HOLDER,ASSORTED COLOUR BIRD ORNAMENT,PAPER CHAIN KIT 50'S CHRISTMAS ,BAKING SET 9 PIECE RETROSPOT 
16480,ALARM CLOCK BAKELIKE GREEN,LUNCH BAG CARS BLUE,LUNCH BAG SPACEBOY DESIGN ,LUNCH BAG PINK POLKADOT,LUNCH BAG SUKI  DESIGN 
16481,RED RETROSPOT CHARLOTTE BAG,JUMBO BAG SCANDINAVIAN PAISLEY,JUMBO BAG RED RETROSPOT,WHITE HANGING HEART T-LIGHT HOLDER,REGENCY CAKESTAND 3 TIER
16482,WHITE HANGING HEART T-LIGHT HOLDER,REGENCY CAKESTAND 3 TIER,ASSORTED COLOUR BIRD ORNAMENT,PAPER CHAIN KIT 50'S CHRISTMAS ,METAL SIGN TAKE IT OR LEAVE IT 
16483,LUNCH BAG PINK POLKADOT,LUNCH BAG SUKI  DESIGN ,LUNCH BAG SPACEBOY DESIGN ,LUNCH BAG  BLACK SKULL.,LUNCH BAG RED RETROSPOT
16484,LUNCH BAG PINK POLKADOT,LUNCH BAG WOODLAND,LUNCH BAG SUKI  DESIGN ,LUNCH BAG CARS BLUE,LUNCH BAG SPACEBOY DESIGN 
16485,60 TEATIME FAIRY CAKE CASES,PACK OF 72 RETROSPOT CAKE CASES,WOOD 2 DRAWER CABINET WHITE FINISH,PICNIC BASKET WICKER SMALL,REGENCY CAKESTAND 3 TIER
16486,REGENCY CAKESTAND 3 TIER,ASSORTED COLOUR BIRD ORNAMENT,PARTY BUNTING,VINTAGE UNION JACK BUNTING,BAKING SET 9 PIECE RETROSPOT 
16487,LUNCH BAG CARS BLUE,LUNCH BAG SPACEBOY DESIGN ,LUNCH BAG PINK POLKADOT,LUNCH BAG SUKI  DESIGN ,LUNCH BAG RED RETROSPOT
16488,PAPER CHAIN KIT VINTAGE CHRISTMAS,REGENCY CAKESTAND 3 TIER,WHITE HANGING HEART T-LIGHT HOLDER,ASSORTED COLOUR BIRD ORNAMENT,METAL SIGN TAKE IT OR LEAVE IT 
16489,WHITE HANGING HEART T-LIGHT HOLDER,REGENCY CAKESTAND 3 TIER,ASSORTED COLOUR BIRD ORNAMENT,PARTY BUNTING,VINTAGE UNION JACK BUNTING
16490,WHITE HANGING HEART T-LIGHT HOLDER,REGENCY CAKESTAND 3 TIER,ASSORTED COLOUR BIRD ORNAMENT,PARTY BUNTING,VINTAGE UNION JACK BUNTING
16491,PAPER CHAIN KIT VINTAGE CHRISTMAS,VINTAGE HEADS AND TAILS CARD GAME ,REGENCY CAKESTAND 3 TIER,WHITE HANGING HEART T-LIGHT HOLDER,ASSORTED COLOUR BIRD ORNAMENT
16492,WHITE HANGING HEART T-LIGHT HOLDER,REGENCY CAKESTAND 3 TIER,ASSORTED COLOUR BIRD ORNAMENT,PARTY BUNTING,VINTAGE UNION JACK BUNTING
16493,LUNCH BAG PINK POLKADOT,LUNCH BAG WOODLAND,LUNCH BAG SUKI  DESIGN ,LUNCH BAG SPACEBOY DESIGN ,LUNCH BAG RED RETROSPOT
16494,REGENCY CAKESTAND 3 TIER,PARTY BUNTING,VINTAGE UNION JACK BUNTING,BAKING SET 9 PIECE RETROSPOT ,GRAND CHOCOLATECANDLE
16495,PACK OF 72 RETROSPOT CAKE CASES,PAPER CHAIN KIT VINTAGE CHRISTMAS,60 TEATIME FAIRY CAKE CASES,REGENCY CAKESTAND 3 TIER,WHITE HANGING HEART T-LIGHT HOLDER
16496,STRAWBERRY CERAMIC TRINKET BOX,HAND WARMER SCOTTY DOG DESIGN,REGENCY CAKESTAND 3 TIER,"PAPER CRAFT , LITTLE BIRDIE",JUMBO BAG RED WHITE SPOTTY 
16497,PACK OF 72 RETROSPOT CAKE CASES,PACK OF 60 DINOSAUR CAKE CASES,72 SWEETHEART FAIRY CAKE CASES,HOME BUILDING BLOCK WORD,HEART OF WICKER LARGE
16498,WHITE HANGING HEART T-LIGHT HOLDER,REGENCY CAKESTAND 3 TIER,ASSORTED COLOUR BIRD ORNAMENT,PARTY BUNTING,VINTAGE UNION JACK BUNTING
16499,WHITE HANGING HEART T-LIGHT HOLDER,60 TEATIME FAIRY CAKE CASES,PACK OF 72 RETROSPOT CAKE CASES,HAND WARMER SCOTTY DOG DESIGN,PICNIC BASKET WICKER SMALL
16500,PAPER CHAIN KIT VINTAGE CHRISTMAS,REGENCY CAKESTAND 3 TIER,WHITE HANGING HEART T-LIGHT HOLDER,ASSORTED COLOUR BIRD ORNAMENT,BAKING SET 9 PIECE RETROSPOT 
16501,WHITE HANGING HEART T-LIGHT HOLDER,WOODEN FRAME ANTIQUE WHITE ,PAPER CHAIN KIT VINTAGE CHRISTMAS,WOOD S/3 CABINET ANT WHITE FINISH,PINK BLUE FELT CRAFT TRINKET BOX
16502,LUNCH BAG WOODLAND,LUNCH BAG PINK POLKADOT,LUNCH BAG SUKI  DESIGN ,LUNCH BAG SPACEBOY DESIGN ,LUNCH BAG  BLACK SKULL.
16503,LUNCH BAG SPACEBOY DESIGN ,LUNCH BAG PINK POLKADOT,LUNCH BAG SUKI  DESIGN ,LUNCH BAG RED RETROSPOT,WHITE HANGING HEART T-LIGHT HOLDER
16504,PACK OF 60 DINOSAUR CAKE CASES,72 SWEETHEART FAIRY CAKE CASES,PACK OF 60 PINK PAISLEY CAKE CASES,PACK OF 72 RETROSPOT CAKE CASES,REGENCY CAKESTAND 3 TIER
16505,REGENCY CAKESTAND 3 TIER,WHITE HANGING HEART T-LIGHT HOLDER,ASSORTED COLOUR BIRD ORNAMENT,PAPER CHAIN KIT 50'S CHRISTMAS ,BAKING SET 9 PIECE RETROSPOT 
16506,HEART OF WICKER SMALL,WHITE HANGING HEART T-LIGHT HOLDER,REGENCY CAKESTAND 3 TIER,ASSORTED COLOUR BIRD ORNAMENT,PAPER CHAIN KIT 50'S CHRISTMAS 
16507,HEART OF WICKER LARGE,WHITE HANGING HEART T-LIGHT HOLDER,LUNCH BAG PINK POLKADOT,LUNCH BAG WOODLAND,LUNCH BAG SUKI  DESIGN 
16508,JUMBO STORAGE BAG SUKI,JUMBO BAG PINK POLKADOT,JUMBO BAG RED RETROSPOT,WHITE HANGING HEART T-LIGHT HOLDER,REGENCY CAKESTAND 3 TIER
16509,PINK REGENCY TEACUP AND SAUCER,WHITE HANGING HEART T-LIGHT HOLDER,ASSORTED COLOUR BIRD ORNAMENT,VINTAGE UNION JACK BUNTING,BAKING SET 9 PIECE RETROSPOT 
16510,HOME BUILDING BLOCK WORD,WHITE HANGING HEART T-LIGHT HOLDER,PICNIC BASKET WICKER SMALL,REGENCY CAKESTAND 3 TIER,PARTY BUNTING
16511,HAND WARMER OWL DESIGN,JUMBO BAG PINK POLKADOT,JUMBO STORAGE BAG SUKI,JUMBO BAG RED RETROSPOT,REGENCY CAKESTAND 3 TIER
16513,LUNCH BAG PINK POLKADOT,LUNCH BAG SUKI  DESIGN ,LUNCH BAG SPACEBOY DESIGN ,LUNCH BAG  BLACK SKULL.,LUNCH BAG RED RETROSPOT
16515,LUNCH BAG CARS BLUE,LUNCH BAG SPACEBOY DESIGN ,LUNCH BAG PINK POLKADOT,LUNCH BAG SUKI  DESIGN ,LUNCH BAG  BLACK SKULL.
16516,REGENCY CAKESTAND 3 TIER,WHITE HANGING HEART T-LIGHT HOLDER,ASSORTED COLOUR BIRD ORNAMENT,PAPER CHAIN KIT 50'S CHRISTMAS ,BAKING SET 9 PIECE RETROSPOT 
16517,REGENCY CAKESTAND 3 TIER,ASSORTED COLOUR BIRD ORNAMENT,PARTY BUNTING,VINTAGE UNION JACK BUNTING,BAKING SET 9 PIECE RETROSPOT 
16518,HAND WARMER BIRD DESIGN,PAPER CHAIN KIT VINTAGE CHRISTMAS,WHITE HANGING HEART T-LIGHT HOLDER,PICNIC BASKET WICKER SMALL,PARTY BUNTING
16519,JUMBO BAG RED RETROSPOT,REGENCY CAKESTAND 3 TIER,WHITE HANGING HEART T-LIGHT HOLDER,ASSORTED COLOUR BIRD ORNAMENT,PAPER CHAIN KIT 50'S CHRISTMAS 
16520,JUMBO BAG RED RETROSPOT,JUMBO BAG PINK POLKADOT,LUNCH BAG SUKI  DESIGN ,HAND WARMER OWL DESIGN,LUNCH BAG PINK POLKADOT
16521,LUNCH BAG CARS BLUE,LUNCH BAG SPACEBOY DESIGN ,LUNCH BAG PINK POLKADOT,LUNCH BAG SUKI  DESIGN ,LUNCH BAG RED RETROSPOT
16522,WOOD S/3 CABINET ANT WHITE FINISH,REGENCY CAKESTAND 3 TIER,ASSORTED COLOUR BIRD ORNAMENT,PARTY BUNTING,VINTAGE UNION JACK BUNTING
16523,JUMBO BAG RED RETROSPOT,LUNCH BAG SUKI  DESIGN ,JUMBO BAG PINK POLKADOT,LUNCH BAG SPACEBOY DESIGN ,LUNCH BAG PINK POLKADOT
16524,ASSORTED COLOUR BIRD ORNAMENT,HEART OF WICKER SMALL,WHITE HANGING HEART T-LIGHT HOLDER,PARTY BUNTING,VINTAGE UNION JACK BUNTING
16525,SWEETHEART CERAMIC TRINKET BOX,JUMBO BAG PINK POLKADOT,JUMBO STORAGE BAG SUKI,JUMBO BAG RED RETROSPOT,TOILET METAL SIGN
16526,WHITE HANGING HEART T-LIGHT HOLDER,BLUE 3 PIECE MINI DOTS CUTLERY SET,WOOD 2 DRAWER CABINET WHITE FINISH,REGENCY CAKESTAND 3 TIER,ASSORTED COLOUR BIRD ORNAMENT
16527,HEART OF WICKER LARGE,PICNIC BASKET WICKER SMALL,PARTY BUNTING,JUMBO BAG RED WHITE SPOTTY ,ASSORTED COLOUR BIRD ORNAMENT
16528,REGENCY CAKESTAND 3 TIER,WHITE HANGING HEART T-LIGHT HOLDER,ASSORTED COLOUR BIRD ORNAMENT,PAPER CHAIN KIT 50'S CHRISTMAS ,BAKING SET 9 PIECE RETROSPOT 
16529,PACK OF 60 DINOSAUR CAKE CASES,72 SWEETHEART FAIRY CAKE CASES,PACK OF 60 PINK PAISLEY CAKE CASES,PACK OF 72 RETROSPOT CAKE CASES,GIN + TONIC DIET METAL SIGN
16530,WHITE HANGING HEART T-LIGHT HOLDER,REGENCY CAKESTAND 3 TIER,ASSORTED COLOUR BIRD ORNAMENT,PARTY BUNTING,VINTAGE UNION JACK BUNTING
16531,HAND WARMER OWL DESIGN,PACK OF 72 RETROSPOT CAKE CASES,VINTAGE HEADS AND TAILS CARD GAME ,REGENCY CAKESTAND 3 TIER,WHITE HANGING HEART T-LIGHT HOLDER
16532,REGENCY CAKESTAND 3 TIER,WHITE HANGING HEART T-LIGHT HOLDER,"PAPER CRAFT , LITTLE BIRDIE",JUMBO BAG RED WHITE SPOTTY ,ASSORTED COLOUR BIRD ORNAMENT
16533,TOILET METAL SIGN,ASSORTED COLOUR BIRD ORNAMENT,PAPER CHAIN KIT 50'S CHRISTMAS ,BAKING SET 9 PIECE RETROSPOT ,RABBIT NIGHT LIGHT
16534,WHITE HANGING HEART T-LIGHT HOLDER,REGENCY CAKESTAND 3 TIER,ASSORTED COLOUR BIRD ORNAMENT,PARTY BUNTING,VINTAGE UNION JACK BUNTING
16535,ROSES REGENCY TEACUP AND SAUCER ,JUMBO STORAGE BAG SUKI,JUMBO BAG PINK POLKADOT,JUMBO BAG RED RETROSPOT,PACK OF 60 DINOSAUR CAKE CASES
16536,WOODEN PICTURE FRAME WHITE FINISH,WHITE HANGING HEART T-LIGHT HOLDER,WOOD 2 DRAWER CABINET WHITE FINISH,ASSORTED COLOUR BIRD ORNAMENT,PARTY BUNTING
16537,WHITE HANGING HEART T-LIGHT HOLDER,REGENCY CAKESTAND 3 TIER,ASSORTED COLOUR BIRD ORNAMENT,PARTY BUNTING,VINTAGE UNION JACK BUNTING
16538,JUMBO BAG RED RETROSPOT,JUMBO BAG PINK POLKADOT,60 TEATIME FAIRY CAKE CASES,PACK OF 72 RETROSPOT CAKE CASES,JUMBO  BAG BAROQUE BLACK WHITE
16539,WHITE HANGING HEART T-LIGHT HOLDER,HEART OF WICKER LARGE,REGENCY CAKESTAND 3 TIER,"PAPER CRAFT , LITTLE BIRDIE",JUMBO BAG RED WHITE SPOTTY 
16540,PINK BLUE FELT CRAFT TRINKET BOX,WHITE HANGING HEART T-LIGHT HOLDER,REGENCY CAKESTAND 3 TIER,ASSORTED COLOUR BIRD ORNAMENT,PARTY BUNTING
16541,BATHROOM METAL SIGN,WOOD S/3 CABINET ANT WHITE FINISH,GIN + TONIC DIET METAL SIGN,LOVE BUILDING BLOCK WORD,REGENCY CAKESTAND 3 TIER
16542,WOODEN PICTURE FRAME WHITE FINISH,WHITE HANGING HEART T-LIGHT HOLDER,REGENCY CAKESTAND 3 TIER,ASSORTED COLOUR BIRD ORNAMENT,PAPER CHAIN KIT 50'S CHRISTMAS 
16543,WHITE HANGING HEART T-LIGHT HOLDER,REGENCY CAKESTAND 3 TIER,PARTY BUNTING,VINTAGE UNION JACK BUNTING,BAKING SET 9 PIECE RETROSPOT 
16544,WHITE HANGING HEART T-LIGHT HOLDER,REGENCY CAKESTAND 3 TIER,ASSORTED COLOUR BIRD ORNAMENT,PARTY BUNTING,VINTAGE UNION JACK BUNTING
16545,GIN + TONIC DIET METAL SIGN,PAPER CHAIN KIT VINTAGE CHRISTMAS,WHITE HANGING HEART T-LIGHT HOLDER,REGENCY CAKESTAND 3 TIER,ASSORTED COLOUR BIRD ORNAMENT
16546,60 TEATIME FAIRY CAKE CASES,PACK OF 72 RETROSPOT CAKE CASES,HEART OF WICKER LARGE,WHITE HANGING HEART T-LIGHT HOLDER,VINTAGE SNAP CARDS
16547,LUNCH BAG PINK POLKADOT,LUNCH BAG SUKI  DESIGN ,LUNCH BAG SPACEBOY DESIGN ,LUNCH BAG RED RETROSPOT,SWEETHEART CERAMIC TRINKET BOX
16548,WHITE HANGING HEART T-LIGHT HOLDER,REGENCY CAKESTAND 3 TIER,ASSORTED COLOUR BIRD ORNAMENT,PARTY BUNTING,VINTAGE UNION JACK BUNTING
16549,JUMBO BAG RED RETROSPOT,PACK OF 72 RETROSPOT CAKE CASES,LUNCH BAG SUKI  DESIGN ,JUMBO BAG PINK POLKADOT,LUNCH BAG PINK POLKADOT
16550,PACK OF 72 RETROSPOT CAKE CASES,HOT WATER BOTTLE TEA AND SYMPATHY,WHITE HANGING HEART T-LIGHT HOLDER,"PAPER CRAFT , LITTLE BIRDIE",JUMBO BAG RED WHITE SPOTTY 
16551,PACK OF 72 RETROSPOT CAKE CASES,PACK OF 60 PINK PAISLEY CAKE CASES,WHITE HANGING HEART T-LIGHT HOLDER,PICNIC BASKET WICKER SMALL,PARTY BUNTING
16552,PARTY BUNTING,VINTAGE UNION JACK BUNTING,BAKING SET 9 PIECE RETROSPOT ,GRAND CHOCOLATECANDLE,PAPER CHAIN KIT 50'S CHRISTMAS 
16553,PACK OF 60 DINOSAUR CAKE CASES,72 SWEETHEART FAIRY CAKE CASES,PACK OF 60 PINK PAISLEY CAKE CASES,PACK OF 72 RETROSPOT CAKE CASES,RED RETROSPOT CHARLOTTE BAG
16554,WHITE HANGING HEART T-LIGHT HOLDER,HOME BUILDING BLOCK WORD,HEART OF WICKER LARGE,CHOCOLATE HOT WATER BOTTLE,PICNIC BASKET WICKER SMALL
16555,RED RETROSPOT CHARLOTTE BAG,CHOCOLATE HOT WATER BOTTLE,ALARM CLOCK BAKELIKE GREEN,PACK OF 60 DINOSAUR CAKE CASES,72 SWEETHEART FAIRY CAKE CASES
16556,HAND WARMER OWL DESIGN,60 TEATIME FAIRY CAKE CASES,PACK OF 72 RETROSPOT CAKE CASES,TOILET METAL SIGN,"PAPER CRAFT , LITTLE BIRDIE"
16557,WOOD S/3 CABINET ANT WHITE FINISH,WHITE HANGING HEART T-LIGHT HOLDER,ASSORTED COLOUR BIRD ORNAMENT,PAPER CHAIN KIT 50'S CHRISTMAS ,BAKING SET 9 PIECE RETROSPOT 
16558,SWEETHEART CERAMIC TRINKET BOX,LOVE BUILDING BLOCK WORD,60 TEATIME FAIRY CAKE CASES,PACK OF 72 RETROSPOT CAKE CASES,JUMBO BAG PINK POLKADOT
16559,HEART OF WICKER SMALL,HOT WATER BOTTLE TEA AND SYMPATHY,REGENCY CAKESTAND 3 TIER,ASSORTED COLOUR BIRD ORNAMENT,PARTY BUNTING
16560,WHITE HANGING HEART T-LIGHT HOLDER,PINK REGENCY TEACUP AND SAUCER,60 TEATIME FAIRY CAKE CASES,PACK OF 72 RETROSPOT CAKE CASES,CHOCOLATE HOT WATER BOTTLE
16561,ASSORTED COLOUR BIRD ORNAMENT,PINK BLUE FELT CRAFT TRINKET BOX,REGENCY CAKESTAND 3 TIER,WHITE HANGING HEART T-LIGHT HOLDER,BAKING SET 9 PIECE RETROSPOT 
16562,VINTAGE HEADS AND TAILS CARD GAME ,LUNCH BAG PINK POLKADOT,LUNCH BAG WOODLAND,LUNCH BAG SUKI  DESIGN ,LUNCH BAG CARS BLUE
16563,CHOCOLATE HOT WATER BOTTLE,PICNIC BASKET WICKER SMALL,PARTY BUNTING,JUMBO BAG RED WHITE SPOTTY ,FAIRY CAKE FLANNEL ASSORTED COLOUR
16564,WHITE HANGING HEART T-LIGHT HOLDER,REGENCY CAKESTAND 3 TIER,ASSORTED COLOUR BIRD ORNAMENT,PARTY BUNTING,VINTAGE UNION JACK BUNTING
16565,WHITE HANGING HEART T-LIGHT HOLDER,PICNIC BASKET WICKER SMALL,REGENCY CAKESTAND 3 TIER,PARTY BUNTING,JUMBO BAG RED WHITE SPOTTY 
16566,REGENCY CAKESTAND 3 TIER,WHITE HANGING HEART T-LIGHT HOLDER,ASSORTED COLOUR BIRD ORNAMENT,PAPER CHAIN KIT 50'S CHRISTMAS ,BAKING SET 9 PIECE RETROSPOT 
16567,WHITE HANGING HEART T-LIGHT HOLDER,REGENCY CAKESTAND 3 TIER,ASSORTED COLOUR BIRD ORNAMENT,PARTY BUNTING,VINTAGE UNION JACK BUNTING
16568,WHITE HANGING HEART T-LIGHT HOLDER,REGENCY CAKESTAND 3 TIER,ASSORTED COLOUR BIRD ORNAMENT,PARTY BUNTING,VINTAGE UNION JACK BUNTING
16569,SWEETHEART CERAMIC TRINKET BOX,REGENCY CAKESTAND 3 TIER,WHITE HANGING HEART T-LIGHT HOLDER,ASSORTED COLOUR BIRD ORNAMENT,PAPER CHAIN KIT 50'S CHRISTMAS 
16570,60 TEATIME FAIRY CAKE CASES,PACK OF 72 RETROSPOT CAKE CASES,HOT WATER BOTTLE TEA AND SYMPATHY,LUNCH BAG WOODLAND,LUNCH BAG PINK POLKADOT
16571,PACK OF 72 RETROSPOT CAKE CASES,GIN + TONIC DIET METAL SIGN,PACK OF 60 DINOSAUR CAKE CASES,PINK BLUE FELT CRAFT TRINKET BOX,HAND WARMER SCOTTY DOG DESIGN
16572,PICNIC BASKET WICKER SMALL,PARTY BUNTING,JUMBO BAG RED WHITE SPOTTY ,ASSORTED COLOUR BIRD ORNAMENT,FAIRY CAKE FLANNEL ASSORTED COLOUR
16573,PINK REGENCY TEACUP AND SAUCER,GREEN REGENCY TEACUP AND SAUCER,VINTAGE HEADS AND TAILS CARD GAME ,ASSORTED COLOUR BIRD ORNAMENT,PAPER CHAIN KIT 50'S CHRISTMAS 
16574,PACK OF 72 RETROSPOT CAKE CASES,WHITE HANGING HEART T-LIGHT HOLDER,PACK OF 60 DINOSAUR CAKE CASES,PACK OF 60 PINK PAISLEY CAKE CASES,HAND WARMER BIRD DESIGN
16576,WHITE HANGING HEART T-LIGHT HOLDER,60 TEATIME FAIRY CAKE CASES,PACK OF 72 RETROSPOT CAKE CASES,WOODEN PICTURE FRAME WHITE FINISH,CHOCOLATE HOT WATER BOTTLE
16577,WHITE HANGING HEART T-LIGHT HOLDER,JUMBO BAG SCANDINAVIAN PAISLEY,JUMBO BAG RED RETROSPOT,REGENCY CAKESTAND 3 TIER,ASSORTED COLOUR BIRD ORNAMENT
16578,REGENCY CAKESTAND 3 TIER,ASSORTED COLOUR BIRD ORNAMENT,PARTY BUNTING,VINTAGE UNION JACK BUNTING,BAKING SET 9 PIECE RETROSPOT 
16579,WHITE HANGING HEART T-LIGHT HOLDER,JUMBO BAG PINK VINTAGE PAISLEY,JUMBO BAG RED RETROSPOT,REGENCY CAKESTAND 3 TIER,ASSORTED COLOUR BIRD ORNAMENT
16581,WHITE HANGING HEART T-LIGHT HOLDER,REGENCY CAKESTAND 3 TIER,ASSORTED COLOUR BIRD ORNAMENT,PARTY BUNTING,VINTAGE UNION JACK BUNTING
16582,WHITE HANGING HEART T-LIGHT HOLDER,REGENCY CAKESTAND 3 TIER,ASSORTED COLOUR BIRD ORNAMENT,PARTY BUNTING,VINTAGE UNION JACK BUNTING
16583,SWEETHEART CERAMIC TRINKET BOX,WHITE HANGING HEART T-LIGHT HOLDER,REGENCY CAKESTAND 3 TIER,ASSORTED COLOUR BIRD ORNAMENT,PARTY BUNTING
16584,BATHROOM METAL SIGN,HOME BUILDING BLOCK WORD,WHITE HANGING HEART T-LIGHT HOLDER,PICNIC BASKET WICKER SMALL,PARTY BUNTING
16585,WOOD S/3 CABINET ANT WHITE FINISH,WHITE HANGING HEART T-LIGHT HOLDER,REGENCY CAKESTAND 3 TIER,ASSORTED COLOUR BIRD ORNAMENT,PARTY BUNTING
16586,WHITE HANGING HEART T-LIGHT HOLDER,REGENCY CAKESTAND 3 TIER,PARTY BUNTING,JUMBO BAG RED WHITE SPOTTY ,ASSORTED COLOUR BIRD ORNAMENT
16587,WHITE HANGING HEART T-LIGHT HOLDER,REGENCY CAKESTAND 3 TIER,ASSORTED COLOUR BIRD ORNAMENT,VINTAGE UNION JACK BUNTING,BAKING SET 9 PIECE RETROSPOT 
16588,PACK OF 72 RETROSPOT CAKE CASES,VINTAGE HEADS AND TAILS CARD GAME ,WHITE HANGING HEART T-LIGHT HOLDER,PICNIC BASKET WICKER SMALL,PARTY BUNTING
16589,PAPER CHAIN KIT VINTAGE CHRISTMAS,HOME BUILDING BLOCK WORD,REGENCY CAKESTAND 3 TIER,ASSORTED COLOUR BIRD ORNAMENT,BAKING SET 9 PIECE RETROSPOT 
16590,WHITE HANGING HEART T-LIGHT HOLDER,REGENCY CAKESTAND 3 TIER,ASSORTED COLOUR BIRD ORNAMENT,PARTY BUNTING,VINTAGE UNION JACK BUNTING
16591,VINTAGE HEADS AND TAILS CARD GAME ,HOT WATER BOTTLE TEA AND SYMPATHY,WHITE HANGING HEART T-LIGHT HOLDER,REGENCY CAKESTAND 3 TIER,ASSORTED COLOUR BIRD ORNAMENT
16592,PACK OF 72 RETROSPOT CAKE CASES,SWEETHEART CERAMIC TRINKET BOX,PACK OF 60 DINOSAUR CAKE CASES,PAPER CHAIN KIT VINTAGE CHRISTMAS,PINK REGENCY TEACUP AND SAUCER
16593,VINTAGE HEADS AND TAILS CARD GAME ,WHITE HANGING HEART T-LIGHT HOLDER,PARTY BUNTING,JUMBO BAG RED WHITE SPOTTY ,ASSORTED COLOUR BIRD ORNAMENT
16594,GIN + TONIC DIET METAL SIGN,CHOCOLATE HOT WATER BOTTLE,WHITE HANGING HEART T-LIGHT HOLDER,REGENCY CAKESTAND 3 TIER,ASSORTED COLOUR BIRD ORNAMENT
16595,PACK OF 72 RETROSPOT CAKE CASES,LUNCH BAG PINK POLKADOT,LUNCH BAG SUKI  DESIGN ,LUNCH BAG SPACEBOY DESIGN ,LUNCH BAG RED RETROSPOT
16596,HAND WARMER OWL DESIGN,WOODEN PICTURE FRAME WHITE FINISH,REGENCY CAKESTAND 3 TIER,ASSORTED COLOUR BIRD ORNAMENT,PAPER CHAIN KIT 50'S CHRISTMAS 
16597,REGENCY CAKESTAND 3 TIER,WHITE HANGING HEART T-LIGHT HOLDER,ASSORTED COLOUR BIRD ORNAMENT,PAPER CHAIN KIT 50'S CHRISTMAS ,BAKING SET 9 PIECE RETROSPOT 
16598,HOT WATER BOTTLE TEA AND SYMPATHY,WHITE HANGING HEART T-LIGHT HOLDER,REGENCY CAKESTAND 3 TIER,ASSORTED COLOUR BIRD ORNAMENT,PARTY BUNTING
16599,REGENCY CAKESTAND 3 TIER,ASSORTED COLOUR BIRD ORNAMENT,PARTY BUNTING,VINTAGE UNION JACK BUNTING,BAKING SET 9 PIECE RETROSPOT 
16600,WHITE HANGING HEART T-LIGHT HOLDER,LUNCH BAG SUKI  DESIGN ,LOVE BUILDING BLOCK WORD,LUNCH BAG PINK POLKADOT,LUNCH BAG WOODLAND
16601,HOT WATER BOTTLE TEA AND SYMPATHY,REGENCY CAKESTAND 3 TIER,WHITE HANGING HEART T-LIGHT HOLDER,ASSORTED COLOUR BIRD ORNAMENT,PAPER CHAIN KIT 50'S CHRISTMAS 
16602,VINTAGE HEADS AND TAILS CARD GAME ,REGENCY CAKESTAND 3 TIER,ASSORTED COLOUR BIRD ORNAMENT,PAPER CHAIN KIT 50'S CHRISTMAS ,BAKING SET 9 PIECE RETROSPOT 
16603,HAND WARMER SCOTTY DOG DESIGN,HAND WARMER BIRD DESIGN,VINTAGE HEADS AND TAILS CARD GAME ,LOVE BUILDING BLOCK WORD,WHITE HANGING HEART T-LIGHT HOLDER
16604,REGENCY CAKESTAND 3 TIER,ASSORTED COLOUR BIRD ORNAMENT,PARTY BUNTING,VINTAGE UNION JACK BUNTING,BAKING SET 9 PIECE RETROSPOT 
16605,WHITE HANGING HEART T-LIGHT HOLDER,REGENCY CAKESTAND 3 TIER,ASSORTED COLOUR BIRD ORNAMENT,PARTY BUNTING,VINTAGE UNION JACK BUNTING
16606,WHITE HANGING HEART T-LIGHT HOLDER,HEART OF WICKER LARGE,REGENCY CAKESTAND 3 TIER,ASSORTED COLOUR BIRD ORNAMENT,PARTY BUNTING
16607,LUNCH BAG PINK POLKADOT,LUNCH BAG WOODLAND,LUNCH BAG SUKI  DESIGN ,LUNCH BAG SPACEBOY DESIGN ,LUNCH BAG RED RETROSPOT
16608,HEART OF WICKER SMALL,PICNIC BASKET WICKER SMALL,REGENCY CAKESTAND 3 TIER,PARTY BUNTING,JUMBO BAG RED WHITE SPOTTY 
16609,LUNCH BAG SUKI  DESIGN ,LUNCH BAG SPACEBOY DESIGN ,LUNCH BAG PINK POLKADOT,LUNCH BAG RED RETROSPOT,JUMBO BAG PINK POLKADOT
16610,REGENCY CAKESTAND 3 TIER,ASSORTED COLOUR BIRD ORNAMENT,PARTY BUNTING,VINTAGE UNION JACK BUNTING,BAKING SET 9 PIECE RETROSPOT 
16611,ALARM CLOCK BAKELIKE GREEN,HEART OF WICKER LARGE,WHITE HANGING HEART T-LIGHT HOLDER,TOILET METAL SIGN,PICNIC BASKET WICKER SMALL
16612,JUMBO BAG RED RETROSPOT,JUMBO BAG PINK POLKADOT,LUNCH BAG SUKI  DESIGN ,WOODEN PICTURE FRAME WHITE FINISH,HOME BUILDING BLOCK WORD
16613,PAPER CHAIN KIT VINTAGE CHRISTMAS,HAND WARMER OWL DESIGN,REGENCY CAKESTAND 3 TIER,ASSORTED COLOUR BIRD ORNAMENT,BAKING SET 9 PIECE RETROSPOT 
16614,WHITE HANGING HEART T-LIGHT HOLDER,PICNIC BASKET WICKER SMALL,REGENCY CAKESTAND 3 TIER,PARTY BUNTING,JUMBO BAG RED WHITE SPOTTY 
16615,PACK OF 72 RETROSPOT CAKE CASES,72 SWEETHEART FAIRY CAKE CASES,PACK OF 60 PINK PAISLEY CAKE CASES,PINK BLUE FELT CRAFT TRINKET BOX,WHITE HANGING HEART T-LIGHT HOLDER
16616,RED RETROSPOT CHARLOTTE BAG,REGENCY CAKESTAND 3 TIER,WHITE HANGING HEART T-LIGHT HOLDER,ASSORTED COLOUR BIRD ORNAMENT,PAPER CHAIN KIT 50'S CHRISTMAS 
16617,REGENCY CAKESTAND 3 TIER,ASSORTED COLOUR BIRD ORNAMENT,PARTY BUNTING,VINTAGE UNION JACK BUNTING,BAKING SET 9 PIECE RETROSPOT 
16618,PICNIC BASKET WICKER SMALL,PARTY BUNTING,JUMBO BAG RED WHITE SPOTTY ,ASSORTED COLOUR BIRD ORNAMENT,FAIRY CAKE FLANNEL ASSORTED COLOUR
16619,ASSORTED COLOUR BIRD ORNAMENT,REGENCY CAKESTAND 3 TIER,PARTY BUNTING,JUMBO BAG RED WHITE SPOTTY ,FAIRY CAKE FLANNEL ASSORTED COLOUR
16620,JUMBO BAG RED RETROSPOT,JUMBO STORAGE BAG SUKI,JUMBO BAG PINK POLKADOT,WOODEN FRAME ANTIQUE WHITE ,WHITE HANGING HEART T-LIGHT HOLDER
16621,HEART OF WICKER SMALL,WHITE HANGING HEART T-LIGHT HOLDER,ASSORTED COLOUR BIRD ORNAMENT,PAPER CHAIN KIT 50'S CHRISTMAS ,BAKING SET 9 PIECE RETROSPOT 
16622,LOVE BUILDING BLOCK WORD,WHITE HANGING HEART T-LIGHT HOLDER,ASSORTED COLOUR BIRD ORNAMENT,PARTY BUNTING,VINTAGE UNION JACK BUNTING
16623,SWEETHEART CERAMIC TRINKET BOX,WOODEN FRAME ANTIQUE WHITE ,TOILET METAL SIGN,PICNIC BASKET WICKER SMALL,REGENCY CAKESTAND 3 TIER
16624,PACK OF 72 RETROSPOT CAKE CASES,PACK OF 60 DINOSAUR CAKE CASES,72 SWEETHEART FAIRY CAKE CASES,PACK OF 60 PINK PAISLEY CAKE CASES,VINTAGE HEADS AND TAILS CARD GAME 
16625,JUMBO BAG RED RETROSPOT,JUMBO BAG PINK POLKADOT,JUMBO STORAGE BAG SUKI,JUMBO BAG SCANDINAVIAN PAISLEY,PICNIC BASKET WICKER SMALL
16626,WHITE HANGING HEART T-LIGHT HOLDER,JUMBO BAG RED RETROSPOT,LUNCH BAG PINK POLKADOT,LUNCH BAG WOODLAND,LUNCH BAG SUKI  DESIGN 
16627,WHITE HANGING HEART T-LIGHT HOLDER,ASSORTED COLOUR BIRD ORNAMENT,PARTY BUNTING,VINTAGE UNION JACK BUNTING,BAKING SET 9 PIECE RETROSPOT 
16628,LUNCH BAG SUKI  DESIGN ,LUNCH BAG SPACEBOY DESIGN ,LUNCH BAG PINK POLKADOT,LUNCH BAG RED RETROSPOT,JUMBO BAG RED RETROSPOT
16629,PACK OF 72 RETROSPOT CAKE CASES,PACK OF 60 DINOSAUR CAKE CASES,VINTAGE HEADS AND TAILS CARD GAME ,REGENCY CAKESTAND 3 TIER,WHITE HANGING HEART T-LIGHT HOLDER
16630,REGENCY CAKESTAND 3 TIER,ASSORTED COLOUR BIRD ORNAMENT,PARTY BUNTING,VINTAGE UNION JACK BUNTING,BAKING SET 9 PIECE RETROSPOT 
16631,PINK 3 PIECE MINI DOTS CUTLERY SET,PICNIC BASKET WICKER SMALL,REGENCY CAKESTAND 3 TIER,PARTY BUNTING,JUMBO BAG RED WHITE SPOTTY 
16632,JUMBO BAG RED RETROSPOT,JUMBO STORAGE BAG SUKI,JUMBO BAG PINK POLKADOT,JUMBO BAG PINK VINTAGE PAISLEY,WHITE HANGING HEART T-LIGHT HOLDER
16633,WHITE HANGING HEART T-LIGHT HOLDER,WOODEN FRAME ANTIQUE WHITE ,WOOD 2 DRAWER CABINET WHITE FINISH,PINK CREAM FELT CRAFT TRINKET BOX ,"PAPER CRAFT , LITTLE BIRDIE"
16634,REGENCY CAKESTAND 3 TIER,PARTY BUNTING,JUMBO BAG RED WHITE SPOTTY ,ASSORTED COLOUR BIRD ORNAMENT,FAIRY CAKE FLANNEL ASSORTED COLOUR
16635,PAPER CHAIN KIT 50'S CHRISTMAS ,60 TEATIME FAIRY CAKE CASES,PACK OF 72 RETROSPOT CAKE CASES,PINK CREAM FELT CRAFT TRINKET BOX ,WHITE HANGING HEART T-LIGHT HOLDER
16636,JUMBO BAG RED RETROSPOT,PACK OF 72 RETROSPOT CAKE CASES,JUMBO BAG PINK POLKADOT,JUMBO STORAGE BAG SUKI,RED RETROSPOT CHARLOTTE BAG
16637,PAPER CHAIN KIT 50'S CHRISTMAS ,PINK REGENCY TEACUP AND SAUCER,GREEN REGENCY TEACUP AND SAUCER,REGENCY CAKESTAND 3 TIER,WHITE HANGING HEART T-LIGHT HOLDER
16638,HAND WARMER OWL DESIGN,PAPER CHAIN KIT 50'S CHRISTMAS ,VINTAGE HEADS AND TAILS CARD GAME ,WHITE HANGING HEART T-LIGHT HOLDER,"PAPER CRAFT , LITTLE BIRDIE"
16639,PACK OF 72 RETROSPOT CAKE CASES,JUMBO BAG RED RETROSPOT,LUNCH BAG WOODLAND,LUNCH BAG PINK POLKADOT,LUNCH BAG SUKI  DESIGN 
16640,VINTAGE HEADS AND TAILS CARD GAME ,JUMBO BAG PINK POLKADOT,JUMBO STORAGE BAG SUKI,JUMBO BAG RED RETROSPOT,WHITE HANGING HEART T-LIGHT HOLDER
16641,ASSORTED COLOUR BIRD ORNAMENT,REGENCY CAKESTAND 3 TIER,PARTY BUNTING,VINTAGE UNION JACK BUNTING,BAKING SET 9 PIECE RETROSPOT 
16642,REGENCY CAKESTAND 3 TIER,WHITE HANGING HEART T-LIGHT HOLDER,ASSORTED COLOUR BIRD ORNAMENT,PAPER CHAIN KIT 50'S CHRISTMAS ,BAKING SET 9 PIECE RETROSPOT 
16643,WHITE HANGING HEART T-LIGHT HOLDER,60 TEATIME FAIRY CAKE CASES,PACK OF 72 RETROSPOT CAKE CASES,HEART OF WICKER LARGE,CHOCOLATE HOT WATER BOTTLE
16644,LUNCH BAG CARS BLUE,LUNCH BAG SPACEBOY DESIGN ,LUNCH BAG PINK POLKADOT,LUNCH BAG SUKI  DESIGN ,LUNCH BAG RED RETROSPOT
16645,WHITE HANGING HEART T-LIGHT HOLDER,REGENCY CAKESTAND 3 TIER,ASSORTED COLOUR BIRD ORNAMENT,PARTY BUNTING,VINTAGE UNION JACK BUNTING
16646,SWEETHEART CERAMIC TRINKET BOX,PACK OF 72 RETROSPOT CAKE CASES,VINTAGE SNAP CARDS,WHITE HANGING HEART T-LIGHT HOLDER,REGENCY CAKESTAND 3 TIER
16647,SWEETHEART CERAMIC TRINKET BOX,PINK CREAM FELT CRAFT TRINKET BOX ,PACK OF 60 DINOSAUR CAKE CASES,72 SWEETHEART FAIRY CAKE CASES,PACK OF 60 PINK PAISLEY CAKE CASES
16648,60 TEATIME FAIRY CAKE CASES,PACK OF 72 RETROSPOT CAKE CASES,HEART OF WICKER SMALL,WHITE HANGING HEART T-LIGHT HOLDER,VINTAGE HEADS AND TAILS CARD GAME 
16649,ASSORTED COLOUR BIRD ORNAMENT,PARTY BUNTING,VINTAGE UNION JACK BUNTING,GRAND CHOCOLATECANDLE,PAPER CHAIN KIT 50'S CHRISTMAS 
16650,PACK OF 72 RETROSPOT CAKE CASES,WHITE HANGING HEART T-LIGHT HOLDER,PACK OF 60 PINK PAISLEY CAKE CASES,VINTAGE HEADS AND TAILS CARD GAME ,STRAWBERRY CERAMIC TRINKET BOX
16651,WHITE HANGING HEART T-LIGHT HOLDER,REGENCY CAKESTAND 3 TIER,ASSORTED COLOUR BIRD ORNAMENT,PARTY BUNTING,VINTAGE UNION JACK BUNTING
16652,"PAPER CRAFT , LITTLE BIRDIE",JUMBO BAG RED WHITE SPOTTY ,ASSORTED COLOUR BIRD ORNAMENT,MEDIUM CERAMIC TOP STORAGE JAR,PARTY BUNTING
16653,PINK REGENCY TEACUP AND SAUCER,GREEN REGENCY TEACUP AND SAUCER,JUMBO BAG SCANDINAVIAN PAISLEY,JUMBO BAG RED RETROSPOT,WHITE HANGING HEART T-LIGHT HOLDER
16654,ALARM CLOCK BAKELIKE GREEN,PACK OF 60 DINOSAUR CAKE CASES,72 SWEETHEART FAIRY CAKE CASES,PACK OF 60 PINK PAISLEY CAKE CASES,PACK OF 72 RETROSPOT CAKE CASES
16655,PACK OF 72 RETROSPOT CAKE CASES,WHITE HANGING HEART T-LIGHT HOLDER,PACK OF 60 PINK PAISLEY CAKE CASES,WOODEN PICTURE FRAME WHITE FINISH,LOVE BUILDING BLOCK WORD
16656,VINTAGE HEADS AND TAILS CARD GAME ,REGENCY CAKESTAND 3 TIER,WHITE HANGING HEART T-LIGHT HOLDER,"PAPER CRAFT , LITTLE BIRDIE",JUMBO BAG RED WHITE SPOTTY 
16657,LUNCH BAG SUKI  DESIGN ,60 TEATIME FAIRY CAKE CASES,PACK OF 72 RETROSPOT CAKE CASES,JUMBO BAG RED RETROSPOT,LUNCH BAG CARS BLUE
16658,SWEETHEART CERAMIC TRINKET BOX,LOVE BUILDING BLOCK WORD,WHITE HANGING HEART T-LIGHT HOLDER,PICNIC BASKET WICKER SMALL,REGENCY CAKESTAND 3 TIER
16659,WHITE HANGING HEART T-LIGHT HOLDER,REGENCY CAKESTAND 3 TIER,ASSORTED COLOUR BIRD ORNAMENT,PARTY BUNTING,VINTAGE UNION JACK BUNTING
16660,PINK REGENCY TEACUP AND SAUCER,REGENCY CAKESTAND 3 TIER,WHITE HANGING HEART T-LIGHT HOLDER,"PAPER CRAFT , LITTLE BIRDIE",JUMBO BAG RED WHITE SPOTTY 
16661,WHITE HANGING HEART T-LIGHT HOLDER,ASSORTED COLOUR BIRD ORNAMENT,HOME BUILDING BLOCK WORD,PICNIC BASKET WICKER SMALL,REGENCY CAKESTAND 3 TIER
16662,HAND WARMER OWL DESIGN,WHITE HANGING HEART T-LIGHT HOLDER,REGENCY CAKESTAND 3 TIER,ASSORTED COLOUR BIRD ORNAMENT,PARTY BUNTING
16663,WHITE HANGING HEART T-LIGHT HOLDER,REGENCY CAKESTAND 3 TIER,ASSORTED COLOUR BIRD ORNAMENT,PARTY BUNTING,VINTAGE UNION JACK BUNTING
16664,WHITE HANGING HEART T-LIGHT HOLDER,REGENCY CAKESTAND 3 TIER,ASSORTED COLOUR BIRD ORNAMENT,PARTY BUNTING,VINTAGE UNION JACK BUNTING
16665,WHITE HANGING HEART T-LIGHT HOLDER,REGENCY CAKESTAND 3 TIER,ASSORTED COLOUR BIRD ORNAMENT,PARTY BUNTING,VINTAGE UNION JACK BUNTING
16666,REGENCY CAKESTAND 3 TIER,ASSORTED COLOUR BIRD ORNAMENT,PAPER CHAIN KIT 50'S CHRISTMAS ,BAKING SET 9 PIECE RETROSPOT ,METAL SIGN TAKE IT OR LEAVE IT 
16667,PAPER CHAIN KIT VINTAGE CHRISTMAS,LUNCH BAG PINK POLKADOT,LUNCH BAG WOODLAND,LUNCH BAG SUKI  DESIGN ,LUNCH BAG CARS BLUE
16668,REGENCY CAKESTAND 3 TIER,WHITE HANGING HEART T-LIGHT HOLDER,"PAPER CRAFT , LITTLE BIRDIE",JUMBO BAG RED WHITE SPOTTY ,ASSORTED COLOUR BIRD ORNAMENT
16669,PACK OF 72 RETROSPOT CAKE CASES,72 SWEETHEART FAIRY CAKE CASES,PACK OF 60 PINK PAISLEY CAKE CASES,JUMBO BAG STRAWBERRY,JUMBO  BAG BAROQUE BLACK WHITE
16670,JUMBO BAG RED RETROSPOT,JUMBO STORAGE BAG SUKI,JUMBO BAG PINK POLKADOT,LUNCH BAG PINK POLKADOT,LUNCH BAG WOODLAND
16671,PAPER CHAIN KIT VINTAGE CHRISTMAS,REGENCY CAKESTAND 3 TIER,WHITE HANGING HEART T-LIGHT HOLDER,ASSORTED COLOUR BIRD ORNAMENT,BAKING SET 9 PIECE RETROSPOT 
16672,WHITE HANGING HEART T-LIGHT HOLDER,"PAPER CRAFT , LITTLE BIRDIE",JUMBO BAG RED WHITE SPOTTY ,ASSORTED COLOUR BIRD ORNAMENT,MEDIUM CERAMIC TOP STORAGE JAR
16673,SWEETHEART CERAMIC TRINKET BOX,WHITE HANGING HEART T-LIGHT HOLDER,REGENCY CAKESTAND 3 TIER,ASSORTED COLOUR BIRD ORNAMENT,PARTY BUNTING
16674,PACK OF 72 RETROSPOT CAKE CASES,60 TEATIME FAIRY CAKE CASES,WOOD S/3 CABINET ANT WHITE FINISH,PINK REGENCY TEACUP AND SAUCER,GREEN REGENCY TEACUP AND SAUCER
16675,WHITE HANGING HEART T-LIGHT HOLDER,REGENCY CAKESTAND 3 TIER,ASSORTED COLOUR BIRD ORNAMENT,PARTY BUNTING,VINTAGE UNION JACK BUNTING
16676,PACK OF 72 RETROSPOT CAKE CASES,60 TEATIME FAIRY CAKE CASES,ASSORTED COLOUR BIRD ORNAMENT,WHITE HANGING HEART T-LIGHT HOLDER,PICNIC BASKET WICKER SMALL
16677,LOVE BUILDING BLOCK WORD,WHITE HANGING HEART T-LIGHT HOLDER,REGENCY CAKESTAND 3 TIER,ASSORTED COLOUR BIRD ORNAMENT,PARTY BUNTING
16678,JUMBO BAG PINK VINTAGE PAISLEY,JUMBO BAG RED RETROSPOT,ASSORTED COLOUR BIRD ORNAMENT,REGENCY CAKESTAND 3 TIER,WHITE HANGING HEART T-LIGHT HOLDER
16679,WHITE HANGING HEART T-LIGHT HOLDER,PICNIC BASKET WICKER SMALL,PARTY BUNTING,JUMBO BAG RED WHITE SPOTTY ,ASSORTED COLOUR BIRD ORNAMENT
16680,REGENCY CAKESTAND 3 TIER,WHITE HANGING HEART T-LIGHT HOLDER,ASSORTED COLOUR BIRD ORNAMENT,PAPER CHAIN KIT 50'S CHRISTMAS ,BAKING SET 9 PIECE RETROSPOT 
16681,WHITE HANGING HEART T-LIGHT HOLDER,PICNIC BASKET WICKER SMALL,REGENCY CAKESTAND 3 TIER,PARTY BUNTING,JUMBO BAG RED WHITE SPOTTY 
16682,LUNCH BAG PINK POLKADOT,LUNCH BAG WOODLAND,LUNCH BAG SUKI  DESIGN ,LUNCH BAG CARS BLUE,LUNCH BAG SPACEBOY DESIGN 
16683,WHITE HANGING HEART T-LIGHT HOLDER,ASSORTED COLOUR BIRD ORNAMENT,PARTY BUNTING,VINTAGE UNION JACK BUNTING,BAKING SET 9 PIECE RETROSPOT 
16684,JUMBO BAG RED RETROSPOT,JUMBO BAG PINK POLKADOT,GIN + TONIC DIET METAL SIGN,60 TEATIME FAIRY CAKE CASES,PACK OF 72 RETROSPOT CAKE CASES
16685,JUMBO BAG RED RETROSPOT,CHOCOLATE HOT WATER BOTTLE,JUMBO BAG PINK POLKADOT,JUMBO STORAGE BAG SUKI,REGENCY CAKESTAND 3 TIER
16686,LUNCH BAG SUKI  DESIGN ,WHITE HANGING HEART T-LIGHT HOLDER,PACK OF 72 RETROSPOT CAKE CASES,LUNCH BAG PINK POLKADOT,LUNCH BAG SPACEBOY DESIGN 
16687,WHITE HANGING HEART T-LIGHT HOLDER,REGENCY CAKESTAND 3 TIER,ASSORTED COLOUR BIRD ORNAMENT,PARTY BUNTING,VINTAGE UNION JACK BUNTING
16688,REGENCY CAKESTAND 3 TIER,WHITE HANGING HEART T-LIGHT HOLDER,ASSORTED COLOUR BIRD ORNAMENT,PAPER CHAIN KIT 50'S CHRISTMAS ,BAKING SET 9 PIECE RETROSPOT 
16689,REGENCY CAKESTAND 3 TIER,WHITE HANGING HEART T-LIGHT HOLDER,ASSORTED COLOUR BIRD ORNAMENT,PAPER CHAIN KIT 50'S CHRISTMAS ,BAKING SET 9 PIECE RETROSPOT 
16690,REGENCY CAKESTAND 3 TIER,WHITE HANGING HEART T-LIGHT HOLDER,ASSORTED COLOUR BIRD ORNAMENT,PAPER CHAIN KIT 50'S CHRISTMAS ,BAKING SET 9 PIECE RETROSPOT 
16691,JUMBO STORAGE BAG SUKI,JUMBO BAG PINK POLKADOT,JUMBO BAG RED RETROSPOT,WHITE HANGING HEART T-LIGHT HOLDER,REGENCY CAKESTAND 3 TIER
16692,WHITE HANGING HEART T-LIGHT HOLDER,PICNIC BASKET WICKER SMALL,REGENCY CAKESTAND 3 TIER,PARTY BUNTING,JUMBO BAG RED WHITE SPOTTY 
16693,WHITE HANGING HEART T-LIGHT HOLDER,LUNCH BAG CARS BLUE,LUNCH BAG SPACEBOY DESIGN ,LUNCH BAG PINK POLKADOT,LUNCH BAG SUKI  DESIGN 
16694,WHITE HANGING HEART T-LIGHT HOLDER,REGENCY CAKESTAND 3 TIER,ASSORTED COLOUR BIRD ORNAMENT,PARTY BUNTING,VINTAGE UNION JACK BUNTING
16695,HEART OF WICKER LARGE,WHITE HANGING HEART T-LIGHT HOLDER,JUMBO BAG RED RETROSPOT,REGENCY CAKESTAND 3 TIER,ASSORTED COLOUR BIRD ORNAMENT
16696,REGENCY CAKESTAND 3 TIER,WHITE HANGING HEART T-LIGHT HOLDER,PICNIC BASKET WICKER SMALL,JUMBO BAG RED WHITE SPOTTY ,ASSORTED COLOUR BIRD ORNAMENT
16697,WHITE HANGING HEART T-LIGHT HOLDER,REGENCY CAKESTAND 3 TIER,ASSORTED COLOUR BIRD ORNAMENT,PARTY BUNTING,VINTAGE UNION JACK BUNTING
16698,WHITE HANGING HEART T-LIGHT HOLDER,PICNIC BASKET WICKER SMALL,REGENCY CAKESTAND 3 TIER,PARTY BUNTING,JUMBO BAG RED WHITE SPOTTY 
16699,WHITE HANGING HEART T-LIGHT HOLDER,PICNIC BASKET WICKER SMALL,PARTY BUNTING,JUMBO BAG RED WHITE SPOTTY ,ASSORTED COLOUR BIRD ORNAMENT
16700,JUMBO BAG RED RETROSPOT,JUMBO BAG PINK POLKADOT,60 TEATIME FAIRY CAKE CASES,PACK OF 72 RETROSPOT CAKE CASES,LUNCH BAG SUKI  DESIGN 
16701,PACK OF 72 RETROSPOT CAKE CASES,72 SWEETHEART FAIRY CAKE CASES,PACK OF 60 PINK PAISLEY CAKE CASES,ALARM CLOCK BAKELIKE GREEN,REGENCY CAKESTAND 3 TIER
16702,60 TEATIME FAIRY CAKE CASES,PACK OF 72 RETROSPOT CAKE CASES,VINTAGE HEADS AND TAILS CARD GAME ,WHITE HANGING HEART T-LIGHT HOLDER,REGENCY CAKESTAND 3 TIER
16704,JUMBO BAG PINK POLKADOT,JUMBO STORAGE BAG SUKI,JUMBO BAG RED RETROSPOT,WHITE HANGING HEART T-LIGHT HOLDER,REGENCY CAKESTAND 3 TIER
16705,JUMBO BAG RED RETROSPOT,JUMBO BAG PINK POLKADOT,JUMBO STORAGE BAG SUKI,LUNCH BAG CARS BLUE,LUNCH BAG SPACEBOY DESIGN 
16706,JUMBO BAG RED RETROSPOT,JUMBO STORAGE BAG SUKI,JUMBO BAG PINK POLKADOT,WHITE HANGING HEART T-LIGHT HOLDER,PAPER CHAIN KIT 50'S CHRISTMAS 
16707,WHITE HANGING HEART T-LIGHT HOLDER,PICNIC BASKET WICKER SMALL,REGENCY CAKESTAND 3 TIER,PARTY BUNTING,JUMBO BAG RED WHITE SPOTTY 
16708,PINK REGENCY TEACUP AND SAUCER,LUNCH BAG WOODLAND,LUNCH BAG PINK POLKADOT,LUNCH BAG SUKI  DESIGN ,LUNCH BAG SPACEBOY DESIGN 
16709,WOODEN PICTURE FRAME WHITE FINISH,LOVE BUILDING BLOCK WORD,HOT WATER BOTTLE TEA AND SYMPATHY,"PAPER CRAFT , LITTLE BIRDIE",JUMBO BAG RED WHITE SPOTTY 
16710,PACK OF 72 RETROSPOT CAKE CASES,LUNCH BAG WOODLAND,LUNCH BAG PINK POLKADOT,LUNCH BAG SUKI  DESIGN ,LUNCH BAG SPACEBOY DESIGN 
16711,REGENCY CAKESTAND 3 TIER,WHITE HANGING HEART T-LIGHT HOLDER,"PAPER CRAFT , LITTLE BIRDIE",JUMBO BAG RED WHITE SPOTTY ,ASSORTED COLOUR BIRD ORNAMENT
16712,LUNCH BAG SPACEBOY DESIGN ,LUNCH BAG PINK POLKADOT,LUNCH BAG SUKI  DESIGN ,LUNCH BAG RED RETROSPOT,JUMBO BAG PINK POLKADOT
16713,PACK OF 72 RETROSPOT CAKE CASES,LUNCH BAG PINK POLKADOT,LUNCH BAG SUKI  DESIGN ,LUNCH BAG SPACEBOY DESIGN ,LUNCH BAG RED RETROSPOT
16714,PACK OF 72 RETROSPOT CAKE CASES,60 TEATIME FAIRY CAKE CASES,PICNIC BASKET WICKER SMALL,REGENCY CAKESTAND 3 TIER,JUMBO BAG RED WHITE SPOTTY 
16715,REGENCY CAKESTAND 3 TIER,WHITE HANGING HEART T-LIGHT HOLDER,ASSORTED COLOUR BIRD ORNAMENT,PAPER CHAIN KIT 50'S CHRISTMAS ,BAKING SET 9 PIECE RETROSPOT 
16716,WHITE HANGING HEART T-LIGHT HOLDER,PICNIC BASKET WICKER SMALL,REGENCY CAKESTAND 3 TIER,PARTY BUNTING,JUMBO BAG RED WHITE SPOTTY 
16717,PACK OF 72 RETROSPOT CAKE CASES,ALARM CLOCK BAKELIKE RED ,LUNCH BAG PINK POLKADOT,LUNCH BAG WOODLAND,LUNCH BAG SUKI  DESIGN 
16718,PACK OF 72 RETROSPOT CAKE CASES,HAND WARMER SCOTTY DOG DESIGN,WHITE HANGING HEART T-LIGHT HOLDER,PICNIC BASKET WICKER SMALL,REGENCY CAKESTAND 3 TIER
16719,PINK 3 PIECE MINI DOTS CUTLERY SET,PAPER CHAIN KIT VINTAGE CHRISTMAS,WOOD S/3 CABINET ANT WHITE FINISH,CHOCOLATE HOT WATER BOTTLE,HAND WARMER SCOTTY DOG DESIGN
16720,JUMBO BAG STRAWBERRY,JUMBO  BAG BAROQUE BLACK WHITE,JUMBO BAG PINK POLKADOT,JUMBO SHOPPER VINTAGE RED PAISLEY,JUMBO BAG RED RETROSPOT
16721,WHITE HANGING HEART T-LIGHT HOLDER,REGENCY CAKESTAND 3 TIER,ASSORTED COLOUR BIRD ORNAMENT,PARTY BUNTING,VINTAGE UNION JACK BUNTING
16722,LUNCH BAG SPACEBOY DESIGN ,LUNCH BAG PINK POLKADOT,LUNCH BAG SUKI  DESIGN ,LUNCH BAG RED RETROSPOT,JUMBO BAG RED RETROSPOT
16723,WOODEN PICTURE FRAME WHITE FINISH,WHITE HANGING HEART T-LIGHT HOLDER,60 TEATIME FAIRY CAKE CASES,PACK OF 72 RETROSPOT CAKE CASES,PINK REGENCY TEACUP AND SAUCER
16724,REGENCY CAKESTAND 3 TIER,ASSORTED COLOUR BIRD ORNAMENT,PARTY BUNTING,VINTAGE UNION JACK BUNTING,BAKING SET 9 PIECE RETROSPOT 
16725,WHITE HANGING HEART T-LIGHT HOLDER,WOODEN PICTURE FRAME WHITE FINISH,60 TEATIME FAIRY CAKE CASES,PACK OF 72 RETROSPOT CAKE CASES,ALARM CLOCK BAKELIKE GREEN
16726,60 TEATIME FAIRY CAKE CASES,PACK OF 72 RETROSPOT CAKE CASES,JUMBO BAG STRAWBERRY,JUMBO  BAG BAROQUE BLACK WHITE,JUMBO BAG PINK POLKADOT
16727,60 TEATIME FAIRY CAKE CASES,PACK OF 72 RETROSPOT CAKE CASES,HOME BUILDING BLOCK WORD,PINK CREAM FELT CRAFT TRINKET BOX ,LUNCH BAG WOODLAND
16728,PAPER CHAIN KIT VINTAGE CHRISTMAS,VINTAGE HEADS AND TAILS CARD GAME ,WHITE HANGING HEART T-LIGHT HOLDER,ASSORTED COLOUR BIRD ORNAMENT,BAKING SET 9 PIECE RETROSPOT 
16729,LUNCH BAG SPACEBOY DESIGN ,LUNCH BAG PINK POLKADOT,LUNCH BAG SUKI  DESIGN ,LUNCH BAG RED RETROSPOT,PINK CREAM FELT CRAFT TRINKET BOX 
16730,REGENCY CAKESTAND 3 TIER,WHITE HANGING HEART T-LIGHT HOLDER,ASSORTED COLOUR BIRD ORNAMENT,PAPER CHAIN KIT 50'S CHRISTMAS ,BAKING SET 9 PIECE RETROSPOT 
16731,RED RETROSPOT CHARLOTTE BAG,WHITE HANGING HEART T-LIGHT HOLDER,REGENCY CAKESTAND 3 TIER,ASSORTED COLOUR BIRD ORNAMENT,VINTAGE UNION JACK BUNTING
16732,WHITE HANGING HEART T-LIGHT HOLDER,PICNIC BASKET WICKER SMALL,PARTY BUNTING,JUMBO BAG RED WHITE SPOTTY ,ASSORTED COLOUR BIRD ORNAMENT
16733,WHITE HANGING HEART T-LIGHT HOLDER,REGENCY CAKESTAND 3 TIER,ASSORTED COLOUR BIRD ORNAMENT,PARTY BUNTING,VINTAGE UNION JACK BUNTING
16734,REGENCY CAKESTAND 3 TIER,WHITE HANGING HEART T-LIGHT HOLDER,ASSORTED COLOUR BIRD ORNAMENT,PAPER CHAIN KIT 50'S CHRISTMAS ,METAL SIGN TAKE IT OR LEAVE IT 
16735,LUNCH BAG SPACEBOY DESIGN ,LUNCH BAG PINK POLKADOT,LUNCH BAG SUKI  DESIGN ,LUNCH BAG  BLACK SKULL.,LUNCH BAG RED RETROSPOT
16736,JUMBO STORAGE BAG SUKI,JUMBO BAG PINK POLKADOT,JUMBO BAG RED RETROSPOT,SWEETHEART CERAMIC TRINKET BOX,WHITE HANGING HEART T-LIGHT HOLDER
16737,REGENCY CAKESTAND 3 TIER,WHITE HANGING HEART T-LIGHT HOLDER,ASSORTED COLOUR BIRD ORNAMENT,PAPER CHAIN KIT 50'S CHRISTMAS ,BAKING SET 9 PIECE RETROSPOT 
16738,WHITE HANGING HEART T-LIGHT HOLDER,REGENCY CAKESTAND 3 TIER,ASSORTED COLOUR BIRD ORNAMENT,PARTY BUNTING,VINTAGE UNION JACK BUNTING
16739,REGENCY CAKESTAND 3 TIER,ASSORTED COLOUR BIRD ORNAMENT,PARTY BUNTING,VINTAGE UNION JACK BUNTING,BAKING SET 9 PIECE RETROSPOT 
16740,LUNCH BAG WOODLAND,LUNCH BAG PINK POLKADOT,LUNCH BAG SUKI  DESIGN ,LUNCH BAG SPACEBOY DESIGN ,LUNCH BAG  BLACK SKULL.
16741,WHITE HANGING HEART T-LIGHT HOLDER,REGENCY CAKESTAND 3 TIER,ASSORTED COLOUR BIRD ORNAMENT,PARTY BUNTING,VINTAGE UNION JACK BUNTING
16742,WHITE HANGING HEART T-LIGHT HOLDER,PICNIC BASKET WICKER SMALL,REGENCY CAKESTAND 3 TIER,PARTY BUNTING,JUMBO BAG RED WHITE SPOTTY 
16743,PACK OF 72 RETROSPOT CAKE CASES,WOODEN PICTURE FRAME WHITE FINISH,WHITE HANGING HEART T-LIGHT HOLDER,REGENCY CAKESTAND 3 TIER,"PAPER CRAFT , LITTLE BIRDIE"
16744,WHITE HANGING HEART T-LIGHT HOLDER,PACK OF 72 RETROSPOT CAKE CASES,WOODEN PICTURE FRAME WHITE FINISH,PACK OF 60 DINOSAUR CAKE CASES,PACK OF 60 PINK PAISLEY CAKE CASES
16745,PACK OF 72 RETROSPOT CAKE CASES,JUMBO BAG RED RETROSPOT,LUNCH BAG SPACEBOY DESIGN ,LUNCH BAG PINK POLKADOT,LUNCH BAG SUKI  DESIGN 
16746,JUMBO BAG RED RETROSPOT,LUNCH BAG SUKI  DESIGN ,LUNCH BAG PINK POLKADOT,LUNCH BAG SPACEBOY DESIGN ,LUNCH BAG RED RETROSPOT
16747,PAPER CHAIN KIT 50'S CHRISTMAS ,REGENCY CAKESTAND 3 TIER,WHITE HANGING HEART T-LIGHT HOLDER,BAKING SET 9 PIECE RETROSPOT ,METAL SIGN TAKE IT OR LEAVE IT 
16748,JUMBO BAG RED RETROSPOT,LUNCH BAG SUKI  DESIGN ,JUMBO BAG PINK POLKADOT,LUNCH BAG PINK POLKADOT,LUNCH BAG SPACEBOY DESIGN 
16749,PICNIC BASKET WICKER SMALL,PARTY BUNTING,JUMBO BAG RED WHITE SPOTTY ,FAIRY CAKE FLANNEL ASSORTED COLOUR,VINTAGE UNION JACK BUNTING
16750,WHITE HANGING HEART T-LIGHT HOLDER,HOT WATER BOTTLE TEA AND SYMPATHY,REGENCY CAKESTAND 3 TIER,ASSORTED COLOUR BIRD ORNAMENT,PAPER CHAIN KIT 50'S CHRISTMAS 
16751,REGENCY CAKESTAND 3 TIER,WHITE HANGING HEART T-LIGHT HOLDER,ASSORTED COLOUR BIRD ORNAMENT,PAPER CHAIN KIT 50'S CHRISTMAS ,BAKING SET 9 PIECE RETROSPOT 
16752,WHITE HANGING HEART T-LIGHT HOLDER,REGENCY CAKESTAND 3 TIER,ASSORTED COLOUR BIRD ORNAMENT,PARTY BUNTING,VINTAGE UNION JACK BUNTING
16753,60 TEATIME FAIRY CAKE CASES,PACK OF 72 RETROSPOT CAKE CASES,WHITE HANGING HEART T-LIGHT HOLDER,REGENCY CAKESTAND 3 TIER,ASSORTED COLOUR BIRD ORNAMENT
16754,PAPER CHAIN KIT VINTAGE CHRISTMAS,REGENCY CAKESTAND 3 TIER,WHITE HANGING HEART T-LIGHT HOLDER,"PAPER CRAFT , LITTLE BIRDIE",JUMBO BAG RED WHITE SPOTTY 
16755,JUMBO BAG RED RETROSPOT,LUNCH BAG SUKI  DESIGN ,SWEETHEART CERAMIC TRINKET BOX,LUNCH BAG CARS BLUE,LUNCH BAG SPACEBOY DESIGN 
16756,ROSES REGENCY TEACUP AND SAUCER ,HEART OF WICKER SMALL,PICNIC BASKET WICKER SMALL,PARTY BUNTING,JUMBO BAG RED WHITE SPOTTY 
16757,TOILET METAL SIGN,WHITE HANGING HEART T-LIGHT HOLDER,REGENCY CAKESTAND 3 TIER,ASSORTED COLOUR BIRD ORNAMENT,PARTY BUNTING
16758,WHITE HANGING HEART T-LIGHT HOLDER,REGENCY CAKESTAND 3 TIER,ASSORTED COLOUR BIRD ORNAMENT,PARTY BUNTING,VINTAGE UNION JACK BUNTING
16759,PAPER CHAIN KIT 50'S CHRISTMAS ,JUMBO STORAGE BAG SUKI,JUMBO BAG PINK POLKADOT,JUMBO BAG RED RETROSPOT,REGENCY CAKESTAND 3 TIER
16760,VINTAGE HEADS AND TAILS CARD GAME ,WHITE HANGING HEART T-LIGHT HOLDER,REGENCY CAKESTAND 3 TIER,ASSORTED COLOUR BIRD ORNAMENT,PARTY BUNTING
16761,WHITE HANGING HEART T-LIGHT HOLDER,REGENCY CAKESTAND 3 TIER,ASSORTED COLOUR BIRD ORNAMENT,PARTY BUNTING,VINTAGE UNION JACK BUNTING
16762,LUNCH BAG PINK POLKADOT,LUNCH BAG SUKI  DESIGN ,LUNCH BAG SPACEBOY DESIGN ,LUNCH BAG RED RETROSPOT,RED RETROSPOT CHARLOTTE BAG
16763,PACK OF 72 RETROSPOT CAKE CASES,BLUE 3 PIECE MINI DOTS CUTLERY SET,72 SWEETHEART FAIRY CAKE CASES,WHITE HANGING HEART T-LIGHT HOLDER,PICNIC BASKET WICKER SMALL
16764,LUNCH BAG SUKI  DESIGN ,JUMBO BAG RED RETROSPOT,LUNCH BAG SPACEBOY DESIGN ,LUNCH BAG PINK POLKADOT,LUNCH BAG RED RETROSPOT
16765,JUMBO BAG RED RETROSPOT,WHITE HANGING HEART T-LIGHT HOLDER,JUMBO STORAGE BAG SUKI,JUMBO BAG PINK POLKADOT,HEART OF WICKER SMALL
16766,WHITE HANGING HEART T-LIGHT HOLDER,PICNIC BASKET WICKER SMALL,REGENCY CAKESTAND 3 TIER,PARTY BUNTING,JUMBO BAG RED WHITE SPOTTY 
16767,JUMBO BAG RED RETROSPOT,LUNCH BAG SPACEBOY DESIGN ,LUNCH BAG PINK POLKADOT,LUNCH BAG SUKI  DESIGN ,LUNCH BAG RED RETROSPOT
16768,LUNCH BAG CARS BLUE,LUNCH BAG SPACEBOY DESIGN ,LUNCH BAG PINK POLKADOT,LUNCH BAG SUKI  DESIGN ,LUNCH BAG RED RETROSPOT
16769,WOOD S/3 CABINET ANT WHITE FINISH,HEART OF WICKER SMALL,PICNIC BASKET WICKER SMALL,REGENCY CAKESTAND 3 TIER,JUMBO BAG RED WHITE SPOTTY 
16770,HOME BUILDING BLOCK WORD,PAPER CHAIN KIT 50'S CHRISTMAS ,PICNIC BASKET WICKER SMALL,REGENCY CAKESTAND 3 TIER,PARTY BUNTING
16771,GIN + TONIC DIET METAL SIGN,PINK REGENCY TEACUP AND SAUCER,SWEETHEART CERAMIC TRINKET BOX,"PAPER CRAFT , LITTLE BIRDIE",JUMBO BAG RED WHITE SPOTTY 
16772,PICNIC BASKET WICKER SMALL,REGENCY CAKESTAND 3 TIER,PARTY BUNTING,JUMBO BAG RED WHITE SPOTTY ,ASSORTED COLOUR BIRD ORNAMENT
16773,HOME BUILDING BLOCK WORD,REGENCY CAKESTAND 3 TIER,ASSORTED COLOUR BIRD ORNAMENT,PAPER CHAIN KIT 50'S CHRISTMAS ,BAKING SET 9 PIECE RETROSPOT 
16774,HAND WARMER OWL DESIGN,ASSORTED COLOUR BIRD ORNAMENT,WHITE HANGING HEART T-LIGHT HOLDER,PICNIC BASKET WICKER SMALL,JUMBO BAG RED WHITE SPOTTY 
16775,HOME BUILDING BLOCK WORD,REGENCY CAKESTAND 3 TIER,"PAPER CRAFT , LITTLE BIRDIE",JUMBO BAG RED WHITE SPOTTY ,ASSORTED COLOUR BIRD ORNAMENT
16776,PACK OF 72 RETROSPOT CAKE CASES,72 SWEETHEART FAIRY CAKE CASES,HEART OF WICKER SMALL,WHITE HANGING HEART T-LIGHT HOLDER,REGENCY CAKESTAND 3 TIER
16777,LUNCH BAG PINK POLKADOT,LUNCH BAG WOODLAND,LUNCH BAG SUKI  DESIGN ,LUNCH BAG SPACEBOY DESIGN ,LUNCH BAG RED RETROSPOT
16778,PACK OF 72 RETROSPOT CAKE CASES,PACK OF 60 DINOSAUR CAKE CASES,72 SWEETHEART FAIRY CAKE CASES,WHITE HANGING HEART T-LIGHT HOLDER,REGENCY CAKESTAND 3 TIER
16779,JUMBO BAG RED RETROSPOT,PACK OF 72 RETROSPOT CAKE CASES,JUMBO BAG PINK POLKADOT,LUNCH BAG SUKI  DESIGN ,LUNCH BAG CARS BLUE
16780,HEART OF WICKER SMALL,PICNIC BASKET WICKER SMALL,PARTY BUNTING,JUMBO BAG RED WHITE SPOTTY ,FAIRY CAKE FLANNEL ASSORTED COLOUR
16781,WOODEN PICTURE FRAME WHITE FINISH,WHITE HANGING HEART T-LIGHT HOLDER,WOOD 2 DRAWER CABINET WHITE FINISH,REGENCY CAKESTAND 3 TIER,ASSORTED COLOUR BIRD ORNAMENT
16782,PACK OF 72 RETROSPOT CAKE CASES,JUMBO BAG RED RETROSPOT,LUNCH BAG SUKI  DESIGN ,LUNCH BAG PINK POLKADOT,LUNCH BAG SPACEBOY DESIGN 
16783,WHITE HANGING HEART T-LIGHT HOLDER,REGENCY CAKESTAND 3 TIER,ASSORTED COLOUR BIRD ORNAMENT,PARTY BUNTING,VINTAGE UNION JACK BUNTING
16784,LUNCH BAG SPACEBOY DESIGN ,LUNCH BAG PINK POLKADOT,LUNCH BAG SUKI  DESIGN ,LUNCH BAG RED RETROSPOT,JUMBO BAG RED RETROSPOT
16785,PACK OF 60 DINOSAUR CAKE CASES,72 SWEETHEART FAIRY CAKE CASES,PACK OF 60 PINK PAISLEY CAKE CASES,PACK OF 72 RETROSPOT CAKE CASES,VINTAGE HEADS AND TAILS CARD GAME 
16786,WHITE HANGING HEART T-LIGHT HOLDER,REGENCY CAKESTAND 3 TIER,ASSORTED COLOUR BIRD ORNAMENT,PARTY BUNTING,VINTAGE UNION JACK BUNTING
16787,PAPER CHAIN KIT 50'S CHRISTMAS ,HEART OF WICKER SMALL,PICNIC BASKET WICKER SMALL,REGENCY CAKESTAND 3 TIER,PARTY BUNTING
16788,JUMBO BAG RED RETROSPOT,PACK OF 72 RETROSPOT CAKE CASES,LUNCH BAG SUKI  DESIGN ,JUMBO BAG PINK POLKADOT,LUNCH BAG PINK POLKADOT
16789,REGENCY CAKESTAND 3 TIER,WHITE HANGING HEART T-LIGHT HOLDER,ASSORTED COLOUR BIRD ORNAMENT,PAPER CHAIN KIT 50'S CHRISTMAS ,BAKING SET 9 PIECE RETROSPOT 
16790,JUMBO STORAGE BAG SUKI,JUMBO BAG PINK POLKADOT,JUMBO BAG RED RETROSPOT,VINTAGE HEADS AND TAILS CARD GAME ,REGENCY CAKESTAND 3 TIER
16791,PACK OF 72 RETROSPOT CAKE CASES,LUNCH BAG PINK POLKADOT,LUNCH BAG SUKI  DESIGN ,LUNCH BAG SPACEBOY DESIGN ,LUNCH BAG RED RETROSPOT
16792,PACK OF 72 RETROSPOT CAKE CASES,60 TEATIME FAIRY CAKE CASES,HOT WATER BOTTLE TEA AND SYMPATHY,HAND WARMER BIRD DESIGN,HEART OF WICKER SMALL
16793,PAPER CHAIN KIT 50'S CHRISTMAS ,WHITE HANGING HEART T-LIGHT HOLDER,REGENCY CAKESTAND 3 TIER,ASSORTED COLOUR BIRD ORNAMENT,PARTY BUNTING
16794,LUNCH BAG SPACEBOY DESIGN ,LUNCH BAG PINK POLKADOT,LUNCH BAG SUKI  DESIGN ,LUNCH BAG RED RETROSPOT,PAPER CHAIN KIT VINTAGE CHRISTMAS
16795,60 TEATIME FAIRY CAKE CASES,PACK OF 72 RETROSPOT CAKE CASES,GIN + TONIC DIET METAL SIGN,JUMBO BAG PINK POLKADOT,JUMBO STORAGE BAG SUKI
16796,WHITE HANGING HEART T-LIGHT HOLDER,REGENCY CAKESTAND 3 TIER,ASSORTED COLOUR BIRD ORNAMENT,PARTY BUNTING,VINTAGE UNION JACK BUNTING
16797,JUMBO BAG RED RETROSPOT,JUMBO BAG PINK POLKADOT,LUNCH BAG SUKI  DESIGN ,PACK OF 72 RETROSPOT CAKE CASES,LUNCH BAG SPACEBOY DESIGN 
16798,WOOD S/3 CABINET ANT WHITE FINISH,HEART OF WICKER LARGE,REGENCY CAKESTAND 3 TIER,PARTY BUNTING,JUMBO BAG RED WHITE SPOTTY 
16799,ROSES REGENCY TEACUP AND SAUCER ,PAPER CHAIN KIT VINTAGE CHRISTMAS,ALARM CLOCK BAKELIKE GREEN,WHITE HANGING HEART T-LIGHT HOLDER,ASSORTED COLOUR BIRD ORNAMENT
16800,WHITE HANGING HEART T-LIGHT HOLDER,GIN + TONIC DIET METAL SIGN,WOODEN PICTURE FRAME WHITE FINISH,REGENCY CAKESTAND 3 TIER,ASSORTED COLOUR BIRD ORNAMENT
16801,WOODEN FRAME ANTIQUE WHITE ,WHITE HANGING HEART T-LIGHT HOLDER,PICNIC BASKET WICKER SMALL,REGENCY CAKESTAND 3 TIER,PARTY BUNTING
16802,WHITE HANGING HEART T-LIGHT HOLDER,REGENCY CAKESTAND 3 TIER,ASSORTED COLOUR BIRD ORNAMENT,PARTY BUNTING,VINTAGE UNION JACK BUNTING
16803,WHITE HANGING HEART T-LIGHT HOLDER,REGENCY CAKESTAND 3 TIER,ASSORTED COLOUR BIRD ORNAMENT,VINTAGE UNION JACK BUNTING,GRAND CHOCOLATECANDLE
16804,REGENCY CAKESTAND 3 TIER,WOODEN PICTURE FRAME WHITE FINISH,WHITE HANGING HEART T-LIGHT HOLDER,HAND WARMER SCOTTY DOG DESIGN,HOT WATER BOTTLE TEA AND SYMPATHY
16805,JUMBO BAG RED RETROSPOT,JUMBO STORAGE BAG SUKI,JUMBO BAG PINK POLKADOT,PINK 3 PIECE MINI DOTS CUTLERY SET,JUMBO BAG SCANDINAVIAN PAISLEY
16806,WHITE HANGING HEART T-LIGHT HOLDER,LOVE BUILDING BLOCK WORD,PICNIC BASKET WICKER SMALL,REGENCY CAKESTAND 3 TIER,PARTY BUNTING
16807,LUNCH BAG SUKI  DESIGN ,LUNCH BAG SPACEBOY DESIGN ,LUNCH BAG PINK POLKADOT,LUNCH BAG RED RETROSPOT,PINK 3 PIECE MINI DOTS CUTLERY SET
16808,WHITE HANGING HEART T-LIGHT HOLDER,ASSORTED COLOUR BIRD ORNAMENT,PARTY BUNTING,VINTAGE UNION JACK BUNTING,BAKING SET 9 PIECE RETROSPOT 
16809,JUMBO BAG RED RETROSPOT,PACK OF 72 RETROSPOT CAKE CASES,JUMBO BAG PINK POLKADOT,LUNCH BAG SUKI  DESIGN ,LUNCH BAG PINK POLKADOT
16810,JUMBO BAG RED RETROSPOT,PAPER CHAIN KIT 50'S CHRISTMAS ,JUMBO BAG STRAWBERRY,JUMBO  BAG BAROQUE BLACK WHITE,JUMBO BAG PINK POLKADOT
16811,LUNCH BAG CARS BLUE,LUNCH BAG SPACEBOY DESIGN ,LUNCH BAG PINK POLKADOT,LUNCH BAG SUKI  DESIGN ,LUNCH BAG RED RETROSPOT
16812,PINK REGENCY TEACUP AND SAUCER,PAPER CHAIN KIT VINTAGE CHRISTMAS,HAND WARMER SCOTTY DOG DESIGN,VINTAGE HEADS AND TAILS CARD GAME ,WHITE HANGING HEART T-LIGHT HOLDER
16813,JUMBO BAG RED RETROSPOT,JUMBO STORAGE BAG SUKI,JUMBO BAG PINK POLKADOT,LUNCH BAG SPACEBOY DESIGN ,LUNCH BAG PINK POLKADOT
16814,60 TEATIME FAIRY CAKE CASES,PACK OF 72 RETROSPOT CAKE CASES,PAPER CHAIN KIT 50'S CHRISTMAS ,VINTAGE HEADS AND TAILS CARD GAME ,REGENCY CAKESTAND 3 TIER
16815,PACK OF 72 RETROSPOT CAKE CASES,72 SWEETHEART FAIRY CAKE CASES,PACK OF 60 PINK PAISLEY CAKE CASES,PAPER CHAIN KIT VINTAGE CHRISTMAS,REGENCY CAKESTAND 3 TIER
16816,WHITE HANGING HEART T-LIGHT HOLDER,PICNIC BASKET WICKER SMALL,REGENCY CAKESTAND 3 TIER,JUMBO BAG RED WHITE SPOTTY ,ASSORTED COLOUR BIRD ORNAMENT
16817,HAND WARMER OWL DESIGN,PAPER CHAIN KIT VINTAGE CHRISTMAS,VINTAGE HEADS AND TAILS CARD GAME ,REGENCY CAKESTAND 3 TIER,WHITE HANGING HEART T-LIGHT HOLDER
16818,WHITE HANGING HEART T-LIGHT HOLDER,VINTAGE HEADS AND TAILS CARD GAME ,"PAPER CRAFT , LITTLE BIRDIE",JUMBO BAG RED WHITE SPOTTY ,MEDIUM CERAMIC TOP STORAGE JAR
16819,JUMBO BAG SCANDINAVIAN PAISLEY,JUMBO BAG RED RETROSPOT,WHITE HANGING HEART T-LIGHT HOLDER,ASSORTED COLOUR BIRD ORNAMENT,PARTY BUNTING
16820,WHITE HANGING HEART T-LIGHT HOLDER,REGENCY CAKESTAND 3 TIER,ASSORTED COLOUR BIRD ORNAMENT,PARTY BUNTING,VINTAGE UNION JACK BUNTING
16821,WOOD S/3 CABINET ANT WHITE FINISH,WHITE HANGING HEART T-LIGHT HOLDER,REGENCY CAKESTAND 3 TIER,ASSORTED COLOUR BIRD ORNAMENT,PARTY BUNTING
16822,REGENCY CAKESTAND 3 TIER,ASSORTED COLOUR BIRD ORNAMENT,PARTY BUNTING,VINTAGE UNION JACK BUNTING,BAKING SET 9 PIECE RETROSPOT 
16823,JUMBO BAG RED RETROSPOT,JUMBO BAG PINK POLKADOT,60 TEATIME FAIRY CAKE CASES,PACK OF 72 RETROSPOT CAKE CASES,JUMBO BAG STRAWBERRY
16824,PACK OF 72 RETROSPOT CAKE CASES,PACK OF 60 DINOSAUR CAKE CASES,72 SWEETHEART FAIRY CAKE CASES,PAPER CHAIN KIT VINTAGE CHRISTMAS,WHITE HANGING HEART T-LIGHT HOLDER
16825,WHITE HANGING HEART T-LIGHT HOLDER,PICNIC BASKET WICKER SMALL,REGENCY CAKESTAND 3 TIER,PARTY BUNTING,JUMBO BAG RED WHITE SPOTTY 
16826,VINTAGE HEADS AND TAILS CARD GAME ,LOVE BUILDING BLOCK WORD,WHITE HANGING HEART T-LIGHT HOLDER,REGENCY CAKESTAND 3 TIER,ASSORTED COLOUR BIRD ORNAMENT
16827,WHITE HANGING HEART T-LIGHT HOLDER,REGENCY CAKESTAND 3 TIER,ASSORTED COLOUR BIRD ORNAMENT,PARTY BUNTING,VINTAGE UNION JACK BUNTING
16828,WHITE HANGING HEART T-LIGHT HOLDER,REGENCY CAKESTAND 3 TIER,ASSORTED COLOUR BIRD ORNAMENT,PARTY BUNTING,VINTAGE UNION JACK BUNTING
16829,SWEETHEART CERAMIC TRINKET BOX,PACK OF 72 RETROSPOT CAKE CASES,WHITE HANGING HEART T-LIGHT HOLDER,REGENCY CAKESTAND 3 TIER,ASSORTED COLOUR BIRD ORNAMENT
16830,WOODEN PICTURE FRAME WHITE FINISH,JUMBO BAG RED RETROSPOT,HEART OF WICKER SMALL,REGENCY CAKESTAND 3 TIER,ASSORTED COLOUR BIRD ORNAMENT
16831,WHITE HANGING HEART T-LIGHT HOLDER,REGENCY CAKESTAND 3 TIER,ASSORTED COLOUR BIRD ORNAMENT,PARTY BUNTING,VINTAGE UNION JACK BUNTING
16832,WHITE HANGING HEART T-LIGHT HOLDER,PICNIC BASKET WICKER SMALL,REGENCY CAKESTAND 3 TIER,PARTY BUNTING,JUMBO BAG RED WHITE SPOTTY 
16833,LUNCH BAG SUKI  DESIGN ,JUMBO BAG PINK POLKADOT,JUMBO BAG RED RETROSPOT,LUNCH BAG PINK POLKADOT,LUNCH BAG WOODLAND
16834,PACK OF 72 RETROSPOT CAKE CASES,VINTAGE HEADS AND TAILS CARD GAME ,REGENCY CAKESTAND 3 TIER,PARTY BUNTING,VINTAGE UNION JACK BUNTING
16835,JUMBO STORAGE BAG SUKI,JUMBO BAG PINK POLKADOT,JUMBO BAG RED RETROSPOT,WHITE HANGING HEART T-LIGHT HOLDER,PICNIC BASKET WICKER SMALL
16836,PAPER CHAIN KIT 50'S CHRISTMAS ,HEART OF WICKER SMALL,WHITE HANGING HEART T-LIGHT HOLDER,REGENCY CAKESTAND 3 TIER,ASSORTED COLOUR BIRD ORNAMENT
16837,WHITE HANGING HEART T-LIGHT HOLDER,WOOD 2 DRAWER CABINET WHITE FINISH,"PAPER CRAFT , LITTLE BIRDIE",JUMBO BAG RED WHITE SPOTTY ,MEDIUM CERAMIC TOP STORAGE JAR
16838,60 TEATIME FAIRY CAKE CASES,PACK OF 72 RETROSPOT CAKE CASES,WHITE HANGING HEART T-LIGHT HOLDER,PICNIC BASKET WICKER SMALL,PARTY BUNTING
16839,JUMBO BAG RED RETROSPOT,HAND WARMER OWL DESIGN,WOODEN FRAME ANTIQUE WHITE ,WHITE HANGING HEART T-LIGHT HOLDER,LUNCH BAG WOODLAND
16840,60 TEATIME FAIRY CAKE CASES,PACK OF 72 RETROSPOT CAKE CASES,WHITE HANGING HEART T-LIGHT HOLDER,REGENCY CAKESTAND 3 TIER,ASSORTED COLOUR BIRD ORNAMENT
16841,PACK OF 72 RETROSPOT CAKE CASES,LUNCH BAG SPACEBOY DESIGN ,LUNCH BAG PINK POLKADOT,LUNCH BAG SUKI  DESIGN ,LUNCH BAG  BLACK SKULL.
16842,JUMBO BAG RED RETROSPOT,60 TEATIME FAIRY CAKE CASES,PACK OF 72 RETROSPOT CAKE CASES,JUMBO BAG SCANDINAVIAN PAISLEY,LUNCH BAG CARS BLUE
16843,PACK OF 72 RETROSPOT CAKE CASES,LUNCH BAG CARS BLUE,LUNCH BAG SPACEBOY DESIGN ,LUNCH BAG PINK POLKADOT,LUNCH BAG SUKI  DESIGN 
16844,JUMBO STORAGE BAG SUKI,JUMBO BAG PINK POLKADOT,JUMBO BAG RED RETROSPOT,HEART OF WICKER LARGE,REGENCY CAKESTAND 3 TIER
16845,WHITE HANGING HEART T-LIGHT HOLDER,REGENCY CAKESTAND 3 TIER,ASSORTED COLOUR BIRD ORNAMENT,PARTY BUNTING,VINTAGE UNION JACK BUNTING
16846,PINK 3 PIECE MINI DOTS CUTLERY SET,REGENCY CAKESTAND 3 TIER,WHITE HANGING HEART T-LIGHT HOLDER,ASSORTED COLOUR BIRD ORNAMENT,PAPER CHAIN KIT 50'S CHRISTMAS 
16847,WHITE HANGING HEART T-LIGHT HOLDER,REGENCY CAKESTAND 3 TIER,ASSORTED COLOUR BIRD ORNAMENT,PAPER CHAIN KIT 50'S CHRISTMAS ,BAKING SET 9 PIECE RETROSPOT 
16848,REGENCY CAKESTAND 3 TIER,HOT WATER BOTTLE TEA AND SYMPATHY,WHITE HANGING HEART T-LIGHT HOLDER,PICNIC BASKET WICKER SMALL,PARTY BUNTING
16849,ASSORTED COLOUR BIRD ORNAMENT,WOODEN FRAME ANTIQUE WHITE ,REGENCY CAKESTAND 3 TIER,PARTY BUNTING,VINTAGE UNION JACK BUNTING
16850,WHITE HANGING HEART T-LIGHT HOLDER,REGENCY CAKESTAND 3 TIER,ASSORTED COLOUR BIRD ORNAMENT,PARTY BUNTING,VINTAGE UNION JACK BUNTING
16851,HEART OF WICKER LARGE,WHITE HANGING HEART T-LIGHT HOLDER,REGENCY CAKESTAND 3 TIER,ASSORTED COLOUR BIRD ORNAMENT,PAPER CHAIN KIT 50'S CHRISTMAS 
16852,TOILET METAL SIGN,REGENCY CAKESTAND 3 TIER,WHITE HANGING HEART T-LIGHT HOLDER,ASSORTED COLOUR BIRD ORNAMENT,PAPER CHAIN KIT 50'S CHRISTMAS 
16854,LUNCH BAG WOODLAND,LUNCH BAG PINK POLKADOT,LUNCH BAG SUKI  DESIGN ,LUNCH BAG SPACEBOY DESIGN ,LUNCH BAG RED RETROSPOT
16855,SWEETHEART CERAMIC TRINKET BOX,HEART OF WICKER LARGE,ASSORTED COLOUR BIRD ORNAMENT,PAPER CHAIN KIT 50'S CHRISTMAS ,BAKING SET 9 PIECE RETROSPOT 
16856,HEART OF WICKER SMALL,WHITE HANGING HEART T-LIGHT HOLDER,PAPER CHAIN KIT VINTAGE CHRISTMAS,REGENCY CAKESTAND 3 TIER,ASSORTED COLOUR BIRD ORNAMENT
16857,REGENCY CAKESTAND 3 TIER,ASSORTED COLOUR BIRD ORNAMENT,PARTY BUNTING,VINTAGE UNION JACK BUNTING,BAKING SET 9 PIECE RETROSPOT 
16858,GIN + TONIC DIET METAL SIGN,WHITE HANGING HEART T-LIGHT HOLDER,PACK OF 60 DINOSAUR CAKE CASES,72 SWEETHEART FAIRY CAKE CASES,PACK OF 60 PINK PAISLEY CAKE CASES
16859,PINK BLUE FELT CRAFT TRINKET BOX,WHITE HANGING HEART T-LIGHT HOLDER,PICNIC BASKET WICKER SMALL,REGENCY CAKESTAND 3 TIER,PARTY BUNTING
16860,PICNIC BASKET WICKER SMALL,REGENCY CAKESTAND 3 TIER,PARTY BUNTING,JUMBO BAG RED WHITE SPOTTY ,ASSORTED COLOUR BIRD ORNAMENT
16861,PAPER CHAIN KIT VINTAGE CHRISTMAS,WHITE HANGING HEART T-LIGHT HOLDER,PICNIC BASKET WICKER SMALL,REGENCY CAKESTAND 3 TIER,PARTY BUNTING
16862,PACK OF 60 DINOSAUR CAKE CASES,72 SWEETHEART FAIRY CAKE CASES,PACK OF 60 PINK PAISLEY CAKE CASES,PACK OF 72 RETROSPOT CAKE CASES,WHITE HANGING HEART T-LIGHT HOLDER
16863,HOT WATER BOTTLE TEA AND SYMPATHY,REGENCY CAKESTAND 3 TIER,ASSORTED COLOUR BIRD ORNAMENT,PAPER CHAIN KIT 50'S CHRISTMAS ,BAKING SET 9 PIECE RETROSPOT 
16864,VINTAGE HEADS AND TAILS CARD GAME ,REGENCY CAKESTAND 3 TIER,ASSORTED COLOUR BIRD ORNAMENT,PARTY BUNTING,VINTAGE UNION JACK BUNTING
16865,HEART OF WICKER SMALL,WHITE HANGING HEART T-LIGHT HOLDER,PAPER CHAIN KIT 50'S CHRISTMAS ,REGENCY CAKESTAND 3 TIER,ASSORTED COLOUR BIRD ORNAMENT
16866,WHITE HANGING HEART T-LIGHT HOLDER,REGENCY CAKESTAND 3 TIER,ASSORTED COLOUR BIRD ORNAMENT,PARTY BUNTING,VINTAGE UNION JACK BUNTING
16867,WHITE HANGING HEART T-LIGHT HOLDER,REGENCY CAKESTAND 3 TIER,ASSORTED COLOUR BIRD ORNAMENT,PARTY BUNTING,VINTAGE UNION JACK BUNTING
16868,WHITE HANGING HEART T-LIGHT HOLDER,ASSORTED COLOUR BIRD ORNAMENT,PARTY BUNTING,VINTAGE UNION JACK BUNTING,BAKING SET 9 PIECE RETROSPOT 
16869,LUNCH BAG PINK POLKADOT,LUNCH BAG WOODLAND,LUNCH BAG SUKI  DESIGN ,LUNCH BAG CARS BLUE,LUNCH BAG SPACEBOY DESIGN 
16870,VINTAGE HEADS AND TAILS CARD GAME ,WHITE HANGING HEART T-LIGHT HOLDER,REGENCY CAKESTAND 3 TIER,ASSORTED COLOUR BIRD ORNAMENT,PARTY BUNTING
16871,HAND WARMER OWL DESIGN,PACK OF 72 RETROSPOT CAKE CASES,PACK OF 60 DINOSAUR CAKE CASES,72 SWEETHEART FAIRY CAKE CASES,WOOD 2 DRAWER CABINET WHITE FINISH
16872,WHITE HANGING HEART T-LIGHT HOLDER,PICNIC BASKET WICKER SMALL,REGENCY CAKESTAND 3 TIER,PARTY BUNTING,JUMBO BAG RED WHITE SPOTTY 
16873,WHITE HANGING HEART T-LIGHT HOLDER,SWEETHEART CERAMIC TRINKET BOX,PAPER CHAIN KIT VINTAGE CHRISTMAS,60 TEATIME FAIRY CAKE CASES,PACK OF 72 RETROSPOT CAKE CASES
16874,PINK REGENCY TEACUP AND SAUCER,REGENCY CAKESTAND 3 TIER,WHITE HANGING HEART T-LIGHT HOLDER,ASSORTED COLOUR BIRD ORNAMENT,PARTY BUNTING
16875,LUNCH BAG PINK POLKADOT,LUNCH BAG WOODLAND,LUNCH BAG SUKI  DESIGN ,LUNCH BAG SPACEBOY DESIGN ,LUNCH BAG RED RETROSPOT
16876,LUNCH BAG WOODLAND,LUNCH BAG PINK POLKADOT,LUNCH BAG SUKI  DESIGN ,LUNCH BAG SPACEBOY DESIGN ,LUNCH BAG  BLACK SKULL.
16877,WHITE HANGING HEART T-LIGHT HOLDER,HOME BUILDING BLOCK WORD,WOOD S/3 CABINET ANT WHITE FINISH,ASSORTED COLOUR BIRD ORNAMENT,REGENCY CAKESTAND 3 TIER
16878,WHITE HANGING HEART T-LIGHT HOLDER,REGENCY CAKESTAND 3 TIER,ASSORTED COLOUR BIRD ORNAMENT,PARTY BUNTING,VINTAGE UNION JACK BUNTING
16880,LOVE BUILDING BLOCK WORD,WHITE HANGING HEART T-LIGHT HOLDER,VINTAGE SNAP CARDS,PICNIC BASKET WICKER SMALL,PARTY BUNTING
16881,REGENCY CAKESTAND 3 TIER,WHITE HANGING HEART T-LIGHT HOLDER,ASSORTED COLOUR BIRD ORNAMENT,PAPER CHAIN KIT 50'S CHRISTMAS ,BAKING SET 9 PIECE RETROSPOT 
16882,REGENCY CAKESTAND 3 TIER,ASSORTED COLOUR BIRD ORNAMENT,PAPER CHAIN KIT 50'S CHRISTMAS ,BAKING SET 9 PIECE RETROSPOT ,METAL SIGN TAKE IT OR LEAVE IT 
16883,JUMBO BAG RED RETROSPOT,JUMBO STORAGE BAG SUKI,JUMBO BAG PINK POLKADOT,GIN + TONIC DIET METAL SIGN,WOODEN PICTURE FRAME WHITE FINISH
16884,WHITE HANGING HEART T-LIGHT HOLDER,HEART OF WICKER SMALL,PAPER CHAIN KIT VINTAGE CHRISTMAS,PINK CREAM FELT CRAFT TRINKET BOX ,REGENCY CAKESTAND 3 TIER
16885,GIN + TONIC DIET METAL SIGN,PAPER CHAIN KIT VINTAGE CHRISTMAS,PINK CREAM FELT CRAFT TRINKET BOX ,VINTAGE HEADS AND TAILS CARD GAME ,REGENCY CAKESTAND 3 TIER
16886,WHITE HANGING HEART T-LIGHT HOLDER,REGENCY CAKESTAND 3 TIER,ASSORTED COLOUR BIRD ORNAMENT,PARTY BUNTING,VINTAGE UNION JACK BUNTING
16887,LUNCH BAG SUKI  DESIGN ,JUMBO BAG PINK POLKADOT,JUMBO BAG RED RETROSPOT,LUNCH BAG PINK POLKADOT,LUNCH BAG WOODLAND
16888,WHITE HANGING HEART T-LIGHT HOLDER,REGENCY CAKESTAND 3 TIER,ASSORTED COLOUR BIRD ORNAMENT,PARTY BUNTING,VINTAGE UNION JACK BUNTING
16889,PACK OF 72 RETROSPOT CAKE CASES,LUNCH BAG PINK POLKADOT,LUNCH BAG WOODLAND,LUNCH BAG SUKI  DESIGN ,LUNCH BAG CARS BLUE
16890,WHITE HANGING HEART T-LIGHT HOLDER,REGENCY CAKESTAND 3 TIER,ASSORTED COLOUR BIRD ORNAMENT,PARTY BUNTING,VINTAGE UNION JACK BUNTING
16891,HAND WARMER OWL DESIGN,PACK OF 60 DINOSAUR CAKE CASES,72 SWEETHEART FAIRY CAKE CASES,PACK OF 60 PINK PAISLEY CAKE CASES,PACK OF 72 RETROSPOT CAKE CASES
16892,LUNCH BAG PINK POLKADOT,LUNCH BAG WOODLAND,LUNCH BAG SUKI  DESIGN ,LUNCH BAG CARS BLUE,LUNCH BAG SPACEBOY DESIGN 
16893,60 TEATIME FAIRY CAKE CASES,PACK OF 72 RETROSPOT CAKE CASES,JUMBO BAG SCANDINAVIAN PAISLEY,JUMBO BAG RED RETROSPOT,PAPER CHAIN KIT 50'S CHRISTMAS 
16894,JUMBO BAG RED RETROSPOT,JUMBO STORAGE BAG SUKI,JUMBO BAG PINK POLKADOT,60 TEATIME FAIRY CAKE CASES,PACK OF 72 RETROSPOT CAKE CASES
16895,LUNCH BAG CARS BLUE,LUNCH BAG SPACEBOY DESIGN ,LUNCH BAG PINK POLKADOT,LUNCH BAG SUKI  DESIGN ,LUNCH BAG RED RETROSPOT
16896,JUMBO BAG PINK POLKADOT,JUMBO STORAGE BAG SUKI,JUMBO BAG RED RETROSPOT,WHITE HANGING HEART T-LIGHT HOLDER,REGENCY CAKESTAND 3 TIER
16897,WHITE HANGING HEART T-LIGHT HOLDER,ASSORTED COLOUR BIRD ORNAMENT,PARTY BUNTING,VINTAGE UNION JACK BUNTING,GRAND CHOCOLATECANDLE
16898,LUNCH BAG CARS BLUE,LUNCH BAG SPACEBOY DESIGN ,LUNCH BAG PINK POLKADOT,LUNCH BAG SUKI  DESIGN ,LUNCH BAG RED RETROSPOT
16899,LUNCH BAG SPACEBOY DESIGN ,LUNCH BAG PINK POLKADOT,LUNCH BAG SUKI  DESIGN ,LUNCH BAG RED RETROSPOT,PACK OF 72 RETROSPOT CAKE CASES
16900,60 TEATIME FAIRY CAKE CASES,PACK OF 72 RETROSPOT CAKE CASES,BLUE 3 PIECE MINI DOTS CUTLERY SET,REGENCY CAKESTAND 3 TIER,WHITE HANGING HEART T-LIGHT HOLDER
16901,HOT WATER BOTTLE TEA AND SYMPATHY,HOME BUILDING BLOCK WORD,REGENCY CAKESTAND 3 TIER,ASSORTED COLOUR BIRD ORNAMENT,PARTY BUNTING
16902,WHITE HANGING HEART T-LIGHT HOLDER,PICNIC BASKET WICKER SMALL,REGENCY CAKESTAND 3 TIER,PARTY BUNTING,JUMBO BAG RED WHITE SPOTTY 
16903,PACK OF 72 RETROSPOT CAKE CASES,60 TEATIME FAIRY CAKE CASES,PAPER CHAIN KIT VINTAGE CHRISTMAS,JUMBO BAG PINK VINTAGE PAISLEY,JUMBO BAG RED RETROSPOT
16904,JUMBO BAG RED RETROSPOT,LUNCH BAG SUKI  DESIGN ,JUMBO BAG PINK POLKADOT,PACK OF 72 RETROSPOT CAKE CASES,LUNCH BAG PINK POLKADOT
16905,PAPER CHAIN KIT VINTAGE CHRISTMAS,PINK CREAM FELT CRAFT TRINKET BOX ,WHITE HANGING HEART T-LIGHT HOLDER,"PAPER CRAFT , LITTLE BIRDIE",JUMBO BAG RED WHITE SPOTTY 
16906,JUMBO BAG RED RETROSPOT,JUMBO BAG PINK POLKADOT,LUNCH BAG SUKI  DESIGN ,WOODEN FRAME ANTIQUE WHITE ,JUMBO  BAG BAROQUE BLACK WHITE
16907,REGENCY CAKESTAND 3 TIER,"PAPER CRAFT , LITTLE BIRDIE",JUMBO BAG RED WHITE SPOTTY ,ASSORTED COLOUR BIRD ORNAMENT,MEDIUM CERAMIC TOP STORAGE JAR
16908,HOT WATER BOTTLE TEA AND SYMPATHY,WHITE HANGING HEART T-LIGHT HOLDER,REGENCY CAKESTAND 3 TIER,ASSORTED COLOUR BIRD ORNAMENT,PARTY BUNTING
16909,HAND WARMER OWL DESIGN,WHITE HANGING HEART T-LIGHT HOLDER,REGENCY CAKESTAND 3 TIER,ASSORTED COLOUR BIRD ORNAMENT,PARTY BUNTING
16910,PACK OF 72 RETROSPOT CAKE CASES,JUMBO BAG RED RETROSPOT,JUMBO BAG PINK POLKADOT,PACK OF 60 PINK PAISLEY CAKE CASES,HOME BUILDING BLOCK WORD
16911,JUMBO BAG RED RETROSPOT,JUMBO BAG PINK POLKADOT,JUMBO SHOPPER VINTAGE RED PAISLEY,LUNCH BAG SUKI  DESIGN ,JUMBO BAG SCANDINAVIAN PAISLEY
16912,WHITE HANGING HEART T-LIGHT HOLDER,60 TEATIME FAIRY CAKE CASES,PACK OF 72 RETROSPOT CAKE CASES,CHOCOLATE HOT WATER BOTTLE,"PAPER CRAFT , LITTLE BIRDIE"
16913,JUMBO BAG PINK POLKADOT,JUMBO STORAGE BAG SUKI,JUMBO BAG RED RETROSPOT,WHITE HANGING HEART T-LIGHT HOLDER,REGENCY CAKESTAND 3 TIER
16914,HAND WARMER OWL DESIGN,REGENCY CAKESTAND 3 TIER,WHITE HANGING HEART T-LIGHT HOLDER,ASSORTED COLOUR BIRD ORNAMENT,PAPER CHAIN KIT 50'S CHRISTMAS 
16915,LOVE BUILDING BLOCK WORD,WHITE HANGING HEART T-LIGHT HOLDER,REGENCY CAKESTAND 3 TIER,"PAPER CRAFT , LITTLE BIRDIE",JUMBO BAG RED WHITE SPOTTY 
16916,WHITE HANGING HEART T-LIGHT HOLDER,PACK OF 72 RETROSPOT CAKE CASES,BLUE 3 PIECE MINI DOTS CUTLERY SET,60 TEATIME FAIRY CAKE CASES,JUMBO BAG STRAWBERRY
16917,WHITE HANGING HEART T-LIGHT HOLDER,PICNIC BASKET WICKER SMALL,REGENCY CAKESTAND 3 TIER,PARTY BUNTING,JUMBO BAG RED WHITE SPOTTY 
16918,JUMBO BAG RED RETROSPOT,LUNCH BAG SUKI  DESIGN ,PACK OF 72 RETROSPOT CAKE CASES,LUNCH BAG SPACEBOY DESIGN ,LUNCH BAG PINK POLKADOT
16919,PACK OF 72 RETROSPOT CAKE CASES,PACK OF 60 DINOSAUR CAKE CASES,JUMBO BAG STRAWBERRY,JUMBO  BAG BAROQUE BLACK WHITE,JUMBO BAG PINK POLKADOT
16920,WHITE HANGING HEART T-LIGHT HOLDER,REGENCY CAKESTAND 3 TIER,ASSORTED COLOUR BIRD ORNAMENT,PARTY BUNTING,VINTAGE UNION JACK BUNTING
16921,BLUE 3 PIECE MINI DOTS CUTLERY SET,PAPER CHAIN KIT VINTAGE CHRISTMAS,REGENCY CAKESTAND 3 TIER,WHITE HANGING HEART T-LIGHT HOLDER,ASSORTED COLOUR BIRD ORNAMENT
16922,WHITE HANGING HEART T-LIGHT HOLDER,PACK OF 72 RETROSPOT CAKE CASES,PACK OF 60 DINOSAUR CAKE CASES,72 SWEETHEART FAIRY CAKE CASES,REGENCY CAKESTAND 3 TIER
16923,LUNCH BAG WOODLAND,LUNCH BAG PINK POLKADOT,LUNCH BAG SUKI  DESIGN ,LUNCH BAG SPACEBOY DESIGN ,LUNCH BAG RED RETROSPOT
16924,JUMBO BAG RED RETROSPOT,JUMBO BAG SCANDINAVIAN PAISLEY,JUMBO STORAGE BAG SUKI,JUMBO BAG PINK POLKADOT,LUNCH BAG PINK POLKADOT
16925,LUNCH BAG PINK POLKADOT,LUNCH BAG WOODLAND,LUNCH BAG SUKI  DESIGN ,LUNCH BAG CARS BLUE,LUNCH BAG SPACEBOY DESIGN 
16926,WHITE HANGING HEART T-LIGHT HOLDER,PARTY BUNTING,JUMBO BAG RED WHITE SPOTTY ,ASSORTED COLOUR BIRD ORNAMENT,FAIRY CAKE FLANNEL ASSORTED COLOUR
16927,WHITE HANGING HEART T-LIGHT HOLDER,PICNIC BASKET WICKER SMALL,REGENCY CAKESTAND 3 TIER,JUMBO BAG RED WHITE SPOTTY ,ASSORTED COLOUR BIRD ORNAMENT
16928,ALARM CLOCK BAKELIKE RED ,WHITE HANGING HEART T-LIGHT HOLDER,"PAPER CRAFT , LITTLE BIRDIE",JUMBO BAG RED WHITE SPOTTY ,ASSORTED COLOUR BIRD ORNAMENT
16929,JUMBO BAG RED RETROSPOT,PACK OF 72 RETROSPOT CAKE CASES,JUMBO BAG SCANDINAVIAN PAISLEY,CHOCOLATE HOT WATER BOTTLE,JUMBO STORAGE BAG SUKI
16930,WHITE HANGING HEART T-LIGHT HOLDER,RED RETROSPOT CHARLOTTE BAG,STRAWBERRY CERAMIC TRINKET BOX,REGENCY CAKESTAND 3 TIER,ASSORTED COLOUR BIRD ORNAMENT
16931,JUMBO BAG RED RETROSPOT,LUNCH BAG SUKI  DESIGN ,LUNCH BAG PINK POLKADOT,LUNCH BAG SPACEBOY DESIGN ,LUNCH BAG  BLACK SKULL.
16932,LUNCH BAG SUKI  DESIGN ,PACK OF 72 RETROSPOT CAKE CASES,LUNCH BAG CARS BLUE,LUNCH BAG SPACEBOY DESIGN ,LUNCH BAG PINK POLKADOT
16933,WOODEN PICTURE FRAME WHITE FINISH,PAPER CHAIN KIT VINTAGE CHRISTMAS,60 TEATIME FAIRY CAKE CASES,PACK OF 72 RETROSPOT CAKE CASES,HAND WARMER SCOTTY DOG DESIGN
16934,WOOD 2 DRAWER CABINET WHITE FINISH,HOME BUILDING BLOCK WORD,PICNIC BASKET WICKER SMALL,REGENCY CAKESTAND 3 TIER,PARTY BUNTING
16935,PACK OF 72 RETROSPOT CAKE CASES,HEART OF WICKER LARGE,WOODEN PICTURE FRAME WHITE FINISH,JUMBO STORAGE BAG SUKI,JUMBO BAG PINK POLKADOT
16936,LUNCH BAG SUKI  DESIGN ,LUNCH BAG SPACEBOY DESIGN ,LUNCH BAG PINK POLKADOT,LUNCH BAG RED RETROSPOT,JUMBO BAG PINK POLKADOT
16937,PACK OF 72 RETROSPOT CAKE CASES,60 TEATIME FAIRY CAKE CASES,WHITE HANGING HEART T-LIGHT HOLDER,REGENCY CAKESTAND 3 TIER,ASSORTED COLOUR BIRD ORNAMENT
16938,PACK OF 72 RETROSPOT CAKE CASES,LUNCH BAG CARS BLUE,LUNCH BAG SPACEBOY DESIGN ,LUNCH BAG PINK POLKADOT,LUNCH BAG SUKI  DESIGN 
16939,REGENCY CAKESTAND 3 TIER,PARTY BUNTING,VINTAGE UNION JACK BUNTING,BAKING SET 9 PIECE RETROSPOT ,GRAND CHOCOLATECANDLE
16940,PACK OF 72 RETROSPOT CAKE CASES,LUNCH BAG SUKI  DESIGN ,JUMBO BAG PINK POLKADOT,JUMBO BAG RED RETROSPOT,LUNCH BAG PINK POLKADOT
16941,WHITE HANGING HEART T-LIGHT HOLDER,REGENCY CAKESTAND 3 TIER,ASSORTED COLOUR BIRD ORNAMENT,PARTY BUNTING,VINTAGE UNION JACK BUNTING
16942,JUMBO BAG RED RETROSPOT,LUNCH BAG SUKI  DESIGN ,JUMBO BAG PINK POLKADOT,LUNCH BAG SPACEBOY DESIGN ,LUNCH BAG PINK POLKADOT
16943,WHITE HANGING HEART T-LIGHT HOLDER,PICNIC BASKET WICKER SMALL,REGENCY CAKESTAND 3 TIER,PARTY BUNTING,JUMBO BAG RED WHITE SPOTTY 
16944,WHITE HANGING HEART T-LIGHT HOLDER,REGENCY CAKESTAND 3 TIER,ASSORTED COLOUR BIRD ORNAMENT,PARTY BUNTING,VINTAGE UNION JACK BUNTING
16945,JUMBO BAG RED RETROSPOT,JUMBO BAG PINK POLKADOT,LUNCH BAG SUKI  DESIGN ,LUNCH BAG SPACEBOY DESIGN ,LUNCH BAG PINK POLKADOT
16946,JUMBO BAG RED RETROSPOT,JUMBO BAG SCANDINAVIAN PAISLEY,JUMBO BAG PINK POLKADOT,JUMBO STORAGE BAG SUKI,PINK CREAM FELT CRAFT TRINKET BOX 
16947,LUNCH BAG WOODLAND,LUNCH BAG PINK POLKADOT,LUNCH BAG SUKI  DESIGN ,LUNCH BAG SPACEBOY DESIGN ,LUNCH BAG RED RETROSPOT
16948,WHITE HANGING HEART T-LIGHT HOLDER,PICNIC BASKET WICKER SMALL,REGENCY CAKESTAND 3 TIER,PARTY BUNTING,JUMBO BAG RED WHITE SPOTTY 
16949,REGENCY CAKESTAND 3 TIER,WHITE HANGING HEART T-LIGHT HOLDER,PAPER CHAIN KIT 50'S CHRISTMAS ,METAL SIGN TAKE IT OR LEAVE IT ,RABBIT NIGHT LIGHT
16950,REGENCY CAKESTAND 3 TIER,"PAPER CRAFT , LITTLE BIRDIE",JUMBO BAG RED WHITE SPOTTY ,ASSORTED COLOUR BIRD ORNAMENT,MEDIUM CERAMIC TOP STORAGE JAR
16951,PACK OF 72 RETROSPOT CAKE CASES,60 TEATIME FAIRY CAKE CASES,WHITE HANGING HEART T-LIGHT HOLDER,PICNIC BASKET WICKER SMALL,REGENCY CAKESTAND 3 TIER
16952,PACK OF 60 DINOSAUR CAKE CASES,72 SWEETHEART FAIRY CAKE CASES,PACK OF 60 PINK PAISLEY CAKE CASES,PACK OF 72 RETROSPOT CAKE CASES,HAND WARMER OWL DESIGN
16953,WHITE HANGING HEART T-LIGHT HOLDER,REGENCY CAKESTAND 3 TIER,ASSORTED COLOUR BIRD ORNAMENT,PARTY BUNTING,VINTAGE UNION JACK BUNTING
16954,PACK OF 72 RETROSPOT CAKE CASES,REGENCY CAKESTAND 3 TIER,WHITE HANGING HEART T-LIGHT HOLDER,"PAPER CRAFT , LITTLE BIRDIE",JUMBO BAG RED WHITE SPOTTY 
16955,WHITE HANGING HEART T-LIGHT HOLDER,PICNIC BASKET WICKER SMALL,REGENCY CAKESTAND 3 TIER,PARTY BUNTING,JUMBO BAG RED WHITE SPOTTY 
16956,HEART OF WICKER LARGE,WHITE HANGING HEART T-LIGHT HOLDER,REGENCY CAKESTAND 3 TIER,ASSORTED COLOUR BIRD ORNAMENT,PAPER CHAIN KIT 50'S CHRISTMAS 
16957,WHITE HANGING HEART T-LIGHT HOLDER,REGENCY CAKESTAND 3 TIER,ASSORTED COLOUR BIRD ORNAMENT,VINTAGE UNION JACK BUNTING,BAKING SET 9 PIECE RETROSPOT 
16958,HAND WARMER OWL DESIGN,JUMBO STORAGE BAG SUKI,JUMBO BAG PINK POLKADOT,JUMBO BAG RED RETROSPOT,PAPER CHAIN KIT VINTAGE CHRISTMAS
16959,HOT WATER BOTTLE TEA AND SYMPATHY,WHITE HANGING HEART T-LIGHT HOLDER,REGENCY CAKESTAND 3 TIER,ASSORTED COLOUR BIRD ORNAMENT,PARTY BUNTING
16960,PACK OF 72 RETROSPOT CAKE CASES,LUNCH BAG PINK POLKADOT,LUNCH BAG SUKI  DESIGN ,LUNCH BAG SPACEBOY DESIGN ,LUNCH BAG RED RETROSPOT
16961,VINTAGE HEADS AND TAILS CARD GAME ,WHITE HANGING HEART T-LIGHT HOLDER,PICNIC BASKET WICKER SMALL,REGENCY CAKESTAND 3 TIER,PARTY BUNTING
16962,WHITE HANGING HEART T-LIGHT HOLDER,REGENCY CAKESTAND 3 TIER,PARTY BUNTING,VINTAGE UNION JACK BUNTING,BAKING SET 9 PIECE RETROSPOT 
16963,WHITE HANGING HEART T-LIGHT HOLDER,REGENCY CAKESTAND 3 TIER,ASSORTED COLOUR BIRD ORNAMENT,PARTY BUNTING,VINTAGE UNION JACK BUNTING
16964,WHITE HANGING HEART T-LIGHT HOLDER,REGENCY CAKESTAND 3 TIER,ASSORTED COLOUR BIRD ORNAMENT,PARTY BUNTING,VINTAGE UNION JACK BUNTING
16965,WHITE HANGING HEART T-LIGHT HOLDER,REGENCY CAKESTAND 3 TIER,ASSORTED COLOUR BIRD ORNAMENT,PARTY BUNTING,VINTAGE UNION JACK BUNTING
16966,REGENCY CAKESTAND 3 TIER,WHITE HANGING HEART T-LIGHT HOLDER,"PAPER CRAFT , LITTLE BIRDIE",JUMBO BAG RED WHITE SPOTTY ,ASSORTED COLOUR BIRD ORNAMENT
16967,WHITE HANGING HEART T-LIGHT HOLDER,REGENCY CAKESTAND 3 TIER,ASSORTED COLOUR BIRD ORNAMENT,PARTY BUNTING,VINTAGE UNION JACK BUNTING
16968,REGENCY CAKESTAND 3 TIER,WHITE HANGING HEART T-LIGHT HOLDER,ASSORTED COLOUR BIRD ORNAMENT,PAPER CHAIN KIT 50'S CHRISTMAS ,BAKING SET 9 PIECE RETROSPOT 
16969,PACK OF 72 RETROSPOT CAKE CASES,60 TEATIME FAIRY CAKE CASES,REGENCY CAKESTAND 3 TIER,WHITE HANGING HEART T-LIGHT HOLDER,ASSORTED COLOUR BIRD ORNAMENT
16970,WHITE HANGING HEART T-LIGHT HOLDER,REGENCY CAKESTAND 3 TIER,ASSORTED COLOUR BIRD ORNAMENT,PARTY BUNTING,VINTAGE UNION JACK BUNTING
16971,WOOD 2 DRAWER CABINET WHITE FINISH,REGENCY CAKESTAND 3 TIER,ASSORTED COLOUR BIRD ORNAMENT,PAPER CHAIN KIT 50'S CHRISTMAS ,BAKING SET 9 PIECE RETROSPOT 
16972,HAND WARMER SCOTTY DOG DESIGN,HEART OF WICKER SMALL,REGENCY CAKESTAND 3 TIER,ASSORTED COLOUR BIRD ORNAMENT,PARTY BUNTING
16973,JUMBO BAG STRAWBERRY,JUMBO  BAG BAROQUE BLACK WHITE,JUMBO BAG PINK POLKADOT,JUMBO SHOPPER VINTAGE RED PAISLEY,JUMBO BAG RED RETROSPOT
16974,WHITE HANGING HEART T-LIGHT HOLDER,REGENCY CAKESTAND 3 TIER,ASSORTED COLOUR BIRD ORNAMENT,PARTY BUNTING,VINTAGE UNION JACK BUNTING
16975,ROSES REGENCY TEACUP AND SAUCER ,HAND WARMER SCOTTY DOG DESIGN,VINTAGE HEADS AND TAILS CARD GAME ,PAPER CHAIN KIT VINTAGE CHRISTMAS,STRAWBERRY CERAMIC TRINKET BOX
16976,WHITE HANGING HEART T-LIGHT HOLDER,ASSORTED COLOUR BIRD ORNAMENT,PARTY BUNTING,VINTAGE UNION JACK BUNTING,BAKING SET 9 PIECE RETROSPOT 
16977,WOODEN PICTURE FRAME WHITE FINISH,REGENCY CAKESTAND 3 TIER,ASSORTED COLOUR BIRD ORNAMENT,PARTY BUNTING,VINTAGE UNION JACK BUNTING
16978,HEART OF WICKER SMALL,JUMBO BAG PINK VINTAGE PAISLEY,JUMBO BAG RED RETROSPOT,LOVE BUILDING BLOCK WORD,REGENCY CAKESTAND 3 TIER
16979,PACK OF 72 RETROSPOT CAKE CASES,WHITE HANGING HEART T-LIGHT HOLDER,WOODEN PICTURE FRAME WHITE FINISH,PACK OF 60 PINK PAISLEY CAKE CASES,WOOD 2 DRAWER CABINET WHITE FINISH
16980,PACK OF 72 RETROSPOT CAKE CASES,HAND WARMER OWL DESIGN,72 SWEETHEART FAIRY CAKE CASES,PAPER CHAIN KIT VINTAGE CHRISTMAS,JUMBO BAG PINK VINTAGE PAISLEY
16982,PAPER CHAIN KIT 50'S CHRISTMAS ,CHOCOLATE HOT WATER BOTTLE,REGENCY CAKESTAND 3 TIER,WHITE HANGING HEART T-LIGHT HOLDER,ASSORTED COLOUR BIRD ORNAMENT
16983,HOME BUILDING BLOCK WORD,WHITE HANGING HEART T-LIGHT HOLDER,REGENCY CAKESTAND 3 TIER,"PAPER CRAFT , LITTLE BIRDIE",JUMBO BAG RED WHITE SPOTTY 
16984,JUMBO BAG RED RETROSPOT,JUMBO BAG PINK POLKADOT,JUMBO STORAGE BAG SUKI,WOOD 2 DRAWER CABINET WHITE FINISH,VINTAGE HEADS AND TAILS CARD GAME 
16985,GIN + TONIC DIET METAL SIGN,"PAPER CRAFT , LITTLE BIRDIE",JUMBO BAG RED WHITE SPOTTY ,MEDIUM CERAMIC TOP STORAGE JAR,CHILLI LIGHTS
16986,60 TEATIME FAIRY CAKE CASES,PACK OF 72 RETROSPOT CAKE CASES,JUMBO STORAGE BAG SUKI,JUMBO BAG PINK POLKADOT,JUMBO BAG RED RETROSPOT
16987,LUNCH BAG WOODLAND,LUNCH BAG PINK POLKADOT,LUNCH BAG SUKI  DESIGN ,LUNCH BAG SPACEBOY DESIGN ,LUNCH BAG  BLACK SKULL.
16988,LUNCH BAG PINK POLKADOT,LUNCH BAG WOODLAND,LUNCH BAG SUKI  DESIGN ,LUNCH BAG CARS BLUE,LUNCH BAG SPACEBOY DESIGN 
16989,REGENCY CAKESTAND 3 TIER,WHITE HANGING HEART T-LIGHT HOLDER,ASSORTED COLOUR BIRD ORNAMENT,PAPER CHAIN KIT 50'S CHRISTMAS ,BAKING SET 9 PIECE RETROSPOT 
16990,JUMBO STORAGE BAG SUKI,JUMBO BAG PINK POLKADOT,JUMBO BAG RED RETROSPOT,WHITE HANGING HEART T-LIGHT HOLDER,REGENCY CAKESTAND 3 TIER
16991,JUMBO BAG RED RETROSPOT,JUMBO BAG PINK POLKADOT,JUMBO SHOPPER VINTAGE RED PAISLEY,LUNCH BAG SUKI  DESIGN ,WHITE HANGING HEART T-LIGHT HOLDER
16992,PACK OF 72 RETROSPOT CAKE CASES,STRAWBERRY CERAMIC TRINKET BOX,HEART OF WICKER SMALL,"PAPER CRAFT , LITTLE BIRDIE",ASSORTED COLOUR BIRD ORNAMENT
16993,WHITE HANGING HEART T-LIGHT HOLDER,HEART OF WICKER LARGE,PICNIC BASKET WICKER SMALL,REGENCY CAKESTAND 3 TIER,PARTY BUNTING
16996,WOODEN PICTURE FRAME WHITE FINISH,WHITE HANGING HEART T-LIGHT HOLDER,REGENCY CAKESTAND 3 TIER,"PAPER CRAFT , LITTLE BIRDIE",JUMBO BAG RED WHITE SPOTTY 
16997,JUMBO BAG RED RETROSPOT,WHITE HANGING HEART T-LIGHT HOLDER,PICNIC BASKET WICKER SMALL,REGENCY CAKESTAND 3 TIER,PARTY BUNTING
16998,WHITE HANGING HEART T-LIGHT HOLDER,PICNIC BASKET WICKER SMALL,REGENCY CAKESTAND 3 TIER,PARTY BUNTING,JUMBO BAG RED WHITE SPOTTY 
16999,VINTAGE HEADS AND TAILS CARD GAME ,REGENCY CAKESTAND 3 TIER,WHITE HANGING HEART T-LIGHT HOLDER,ASSORTED COLOUR BIRD ORNAMENT,PAPER CHAIN KIT 50'S CHRISTMAS 
17000,HEART OF WICKER SMALL,WHITE HANGING HEART T-LIGHT HOLDER,REGENCY CAKESTAND 3 TIER,ASSORTED COLOUR BIRD ORNAMENT,PARTY BUNTING
17001,JUMBO BAG RED RETROSPOT,JUMBO BAG PINK POLKADOT,JUMBO STORAGE BAG SUKI,JUMBO BAG PINK VINTAGE PAISLEY,VINTAGE HEADS AND TAILS CARD GAME 
17002,PAPER CHAIN KIT VINTAGE CHRISTMAS,WHITE HANGING HEART T-LIGHT HOLDER,PICNIC BASKET WICKER SMALL,REGENCY CAKESTAND 3 TIER,PARTY BUNTING
17003,LUNCH BAG SUKI  DESIGN ,JUMBO BAG PINK POLKADOT,JUMBO BAG RED RETROSPOT,LUNCH BAG SPACEBOY DESIGN ,LUNCH BAG PINK POLKADOT
17004,JUMBO BAG RED RETROSPOT,ALARM CLOCK BAKELIKE GREEN,HAND WARMER SCOTTY DOG DESIGN,WHITE HANGING HEART T-LIGHT HOLDER,PICNIC BASKET WICKER SMALL
17005,60 TEATIME FAIRY CAKE CASES,PACK OF 72 RETROSPOT CAKE CASES,WHITE HANGING HEART T-LIGHT HOLDER,REGENCY CAKESTAND 3 TIER,ASSORTED COLOUR BIRD ORNAMENT
17006,CHOCOLATE HOT WATER BOTTLE,REGENCY CAKESTAND 3 TIER,WHITE HANGING HEART T-LIGHT HOLDER,"PAPER CRAFT , LITTLE BIRDIE",JUMBO BAG RED WHITE SPOTTY 
17007,PAPER CHAIN KIT 50'S CHRISTMAS ,WHITE HANGING HEART T-LIGHT HOLDER,PICNIC BASKET WICKER SMALL,REGENCY CAKESTAND 3 TIER,PARTY BUNTING
17008,WHITE HANGING HEART T-LIGHT HOLDER,REGENCY CAKESTAND 3 TIER,ASSORTED COLOUR BIRD ORNAMENT,PARTY BUNTING,VINTAGE UNION JACK BUNTING
17009,WHITE HANGING HEART T-LIGHT HOLDER,REGENCY CAKESTAND 3 TIER,ASSORTED COLOUR BIRD ORNAMENT,VINTAGE UNION JACK BUNTING,BAKING SET 9 PIECE RETROSPOT 
17010,VINTAGE HEADS AND TAILS CARD GAME ,REGENCY CAKESTAND 3 TIER,WHITE HANGING HEART T-LIGHT HOLDER,ASSORTED COLOUR BIRD ORNAMENT,BAKING SET 9 PIECE RETROSPOT 
17011,HAND WARMER SCOTTY DOG DESIGN,PACK OF 60 DINOSAUR CAKE CASES,72 SWEETHEART FAIRY CAKE CASES,PACK OF 60 PINK PAISLEY CAKE CASES,PACK OF 72 RETROSPOT CAKE CASES
17012,JUMBO STORAGE BAG SUKI,JUMBO BAG PINK POLKADOT,JUMBO BAG RED RETROSPOT,REGENCY CAKESTAND 3 TIER,ASSORTED COLOUR BIRD ORNAMENT
17014,LUNCH BAG WOODLAND,LUNCH BAG PINK POLKADOT,LUNCH BAG SUKI  DESIGN ,LUNCH BAG SPACEBOY DESIGN ,LUNCH BAG  BLACK SKULL.
17015,GIN + TONIC DIET METAL SIGN,PAPER CHAIN KIT VINTAGE CHRISTMAS,HOME BUILDING BLOCK WORD,WHITE HANGING HEART T-LIGHT HOLDER,60 TEATIME FAIRY CAKE CASES
17016,60 TEATIME FAIRY CAKE CASES,PACK OF 72 RETROSPOT CAKE CASES,WHITE HANGING HEART T-LIGHT HOLDER,REGENCY CAKESTAND 3 TIER,ASSORTED COLOUR BIRD ORNAMENT
17017,PAPER CHAIN KIT 50'S CHRISTMAS ,VINTAGE SNAP CARDS,REGENCY CAKESTAND 3 TIER,WHITE HANGING HEART T-LIGHT HOLDER,"PAPER CRAFT , LITTLE BIRDIE"
17018,WHITE HANGING HEART T-LIGHT HOLDER,PICNIC BASKET WICKER SMALL,REGENCY CAKESTAND 3 TIER,PARTY BUNTING,JUMBO BAG RED WHITE SPOTTY 
17019,PACK OF 72 RETROSPOT CAKE CASES,LUNCH BAG PINK POLKADOT,LUNCH BAG SUKI  DESIGN ,LUNCH BAG SPACEBOY DESIGN ,LUNCH BAG RED RETROSPOT
17020,LUNCH BAG WOODLAND,LUNCH BAG PINK POLKADOT,LUNCH BAG SUKI  DESIGN ,LUNCH BAG SPACEBOY DESIGN ,LUNCH BAG  BLACK SKULL.
17021,WHITE HANGING HEART T-LIGHT HOLDER,PICNIC BASKET WICKER SMALL,REGENCY CAKESTAND 3 TIER,PARTY BUNTING,JUMBO BAG RED WHITE SPOTTY 
17022,REGENCY CAKESTAND 3 TIER,WHITE HANGING HEART T-LIGHT HOLDER,ASSORTED COLOUR BIRD ORNAMENT,PAPER CHAIN KIT 50'S CHRISTMAS ,BAKING SET 9 PIECE RETROSPOT 
17023,PACK OF 72 RETROSPOT CAKE CASES,WOODEN PICTURE FRAME WHITE FINISH,WHITE HANGING HEART T-LIGHT HOLDER,CHOCOLATE HOT WATER BOTTLE,PACK OF 60 DINOSAUR CAKE CASES
17024,REGENCY CAKESTAND 3 TIER,WHITE HANGING HEART T-LIGHT HOLDER,ASSORTED COLOUR BIRD ORNAMENT,PAPER CHAIN KIT 50'S CHRISTMAS ,BAKING SET 9 PIECE RETROSPOT 
17025,WHITE HANGING HEART T-LIGHT HOLDER,PICNIC BASKET WICKER SMALL,REGENCY CAKESTAND 3 TIER,PARTY BUNTING,JUMBO BAG RED WHITE SPOTTY 
17026,WHITE HANGING HEART T-LIGHT HOLDER,ASSORTED COLOUR BIRD ORNAMENT,PARTY BUNTING,VINTAGE UNION JACK BUNTING,BAKING SET 9 PIECE RETROSPOT 
17027,WHITE HANGING HEART T-LIGHT HOLDER,PICNIC BASKET WICKER SMALL,REGENCY CAKESTAND 3 TIER,PARTY BUNTING,JUMBO BAG RED WHITE SPOTTY 
17028,WHITE HANGING HEART T-LIGHT HOLDER,BLUE 3 PIECE MINI DOTS CUTLERY SET,LUNCH BAG PINK POLKADOT,LUNCH BAG WOODLAND,LUNCH BAG SUKI  DESIGN 
17029,WHITE HANGING HEART T-LIGHT HOLDER,PICNIC BASKET WICKER SMALL,REGENCY CAKESTAND 3 TIER,PARTY BUNTING,ASSORTED COLOUR BIRD ORNAMENT
17030,WHITE HANGING HEART T-LIGHT HOLDER,REGENCY CAKESTAND 3 TIER,ASSORTED COLOUR BIRD ORNAMENT,PARTY BUNTING,VINTAGE UNION JACK BUNTING
17031,JUMBO STORAGE BAG SUKI,JUMBO BAG PINK POLKADOT,JUMBO BAG RED RETROSPOT,LUNCH BAG WOODLAND,LUNCH BAG PINK POLKADOT
17032,WHITE HANGING HEART T-LIGHT HOLDER,JUMBO BAG RED RETROSPOT,JUMBO STORAGE BAG SUKI,JUMBO BAG PINK POLKADOT,PACK OF 72 RETROSPOT CAKE CASES
17033,WHITE HANGING HEART T-LIGHT HOLDER,PICNIC BASKET WICKER SMALL,PARTY BUNTING,JUMBO BAG RED WHITE SPOTTY ,ASSORTED COLOUR BIRD ORNAMENT
17034,WHITE HANGING HEART T-LIGHT HOLDER,REGENCY CAKESTAND 3 TIER,ASSORTED COLOUR BIRD ORNAMENT,PAPER CHAIN KIT 50'S CHRISTMAS ,BAKING SET 9 PIECE RETROSPOT 
17035,WOODEN PICTURE FRAME WHITE FINISH,WHITE HANGING HEART T-LIGHT HOLDER,PICNIC BASKET WICKER SMALL,JUMBO BAG RED WHITE SPOTTY ,FAIRY CAKE FLANNEL ASSORTED COLOUR
17036,WHITE HANGING HEART T-LIGHT HOLDER,REGENCY CAKESTAND 3 TIER,ASSORTED COLOUR BIRD ORNAMENT,PARTY BUNTING,VINTAGE UNION JACK BUNTING
17037,PAPER CHAIN KIT 50'S CHRISTMAS ,JUMBO BAG STRAWBERRY,JUMBO  BAG BAROQUE BLACK WHITE,JUMBO BAG PINK POLKADOT,JUMBO SHOPPER VINTAGE RED PAISLEY
17038,WHITE HANGING HEART T-LIGHT HOLDER,PAPER CHAIN KIT 50'S CHRISTMAS ,CHOCOLATE HOT WATER BOTTLE,HEART OF WICKER SMALL,ASSORTED COLOUR BIRD ORNAMENT
17039,WHITE HANGING HEART T-LIGHT HOLDER,REGENCY CAKESTAND 3 TIER,ASSORTED COLOUR BIRD ORNAMENT,PARTY BUNTING,BAKING SET 9 PIECE RETROSPOT 
17040,GREEN REGENCY TEACUP AND SAUCER,WHITE HANGING HEART T-LIGHT HOLDER,PARTY BUNTING,VINTAGE UNION JACK BUNTING,BAKING SET 9 PIECE RETROSPOT 
17041,LUNCH BAG PINK POLKADOT,LUNCH BAG WOODLAND,LUNCH BAG SUKI  DESIGN ,LUNCH BAG SPACEBOY DESIGN ,LUNCH BAG RED RETROSPOT
17042,JUMBO BAG PINK POLKADOT,JUMBO STORAGE BAG SUKI,JUMBO BAG RED RETROSPOT,REGENCY CAKESTAND 3 TIER,WHITE HANGING HEART T-LIGHT HOLDER
17043,PACK OF 72 RETROSPOT CAKE CASES,60 TEATIME FAIRY CAKE CASES,VINTAGE SNAP CARDS,TOILET METAL SIGN,WHITE HANGING HEART T-LIGHT HOLDER
17044,GIN + TONIC DIET METAL SIGN,TOILET METAL SIGN,WHITE HANGING HEART T-LIGHT HOLDER,"PAPER CRAFT , LITTLE BIRDIE",JUMBO BAG RED WHITE SPOTTY 
17045,PACK OF 72 RETROSPOT CAKE CASES,60 TEATIME FAIRY CAKE CASES,HOT WATER BOTTLE TEA AND SYMPATHY,WHITE HANGING HEART T-LIGHT HOLDER,PICNIC BASKET WICKER SMALL
17046,PACK OF 72 RETROSPOT CAKE CASES,RED RETROSPOT CHARLOTTE BAG,PAPER CHAIN KIT 50'S CHRISTMAS ,HEART OF WICKER LARGE,WHITE HANGING HEART T-LIGHT HOLDER
17047,ROSES REGENCY TEACUP AND SAUCER ,PINK CREAM FELT CRAFT TRINKET BOX ,VINTAGE HEADS AND TAILS CARD GAME ,PICNIC BASKET WICKER SMALL,PARTY BUNTING
17048,JUMBO BAG RED RETROSPOT,HOME BUILDING BLOCK WORD,PICNIC BASKET WICKER SMALL,REGENCY CAKESTAND 3 TIER,PARTY BUNTING
17049,JUMBO BAG RED RETROSPOT,LUNCH BAG SUKI  DESIGN ,JUMBO BAG PINK POLKADOT,LUNCH BAG PINK POLKADOT,LUNCH BAG SPACEBOY DESIGN 
17050,STRAWBERRY CERAMIC TRINKET BOX,BATHROOM METAL SIGN,PICNIC BASKET WICKER SMALL,REGENCY CAKESTAND 3 TIER,JUMBO BAG RED WHITE SPOTTY 
17051,PACK OF 72 RETROSPOT CAKE CASES,LUNCH BAG SUKI  DESIGN ,SWEETHEART CERAMIC TRINKET BOX,PACK OF 60 PINK PAISLEY CAKE CASES,JUMBO BAG STRAWBERRY
17052,60 TEATIME FAIRY CAKE CASES,PACK OF 72 RETROSPOT CAKE CASES,REGENCY CAKESTAND 3 TIER,WHITE HANGING HEART T-LIGHT HOLDER,ASSORTED COLOUR BIRD ORNAMENT
17053,REGENCY CAKESTAND 3 TIER,ASSORTED COLOUR BIRD ORNAMENT,PARTY BUNTING,VINTAGE UNION JACK BUNTING,BAKING SET 9 PIECE RETROSPOT 
17054,SWEETHEART CERAMIC TRINKET BOX,REGENCY CAKESTAND 3 TIER,WHITE HANGING HEART T-LIGHT HOLDER,ASSORTED COLOUR BIRD ORNAMENT,PAPER CHAIN KIT 50'S CHRISTMAS 
17055,WHITE HANGING HEART T-LIGHT HOLDER,REGENCY CAKESTAND 3 TIER,ASSORTED COLOUR BIRD ORNAMENT,PARTY BUNTING,VINTAGE UNION JACK BUNTING
17056,CHOCOLATE HOT WATER BOTTLE,WHITE HANGING HEART T-LIGHT HOLDER,REGENCY CAKESTAND 3 TIER,ASSORTED COLOUR BIRD ORNAMENT,PARTY BUNTING
17057,JUMBO BAG RED RETROSPOT,JUMBO BAG PINK POLKADOT,JUMBO STORAGE BAG SUKI,JUMBO BAG SCANDINAVIAN PAISLEY,HEART OF WICKER LARGE
17058,WHITE HANGING HEART T-LIGHT HOLDER,CHOCOLATE HOT WATER BOTTLE,PAPER CHAIN KIT VINTAGE CHRISTMAS,REGENCY CAKESTAND 3 TIER,JUMBO BAG RED WHITE SPOTTY 
17059,JUMBO BAG RED RETROSPOT,PACK OF 72 RETROSPOT CAKE CASES,LUNCH BAG SUKI  DESIGN ,JUMBO BAG PINK POLKADOT,LUNCH BAG PINK POLKADOT
17060,WHITE HANGING HEART T-LIGHT HOLDER,REGENCY CAKESTAND 3 TIER,ASSORTED COLOUR BIRD ORNAMENT,PARTY BUNTING,VINTAGE UNION JACK BUNTING
17061,WHITE HANGING HEART T-LIGHT HOLDER,"PAPER CRAFT , LITTLE BIRDIE",JUMBO BAG RED WHITE SPOTTY ,ASSORTED COLOUR BIRD ORNAMENT,MEDIUM CERAMIC TOP STORAGE JAR
17062,PACK OF 72 RETROSPOT CAKE CASES,WHITE HANGING HEART T-LIGHT HOLDER,WOOD S/3 CABINET ANT WHITE FINISH,PICNIC BASKET WICKER SMALL,REGENCY CAKESTAND 3 TIER
17063,JUMBO BAG RED RETROSPOT,JUMBO BAG PINK POLKADOT,LUNCH BAG SUKI  DESIGN ,LUNCH BAG CARS BLUE,LUNCH BAG SPACEBOY DESIGN 
17064,JUMBO BAG PINK VINTAGE PAISLEY,JUMBO BAG RED RETROSPOT,HOME BUILDING BLOCK WORD,WHITE HANGING HEART T-LIGHT HOLDER,ASSORTED COLOUR BIRD ORNAMENT
17065,PACK OF 72 RETROSPOT CAKE CASES,PACK OF 60 DINOSAUR CAKE CASES,72 SWEETHEART FAIRY CAKE CASES,WHITE HANGING HEART T-LIGHT HOLDER,REGENCY CAKESTAND 3 TIER
17066,REGENCY CAKESTAND 3 TIER,ASSORTED COLOUR BIRD ORNAMENT,PARTY BUNTING,VINTAGE UNION JACK BUNTING,BAKING SET 9 PIECE RETROSPOT 
17067,SWEETHEART CERAMIC TRINKET BOX,WHITE HANGING HEART T-LIGHT HOLDER,REGENCY CAKESTAND 3 TIER,ASSORTED COLOUR BIRD ORNAMENT,PARTY BUNTING
17068,JUMBO BAG RED RETROSPOT,PACK OF 72 RETROSPOT CAKE CASES,JUMBO BAG PINK POLKADOT,LUNCH BAG SUKI  DESIGN ,LUNCH BAG SPACEBOY DESIGN 
17069,LUNCH BAG SUKI  DESIGN ,LUNCH BAG SPACEBOY DESIGN ,LUNCH BAG PINK POLKADOT,LUNCH BAG  BLACK SKULL.,LUNCH BAG RED RETROSPOT
17070,PACK OF 72 RETROSPOT CAKE CASES,PACK OF 60 DINOSAUR CAKE CASES,72 SWEETHEART FAIRY CAKE CASES,ALARM CLOCK BAKELIKE GREEN,LUNCH BAG WOODLAND
17071,JUMBO BAG PINK POLKADOT,JUMBO STORAGE BAG SUKI,JUMBO BAG RED RETROSPOT,"PAPER CRAFT , LITTLE BIRDIE",JUMBO BAG RED WHITE SPOTTY 
17072,WHITE HANGING HEART T-LIGHT HOLDER,REGENCY CAKESTAND 3 TIER,ASSORTED COLOUR BIRD ORNAMENT,PARTY BUNTING,VINTAGE UNION JACK BUNTING
17073,HEART OF WICKER SMALL,WHITE HANGING HEART T-LIGHT HOLDER,REGENCY CAKESTAND 3 TIER,ASSORTED COLOUR BIRD ORNAMENT,PAPER CHAIN KIT 50'S CHRISTMAS 
17074,WHITE HANGING HEART T-LIGHT HOLDER,REGENCY CAKESTAND 3 TIER,ASSORTED COLOUR BIRD ORNAMENT,PARTY BUNTING,VINTAGE UNION JACK BUNTING
17075,JUMBO BAG RED RETROSPOT,JUMBO STORAGE BAG SUKI,JUMBO BAG PINK POLKADOT,HOME BUILDING BLOCK WORD,GIN + TONIC DIET METAL SIGN
17076,SWEETHEART CERAMIC TRINKET BOX,WHITE HANGING HEART T-LIGHT HOLDER,PICNIC BASKET WICKER SMALL,REGENCY CAKESTAND 3 TIER,PARTY BUNTING
17077,WHITE HANGING HEART T-LIGHT HOLDER,REGENCY CAKESTAND 3 TIER,ASSORTED COLOUR BIRD ORNAMENT,PARTY BUNTING,VINTAGE UNION JACK BUNTING
17078,REGENCY CAKESTAND 3 TIER,WHITE HANGING HEART T-LIGHT HOLDER,ASSORTED COLOUR BIRD ORNAMENT,PAPER CHAIN KIT 50'S CHRISTMAS ,BAKING SET 9 PIECE RETROSPOT 
17079,WHITE HANGING HEART T-LIGHT HOLDER,REGENCY CAKESTAND 3 TIER,ASSORTED COLOUR BIRD ORNAMENT,VINTAGE UNION JACK BUNTING,BAKING SET 9 PIECE RETROSPOT 
17080,HEART OF WICKER LARGE,WHITE HANGING HEART T-LIGHT HOLDER,REGENCY CAKESTAND 3 TIER,ASSORTED COLOUR BIRD ORNAMENT,PAPER CHAIN KIT 50'S CHRISTMAS 
17081,JUMBO STORAGE BAG SUKI,JUMBO BAG PINK POLKADOT,JUMBO BAG RED RETROSPOT,WHITE HANGING HEART T-LIGHT HOLDER,GIN + TONIC DIET METAL SIGN
17082,JUMBO BAG RED RETROSPOT,PACK OF 72 RETROSPOT CAKE CASES,JUMBO BAG PINK POLKADOT,WOODEN PICTURE FRAME WHITE FINISH,WHITE HANGING HEART T-LIGHT HOLDER
17083,60 TEATIME FAIRY CAKE CASES,PACK OF 72 RETROSPOT CAKE CASES,WHITE HANGING HEART T-LIGHT HOLDER,PICNIC BASKET WICKER SMALL,REGENCY CAKESTAND 3 TIER
17084,WHITE HANGING HEART T-LIGHT HOLDER,HAND WARMER OWL DESIGN,60 TEATIME FAIRY CAKE CASES,PACK OF 72 RETROSPOT CAKE CASES,CHOCOLATE HOT WATER BOTTLE
17085,JUMBO BAG RED RETROSPOT,LUNCH BAG SUKI  DESIGN ,LUNCH BAG PINK POLKADOT,LUNCH BAG SPACEBOY DESIGN ,LUNCH BAG RED RETROSPOT
17086,LUNCH BAG WOODLAND,LUNCH BAG PINK POLKADOT,LUNCH BAG SUKI  DESIGN ,LUNCH BAG SPACEBOY DESIGN ,LUNCH BAG  BLACK SKULL.
17087,PAPER CHAIN KIT VINTAGE CHRISTMAS,HOT WATER BOTTLE TEA AND SYMPATHY,WHITE HANGING HEART T-LIGHT HOLDER,REGENCY CAKESTAND 3 TIER,ASSORTED COLOUR BIRD ORNAMENT
17088,LUNCH BAG PINK POLKADOT,LUNCH BAG WOODLAND,LUNCH BAG SUKI  DESIGN ,LUNCH BAG SPACEBOY DESIGN ,LUNCH BAG RED RETROSPOT
17089,WHITE HANGING HEART T-LIGHT HOLDER,REGENCY CAKESTAND 3 TIER,ASSORTED COLOUR BIRD ORNAMENT,PARTY BUNTING,VINTAGE UNION JACK BUNTING
17090,WHITE HANGING HEART T-LIGHT HOLDER,WOODEN PICTURE FRAME WHITE FINISH,HEART OF WICKER SMALL,VINTAGE HEADS AND TAILS CARD GAME ,HOT WATER BOTTLE TEA AND SYMPATHY
17091,JUMBO BAG RED RETROSPOT,JUMBO BAG PINK POLKADOT,LUNCH BAG SUKI  DESIGN ,LUNCH BAG SPACEBOY DESIGN ,LUNCH BAG PINK POLKADOT
17092,JUMBO BAG RED RETROSPOT,60 TEATIME FAIRY CAKE CASES,PACK OF 72 RETROSPOT CAKE CASES,JUMBO BAG PINK POLKADOT,JUMBO STORAGE BAG SUKI
17093,WHITE HANGING HEART T-LIGHT HOLDER,REGENCY CAKESTAND 3 TIER,ASSORTED COLOUR BIRD ORNAMENT,PARTY BUNTING,BAKING SET 9 PIECE RETROSPOT 
17094,WHITE HANGING HEART T-LIGHT HOLDER,REGENCY CAKESTAND 3 TIER,ASSORTED COLOUR BIRD ORNAMENT,PARTY BUNTING,VINTAGE UNION JACK BUNTING
17095,JUMBO STORAGE BAG SUKI,JUMBO BAG PINK POLKADOT,JUMBO BAG RED RETROSPOT,WHITE HANGING HEART T-LIGHT HOLDER,HEART OF WICKER LARGE
17096,PACK OF 60 DINOSAUR CAKE CASES,72 SWEETHEART FAIRY CAKE CASES,PACK OF 60 PINK PAISLEY CAKE CASES,PACK OF 72 RETROSPOT CAKE CASES,REGENCY CAKESTAND 3 TIER
17097,JUMBO BAG RED RETROSPOT,LUNCH BAG SUKI  DESIGN ,WOODEN PICTURE FRAME WHITE FINISH,LUNCH BAG CARS BLUE,LUNCH BAG SPACEBOY DESIGN 
17098,ASSORTED COLOUR BIRD ORNAMENT,PARTY BUNTING,VINTAGE UNION JACK BUNTING,BAKING SET 9 PIECE RETROSPOT ,GRAND CHOCOLATECANDLE
17099,PINK BLUE FELT CRAFT TRINKET BOX,WHITE HANGING HEART T-LIGHT HOLDER,REGENCY CAKESTAND 3 TIER,PARTY BUNTING,VINTAGE UNION JACK BUNTING
17100,VINTAGE HEADS AND TAILS CARD GAME ,PINK BLUE FELT CRAFT TRINKET BOX,HAND WARMER OWL DESIGN,REGENCY CAKESTAND 3 TIER,WHITE HANGING HEART T-LIGHT HOLDER
17101,HOT WATER BOTTLE TEA AND SYMPATHY,WHITE HANGING HEART T-LIGHT HOLDER,"PAPER CRAFT , LITTLE BIRDIE",JUMBO BAG RED WHITE SPOTTY ,ASSORTED COLOUR BIRD ORNAMENT
17102,WHITE HANGING HEART T-LIGHT HOLDER,REGENCY CAKESTAND 3 TIER,ASSORTED COLOUR BIRD ORNAMENT,PARTY BUNTING,VINTAGE UNION JACK BUNTING
17103,PACK OF 72 RETROSPOT CAKE CASES,CHOCOLATE HOT WATER BOTTLE,72 SWEETHEART FAIRY CAKE CASES,PINK CREAM FELT CRAFT TRINKET BOX ,WHITE HANGING HEART T-LIGHT HOLDER
17104,WHITE HANGING HEART T-LIGHT HOLDER,REGENCY CAKESTAND 3 TIER,ASSORTED COLOUR BIRD ORNAMENT,PARTY BUNTING,VINTAGE UNION JACK BUNTING
17105,WHITE HANGING HEART T-LIGHT HOLDER,SWEETHEART CERAMIC TRINKET BOX,HOME BUILDING BLOCK WORD,60 TEATIME FAIRY CAKE CASES,PACK OF 72 RETROSPOT CAKE CASES
17106,WOOD S/3 CABINET ANT WHITE FINISH,REGENCY CAKESTAND 3 TIER,ASSORTED COLOUR BIRD ORNAMENT,PARTY BUNTING,VINTAGE UNION JACK BUNTING
17107,JUMBO BAG RED RETROSPOT,LUNCH BAG SUKI  DESIGN ,JUMBO BAG PINK POLKADOT,PACK OF 72 RETROSPOT CAKE CASES,LUNCH BAG WOODLAND
17108,WHITE HANGING HEART T-LIGHT HOLDER,REGENCY CAKESTAND 3 TIER,ASSORTED COLOUR BIRD ORNAMENT,PARTY BUNTING,VINTAGE UNION JACK BUNTING
17109,HAND WARMER OWL DESIGN,WHITE HANGING HEART T-LIGHT HOLDER,PICNIC BASKET WICKER SMALL,REGENCY CAKESTAND 3 TIER,JUMBO BAG RED WHITE SPOTTY 
17110,WHITE HANGING HEART T-LIGHT HOLDER,ASSORTED COLOUR BIRD ORNAMENT,PARTY BUNTING,VINTAGE UNION JACK BUNTING,BAKING SET 9 PIECE RETROSPOT 
17111,JUMBO BAG RED RETROSPOT,LUNCH BAG WOODLAND,LUNCH BAG PINK POLKADOT,LUNCH BAG SUKI  DESIGN ,LUNCH BAG SPACEBOY DESIGN 
17112,PACK OF 72 RETROSPOT CAKE CASES,PACK OF 60 DINOSAUR CAKE CASES,HEART OF WICKER SMALL,PINK BLUE FELT CRAFT TRINKET BOX,REGENCY CAKESTAND 3 TIER
17113,JUMBO BAG RED RETROSPOT,PACK OF 72 RETROSPOT CAKE CASES,SWEETHEART CERAMIC TRINKET BOX,LOVE BUILDING BLOCK WORD,PACK OF 60 DINOSAUR CAKE CASES
17114,BATHROOM METAL SIGN,ASSORTED COLOUR BIRD ORNAMENT,PAPER CHAIN KIT 50'S CHRISTMAS ,BAKING SET 9 PIECE RETROSPOT ,RABBIT NIGHT LIGHT
17115,JUMBO STORAGE BAG SUKI,JUMBO BAG PINK POLKADOT,JUMBO BAG RED RETROSPOT,LUNCH BAG PINK POLKADOT,LUNCH BAG WOODLAND
17116,LUNCH BAG PINK POLKADOT,LUNCH BAG SUKI  DESIGN ,LUNCH BAG SPACEBOY DESIGN ,LUNCH BAG  BLACK SKULL.,LUNCH BAG RED RETROSPOT
17117,HEART OF WICKER LARGE,WHITE HANGING HEART T-LIGHT HOLDER,TOILET METAL SIGN,REGENCY CAKESTAND 3 TIER,ASSORTED COLOUR BIRD ORNAMENT
17118,LUNCH BAG PINK POLKADOT,LUNCH BAG WOODLAND,LUNCH BAG SUKI  DESIGN ,LUNCH BAG CARS BLUE,LUNCH BAG SPACEBOY DESIGN 
17119,WHITE HANGING HEART T-LIGHT HOLDER,REGENCY CAKESTAND 3 TIER,ASSORTED COLOUR BIRD ORNAMENT,PAPER CHAIN KIT 50'S CHRISTMAS ,BAKING SET 9 PIECE RETROSPOT 
17120,LUNCH BAG WOODLAND,LUNCH BAG PINK POLKADOT,LUNCH BAG SUKI  DESIGN ,LUNCH BAG SPACEBOY DESIGN ,LUNCH BAG  BLACK SKULL.
17121,HEART OF WICKER SMALL,WHITE HANGING HEART T-LIGHT HOLDER,ASSORTED COLOUR BIRD ORNAMENT,CHOCOLATE HOT WATER BOTTLE,REGENCY CAKESTAND 3 TIER
17122,WHITE HANGING HEART T-LIGHT HOLDER,PICNIC BASKET WICKER SMALL,REGENCY CAKESTAND 3 TIER,PARTY BUNTING,JUMBO BAG RED WHITE SPOTTY 
17123,GIN + TONIC DIET METAL SIGN,PICNIC BASKET WICKER SMALL,REGENCY CAKESTAND 3 TIER,PARTY BUNTING,JUMBO BAG RED WHITE SPOTTY 
17124,WHITE HANGING HEART T-LIGHT HOLDER,REGENCY CAKESTAND 3 TIER,ASSORTED COLOUR BIRD ORNAMENT,VINTAGE UNION JACK BUNTING,BAKING SET 9 PIECE RETROSPOT 
17125,SWEETHEART CERAMIC TRINKET BOX,PAPER CHAIN KIT VINTAGE CHRISTMAS,WHITE HANGING HEART T-LIGHT HOLDER,ASSORTED COLOUR BIRD ORNAMENT,BAKING SET 9 PIECE RETROSPOT 
17126,PACK OF 72 RETROSPOT CAKE CASES,LUNCH BAG SPACEBOY DESIGN ,LUNCH BAG PINK POLKADOT,LUNCH BAG SUKI  DESIGN ,LUNCH BAG RED RETROSPOT
17127,WHITE HANGING HEART T-LIGHT HOLDER,CHOCOLATE HOT WATER BOTTLE,PICNIC BASKET WICKER SMALL,REGENCY CAKESTAND 3 TIER,PARTY BUNTING
17128,HEART OF WICKER SMALL,REGENCY CAKESTAND 3 TIER,ASSORTED COLOUR BIRD ORNAMENT,PARTY BUNTING,VINTAGE UNION JACK BUNTING
17129,WHITE HANGING HEART T-LIGHT HOLDER,REGENCY CAKESTAND 3 TIER,ASSORTED COLOUR BIRD ORNAMENT,PARTY BUNTING,VINTAGE UNION JACK BUNTING
17131,REGENCY CAKESTAND 3 TIER,ASSORTED COLOUR BIRD ORNAMENT,PAPER CHAIN KIT 50'S CHRISTMAS ,BAKING SET 9 PIECE RETROSPOT ,METAL SIGN TAKE IT OR LEAVE IT 
17132,PAPER CHAIN KIT VINTAGE CHRISTMAS,HOME BUILDING BLOCK WORD,PICNIC BASKET WICKER SMALL,REGENCY CAKESTAND 3 TIER,PARTY BUNTING
17133,HEART OF WICKER LARGE,REGENCY CAKESTAND 3 TIER,"PAPER CRAFT , LITTLE BIRDIE",JUMBO BAG RED WHITE SPOTTY ,ASSORTED COLOUR BIRD ORNAMENT
17134,PICNIC BASKET WICKER SMALL,REGENCY CAKESTAND 3 TIER,PARTY BUNTING,JUMBO BAG RED WHITE SPOTTY ,ASSORTED COLOUR BIRD ORNAMENT
17135,PACK OF 72 RETROSPOT CAKE CASES,JUMBO BAG RED RETROSPOT,"PAPER CRAFT , LITTLE BIRDIE",JUMBO BAG RED WHITE SPOTTY ,ASSORTED COLOUR BIRD ORNAMENT
17136,WHITE HANGING HEART T-LIGHT HOLDER,REGENCY CAKESTAND 3 TIER,ASSORTED COLOUR BIRD ORNAMENT,PARTY BUNTING,VINTAGE UNION JACK BUNTING
17137,LUNCH BAG SPACEBOY DESIGN ,LUNCH BAG PINK POLKADOT,LUNCH BAG SUKI  DESIGN ,LUNCH BAG  BLACK SKULL.,LUNCH BAG RED RETROSPOT
17138,JUMBO BAG RED RETROSPOT,JUMBO STORAGE BAG SUKI,JUMBO BAG PINK POLKADOT,WOODEN PICTURE FRAME WHITE FINISH,LOVE BUILDING BLOCK WORD
17139,JUMBO BAG RED RETROSPOT,LUNCH BAG SUKI  DESIGN ,LUNCH BAG PINK POLKADOT,LUNCH BAG SPACEBOY DESIGN ,LUNCH BAG RED RETROSPOT
17140,PAPER CHAIN KIT 50'S CHRISTMAS ,WHITE HANGING HEART T-LIGHT HOLDER,PARTY BUNTING,VINTAGE UNION JACK BUNTING,BAKING SET 9 PIECE RETROSPOT 
17141,WHITE HANGING HEART T-LIGHT HOLDER,PAPER CHAIN KIT VINTAGE CHRISTMAS,JUMBO BAG PINK POLKADOT,JUMBO STORAGE BAG SUKI,JUMBO BAG RED RETROSPOT
17142,WHITE HANGING HEART T-LIGHT HOLDER,PAPER CHAIN KIT VINTAGE CHRISTMAS,JUMBO BAG STRAWBERRY,JUMBO  BAG BAROQUE BLACK WHITE,JUMBO BAG PINK POLKADOT
17143,WHITE HANGING HEART T-LIGHT HOLDER,ASSORTED COLOUR BIRD ORNAMENT,PARTY BUNTING,PAPER CHAIN KIT 50'S CHRISTMAS ,RETRO SPOT TEA SET CERAMIC 11 PC 
17144,REGENCY CAKESTAND 3 TIER,WHITE HANGING HEART T-LIGHT HOLDER,ASSORTED COLOUR BIRD ORNAMENT,PAPER CHAIN KIT 50'S CHRISTMAS ,BAKING SET 9 PIECE RETROSPOT 
17145,PACK OF 72 RETROSPOT CAKE CASES,LUNCH BAG PINK POLKADOT,LUNCH BAG WOODLAND,LUNCH BAG SUKI  DESIGN ,LUNCH BAG CARS BLUE
17146,HOME BUILDING BLOCK WORD,RED RETROSPOT CHARLOTTE BAG,"PAPER CRAFT , LITTLE BIRDIE",JUMBO BAG RED WHITE SPOTTY ,ASSORTED COLOUR BIRD ORNAMENT
17147,60 TEATIME FAIRY CAKE CASES,PACK OF 72 RETROSPOT CAKE CASES,WHITE HANGING HEART T-LIGHT HOLDER,"PAPER CRAFT , LITTLE BIRDIE",JUMBO BAG RED WHITE SPOTTY 
17148,LUNCH BAG PINK POLKADOT,LUNCH BAG WOODLAND,LUNCH BAG SUKI  DESIGN ,LUNCH BAG CARS BLUE,LUNCH BAG SPACEBOY DESIGN 
17149,WHITE HANGING HEART T-LIGHT HOLDER,REGENCY CAKESTAND 3 TIER,ASSORTED COLOUR BIRD ORNAMENT,PARTY BUNTING,VINTAGE UNION JACK BUNTING
17150,WHITE HANGING HEART T-LIGHT HOLDER,PICNIC BASKET WICKER SMALL,REGENCY CAKESTAND 3 TIER,PARTY BUNTING,JUMBO BAG RED WHITE SPOTTY 
17151,WHITE HANGING HEART T-LIGHT HOLDER,REGENCY CAKESTAND 3 TIER,ASSORTED COLOUR BIRD ORNAMENT,PARTY BUNTING,VINTAGE UNION JACK BUNTING
17152,PACK OF 72 RETROSPOT CAKE CASES,WHITE HANGING HEART T-LIGHT HOLDER,PICNIC BASKET WICKER SMALL,REGENCY CAKESTAND 3 TIER,PARTY BUNTING
17153,REGENCY CAKESTAND 3 TIER,WHITE HANGING HEART T-LIGHT HOLDER,ASSORTED COLOUR BIRD ORNAMENT,PAPER CHAIN KIT 50'S CHRISTMAS ,METAL SIGN TAKE IT OR LEAVE IT 
17154,HEART OF WICKER LARGE,WHITE HANGING HEART T-LIGHT HOLDER,REGENCY CAKESTAND 3 TIER,ASSORTED COLOUR BIRD ORNAMENT,PARTY BUNTING
17155,PACK OF 72 RETROSPOT CAKE CASES,HAND WARMER OWL DESIGN,72 SWEETHEART FAIRY CAKE CASES,REGENCY CAKESTAND 3 TIER,WHITE HANGING HEART T-LIGHT HOLDER
17156,PINK BLUE FELT CRAFT TRINKET BOX,WHITE HANGING HEART T-LIGHT HOLDER,REGENCY CAKESTAND 3 TIER,PARTY BUNTING,VINTAGE UNION JACK BUNTING
17157,REGENCY CAKESTAND 3 TIER,WHITE HANGING HEART T-LIGHT HOLDER,"PAPER CRAFT , LITTLE BIRDIE",JUMBO BAG RED WHITE SPOTTY ,ASSORTED COLOUR BIRD ORNAMENT
17158,PICNIC BASKET WICKER SMALL,REGENCY CAKESTAND 3 TIER,PARTY BUNTING,JUMBO BAG RED WHITE SPOTTY ,FAIRY CAKE FLANNEL ASSORTED COLOUR
17159,JUMBO BAG RED RETROSPOT,LUNCH BAG PINK POLKADOT,LUNCH BAG WOODLAND,LUNCH BAG SUKI  DESIGN ,LUNCH BAG CARS BLUE
17160,JUMBO BAG RED RETROSPOT,PACK OF 72 RETROSPOT CAKE CASES,LUNCH BAG SUKI  DESIGN ,LUNCH BAG SPACEBOY DESIGN ,LUNCH BAG PINK POLKADOT
17161,60 TEATIME FAIRY CAKE CASES,PACK OF 72 RETROSPOT CAKE CASES,REGENCY CAKESTAND 3 TIER,ASSORTED COLOUR BIRD ORNAMENT,PARTY BUNTING
17162,WHITE HANGING HEART T-LIGHT HOLDER,HOT WATER BOTTLE TEA AND SYMPATHY,REGENCY CAKESTAND 3 TIER,"PAPER CRAFT , LITTLE BIRDIE",JUMBO BAG RED WHITE SPOTTY 
17163,HOT WATER BOTTLE TEA AND SYMPATHY,REGENCY CAKESTAND 3 TIER,WHITE HANGING HEART T-LIGHT HOLDER,ASSORTED COLOUR BIRD ORNAMENT,PAPER CHAIN KIT 50'S CHRISTMAS 
17164,PACK OF 72 RETROSPOT CAKE CASES,72 SWEETHEART FAIRY CAKE CASES,PACK OF 60 PINK PAISLEY CAKE CASES,PAPER CHAIN KIT VINTAGE CHRISTMAS,HEART OF WICKER SMALL
17165,WOOD 2 DRAWER CABINET WHITE FINISH,PINK BLUE FELT CRAFT TRINKET BOX,PINK REGENCY TEACUP AND SAUCER,GREEN REGENCY TEACUP AND SAUCER,REGENCY CAKESTAND 3 TIER
17166,REGENCY CAKESTAND 3 TIER,WHITE HANGING HEART T-LIGHT HOLDER,ASSORTED COLOUR BIRD ORNAMENT,PAPER CHAIN KIT 50'S CHRISTMAS ,BAKING SET 9 PIECE RETROSPOT 
17167,PACK OF 72 RETROSPOT CAKE CASES,WOODEN FRAME ANTIQUE WHITE ,PACK OF 60 DINOSAUR CAKE CASES,PICNIC BASKET WICKER SMALL,PARTY BUNTING
17168,JUMBO BAG PINK POLKADOT,JUMBO STORAGE BAG SUKI,JUMBO BAG RED RETROSPOT,WHITE HANGING HEART T-LIGHT HOLDER,ASSORTED COLOUR BIRD ORNAMENT
17169,60 TEATIME FAIRY CAKE CASES,PACK OF 72 RETROSPOT CAKE CASES,TOILET METAL SIGN,PAPER CHAIN KIT VINTAGE CHRISTMAS,REGENCY CAKESTAND 3 TIER
17170,WHITE HANGING HEART T-LIGHT HOLDER,REGENCY CAKESTAND 3 TIER,ASSORTED COLOUR BIRD ORNAMENT,PARTY BUNTING,VINTAGE UNION JACK BUNTING
17171,HEART OF WICKER LARGE,WHITE HANGING HEART T-LIGHT HOLDER,REGENCY CAKESTAND 3 TIER,ASSORTED COLOUR BIRD ORNAMENT,BAKING SET 9 PIECE RETROSPOT 
17172,WHITE HANGING HEART T-LIGHT HOLDER,PICNIC BASKET WICKER SMALL,REGENCY CAKESTAND 3 TIER,PARTY BUNTING,JUMBO BAG RED WHITE SPOTTY 
17173,REGENCY CAKESTAND 3 TIER,"PAPER CRAFT , LITTLE BIRDIE",JUMBO BAG RED WHITE SPOTTY ,ASSORTED COLOUR BIRD ORNAMENT,MEDIUM CERAMIC TOP STORAGE JAR
17174,WHITE HANGING HEART T-LIGHT HOLDER,REGENCY CAKESTAND 3 TIER,ASSORTED COLOUR BIRD ORNAMENT,PARTY BUNTING,VINTAGE UNION JACK BUNTING
17175,HEART OF WICKER LARGE,WHITE HANGING HEART T-LIGHT HOLDER,PICNIC BASKET WICKER SMALL,JUMBO BAG RED WHITE SPOTTY ,ASSORTED COLOUR BIRD ORNAMENT
17176,LUNCH BAG PINK POLKADOT,LUNCH BAG SUKI  DESIGN ,LUNCH BAG SPACEBOY DESIGN ,LUNCH BAG RED RETROSPOT,PACK OF 72 RETROSPOT CAKE CASES
17177,WOODEN PICTURE FRAME WHITE FINISH,WOOD 2 DRAWER CABINET WHITE FINISH,REGENCY CAKESTAND 3 TIER,ASSORTED COLOUR BIRD ORNAMENT,PARTY BUNTING
17178,WHITE HANGING HEART T-LIGHT HOLDER,HOT WATER BOTTLE TEA AND SYMPATHY,REGENCY CAKESTAND 3 TIER,ASSORTED COLOUR BIRD ORNAMENT,PARTY BUNTING
17179,LUNCH BAG SUKI  DESIGN ,JUMBO BAG STRAWBERRY,JUMBO  BAG BAROQUE BLACK WHITE,JUMBO BAG PINK POLKADOT,JUMBO SHOPPER VINTAGE RED PAISLEY
17180,PACK OF 72 RETROSPOT CAKE CASES,GIN + TONIC DIET METAL SIGN,WHITE HANGING HEART T-LIGHT HOLDER,PICNIC BASKET WICKER SMALL,PARTY BUNTING
17181,PAPER CHAIN KIT VINTAGE CHRISTMAS,REGENCY CAKESTAND 3 TIER,WHITE HANGING HEART T-LIGHT HOLDER,ASSORTED COLOUR BIRD ORNAMENT,BAKING SET 9 PIECE RETROSPOT 
17182,WHITE HANGING HEART T-LIGHT HOLDER,REGENCY CAKESTAND 3 TIER,ASSORTED COLOUR BIRD ORNAMENT,PARTY BUNTING,VINTAGE UNION JACK BUNTING
17183,HAND WARMER BIRD DESIGN,REGENCY CAKESTAND 3 TIER,WHITE HANGING HEART T-LIGHT HOLDER,"PAPER CRAFT , LITTLE BIRDIE",JUMBO BAG RED WHITE SPOTTY 
17184,HEART OF WICKER SMALL,WHITE HANGING HEART T-LIGHT HOLDER,REGENCY CAKESTAND 3 TIER,ASSORTED COLOUR BIRD ORNAMENT,PARTY BUNTING
17185,WHITE HANGING HEART T-LIGHT HOLDER,REGENCY CAKESTAND 3 TIER,ASSORTED COLOUR BIRD ORNAMENT,PARTY BUNTING,VINTAGE UNION JACK BUNTING
17186,REGENCY CAKESTAND 3 TIER,WHITE HANGING HEART T-LIGHT HOLDER,ASSORTED COLOUR BIRD ORNAMENT,PAPER CHAIN KIT 50'S CHRISTMAS ,BAKING SET 9 PIECE RETROSPOT 
17187,WHITE HANGING HEART T-LIGHT HOLDER,REGENCY CAKESTAND 3 TIER,ASSORTED COLOUR BIRD ORNAMENT,PARTY BUNTING,VINTAGE UNION JACK BUNTING
17188,WHITE HANGING HEART T-LIGHT HOLDER,HAND WARMER BIRD DESIGN,VINTAGE HEADS AND TAILS CARD GAME ,"PAPER CRAFT , LITTLE BIRDIE",JUMBO BAG RED WHITE SPOTTY 
17189,PACK OF 60 DINOSAUR CAKE CASES,72 SWEETHEART FAIRY CAKE CASES,PACK OF 60 PINK PAISLEY CAKE CASES,PACK OF 72 RETROSPOT CAKE CASES,LUNCH BAG WOODLAND
17190,JUMBO BAG PINK POLKADOT,JUMBO STORAGE BAG SUKI,JUMBO BAG RED RETROSPOT,ALARM CLOCK BAKELIKE GREEN,PINK CREAM FELT CRAFT TRINKET BOX 
17191,JUMBO BAG RED RETROSPOT,JUMBO STORAGE BAG SUKI,JUMBO BAG PINK POLKADOT,HAND WARMER OWL DESIGN,PAPER CHAIN KIT VINTAGE CHRISTMAS
17192,WOODEN PICTURE FRAME WHITE FINISH,WHITE HANGING HEART T-LIGHT HOLDER,BLUE 3 PIECE MINI DOTS CUTLERY SET,REGENCY CAKESTAND 3 TIER,ASSORTED COLOUR BIRD ORNAMENT
17193,VINTAGE SNAP CARDS,PAPER CHAIN KIT VINTAGE CHRISTMAS,REGENCY CAKESTAND 3 TIER,WHITE HANGING HEART T-LIGHT HOLDER,"PAPER CRAFT , LITTLE BIRDIE"
17194,WHITE HANGING HEART T-LIGHT HOLDER,ASSORTED COLOUR BIRD ORNAMENT,PARTY BUNTING,VINTAGE UNION JACK BUNTING,GRAND CHOCOLATECANDLE
17195,VINTAGE SNAP CARDS,WHITE HANGING HEART T-LIGHT HOLDER,REGENCY CAKESTAND 3 TIER,ASSORTED COLOUR BIRD ORNAMENT,PARTY BUNTING
17196,JUMBO BAG RED RETROSPOT,LUNCH BAG CARS BLUE,LUNCH BAG SPACEBOY DESIGN ,LUNCH BAG PINK POLKADOT,LUNCH BAG SUKI  DESIGN 
17197,REGENCY CAKESTAND 3 TIER,WHITE HANGING HEART T-LIGHT HOLDER,ASSORTED COLOUR BIRD ORNAMENT,PAPER CHAIN KIT 50'S CHRISTMAS ,METAL SIGN TAKE IT OR LEAVE IT 
17198,JUMBO BAG PINK VINTAGE PAISLEY,JUMBO BAG RED RETROSPOT,REGENCY CAKESTAND 3 TIER,ASSORTED COLOUR BIRD ORNAMENT,PAPER CHAIN KIT 50'S CHRISTMAS 
17199,WHITE HANGING HEART T-LIGHT HOLDER,REGENCY CAKESTAND 3 TIER,ASSORTED COLOUR BIRD ORNAMENT,PARTY BUNTING,VINTAGE UNION JACK BUNTING
17200,WHITE HANGING HEART T-LIGHT HOLDER,REGENCY CAKESTAND 3 TIER,ASSORTED COLOUR BIRD ORNAMENT,PARTY BUNTING,VINTAGE UNION JACK BUNTING
17201,JUMBO BAG PINK POLKADOT,JUMBO BAG RED RETROSPOT,JUMBO BAG STRAWBERRY,JUMBO  BAG BAROQUE BLACK WHITE,LUNCH BAG SUKI  DESIGN 
17202,WHITE HANGING HEART T-LIGHT HOLDER,REGENCY CAKESTAND 3 TIER,ASSORTED COLOUR BIRD ORNAMENT,PARTY BUNTING,VINTAGE UNION JACK BUNTING
17203,JUMBO BAG RED RETROSPOT,JUMBO BAG PINK POLKADOT,PACK OF 72 RETROSPOT CAKE CASES,PACK OF 60 DINOSAUR CAKE CASES,PACK OF 60 PINK PAISLEY CAKE CASES
17204,LUNCH BAG SPACEBOY DESIGN ,LUNCH BAG PINK POLKADOT,LUNCH BAG SUKI  DESIGN ,LUNCH BAG RED RETROSPOT,PACK OF 72 RETROSPOT CAKE CASES
17205,VINTAGE HEADS AND TAILS CARD GAME ,REGENCY CAKESTAND 3 TIER,WHITE HANGING HEART T-LIGHT HOLDER,ASSORTED COLOUR BIRD ORNAMENT,PAPER CHAIN KIT 50'S CHRISTMAS 
17206,WHITE HANGING HEART T-LIGHT HOLDER,REGENCY CAKESTAND 3 TIER,ASSORTED COLOUR BIRD ORNAMENT,PARTY BUNTING,VINTAGE UNION JACK BUNTING
17207,WHITE HANGING HEART T-LIGHT HOLDER,REGENCY CAKESTAND 3 TIER,ASSORTED COLOUR BIRD ORNAMENT,VINTAGE UNION JACK BUNTING,GRAND CHOCOLATECANDLE
17208,JUMBO BAG RED RETROSPOT,PACK OF 72 RETROSPOT CAKE CASES,HAND WARMER SCOTTY DOG DESIGN,JUMBO BAG PINK VINTAGE PAISLEY,JUMBO BAG PINK POLKADOT
17209,VINTAGE SNAP CARDS,WHITE HANGING HEART T-LIGHT HOLDER,REGENCY CAKESTAND 3 TIER,ASSORTED COLOUR BIRD ORNAMENT,PARTY BUNTING
17210,HAND WARMER OWL DESIGN,WHITE HANGING HEART T-LIGHT HOLDER,REGENCY CAKESTAND 3 TIER,ASSORTED COLOUR BIRD ORNAMENT,PARTY BUNTING
17211,LUNCH BAG PINK POLKADOT,LUNCH BAG WOODLAND,LUNCH BAG SUKI  DESIGN ,LUNCH BAG SPACEBOY DESIGN ,LUNCH BAG RED RETROSPOT
17212,PINK REGENCY TEACUP AND SAUCER,GREEN REGENCY TEACUP AND SAUCER,REGENCY CAKESTAND 3 TIER,VINTAGE HEADS AND TAILS CARD GAME ,PINK CREAM FELT CRAFT TRINKET BOX 
17213,SWEETHEART CERAMIC TRINKET BOX,ALARM CLOCK BAKELIKE GREEN,HAND WARMER SCOTTY DOG DESIGN,HAND WARMER BIRD DESIGN,TOILET METAL SIGN
17214,WOOD S/3 CABINET ANT WHITE FINISH,HAND WARMER SCOTTY DOG DESIGN,PICNIC BASKET WICKER SMALL,REGENCY CAKESTAND 3 TIER,PARTY BUNTING
17215,WHITE HANGING HEART T-LIGHT HOLDER,REGENCY CAKESTAND 3 TIER,ASSORTED COLOUR BIRD ORNAMENT,PARTY BUNTING,VINTAGE UNION JACK BUNTING
17216,JUMBO BAG RED RETROSPOT,LOVE BUILDING BLOCK WORD,WHITE HANGING HEART T-LIGHT HOLDER,REGENCY CAKESTAND 3 TIER,ASSORTED COLOUR BIRD ORNAMENT
17217,WHITE HANGING HEART T-LIGHT HOLDER,REGENCY CAKESTAND 3 TIER,ASSORTED COLOUR BIRD ORNAMENT,PARTY BUNTING,VINTAGE UNION JACK BUNTING
17218,JUMBO BAG STRAWBERRY,JUMBO  BAG BAROQUE BLACK WHITE,JUMBO BAG PINK POLKADOT,JUMBO SHOPPER VINTAGE RED PAISLEY,JUMBO BAG RED RETROSPOT
17219,REGENCY CAKESTAND 3 TIER,WHITE HANGING HEART T-LIGHT HOLDER,ASSORTED COLOUR BIRD ORNAMENT,BAKING SET 9 PIECE RETROSPOT ,METAL SIGN TAKE IT OR LEAVE IT 
17220,PACK OF 72 RETROSPOT CAKE CASES,JUMBO BAG RED RETROSPOT,LUNCH BAG SUKI  DESIGN ,JUMBO BAG PINK POLKADOT,JUMBO BAG PINK VINTAGE PAISLEY
17221,PAPER CHAIN KIT VINTAGE CHRISTMAS,HOT WATER BOTTLE TEA AND SYMPATHY,HEART OF WICKER SMALL,WHITE HANGING HEART T-LIGHT HOLDER,JUMBO BAG PINK POLKADOT
17222,PICNIC BASKET WICKER SMALL,REGENCY CAKESTAND 3 TIER,PARTY BUNTING,JUMBO BAG RED WHITE SPOTTY ,FAIRY CAKE FLANNEL ASSORTED COLOUR
17223,PINK REGENCY TEACUP AND SAUCER,JUMBO BAG RED RETROSPOT,PAPER CHAIN KIT 50'S CHRISTMAS ,GIN + TONIC DIET METAL SIGN,JUMBO BAG STRAWBERRY
17224,WHITE HANGING HEART T-LIGHT HOLDER,REGENCY CAKESTAND 3 TIER,ASSORTED COLOUR BIRD ORNAMENT,PARTY BUNTING,VINTAGE UNION JACK BUNTING
17225,JUMBO BAG PINK POLKADOT,JUMBO STORAGE BAG SUKI,JUMBO BAG RED RETROSPOT,WHITE HANGING HEART T-LIGHT HOLDER,REGENCY CAKESTAND 3 TIER
17226,SWEETHEART CERAMIC TRINKET BOX,PINK BLUE FELT CRAFT TRINKET BOX,WHITE HANGING HEART T-LIGHT HOLDER,PICNIC BASKET WICKER SMALL,PARTY BUNTING
17227,PACK OF 72 RETROSPOT CAKE CASES,PACK OF 60 DINOSAUR CAKE CASES,72 SWEETHEART FAIRY CAKE CASES,REGENCY CAKESTAND 3 TIER,WHITE HANGING HEART T-LIGHT HOLDER
17228,PACK OF 72 RETROSPOT CAKE CASES,LUNCH BAG SUKI  DESIGN ,LUNCH BAG SPACEBOY DESIGN ,LUNCH BAG PINK POLKADOT,LUNCH BAG RED RETROSPOT
17229,JUMBO BAG RED RETROSPOT,JUMBO STORAGE BAG SUKI,JUMBO BAG PINK POLKADOT,LUNCH BAG WOODLAND,LUNCH BAG PINK POLKADOT
17230,PINK BLUE FELT CRAFT TRINKET BOX,JUMBO BAG PINK POLKADOT,JUMBO STORAGE BAG SUKI,JUMBO BAG RED RETROSPOT,HEART OF WICKER LARGE
17231,TOILET METAL SIGN,WOODEN FRAME ANTIQUE WHITE ,"PAPER CRAFT , LITTLE BIRDIE",JUMBO BAG RED WHITE SPOTTY ,MEDIUM CERAMIC TOP STORAGE JAR
17232,REGENCY CAKESTAND 3 TIER,WHITE HANGING HEART T-LIGHT HOLDER,ASSORTED COLOUR BIRD ORNAMENT,PAPER CHAIN KIT 50'S CHRISTMAS ,BAKING SET 9 PIECE RETROSPOT 
17233,PAPER CHAIN KIT VINTAGE CHRISTMAS,REGENCY CAKESTAND 3 TIER,WHITE HANGING HEART T-LIGHT HOLDER,ASSORTED COLOUR BIRD ORNAMENT,BAKING SET 9 PIECE RETROSPOT 
17234,LOVE BUILDING BLOCK WORD,WHITE HANGING HEART T-LIGHT HOLDER,REGENCY CAKESTAND 3 TIER,ASSORTED COLOUR BIRD ORNAMENT,PARTY BUNTING
17235,REGENCY CAKESTAND 3 TIER,"PAPER CRAFT , LITTLE BIRDIE",ASSORTED COLOUR BIRD ORNAMENT,MEDIUM CERAMIC TOP STORAGE JAR,PARTY BUNTING
17236,PACK OF 72 RETROSPOT CAKE CASES,WHITE HANGING HEART T-LIGHT HOLDER,JUMBO BAG RED RETROSPOT,HAND WARMER OWL DESIGN,JUMBO BAG PINK VINTAGE PAISLEY
17237,REGENCY CAKESTAND 3 TIER,ASSORTED COLOUR BIRD ORNAMENT,BAKING SET 9 PIECE RETROSPOT ,METAL SIGN TAKE IT OR LEAVE IT ,JUMBO BAG RED WHITE SPOTTY 
17238,JUMBO BAG RED RETROSPOT,LUNCH BAG SUKI  DESIGN ,JUMBO BAG PINK POLKADOT,LUNCH BAG PINK POLKADOT,LUNCH BAG SPACEBOY DESIGN 
17239,GIN + TONIC DIET METAL SIGN,TOILET METAL SIGN,HOME BUILDING BLOCK WORD,PICNIC BASKET WICKER SMALL,REGENCY CAKESTAND 3 TIER
17240,WHITE HANGING HEART T-LIGHT HOLDER,REGENCY CAKESTAND 3 TIER,ASSORTED COLOUR BIRD ORNAMENT,PARTY BUNTING,VINTAGE UNION JACK BUNTING
17241,JUMBO BAG RED RETROSPOT,JUMBO STORAGE BAG SUKI,JUMBO BAG PINK POLKADOT,LUNCH BAG PINK POLKADOT,LUNCH BAG WOODLAND
17242,LUNCH BAG WOODLAND,LUNCH BAG PINK POLKADOT,LUNCH BAG SUKI  DESIGN ,LUNCH BAG SPACEBOY DESIGN ,LUNCH BAG RED RETROSPOT
17243,PACK OF 72 RETROSPOT CAKE CASES,WOODEN PICTURE FRAME WHITE FINISH,PINK REGENCY TEACUP AND SAUCER,GREEN REGENCY TEACUP AND SAUCER,HAND WARMER BIRD DESIGN
17244,JUMBO BAG RED RETROSPOT,JUMBO STORAGE BAG SUKI,JUMBO BAG PINK POLKADOT,HOT WATER BOTTLE TEA AND SYMPATHY,JUMBO BAG PINK VINTAGE PAISLEY
17245,WHITE HANGING HEART T-LIGHT HOLDER,WOODEN FRAME ANTIQUE WHITE ,HOME BUILDING BLOCK WORD,REGENCY CAKESTAND 3 TIER,ASSORTED COLOUR BIRD ORNAMENT
17246,WHITE HANGING HEART T-LIGHT HOLDER,REGENCY CAKESTAND 3 TIER,ASSORTED COLOUR BIRD ORNAMENT,PARTY BUNTING,VINTAGE UNION JACK BUNTING
17247,60 TEATIME FAIRY CAKE CASES,PACK OF 72 RETROSPOT CAKE CASES,REGENCY CAKESTAND 3 TIER,WHITE HANGING HEART T-LIGHT HOLDER,ASSORTED COLOUR BIRD ORNAMENT
17248,JUMBO BAG RED RETROSPOT,JUMBO BAG PINK VINTAGE PAISLEY,JUMBO BAG PINK POLKADOT,JUMBO STORAGE BAG SUKI,RED RETROSPOT CHARLOTTE BAG
17249,LUNCH BAG CARS BLUE,LUNCH BAG SPACEBOY DESIGN ,LUNCH BAG PINK POLKADOT,LUNCH BAG SUKI  DESIGN ,LUNCH BAG RED RETROSPOT
17250,ASSORTED COLOUR BIRD ORNAMENT,PAPER CHAIN KIT 50'S CHRISTMAS ,BAKING SET 9 PIECE RETROSPOT ,METAL SIGN TAKE IT OR LEAVE IT ,RABBIT NIGHT LIGHT
17251,WHITE HANGING HEART T-LIGHT HOLDER,PICNIC BASKET WICKER SMALL,REGENCY CAKESTAND 3 TIER,PARTY BUNTING,JUMBO BAG RED WHITE SPOTTY 
17252,PACK OF 72 RETROSPOT CAKE CASES,GIN + TONIC DIET METAL SIGN,WHITE HANGING HEART T-LIGHT HOLDER,REGENCY CAKESTAND 3 TIER,ASSORTED COLOUR BIRD ORNAMENT
17253,LUNCH BAG PINK POLKADOT,LUNCH BAG WOODLAND,LUNCH BAG SUKI  DESIGN ,LUNCH BAG CARS BLUE,LUNCH BAG SPACEBOY DESIGN 
17254,LUNCH BAG SUKI  DESIGN ,LUNCH BAG CARS BLUE,LUNCH BAG SPACEBOY DESIGN ,LUNCH BAG PINK POLKADOT,LUNCH BAG RED RETROSPOT
17255,WHITE HANGING HEART T-LIGHT HOLDER,JUMBO STORAGE BAG SUKI,JUMBO BAG PINK POLKADOT,JUMBO BAG RED RETROSPOT,PAPER CHAIN KIT VINTAGE CHRISTMAS
17256,WHITE HANGING HEART T-LIGHT HOLDER,REGENCY CAKESTAND 3 TIER,PARTY BUNTING,JUMBO BAG RED WHITE SPOTTY ,ASSORTED COLOUR BIRD ORNAMENT
17257,WHITE HANGING HEART T-LIGHT HOLDER,REGENCY CAKESTAND 3 TIER,ASSORTED COLOUR BIRD ORNAMENT,PARTY BUNTING,VINTAGE UNION JACK BUNTING
17258,PINK CREAM FELT CRAFT TRINKET BOX ,WHITE HANGING HEART T-LIGHT HOLDER,REGENCY CAKESTAND 3 TIER,ASSORTED COLOUR BIRD ORNAMENT,PARTY BUNTING
17259,JUMBO STORAGE BAG SUKI,JUMBO BAG PINK POLKADOT,JUMBO BAG RED RETROSPOT,LUNCH BAG CARS BLUE,LUNCH BAG SPACEBOY DESIGN 
17260,WHITE HANGING HEART T-LIGHT HOLDER,REGENCY CAKESTAND 3 TIER,ASSORTED COLOUR BIRD ORNAMENT,PARTY BUNTING,VINTAGE UNION JACK BUNTING
17261,PACK OF 72 RETROSPOT CAKE CASES,60 TEATIME FAIRY CAKE CASES,WOODEN FRAME ANTIQUE WHITE ,PINK 3 PIECE MINI DOTS CUTLERY SET,PINK CREAM FELT CRAFT TRINKET BOX 
17262,REGENCY CAKESTAND 3 TIER,WHITE HANGING HEART T-LIGHT HOLDER,"PAPER CRAFT , LITTLE BIRDIE",JUMBO BAG RED WHITE SPOTTY ,ASSORTED COLOUR BIRD ORNAMENT
17263,ALARM CLOCK BAKELIKE GREEN,REGENCY CAKESTAND 3 TIER,ASSORTED COLOUR BIRD ORNAMENT,PARTY BUNTING,VINTAGE UNION JACK BUNTING
17264,60 TEATIME FAIRY CAKE CASES,PACK OF 72 RETROSPOT CAKE CASES,PAPER CHAIN KIT 50'S CHRISTMAS ,JUMBO BAG PINK POLKADOT,JUMBO STORAGE BAG SUKI
17265,PACK OF 72 RETROSPOT CAKE CASES,60 TEATIME FAIRY CAKE CASES,ALARM CLOCK BAKELIKE GREEN,WOOD S/3 CABINET ANT WHITE FINISH,TOILET METAL SIGN
17266,LUNCH BAG WOODLAND,LUNCH BAG PINK POLKADOT,LUNCH BAG SUKI  DESIGN ,LUNCH BAG SPACEBOY DESIGN ,LUNCH BAG  BLACK SKULL.
17267,PINK REGENCY TEACUP AND SAUCER,GREEN REGENCY TEACUP AND SAUCER,REGENCY CAKESTAND 3 TIER,WHITE HANGING HEART T-LIGHT HOLDER,PARTY BUNTING
17268,WHITE HANGING HEART T-LIGHT HOLDER,PICNIC BASKET WICKER SMALL,REGENCY CAKESTAND 3 TIER,PARTY BUNTING,JUMBO BAG RED WHITE SPOTTY 
17269,60 TEATIME FAIRY CAKE CASES,PACK OF 72 RETROSPOT CAKE CASES,LUNCH BAG PINK POLKADOT,LUNCH BAG WOODLAND,LUNCH BAG SUKI  DESIGN 
17270,SWEETHEART CERAMIC TRINKET BOX,CHOCOLATE HOT WATER BOTTLE,REGENCY CAKESTAND 3 TIER,PARTY BUNTING,VINTAGE UNION JACK BUNTING
17271,PAPER CHAIN KIT VINTAGE CHRISTMAS,HOME BUILDING BLOCK WORD,STRAWBERRY CERAMIC TRINKET BOX,REGENCY CAKESTAND 3 TIER,ASSORTED COLOUR BIRD ORNAMENT
17272,HAND WARMER SCOTTY DOG DESIGN,VINTAGE HEADS AND TAILS CARD GAME ,WHITE HANGING HEART T-LIGHT HOLDER,PICNIC BASKET WICKER SMALL,REGENCY CAKESTAND 3 TIER
17273,WHITE HANGING HEART T-LIGHT HOLDER,REGENCY CAKESTAND 3 TIER,ASSORTED COLOUR BIRD ORNAMENT,PARTY BUNTING,VINTAGE UNION JACK BUNTING
17274,HAND WARMER OWL DESIGN,REGENCY CAKESTAND 3 TIER,WHITE HANGING HEART T-LIGHT HOLDER,ASSORTED COLOUR BIRD ORNAMENT,PAPER CHAIN KIT 50'S CHRISTMAS 
17275,PINK REGENCY TEACUP AND SAUCER,ROSES REGENCY TEACUP AND SAUCER ,WHITE HANGING HEART T-LIGHT HOLDER,REGENCY CAKESTAND 3 TIER,ASSORTED COLOUR BIRD ORNAMENT
17276,PINK REGENCY TEACUP AND SAUCER,REGENCY CAKESTAND 3 TIER,HAND WARMER BIRD DESIGN,JUMBO STORAGE BAG SUKI,JUMBO BAG PINK POLKADOT
17277,60 TEATIME FAIRY CAKE CASES,PACK OF 72 RETROSPOT CAKE CASES,HEART OF WICKER LARGE,WHITE HANGING HEART T-LIGHT HOLDER,PICNIC BASKET WICKER SMALL
17278,WHITE HANGING HEART T-LIGHT HOLDER,REGENCY CAKESTAND 3 TIER,ASSORTED COLOUR BIRD ORNAMENT,VINTAGE UNION JACK BUNTING,BAKING SET 9 PIECE RETROSPOT 
17279,WOODEN PICTURE FRAME WHITE FINISH,WHITE HANGING HEART T-LIGHT HOLDER,ASSORTED COLOUR BIRD ORNAMENT,PARTY BUNTING,VINTAGE UNION JACK BUNTING
17280,WHITE HANGING HEART T-LIGHT HOLDER,REGENCY CAKESTAND 3 TIER,PARTY BUNTING,VINTAGE UNION JACK BUNTING,BAKING SET 9 PIECE RETROSPOT 
17281,WHITE HANGING HEART T-LIGHT HOLDER,PICNIC BASKET WICKER SMALL,REGENCY CAKESTAND 3 TIER,PARTY BUNTING,JUMBO BAG RED WHITE SPOTTY 
17282,WHITE HANGING HEART T-LIGHT HOLDER,JUMBO BAG RED RETROSPOT,60 TEATIME FAIRY CAKE CASES,PACK OF 72 RETROSPOT CAKE CASES,LOVE BUILDING BLOCK WORD
17283,WHITE HANGING HEART T-LIGHT HOLDER,REGENCY CAKESTAND 3 TIER,ASSORTED COLOUR BIRD ORNAMENT,PARTY BUNTING,VINTAGE UNION JACK BUNTING
17284,PACK OF 72 RETROSPOT CAKE CASES,JUMBO STORAGE BAG SUKI,JUMBO BAG PINK POLKADOT,JUMBO BAG RED RETROSPOT,LUNCH BAG PINK POLKADOT
17285,WHITE HANGING HEART T-LIGHT HOLDER,ASSORTED COLOUR BIRD ORNAMENT,PARTY BUNTING,VINTAGE UNION JACK BUNTING,BAKING SET 9 PIECE RETROSPOT 
17286,LUNCH BAG CARS BLUE,LUNCH BAG SPACEBOY DESIGN ,LUNCH BAG PINK POLKADOT,LUNCH BAG SUKI  DESIGN ,LUNCH BAG  BLACK SKULL.
17287,HAND WARMER OWL DESIGN,PINK REGENCY TEACUP AND SAUCER,JUMBO BAG PINK POLKADOT,JUMBO BAG RED RETROSPOT,ALARM CLOCK BAKELIKE RED 
17288,HAND WARMER OWL DESIGN,60 TEATIME FAIRY CAKE CASES,PACK OF 72 RETROSPOT CAKE CASES,PAPER CHAIN KIT 50'S CHRISTMAS ,VINTAGE SNAP CARDS
17289,JUMBO BAG RED RETROSPOT,JUMBO STORAGE BAG SUKI,JUMBO BAG PINK POLKADOT,GIN + TONIC DIET METAL SIGN,60 TEATIME FAIRY CAKE CASES
17290,SWEETHEART CERAMIC TRINKET BOX,LUNCH BAG PINK POLKADOT,LUNCH BAG WOODLAND,LUNCH BAG SUKI  DESIGN ,LUNCH BAG CARS BLUE
17291,WHITE HANGING HEART T-LIGHT HOLDER,REGENCY CAKESTAND 3 TIER,ASSORTED COLOUR BIRD ORNAMENT,PARTY BUNTING,VINTAGE UNION JACK BUNTING
17292,WHITE HANGING HEART T-LIGHT HOLDER,REGENCY CAKESTAND 3 TIER,ASSORTED COLOUR BIRD ORNAMENT,VINTAGE UNION JACK BUNTING,BAKING SET 9 PIECE RETROSPOT 
17293,JUMBO BAG PINK POLKADOT,JUMBO BAG RED RETROSPOT,JUMBO  BAG BAROQUE BLACK WHITE,JUMBO SHOPPER VINTAGE RED PAISLEY,LUNCH BAG SUKI  DESIGN 
17294,WHITE HANGING HEART T-LIGHT HOLDER,REGENCY CAKESTAND 3 TIER,ASSORTED COLOUR BIRD ORNAMENT,PARTY BUNTING,VINTAGE UNION JACK BUNTING
17295,JUMBO BAG RED RETROSPOT,RED RETROSPOT CHARLOTTE BAG,LUNCH BAG CARS BLUE,LUNCH BAG SPACEBOY DESIGN ,LUNCH BAG PINK POLKADOT
17296,JUMBO STORAGE BAG SUKI,JUMBO BAG PINK POLKADOT,JUMBO BAG RED RETROSPOT,PINK 3 PIECE MINI DOTS CUTLERY SET,WHITE HANGING HEART T-LIGHT HOLDER
17297,REGENCY CAKESTAND 3 TIER,WHITE HANGING HEART T-LIGHT HOLDER,ASSORTED COLOUR BIRD ORNAMENT,PAPER CHAIN KIT 50'S CHRISTMAS ,BAKING SET 9 PIECE RETROSPOT 
17298,JUMBO STORAGE BAG SUKI,JUMBO BAG PINK POLKADOT,JUMBO BAG RED RETROSPOT,HEART OF WICKER LARGE,WHITE HANGING HEART T-LIGHT HOLDER
17299,REGENCY CAKESTAND 3 TIER,WHITE HANGING HEART T-LIGHT HOLDER,METAL SIGN TAKE IT OR LEAVE IT ,JUMBO BAG RED WHITE SPOTTY ,HOT WATER BOTTLE KEEP CALM
17300,LUNCH BAG WOODLAND,LUNCH BAG PINK POLKADOT,LUNCH BAG SUKI  DESIGN ,LUNCH BAG SPACEBOY DESIGN ,LUNCH BAG  BLACK SKULL.
17301,JUMBO BAG RED RETROSPOT,PACK OF 72 RETROSPOT CAKE CASES,60 TEATIME FAIRY CAKE CASES,LUNCH BAG SUKI  DESIGN ,ROSES REGENCY TEACUP AND SAUCER 
17302,WOODEN PICTURE FRAME WHITE FINISH,WHITE HANGING HEART T-LIGHT HOLDER,PAPER CHAIN KIT VINTAGE CHRISTMAS,REGENCY CAKESTAND 3 TIER,ASSORTED COLOUR BIRD ORNAMENT
17303,60 TEATIME FAIRY CAKE CASES,PACK OF 72 RETROSPOT CAKE CASES,HEART OF WICKER LARGE,JUMBO BAG PINK POLKADOT,JUMBO STORAGE BAG SUKI
17304,REGENCY CAKESTAND 3 TIER,ASSORTED COLOUR BIRD ORNAMENT,PARTY BUNTING,VINTAGE UNION JACK BUNTING,BAKING SET 9 PIECE RETROSPOT 
17305,WHITE HANGING HEART T-LIGHT HOLDER,REGENCY CAKESTAND 3 TIER,ASSORTED COLOUR BIRD ORNAMENT,PARTY BUNTING,VINTAGE UNION JACK BUNTING
17306,REGENCY CAKESTAND 3 TIER,WHITE HANGING HEART T-LIGHT HOLDER,"PAPER CRAFT , LITTLE BIRDIE",JUMBO BAG RED WHITE SPOTTY ,ASSORTED COLOUR BIRD ORNAMENT
17307,PACK OF 72 RETROSPOT CAKE CASES,SWEETHEART CERAMIC TRINKET BOX,JUMBO BAG SCANDINAVIAN PAISLEY,JUMBO BAG RED RETROSPOT,CHOCOLATE HOT WATER BOTTLE
17308,WHITE HANGING HEART T-LIGHT HOLDER,PICNIC BASKET WICKER SMALL,REGENCY CAKESTAND 3 TIER,PARTY BUNTING,JUMBO BAG RED WHITE SPOTTY 
17309,REGENCY CAKESTAND 3 TIER,ASSORTED COLOUR BIRD ORNAMENT,PARTY BUNTING,VINTAGE UNION JACK BUNTING,BAKING SET 9 PIECE RETROSPOT 
17310,PAPER CHAIN KIT VINTAGE CHRISTMAS,WHITE HANGING HEART T-LIGHT HOLDER,REGENCY CAKESTAND 3 TIER,ASSORTED COLOUR BIRD ORNAMENT,PARTY BUNTING
17311,LUNCH BAG WOODLAND,LUNCH BAG PINK POLKADOT,LUNCH BAG SUKI  DESIGN ,LUNCH BAG SPACEBOY DESIGN ,LUNCH BAG  BLACK SKULL.
17312,WHITE HANGING HEART T-LIGHT HOLDER,PICNIC BASKET WICKER SMALL,REGENCY CAKESTAND 3 TIER,PARTY BUNTING,JUMBO BAG RED WHITE SPOTTY 
17313,REGENCY CAKESTAND 3 TIER,WHITE HANGING HEART T-LIGHT HOLDER,ASSORTED COLOUR BIRD ORNAMENT,PAPER CHAIN KIT 50'S CHRISTMAS ,BAKING SET 9 PIECE RETROSPOT 
17314,WHITE HANGING HEART T-LIGHT HOLDER,PACK OF 72 RETROSPOT CAKE CASES,WOODEN FRAME ANTIQUE WHITE ,72 SWEETHEART FAIRY CAKE CASES,PINK 3 PIECE MINI DOTS CUTLERY SET
17315,JUMBO BAG RED RETROSPOT,PACK OF 72 RETROSPOT CAKE CASES,HAND WARMER OWL DESIGN,JUMBO BAG PINK POLKADOT,JUMBO STORAGE BAG SUKI
17316,LUNCH BAG WOODLAND,LUNCH BAG PINK POLKADOT,LUNCH BAG SUKI  DESIGN ,LUNCH BAG SPACEBOY DESIGN ,LUNCH BAG  BLACK SKULL.
17317,PAPER CHAIN KIT VINTAGE CHRISTMAS,WHITE HANGING HEART T-LIGHT HOLDER,PICNIC BASKET WICKER SMALL,REGENCY CAKESTAND 3 TIER,PARTY BUNTING
17318,WHITE HANGING HEART T-LIGHT HOLDER,REGENCY CAKESTAND 3 TIER,ASSORTED COLOUR BIRD ORNAMENT,PARTY BUNTING,VINTAGE UNION JACK BUNTING
17319,WHITE HANGING HEART T-LIGHT HOLDER,REGENCY CAKESTAND 3 TIER,ASSORTED COLOUR BIRD ORNAMENT,PARTY BUNTING,VINTAGE UNION JACK BUNTING
17320,WHITE HANGING HEART T-LIGHT HOLDER,LOVE BUILDING BLOCK WORD,PACK OF 60 DINOSAUR CAKE CASES,72 SWEETHEART FAIRY CAKE CASES,PACK OF 60 PINK PAISLEY CAKE CASES
17321,JUMBO BAG PINK POLKADOT,JUMBO STORAGE BAG SUKI,JUMBO BAG RED RETROSPOT,ALARM CLOCK BAKELIKE RED ,60 TEATIME FAIRY CAKE CASES
17322,JUMBO BAG RED RETROSPOT,JUMBO BAG PINK POLKADOT,LUNCH BAG SUKI  DESIGN ,LUNCH BAG PINK POLKADOT,LUNCH BAG WOODLAND
17323,PACK OF 72 RETROSPOT CAKE CASES,LUNCH BAG SUKI  DESIGN ,JUMBO BAG RED RETROSPOT,LUNCH BAG SPACEBOY DESIGN ,LUNCH BAG PINK POLKADOT
17324,LUNCH BAG SPACEBOY DESIGN ,LUNCH BAG PINK POLKADOT,LUNCH BAG SUKI  DESIGN ,LUNCH BAG RED RETROSPOT,PACK OF 72 RETROSPOT CAKE CASES
17325,WHITE HANGING HEART T-LIGHT HOLDER,REGENCY CAKESTAND 3 TIER,ASSORTED COLOUR BIRD ORNAMENT,PARTY BUNTING,VINTAGE UNION JACK BUNTING
17326,JUMBO BAG RED RETROSPOT,JUMBO BAG PINK POLKADOT,LUNCH BAG SUKI  DESIGN ,HEART OF WICKER LARGE,WHITE HANGING HEART T-LIGHT HOLDER
17327,WHITE HANGING HEART T-LIGHT HOLDER,REGENCY CAKESTAND 3 TIER,ASSORTED COLOUR BIRD ORNAMENT,PARTY BUNTING,VINTAGE UNION JACK BUNTING
17328,WHITE HANGING HEART T-LIGHT HOLDER,REGENCY CAKESTAND 3 TIER,ASSORTED COLOUR BIRD ORNAMENT,PARTY BUNTING,VINTAGE UNION JACK BUNTING
17329,JUMBO BAG STRAWBERRY,JUMBO  BAG BAROQUE BLACK WHITE,JUMBO BAG PINK POLKADOT,JUMBO SHOPPER VINTAGE RED PAISLEY,JUMBO BAG RED RETROSPOT
17330,REGENCY CAKESTAND 3 TIER,WHITE HANGING HEART T-LIGHT HOLDER,ASSORTED COLOUR BIRD ORNAMENT,PAPER CHAIN KIT 50'S CHRISTMAS ,BAKING SET 9 PIECE RETROSPOT 
17331,WHITE HANGING HEART T-LIGHT HOLDER,ASSORTED COLOUR BIRD ORNAMENT,PARTY BUNTING,VINTAGE UNION JACK BUNTING,BAKING SET 9 PIECE RETROSPOT 
17332,JUMBO BAG PINK POLKADOT,JUMBO STORAGE BAG SUKI,JUMBO BAG RED RETROSPOT,WHITE HANGING HEART T-LIGHT HOLDER,PICNIC BASKET WICKER SMALL
17333,HAND WARMER OWL DESIGN,HOT WATER BOTTLE TEA AND SYMPATHY,WHITE HANGING HEART T-LIGHT HOLDER,REGENCY CAKESTAND 3 TIER,ASSORTED COLOUR BIRD ORNAMENT
17334,WHITE HANGING HEART T-LIGHT HOLDER,ASSORTED COLOUR BIRD ORNAMENT,PARTY BUNTING,VINTAGE UNION JACK BUNTING,BAKING SET 9 PIECE RETROSPOT 
17335,60 TEATIME FAIRY CAKE CASES,PACK OF 72 RETROSPOT CAKE CASES,WHITE HANGING HEART T-LIGHT HOLDER,REGENCY CAKESTAND 3 TIER,ASSORTED COLOUR BIRD ORNAMENT
17336,WHITE HANGING HEART T-LIGHT HOLDER,REGENCY CAKESTAND 3 TIER,ASSORTED COLOUR BIRD ORNAMENT,PARTY BUNTING,VINTAGE UNION JACK BUNTING
17337,PACK OF 72 RETROSPOT CAKE CASES,PINK 3 PIECE MINI DOTS CUTLERY SET,GIN + TONIC DIET METAL SIGN,HEART OF WICKER LARGE,WOOD 2 DRAWER CABINET WHITE FINISH
17338,PACK OF 72 RETROSPOT CAKE CASES,JUMBO BAG PINK POLKADOT,JUMBO STORAGE BAG SUKI,JUMBO BAG RED RETROSPOT,HAND WARMER OWL DESIGN
17339,REGENCY CAKESTAND 3 TIER,WHITE HANGING HEART T-LIGHT HOLDER,ASSORTED COLOUR BIRD ORNAMENT,PAPER CHAIN KIT 50'S CHRISTMAS ,BAKING SET 9 PIECE RETROSPOT 
17340,WHITE HANGING HEART T-LIGHT HOLDER,VINTAGE HEADS AND TAILS CARD GAME ,"PAPER CRAFT , LITTLE BIRDIE",JUMBO BAG RED WHITE SPOTTY ,MEDIUM CERAMIC TOP STORAGE JAR
17341,JUMBO BAG PINK POLKADOT,JUMBO BAG RED RETROSPOT,PACK OF 72 RETROSPOT CAKE CASES,WOODEN PICTURE FRAME WHITE FINISH,HAND WARMER OWL DESIGN
17342,PACK OF 60 DINOSAUR CAKE CASES,72 SWEETHEART FAIRY CAKE CASES,PACK OF 60 PINK PAISLEY CAKE CASES,PACK OF 72 RETROSPOT CAKE CASES,WHITE HANGING HEART T-LIGHT HOLDER
17343,WHITE HANGING HEART T-LIGHT HOLDER,PICNIC BASKET WICKER SMALL,REGENCY CAKESTAND 3 TIER,PARTY BUNTING,JUMBO BAG RED WHITE SPOTTY 
17344,REGENCY CAKESTAND 3 TIER,ASSORTED COLOUR BIRD ORNAMENT,PAPER CHAIN KIT 50'S CHRISTMAS ,BAKING SET 9 PIECE RETROSPOT ,METAL SIGN TAKE IT OR LEAVE IT 
17345,JUMBO BAG RED RETROSPOT,JUMBO BAG PINK POLKADOT,JUMBO BAG STRAWBERRY,JUMBO  BAG BAROQUE BLACK WHITE,LUNCH BAG SUKI  DESIGN 
17346,JUMBO BAG RED RETROSPOT,PACK OF 72 RETROSPOT CAKE CASES,LUNCH BAG SUKI  DESIGN ,JUMBO BAG PINK POLKADOT,LUNCH BAG PINK POLKADOT
17347,WHITE HANGING HEART T-LIGHT HOLDER,REGENCY CAKESTAND 3 TIER,ASSORTED COLOUR BIRD ORNAMENT,PARTY BUNTING,VINTAGE UNION JACK BUNTING
17348,JUMBO BAG RED RETROSPOT,JUMBO BAG PINK POLKADOT,JUMBO STORAGE BAG SUKI,RED RETROSPOT CHARLOTTE BAG,HEART OF WICKER LARGE
17349,JUMBO BAG RED RETROSPOT,JUMBO BAG PINK POLKADOT,LUNCH BAG SUKI  DESIGN ,JUMBO BAG STRAWBERRY,JUMBO SHOPPER VINTAGE RED PAISLEY
17350,LUNCH BAG CARS BLUE,LUNCH BAG SPACEBOY DESIGN ,LUNCH BAG PINK POLKADOT,LUNCH BAG SUKI  DESIGN ,LUNCH BAG  BLACK SKULL.
17351,WHITE HANGING HEART T-LIGHT HOLDER,"PAPER CRAFT , LITTLE BIRDIE",JUMBO BAG RED WHITE SPOTTY ,ASSORTED COLOUR BIRD ORNAMENT,MEDIUM CERAMIC TOP STORAGE JAR
17352,WHITE HANGING HEART T-LIGHT HOLDER,REGENCY CAKESTAND 3 TIER,ASSORTED COLOUR BIRD ORNAMENT,PARTY BUNTING,VINTAGE UNION JACK BUNTING
17353,LUNCH BAG WOODLAND,LUNCH BAG PINK POLKADOT,LUNCH BAG SUKI  DESIGN ,LUNCH BAG SPACEBOY DESIGN ,LUNCH BAG  BLACK SKULL.
17354,JUMBO BAG RED RETROSPOT,JUMBO STORAGE BAG SUKI,JUMBO BAG PINK POLKADOT,JUMBO BAG SCANDINAVIAN PAISLEY,WHITE HANGING HEART T-LIGHT HOLDER
17355,JUMBO BAG PINK POLKADOT,JUMBO STORAGE BAG SUKI,JUMBO BAG RED RETROSPOT,WHITE HANGING HEART T-LIGHT HOLDER,REGENCY CAKESTAND 3 TIER
17356,PINK 3 PIECE MINI DOTS CUTLERY SET,WHITE HANGING HEART T-LIGHT HOLDER,PICNIC BASKET WICKER SMALL,REGENCY CAKESTAND 3 TIER,PARTY BUNTING
17357,PAPER CHAIN KIT 50'S CHRISTMAS ,REGENCY CAKESTAND 3 TIER,WHITE HANGING HEART T-LIGHT HOLDER,ASSORTED COLOUR BIRD ORNAMENT,METAL SIGN TAKE IT OR LEAVE IT 
17358,HAND WARMER OWL DESIGN,60 TEATIME FAIRY CAKE CASES,PACK OF 72 RETROSPOT CAKE CASES,JUMBO BAG SCANDINAVIAN PAISLEY,JUMBO BAG RED RETROSPOT
17359,VINTAGE SNAP CARDS,JUMBO BAG PINK POLKADOT,JUMBO STORAGE BAG SUKI,JUMBO BAG RED RETROSPOT,REGENCY CAKESTAND 3 TIER
17360,PACK OF 72 RETROSPOT CAKE CASES,LUNCH BAG PINK POLKADOT,LUNCH BAG WOODLAND,LUNCH BAG SUKI  DESIGN ,LUNCH BAG SPACEBOY DESIGN 
17361,REGENCY CAKESTAND 3 TIER,WHITE HANGING HEART T-LIGHT HOLDER,ASSORTED COLOUR BIRD ORNAMENT,PAPER CHAIN KIT 50'S CHRISTMAS ,BAKING SET 9 PIECE RETROSPOT 
17362,LUNCH BAG CARS BLUE,LUNCH BAG SPACEBOY DESIGN ,LUNCH BAG PINK POLKADOT,LUNCH BAG SUKI  DESIGN ,LUNCH BAG  BLACK SKULL.
17363,JUMBO BAG RED RETROSPOT,WHITE HANGING HEART T-LIGHT HOLDER,PICNIC BASKET WICKER SMALL,REGENCY CAKESTAND 3 TIER,PARTY BUNTING
17364,60 TEATIME FAIRY CAKE CASES,PACK OF 72 RETROSPOT CAKE CASES,HAND WARMER OWL DESIGN,PAPER CHAIN KIT 50'S CHRISTMAS ,PINK BLUE FELT CRAFT TRINKET BOX
17365,LUNCH BAG WOODLAND,LUNCH BAG PINK POLKADOT,LUNCH BAG SUKI  DESIGN ,LUNCH BAG SPACEBOY DESIGN ,LUNCH BAG  BLACK SKULL.
17366,JUMBO BAG RED RETROSPOT,LUNCH BAG SUKI  DESIGN ,JUMBO BAG PINK POLKADOT,LUNCH BAG CARS BLUE,LUNCH BAG SPACEBOY DESIGN 
17367,WHITE HANGING HEART T-LIGHT HOLDER,REGENCY CAKESTAND 3 TIER,ASSORTED COLOUR BIRD ORNAMENT,PARTY BUNTING,VINTAGE UNION JACK BUNTING
17368,WHITE HANGING HEART T-LIGHT HOLDER,JUMBO BAG RED RETROSPOT,BLUE 3 PIECE MINI DOTS CUTLERY SET,HOME BUILDING BLOCK WORD,JUMBO BAG PINK VINTAGE PAISLEY
17369,WHITE HANGING HEART T-LIGHT HOLDER,REGENCY CAKESTAND 3 TIER,ASSORTED COLOUR BIRD ORNAMENT,PARTY BUNTING,VINTAGE UNION JACK BUNTING
17370,PACK OF 72 RETROSPOT CAKE CASES,60 TEATIME FAIRY CAKE CASES,REGENCY CAKESTAND 3 TIER,WHITE HANGING HEART T-LIGHT HOLDER,ASSORTED COLOUR BIRD ORNAMENT
17371,LUNCH BAG PINK POLKADOT,LUNCH BAG WOODLAND,LUNCH BAG SUKI  DESIGN ,LUNCH BAG CARS BLUE,LUNCH BAG SPACEBOY DESIGN 
17372,PACK OF 72 RETROSPOT CAKE CASES,PINK REGENCY TEACUP AND SAUCER,JUMBO BAG PINK POLKADOT,JUMBO STORAGE BAG SUKI,JUMBO BAG RED RETROSPOT
17373,PACK OF 72 RETROSPOT CAKE CASES,WHITE HANGING HEART T-LIGHT HOLDER,LUNCH BAG WOODLAND,LUNCH BAG PINK POLKADOT,LUNCH BAG SUKI  DESIGN 
17374,WHITE HANGING HEART T-LIGHT HOLDER,PICNIC BASKET WICKER SMALL,REGENCY CAKESTAND 3 TIER,PARTY BUNTING,JUMBO BAG RED WHITE SPOTTY 
17375,60 TEATIME FAIRY CAKE CASES,PACK OF 72 RETROSPOT CAKE CASES,JUMBO STORAGE BAG SUKI,JUMBO BAG PINK POLKADOT,JUMBO BAG RED RETROSPOT
17376,REGENCY CAKESTAND 3 TIER,WHITE HANGING HEART T-LIGHT HOLDER,ASSORTED COLOUR BIRD ORNAMENT,PAPER CHAIN KIT 50'S CHRISTMAS ,METAL SIGN TAKE IT OR LEAVE IT 
17377,JUMBO BAG RED RETROSPOT,PACK OF 72 RETROSPOT CAKE CASES,LUNCH BAG SUKI  DESIGN ,JUMBO BAG PINK POLKADOT,LUNCH BAG WOODLAND
17378,WHITE HANGING HEART T-LIGHT HOLDER,REGENCY CAKESTAND 3 TIER,ASSORTED COLOUR BIRD ORNAMENT,PARTY BUNTING,VINTAGE UNION JACK BUNTING
17379,RED RETROSPOT CHARLOTTE BAG,JUMBO BAG PINK VINTAGE PAISLEY,JUMBO BAG RED RETROSPOT,STRAWBERRY CERAMIC TRINKET BOX,REGENCY CAKESTAND 3 TIER
17380,WHITE HANGING HEART T-LIGHT HOLDER,REGENCY CAKESTAND 3 TIER,ASSORTED COLOUR BIRD ORNAMENT,PARTY BUNTING,VINTAGE UNION JACK BUNTING
17381,REGENCY CAKESTAND 3 TIER,WHITE HANGING HEART T-LIGHT HOLDER,"PAPER CRAFT , LITTLE BIRDIE",JUMBO BAG RED WHITE SPOTTY ,ASSORTED COLOUR BIRD ORNAMENT
17382,WHITE HANGING HEART T-LIGHT HOLDER,PICNIC BASKET WICKER SMALL,REGENCY CAKESTAND 3 TIER,PARTY BUNTING,JUMBO BAG RED WHITE SPOTTY 
17383,REGENCY CAKESTAND 3 TIER,WHITE HANGING HEART T-LIGHT HOLDER,ASSORTED COLOUR BIRD ORNAMENT,BAKING SET 9 PIECE RETROSPOT ,METAL SIGN TAKE IT OR LEAVE IT 
17384,WHITE HANGING HEART T-LIGHT HOLDER,JUMBO BAG STRAWBERRY,JUMBO  BAG BAROQUE BLACK WHITE,JUMBO BAG PINK POLKADOT,JUMBO SHOPPER VINTAGE RED PAISLEY
17385,REGENCY CAKESTAND 3 TIER,WHITE HANGING HEART T-LIGHT HOLDER,ASSORTED COLOUR BIRD ORNAMENT,BAKING SET 9 PIECE RETROSPOT ,METAL SIGN TAKE IT OR LEAVE IT 
17386,ROSES REGENCY TEACUP AND SAUCER ,PAPER CHAIN KIT 50'S CHRISTMAS ,LUNCH BAG PINK POLKADOT,LUNCH BAG WOODLAND,LUNCH BAG SUKI  DESIGN 
17387,ASSORTED COLOUR BIRD ORNAMENT,LUNCH BAG CARS BLUE,LUNCH BAG SPACEBOY DESIGN ,LUNCH BAG PINK POLKADOT,LUNCH BAG SUKI  DESIGN 
17388,WHITE HANGING HEART T-LIGHT HOLDER,PICNIC BASKET WICKER SMALL,REGENCY CAKESTAND 3 TIER,PARTY BUNTING,JUMBO BAG RED WHITE SPOTTY 
17389,REGENCY CAKESTAND 3 TIER,WHITE HANGING HEART T-LIGHT HOLDER,"PAPER CRAFT , LITTLE BIRDIE",ASSORTED COLOUR BIRD ORNAMENT,MEDIUM CERAMIC TOP STORAGE JAR
17390,WHITE HANGING HEART T-LIGHT HOLDER,REGENCY CAKESTAND 3 TIER,ASSORTED COLOUR BIRD ORNAMENT,PARTY BUNTING,VINTAGE UNION JACK BUNTING
17391,WHITE HANGING HEART T-LIGHT HOLDER,REGENCY CAKESTAND 3 TIER,ASSORTED COLOUR BIRD ORNAMENT,PARTY BUNTING,VINTAGE UNION JACK BUNTING
17392,PAPER CHAIN KIT 50'S CHRISTMAS ,JUMBO BAG SCANDINAVIAN PAISLEY,JUMBO BAG RED RETROSPOT,HEART OF WICKER SMALL,REGENCY CAKESTAND 3 TIER
17393,WHITE HANGING HEART T-LIGHT HOLDER,REGENCY CAKESTAND 3 TIER,ASSORTED COLOUR BIRD ORNAMENT,PARTY BUNTING,VINTAGE UNION JACK BUNTING
17394,WHITE HANGING HEART T-LIGHT HOLDER,REGENCY CAKESTAND 3 TIER,ASSORTED COLOUR BIRD ORNAMENT,PARTY BUNTING,VINTAGE UNION JACK BUNTING
17395,PINK 3 PIECE MINI DOTS CUTLERY SET,WHITE HANGING HEART T-LIGHT HOLDER,REGENCY CAKESTAND 3 TIER,ASSORTED COLOUR BIRD ORNAMENT,PARTY BUNTING
17396,WHITE HANGING HEART T-LIGHT HOLDER,"PAPER CRAFT , LITTLE BIRDIE",JUMBO BAG RED WHITE SPOTTY ,ASSORTED COLOUR BIRD ORNAMENT,MEDIUM CERAMIC TOP STORAGE JAR
17397,WOOD S/3 CABINET ANT WHITE FINISH,HEART OF WICKER LARGE,REGENCY CAKESTAND 3 TIER,ASSORTED COLOUR BIRD ORNAMENT,PAPER CHAIN KIT 50'S CHRISTMAS 
17398,PACK OF 72 RETROSPOT CAKE CASES,60 TEATIME FAIRY CAKE CASES,STRAWBERRY CERAMIC TRINKET BOX,WHITE HANGING HEART T-LIGHT HOLDER,PICNIC BASKET WICKER SMALL
17400,ALARM CLOCK BAKELIKE RED ,HOT WATER BOTTLE TEA AND SYMPATHY,GIN + TONIC DIET METAL SIGN,JUMBO BAG STRAWBERRY,JUMBO  BAG BAROQUE BLACK WHITE
17401,WHITE HANGING HEART T-LIGHT HOLDER,REGENCY CAKESTAND 3 TIER,ASSORTED COLOUR BIRD ORNAMENT,PARTY BUNTING,BAKING SET 9 PIECE RETROSPOT 
17402,LOVE BUILDING BLOCK WORD,WHITE HANGING HEART T-LIGHT HOLDER,HOT WATER BOTTLE TEA AND SYMPATHY,PINK REGENCY TEACUP AND SAUCER,GREEN REGENCY TEACUP AND SAUCER
17403,GREEN REGENCY TEACUP AND SAUCER,REGENCY CAKESTAND 3 TIER,WHITE HANGING HEART T-LIGHT HOLDER,ASSORTED COLOUR BIRD ORNAMENT,PAPER CHAIN KIT 50'S CHRISTMAS 
17404,PACK OF 72 RETROSPOT CAKE CASES,PACK OF 60 DINOSAUR CAKE CASES,VINTAGE SNAP CARDS,REGENCY CAKESTAND 3 TIER,WHITE HANGING HEART T-LIGHT HOLDER
17405,WOOD 2 DRAWER CABINET WHITE FINISH,REGENCY CAKESTAND 3 TIER,WHITE HANGING HEART T-LIGHT HOLDER,ASSORTED COLOUR BIRD ORNAMENT,PAPER CHAIN KIT 50'S CHRISTMAS 
17406,PACK OF 72 RETROSPOT CAKE CASES,SWEETHEART CERAMIC TRINKET BOX,WOODEN PICTURE FRAME WHITE FINISH,PACK OF 60 DINOSAUR CAKE CASES,HOME BUILDING BLOCK WORD
17407,PACK OF 72 RETROSPOT CAKE CASES,WHITE HANGING HEART T-LIGHT HOLDER,REGENCY CAKESTAND 3 TIER,ASSORTED COLOUR BIRD ORNAMENT,PARTY BUNTING
17408,WHITE HANGING HEART T-LIGHT HOLDER,ASSORTED COLOUR BIRD ORNAMENT,PARTY BUNTING,VINTAGE UNION JACK BUNTING,BAKING SET 9 PIECE RETROSPOT 
17409,PICNIC BASKET WICKER SMALL,REGENCY CAKESTAND 3 TIER,PARTY BUNTING,JUMBO BAG RED WHITE SPOTTY ,FAIRY CAKE FLANNEL ASSORTED COLOUR
17410,VINTAGE HEADS AND TAILS CARD GAME ,WHITE HANGING HEART T-LIGHT HOLDER,ASSORTED COLOUR BIRD ORNAMENT,PAPER CHAIN KIT 50'S CHRISTMAS ,BAKING SET 9 PIECE RETROSPOT 
17411,ALARM CLOCK BAKELIKE GREEN,PAPER CHAIN KIT VINTAGE CHRISTMAS,REGENCY CAKESTAND 3 TIER,WHITE HANGING HEART T-LIGHT HOLDER,BAKING SET 9 PIECE RETROSPOT 
17412,JUMBO BAG PINK POLKADOT,JUMBO BAG RED RETROSPOT,LUNCH BAG SUKI  DESIGN ,60 TEATIME FAIRY CAKE CASES,PACK OF 72 RETROSPOT CAKE CASES
17413,ASSORTED COLOUR BIRD ORNAMENT,PARTY BUNTING,VINTAGE UNION JACK BUNTING,BAKING SET 9 PIECE RETROSPOT ,GRAND CHOCOLATECANDLE
17414,WHITE HANGING HEART T-LIGHT HOLDER,PICNIC BASKET WICKER SMALL,REGENCY CAKESTAND 3 TIER,PARTY BUNTING,JUMBO BAG RED WHITE SPOTTY 
17415,WHITE HANGING HEART T-LIGHT HOLDER,REGENCY CAKESTAND 3 TIER,ASSORTED COLOUR BIRD ORNAMENT,PARTY BUNTING,VINTAGE UNION JACK BUNTING
17416,JUMBO BAG RED RETROSPOT,LUNCH BAG SUKI  DESIGN ,JUMBO BAG PINK POLKADOT,LUNCH BAG PINK POLKADOT,LUNCH BAG SPACEBOY DESIGN 
17417,GIN + TONIC DIET METAL SIGN,WHITE HANGING HEART T-LIGHT HOLDER,REGENCY CAKESTAND 3 TIER,ASSORTED COLOUR BIRD ORNAMENT,PARTY BUNTING
17418,VINTAGE HEADS AND TAILS CARD GAME ,REGENCY CAKESTAND 3 TIER,ASSORTED COLOUR BIRD ORNAMENT,PAPER CHAIN KIT 50'S CHRISTMAS ,BAKING SET 9 PIECE RETROSPOT 
17419,PACK OF 72 RETROSPOT CAKE CASES,WOODEN FRAME ANTIQUE WHITE ,72 SWEETHEART FAIRY CAKE CASES,PACK OF 60 PINK PAISLEY CAKE CASES,HOT WATER BOTTLE TEA AND SYMPATHY
17420,LUNCH BAG SUKI  DESIGN ,JUMBO BAG RED RETROSPOT,LUNCH BAG PINK POLKADOT,LUNCH BAG SPACEBOY DESIGN ,LUNCH BAG RED RETROSPOT
17421,PACK OF 72 RETROSPOT CAKE CASES,WHITE HANGING HEART T-LIGHT HOLDER,PICNIC BASKET WICKER SMALL,REGENCY CAKESTAND 3 TIER,PARTY BUNTING
17422,HAND WARMER OWL DESIGN,REGENCY CAKESTAND 3 TIER,WHITE HANGING HEART T-LIGHT HOLDER,"PAPER CRAFT , LITTLE BIRDIE",JUMBO BAG RED WHITE SPOTTY 
17423,PACK OF 60 DINOSAUR CAKE CASES,72 SWEETHEART FAIRY CAKE CASES,PACK OF 60 PINK PAISLEY CAKE CASES,PACK OF 72 RETROSPOT CAKE CASES,REGENCY CAKESTAND 3 TIER
17425,JUMBO BAG PINK POLKADOT,JUMBO BAG RED RETROSPOT,JUMBO BAG STRAWBERRY,JUMBO  BAG BAROQUE BLACK WHITE,LUNCH BAG SUKI  DESIGN 
17426,PACK OF 72 RETROSPOT CAKE CASES,LUNCH BAG WOODLAND,LUNCH BAG PINK POLKADOT,LUNCH BAG SUKI  DESIGN ,LUNCH BAG SPACEBOY DESIGN 
17427,WHITE HANGING HEART T-LIGHT HOLDER,REGENCY CAKESTAND 3 TIER,ASSORTED COLOUR BIRD ORNAMENT,PARTY BUNTING,VINTAGE UNION JACK BUNTING
17428,JUMBO BAG RED RETROSPOT,PACK OF 72 RETROSPOT CAKE CASES,LUNCH BAG SUKI  DESIGN ,JUMBO BAG PINK POLKADOT,LUNCH BAG PINK POLKADOT
17429,STRAWBERRY CERAMIC TRINKET BOX,WHITE HANGING HEART T-LIGHT HOLDER,PICNIC BASKET WICKER SMALL,REGENCY CAKESTAND 3 TIER,PARTY BUNTING
17430,HAND WARMER OWL DESIGN,HEART OF WICKER LARGE,REGENCY CAKESTAND 3 TIER,ASSORTED COLOUR BIRD ORNAMENT,PAPER CHAIN KIT 50'S CHRISTMAS 
17431,60 TEATIME FAIRY CAKE CASES,PACK OF 72 RETROSPOT CAKE CASES,WHITE HANGING HEART T-LIGHT HOLDER,REGENCY CAKESTAND 3 TIER,ASSORTED COLOUR BIRD ORNAMENT
17432,BLUE 3 PIECE MINI DOTS CUTLERY SET,LUNCH BAG CARS BLUE,LUNCH BAG SPACEBOY DESIGN ,LUNCH BAG PINK POLKADOT,LUNCH BAG SUKI  DESIGN 
17433,LUNCH BAG SPACEBOY DESIGN ,LUNCH BAG PINK POLKADOT,LUNCH BAG SUKI  DESIGN ,LUNCH BAG  BLACK SKULL.,LUNCH BAG RED RETROSPOT
17434,WOODEN PICTURE FRAME WHITE FINISH,WHITE HANGING HEART T-LIGHT HOLDER,HOT WATER BOTTLE TEA AND SYMPATHY,VINTAGE HEADS AND TAILS CARD GAME ,"PAPER CRAFT , LITTLE BIRDIE"
17435,WHITE HANGING HEART T-LIGHT HOLDER,REGENCY CAKESTAND 3 TIER,ASSORTED COLOUR BIRD ORNAMENT,PARTY BUNTING,VINTAGE UNION JACK BUNTING
17436,REGENCY CAKESTAND 3 TIER,WHITE HANGING HEART T-LIGHT HOLDER,ASSORTED COLOUR BIRD ORNAMENT,PAPER CHAIN KIT 50'S CHRISTMAS ,BAKING SET 9 PIECE RETROSPOT 
17437,WHITE HANGING HEART T-LIGHT HOLDER,REGENCY CAKESTAND 3 TIER,ASSORTED COLOUR BIRD ORNAMENT,PARTY BUNTING,VINTAGE UNION JACK BUNTING
17438,PAPER CHAIN KIT VINTAGE CHRISTMAS,WHITE HANGING HEART T-LIGHT HOLDER,REGENCY CAKESTAND 3 TIER,PARTY BUNTING,JUMBO BAG RED WHITE SPOTTY 
17439,WHITE HANGING HEART T-LIGHT HOLDER,REGENCY CAKESTAND 3 TIER,ASSORTED COLOUR BIRD ORNAMENT,BAKING SET 9 PIECE RETROSPOT ,GRAND CHOCOLATECANDLE
17440,WHITE HANGING HEART T-LIGHT HOLDER,REGENCY CAKESTAND 3 TIER,ASSORTED COLOUR BIRD ORNAMENT,PARTY BUNTING,VINTAGE UNION JACK BUNTING
17441,TOILET METAL SIGN,REGENCY CAKESTAND 3 TIER,ASSORTED COLOUR BIRD ORNAMENT,PARTY BUNTING,VINTAGE UNION JACK BUNTING
17442,BLUE 3 PIECE MINI DOTS CUTLERY SET,LOVE BUILDING BLOCK WORD,WHITE HANGING HEART T-LIGHT HOLDER,60 TEATIME FAIRY CAKE CASES,PACK OF 72 RETROSPOT CAKE CASES
17443,WHITE HANGING HEART T-LIGHT HOLDER,REGENCY CAKESTAND 3 TIER,ASSORTED COLOUR BIRD ORNAMENT,PARTY BUNTING,VINTAGE UNION JACK BUNTING
17444,LUNCH BAG SPACEBOY DESIGN ,LUNCH BAG PINK POLKADOT,LUNCH BAG SUKI  DESIGN ,LUNCH BAG RED RETROSPOT,PINK REGENCY TEACUP AND SAUCER
17446,PACK OF 72 RETROSPOT CAKE CASES,60 TEATIME FAIRY CAKE CASES,WHITE HANGING HEART T-LIGHT HOLDER,REGENCY CAKESTAND 3 TIER,ASSORTED COLOUR BIRD ORNAMENT
17447,VINTAGE SNAP CARDS,REGENCY CAKESTAND 3 TIER,WHITE HANGING HEART T-LIGHT HOLDER,PAPER CHAIN KIT 50'S CHRISTMAS ,BAKING SET 9 PIECE RETROSPOT 
17448,LUNCH BAG WOODLAND,LUNCH BAG PINK POLKADOT,LUNCH BAG SUKI  DESIGN ,LUNCH BAG SPACEBOY DESIGN ,LUNCH BAG  BLACK SKULL.
17449,WHITE HANGING HEART T-LIGHT HOLDER,HAND WARMER OWL DESIGN,GIN + TONIC DIET METAL SIGN,PINK REGENCY TEACUP AND SAUCER,ROSES REGENCY TEACUP AND SAUCER 
17450,HOME BUILDING BLOCK WORD,CHOCOLATE HOT WATER BOTTLE,REGENCY CAKESTAND 3 TIER,"PAPER CRAFT , LITTLE BIRDIE",JUMBO BAG RED WHITE SPOTTY 
17451,LUNCH BAG WOODLAND,LUNCH BAG PINK POLKADOT,LUNCH BAG SUKI  DESIGN ,LUNCH BAG SPACEBOY DESIGN ,LUNCH BAG  BLACK SKULL.
17453,WHITE HANGING HEART T-LIGHT HOLDER,ASSORTED COLOUR BIRD ORNAMENT,PAPER CHAIN KIT 50'S CHRISTMAS ,METAL SIGN TAKE IT OR LEAVE IT ,RABBIT NIGHT LIGHT
17454,JUMBO BAG RED RETROSPOT,JUMBO BAG PINK POLKADOT,LUNCH BAG SUKI  DESIGN ,LUNCH BAG PINK POLKADOT,LUNCH BAG WOODLAND
17455,LUNCH BAG WOODLAND,LUNCH BAG PINK POLKADOT,LUNCH BAG SUKI  DESIGN ,LUNCH BAG SPACEBOY DESIGN ,LUNCH BAG  BLACK SKULL.
17456,LUNCH BAG CARS BLUE,LUNCH BAG SPACEBOY DESIGN ,LUNCH BAG PINK POLKADOT,LUNCH BAG SUKI  DESIGN ,LUNCH BAG  BLACK SKULL.
17457,REGENCY CAKESTAND 3 TIER,WHITE HANGING HEART T-LIGHT HOLDER,"PAPER CRAFT , LITTLE BIRDIE",JUMBO BAG RED WHITE SPOTTY ,ASSORTED COLOUR BIRD ORNAMENT
17458,WHITE HANGING HEART T-LIGHT HOLDER,LOVE BUILDING BLOCK WORD,HAND WARMER OWL DESIGN,HEART OF WICKER SMALL,VINTAGE SNAP CARDS
17459,JUMBO BAG RED RETROSPOT,JUMBO STORAGE BAG SUKI,JUMBO BAG PINK POLKADOT,LUNCH BAG SPACEBOY DESIGN ,LUNCH BAG PINK POLKADOT
17460,PACK OF 60 DINOSAUR CAKE CASES,72 SWEETHEART FAIRY CAKE CASES,PACK OF 60 PINK PAISLEY CAKE CASES,PACK OF 72 RETROSPOT CAKE CASES,JUMBO BAG PINK VINTAGE PAISLEY
17461,LUNCH BAG CARS BLUE,LUNCH BAG SPACEBOY DESIGN ,LUNCH BAG PINK POLKADOT,LUNCH BAG SUKI  DESIGN ,LUNCH BAG  BLACK SKULL.
17462,LUNCH BAG WOODLAND,LUNCH BAG PINK POLKADOT,LUNCH BAG SUKI  DESIGN ,LUNCH BAG SPACEBOY DESIGN ,LUNCH BAG  BLACK SKULL.
17463,JUMBO BAG RED RETROSPOT,BLUE 3 PIECE MINI DOTS CUTLERY SET,LUNCH BAG PINK POLKADOT,LUNCH BAG WOODLAND,LUNCH BAG SUKI  DESIGN 
17464,VINTAGE HEADS AND TAILS CARD GAME ,WHITE HANGING HEART T-LIGHT HOLDER,PICNIC BASKET WICKER SMALL,REGENCY CAKESTAND 3 TIER,PARTY BUNTING
17465,HEART OF WICKER LARGE,VINTAGE HEADS AND TAILS CARD GAME ,PICNIC BASKET WICKER SMALL,REGENCY CAKESTAND 3 TIER,JUMBO BAG RED WHITE SPOTTY 
17466,PINK 3 PIECE MINI DOTS CUTLERY SET,JUMBO BAG PINK POLKADOT,JUMBO STORAGE BAG SUKI,JUMBO BAG RED RETROSPOT,WHITE HANGING HEART T-LIGHT HOLDER
17467,WHITE HANGING HEART T-LIGHT HOLDER,REGENCY CAKESTAND 3 TIER,ASSORTED COLOUR BIRD ORNAMENT,PARTY BUNTING,VINTAGE UNION JACK BUNTING
17468,RED RETROSPOT CHARLOTTE BAG,STRAWBERRY CERAMIC TRINKET BOX,REGENCY CAKESTAND 3 TIER,WHITE HANGING HEART T-LIGHT HOLDER,ASSORTED COLOUR BIRD ORNAMENT
17469,JUMBO BAG RED RETROSPOT,JUMBO BAG PINK POLKADOT,LUNCH BAG SUKI  DESIGN ,LUNCH BAG SPACEBOY DESIGN ,LUNCH BAG PINK POLKADOT
17470,LUNCH BAG PINK POLKADOT,LUNCH BAG WOODLAND,LUNCH BAG SUKI  DESIGN ,LUNCH BAG CARS BLUE,LUNCH BAG SPACEBOY DESIGN 
17471,REGENCY CAKESTAND 3 TIER,ASSORTED COLOUR BIRD ORNAMENT,PARTY BUNTING,VINTAGE UNION JACK BUNTING,GRAND CHOCOLATECANDLE
17472,WOODEN FRAME ANTIQUE WHITE ,HEART OF WICKER SMALL,PICNIC BASKET WICKER SMALL,REGENCY CAKESTAND 3 TIER,PARTY BUNTING
17473,SWEETHEART CERAMIC TRINKET BOX,PINK BLUE FELT CRAFT TRINKET BOX,REGENCY CAKESTAND 3 TIER,ASSORTED COLOUR BIRD ORNAMENT,PARTY BUNTING
17474,WHITE HANGING HEART T-LIGHT HOLDER,ASSORTED COLOUR BIRD ORNAMENT,PARTY BUNTING,VINTAGE UNION JACK BUNTING,BAKING SET 9 PIECE RETROSPOT 
17475,WHITE HANGING HEART T-LIGHT HOLDER,REGENCY CAKESTAND 3 TIER,ASSORTED COLOUR BIRD ORNAMENT,PARTY BUNTING,VINTAGE UNION JACK BUNTING
17476,REGENCY CAKESTAND 3 TIER,ASSORTED COLOUR BIRD ORNAMENT,PARTY BUNTING,VINTAGE UNION JACK BUNTING,BAKING SET 9 PIECE RETROSPOT 
17477,WOOD 2 DRAWER CABINET WHITE FINISH,ASSORTED COLOUR BIRD ORNAMENT,VINTAGE UNION JACK BUNTING,GRAND CHOCOLATECANDLE,PAPER CHAIN KIT 50'S CHRISTMAS 
17478,PAPER CHAIN KIT VINTAGE CHRISTMAS,WHITE HANGING HEART T-LIGHT HOLDER,PICNIC BASKET WICKER SMALL,REGENCY CAKESTAND 3 TIER,PARTY BUNTING
17479,WHITE HANGING HEART T-LIGHT HOLDER,REGENCY CAKESTAND 3 TIER,ASSORTED COLOUR BIRD ORNAMENT,PARTY BUNTING,VINTAGE UNION JACK BUNTING
17480,STRAWBERRY CERAMIC TRINKET BOX,REGENCY CAKESTAND 3 TIER,WHITE HANGING HEART T-LIGHT HOLDER,ASSORTED COLOUR BIRD ORNAMENT,BAKING SET 9 PIECE RETROSPOT 
17481,WHITE HANGING HEART T-LIGHT HOLDER,VINTAGE SNAP CARDS,TOILET METAL SIGN,REGENCY CAKESTAND 3 TIER,ASSORTED COLOUR BIRD ORNAMENT
17482,WHITE HANGING HEART T-LIGHT HOLDER,PAPER CHAIN KIT VINTAGE CHRISTMAS,REGENCY CAKESTAND 3 TIER,ASSORTED COLOUR BIRD ORNAMENT,PARTY BUNTING
17483,ASSORTED COLOUR BIRD ORNAMENT,BAKING SET 9 PIECE RETROSPOT ,METAL SIGN TAKE IT OR LEAVE IT ,RABBIT NIGHT LIGHT,JUMBO BAG RED WHITE SPOTTY 
17484,WHITE HANGING HEART T-LIGHT HOLDER,REGENCY CAKESTAND 3 TIER,ASSORTED COLOUR BIRD ORNAMENT,PARTY BUNTING,VINTAGE UNION JACK BUNTING
17486,WOODEN PICTURE FRAME WHITE FINISH,WHITE HANGING HEART T-LIGHT HOLDER,REGENCY CAKESTAND 3 TIER,ASSORTED COLOUR BIRD ORNAMENT,PARTY BUNTING
17487,WHITE HANGING HEART T-LIGHT HOLDER,REGENCY CAKESTAND 3 TIER,ASSORTED COLOUR BIRD ORNAMENT,PARTY BUNTING,VINTAGE UNION JACK BUNTING
17488,REGENCY CAKESTAND 3 TIER,ASSORTED COLOUR BIRD ORNAMENT,PARTY BUNTING,VINTAGE UNION JACK BUNTING,BAKING SET 9 PIECE RETROSPOT 
17489,REGENCY CAKESTAND 3 TIER,WHITE HANGING HEART T-LIGHT HOLDER,ASSORTED COLOUR BIRD ORNAMENT,PAPER CHAIN KIT 50'S CHRISTMAS ,BAKING SET 9 PIECE RETROSPOT 
17490,ALARM CLOCK BAKELIKE GREEN,REGENCY CAKESTAND 3 TIER,WHITE HANGING HEART T-LIGHT HOLDER,"PAPER CRAFT , LITTLE BIRDIE",JUMBO BAG RED WHITE SPOTTY 
17491,PAPER CHAIN KIT VINTAGE CHRISTMAS,REGENCY CAKESTAND 3 TIER,WHITE HANGING HEART T-LIGHT HOLDER,"PAPER CRAFT , LITTLE BIRDIE",JUMBO BAG RED WHITE SPOTTY 
17492,WHITE HANGING HEART T-LIGHT HOLDER,PICNIC BASKET WICKER SMALL,PARTY BUNTING,JUMBO BAG RED WHITE SPOTTY ,FAIRY CAKE FLANNEL ASSORTED COLOUR
17493,WHITE HANGING HEART T-LIGHT HOLDER,REGENCY CAKESTAND 3 TIER,ASSORTED COLOUR BIRD ORNAMENT,PARTY BUNTING,VINTAGE UNION JACK BUNTING
17494,WHITE HANGING HEART T-LIGHT HOLDER,REGENCY CAKESTAND 3 TIER,ASSORTED COLOUR BIRD ORNAMENT,PARTY BUNTING,VINTAGE UNION JACK BUNTING
17495,PAPER CHAIN KIT VINTAGE CHRISTMAS,REGENCY CAKESTAND 3 TIER,WHITE HANGING HEART T-LIGHT HOLDER,BAKING SET 9 PIECE RETROSPOT ,METAL SIGN TAKE IT OR LEAVE IT 
17496,PACK OF 60 DINOSAUR CAKE CASES,72 SWEETHEART FAIRY CAKE CASES,PACK OF 60 PINK PAISLEY CAKE CASES,PACK OF 72 RETROSPOT CAKE CASES,PICNIC BASKET WICKER SMALL
17497,WHITE HANGING HEART T-LIGHT HOLDER,REGENCY CAKESTAND 3 TIER,ASSORTED COLOUR BIRD ORNAMENT,VINTAGE UNION JACK BUNTING,BAKING SET 9 PIECE RETROSPOT 
17498,WHITE HANGING HEART T-LIGHT HOLDER,REGENCY CAKESTAND 3 TIER,PARTY BUNTING,VINTAGE UNION JACK BUNTING,BAKING SET 9 PIECE RETROSPOT 
17499,PINK BLUE FELT CRAFT TRINKET BOX,WHITE HANGING HEART T-LIGHT HOLDER,PICNIC BASKET WICKER SMALL,REGENCY CAKESTAND 3 TIER,PARTY BUNTING
17500,REGENCY CAKESTAND 3 TIER,WHITE HANGING HEART T-LIGHT HOLDER,ASSORTED COLOUR BIRD ORNAMENT,PAPER CHAIN KIT 50'S CHRISTMAS ,BAKING SET 9 PIECE RETROSPOT 
17501,PACK OF 72 RETROSPOT CAKE CASES,PACK OF 60 DINOSAUR CAKE CASES,72 SWEETHEART FAIRY CAKE CASES,PINK REGENCY TEACUP AND SAUCER,ROSES REGENCY TEACUP AND SAUCER 
17502,PAPER CHAIN KIT 50'S CHRISTMAS ,HEART OF WICKER SMALL,WHITE HANGING HEART T-LIGHT HOLDER,REGENCY CAKESTAND 3 TIER,ASSORTED COLOUR BIRD ORNAMENT
17503,ALARM CLOCK BAKELIKE GREEN,REGENCY CAKESTAND 3 TIER,WHITE HANGING HEART T-LIGHT HOLDER,ASSORTED COLOUR BIRD ORNAMENT,PAPER CHAIN KIT 50'S CHRISTMAS 
17504,PACK OF 72 RETROSPOT CAKE CASES,60 TEATIME FAIRY CAKE CASES,GIN + TONIC DIET METAL SIGN,PINK REGENCY TEACUP AND SAUCER,GREEN REGENCY TEACUP AND SAUCER
17505,HOT WATER BOTTLE TEA AND SYMPATHY,HEART OF WICKER SMALL,WHITE HANGING HEART T-LIGHT HOLDER,PICNIC BASKET WICKER SMALL,REGENCY CAKESTAND 3 TIER
17506,WHITE HANGING HEART T-LIGHT HOLDER,REGENCY CAKESTAND 3 TIER,ASSORTED COLOUR BIRD ORNAMENT,PARTY BUNTING,VINTAGE UNION JACK BUNTING
17507,WHITE HANGING HEART T-LIGHT HOLDER,PACK OF 60 DINOSAUR CAKE CASES,72 SWEETHEART FAIRY CAKE CASES,PACK OF 60 PINK PAISLEY CAKE CASES,PACK OF 72 RETROSPOT CAKE CASES
17508,JUMBO STORAGE BAG SUKI,JUMBO BAG PINK POLKADOT,JUMBO BAG RED RETROSPOT,HAND WARMER OWL DESIGN,HOT WATER BOTTLE TEA AND SYMPATHY
17509,PACK OF 72 RETROSPOT CAKE CASES,PACK OF 60 DINOSAUR CAKE CASES,72 SWEETHEART FAIRY CAKE CASES,VINTAGE HEADS AND TAILS CARD GAME ,REGENCY CAKESTAND 3 TIER
17510,PINK REGENCY TEACUP AND SAUCER,GREEN REGENCY TEACUP AND SAUCER,ASSORTED COLOUR BIRD ORNAMENT,PAPER CHAIN KIT VINTAGE CHRISTMAS,WHITE HANGING HEART T-LIGHT HOLDER
17511,JUMBO BAG RED RETROSPOT,PACK OF 72 RETROSPOT CAKE CASES,LUNCH BAG SUKI  DESIGN ,JUMBO BAG PINK POLKADOT,LUNCH BAG PINK POLKADOT
17512,PACK OF 72 RETROSPOT CAKE CASES,LOVE BUILDING BLOCK WORD,PACK OF 60 DINOSAUR CAKE CASES,PACK OF 60 PINK PAISLEY CAKE CASES,REGENCY CAKESTAND 3 TIER
17513,HAND WARMER SCOTTY DOG DESIGN,HAND WARMER BIRD DESIGN,WHITE HANGING HEART T-LIGHT HOLDER,PICNIC BASKET WICKER SMALL,REGENCY CAKESTAND 3 TIER
17514,JUMBO STORAGE BAG SUKI,JUMBO BAG PINK POLKADOT,JUMBO BAG RED RETROSPOT,SWEETHEART CERAMIC TRINKET BOX,HOT WATER BOTTLE TEA AND SYMPATHY
17515,VINTAGE HEADS AND TAILS CARD GAME ,WHITE HANGING HEART T-LIGHT HOLDER,PICNIC BASKET WICKER SMALL,PARTY BUNTING,JUMBO BAG RED WHITE SPOTTY 
17516,PACK OF 72 RETROSPOT CAKE CASES,JUMBO BAG RED RETROSPOT,LUNCH BAG CARS BLUE,LUNCH BAG SPACEBOY DESIGN ,LUNCH BAG PINK POLKADOT
17517,WHITE HANGING HEART T-LIGHT HOLDER,REGENCY CAKESTAND 3 TIER,ASSORTED COLOUR BIRD ORNAMENT,PARTY BUNTING,VINTAGE UNION JACK BUNTING
17518,60 TEATIME FAIRY CAKE CASES,PACK OF 72 RETROSPOT CAKE CASES,REGENCY CAKESTAND 3 TIER,ASSORTED COLOUR BIRD ORNAMENT,PARTY BUNTING
17519,PACK OF 72 RETROSPOT CAKE CASES,PACK OF 60 DINOSAUR CAKE CASES,JUMBO BAG SCANDINAVIAN PAISLEY,JUMBO BAG RED RETROSPOT,ALARM CLOCK BAKELIKE GREEN
17520,VINTAGE HEADS AND TAILS CARD GAME ,REGENCY CAKESTAND 3 TIER,ASSORTED COLOUR BIRD ORNAMENT,PAPER CHAIN KIT 50'S CHRISTMAS ,BAKING SET 9 PIECE RETROSPOT 
17521,PINK CREAM FELT CRAFT TRINKET BOX ,WHITE HANGING HEART T-LIGHT HOLDER,PAPER CHAIN KIT 50'S CHRISTMAS ,BAKING SET 9 PIECE RETROSPOT ,METAL SIGN TAKE IT OR LEAVE IT 
17522,WHITE HANGING HEART T-LIGHT HOLDER,ASSORTED COLOUR BIRD ORNAMENT,PAPER CHAIN KIT 50'S CHRISTMAS ,BAKING SET 9 PIECE RETROSPOT ,METAL SIGN TAKE IT OR LEAVE IT 
17523,PINK BLUE FELT CRAFT TRINKET BOX,REGENCY CAKESTAND 3 TIER,WHITE HANGING HEART T-LIGHT HOLDER,ASSORTED COLOUR BIRD ORNAMENT,PAPER CHAIN KIT 50'S CHRISTMAS 
17524,HEART OF WICKER LARGE,WHITE HANGING HEART T-LIGHT HOLDER,HOT WATER BOTTLE TEA AND SYMPATHY,REGENCY CAKESTAND 3 TIER,ASSORTED COLOUR BIRD ORNAMENT
17525,HAND WARMER OWL DESIGN,WHITE HANGING HEART T-LIGHT HOLDER,PICNIC BASKET WICKER SMALL,REGENCY CAKESTAND 3 TIER,PARTY BUNTING
17526,PACK OF 72 RETROSPOT CAKE CASES,WHITE HANGING HEART T-LIGHT HOLDER,"PAPER CRAFT , LITTLE BIRDIE",JUMBO BAG RED WHITE SPOTTY ,ASSORTED COLOUR BIRD ORNAMENT
17527,WOODEN FRAME ANTIQUE WHITE ,WHITE HANGING HEART T-LIGHT HOLDER,ASSORTED COLOUR BIRD ORNAMENT,PAPER CHAIN KIT 50'S CHRISTMAS ,BAKING SET 9 PIECE RETROSPOT 
17528,WHITE HANGING HEART T-LIGHT HOLDER,JUMBO BAG RED RETROSPOT,PAPER CHAIN KIT VINTAGE CHRISTMAS,JUMBO BAG PINK POLKADOT,JUMBO STORAGE BAG SUKI
17529,WOODEN PICTURE FRAME WHITE FINISH,WOOD 2 DRAWER CABINET WHITE FINISH,JUMBO BAG SCANDINAVIAN PAISLEY,JUMBO BAG RED RETROSPOT,REGENCY CAKESTAND 3 TIER
17530,PACK OF 72 RETROSPOT CAKE CASES,JUMBO BAG PINK POLKADOT,JUMBO BAG RED RETROSPOT,GIN + TONIC DIET METAL SIGN,HEART OF WICKER SMALL
17531,JUMBO BAG RED WHITE SPOTTY ,ASSORTED COLOUR BIRD ORNAMENT,FAIRY CAKE FLANNEL ASSORTED COLOUR,GIN + TONIC DIET METAL SIGN,VINTAGE UNION JACK BUNTING
17532,WHITE HANGING HEART T-LIGHT HOLDER,REGENCY CAKESTAND 3 TIER,ASSORTED COLOUR BIRD ORNAMENT,PARTY BUNTING,VINTAGE UNION JACK BUNTING
17533,WHITE HANGING HEART T-LIGHT HOLDER,REGENCY CAKESTAND 3 TIER,ASSORTED COLOUR BIRD ORNAMENT,PARTY BUNTING,VINTAGE UNION JACK BUNTING
17534,LUNCH BAG CARS BLUE,LUNCH BAG SPACEBOY DESIGN ,LUNCH BAG PINK POLKADOT,LUNCH BAG SUKI  DESIGN ,LUNCH BAG RED RETROSPOT
17535,WHITE HANGING HEART T-LIGHT HOLDER,REGENCY CAKESTAND 3 TIER,ASSORTED COLOUR BIRD ORNAMENT,PARTY BUNTING,VINTAGE UNION JACK BUNTING
17536,WHITE HANGING HEART T-LIGHT HOLDER,REGENCY CAKESTAND 3 TIER,ASSORTED COLOUR BIRD ORNAMENT,PARTY BUNTING,VINTAGE UNION JACK BUNTING
17537,HEART OF WICKER LARGE,WHITE HANGING HEART T-LIGHT HOLDER,REGENCY CAKESTAND 3 TIER,ASSORTED COLOUR BIRD ORNAMENT,PAPER CHAIN KIT 50'S CHRISTMAS 
17538,REGENCY CAKESTAND 3 TIER,WHITE HANGING HEART T-LIGHT HOLDER,ASSORTED COLOUR BIRD ORNAMENT,PAPER CHAIN KIT 50'S CHRISTMAS ,BAKING SET 9 PIECE RETROSPOT 
17539,HOME BUILDING BLOCK WORD,JUMBO BAG PINK POLKADOT,JUMBO STORAGE BAG SUKI,JUMBO BAG RED RETROSPOT,PICNIC BASKET WICKER SMALL
17540,GIN + TONIC DIET METAL SIGN,REGENCY CAKESTAND 3 TIER,WHITE HANGING HEART T-LIGHT HOLDER,ASSORTED COLOUR BIRD ORNAMENT,PAPER CHAIN KIT 50'S CHRISTMAS 
17541,PACK OF 60 DINOSAUR CAKE CASES,72 SWEETHEART FAIRY CAKE CASES,PACK OF 60 PINK PAISLEY CAKE CASES,PACK OF 72 RETROSPOT CAKE CASES,PINK 3 PIECE MINI DOTS CUTLERY SET
17542,PACK OF 72 RETROSPOT CAKE CASES,LUNCH BAG WOODLAND,LUNCH BAG PINK POLKADOT,LUNCH BAG SUKI  DESIGN ,LUNCH BAG SPACEBOY DESIGN 
17543,WHITE HANGING HEART T-LIGHT HOLDER,REGENCY CAKESTAND 3 TIER,ASSORTED COLOUR BIRD ORNAMENT,PARTY BUNTING,VINTAGE UNION JACK BUNTING
17544,HAND WARMER OWL DESIGN,VINTAGE HEADS AND TAILS CARD GAME ,JUMBO BAG PINK POLKADOT,JUMBO STORAGE BAG SUKI,JUMBO BAG RED RETROSPOT
17545,JUMBO BAG RED RETROSPOT,WOODEN FRAME ANTIQUE WHITE ,WHITE HANGING HEART T-LIGHT HOLDER,PAPER CHAIN KIT VINTAGE CHRISTMAS,60 TEATIME FAIRY CAKE CASES
17547,WHITE HANGING HEART T-LIGHT HOLDER,REGENCY CAKESTAND 3 TIER,ASSORTED COLOUR BIRD ORNAMENT,PARTY BUNTING,VINTAGE UNION JACK BUNTING
17548,JUMBO BAG PINK POLKADOT,JUMBO STORAGE BAG SUKI,JUMBO BAG RED RETROSPOT,WHITE HANGING HEART T-LIGHT HOLDER,PICNIC BASKET WICKER SMALL
17549,REGENCY CAKESTAND 3 TIER,WHITE HANGING HEART T-LIGHT HOLDER,ASSORTED COLOUR BIRD ORNAMENT,PAPER CHAIN KIT 50'S CHRISTMAS ,BAKING SET 9 PIECE RETROSPOT 
17550,PACK OF 72 RETROSPOT CAKE CASES,JUMBO BAG RED RETROSPOT,JUMBO STORAGE BAG SUKI,JUMBO BAG PINK POLKADOT,JUMBO BAG PINK VINTAGE PAISLEY
17551,SWEETHEART CERAMIC TRINKET BOX,WOODEN PICTURE FRAME WHITE FINISH,REGENCY CAKESTAND 3 TIER,ASSORTED COLOUR BIRD ORNAMENT,PARTY BUNTING
17552,LUNCH BAG CARS BLUE,LUNCH BAG SPACEBOY DESIGN ,LUNCH BAG PINK POLKADOT,LUNCH BAG SUKI  DESIGN ,LUNCH BAG RED RETROSPOT
17553,WHITE HANGING HEART T-LIGHT HOLDER,PICNIC BASKET WICKER SMALL,REGENCY CAKESTAND 3 TIER,PARTY BUNTING,JUMBO BAG RED WHITE SPOTTY 
17554,HEART OF WICKER SMALL,WHITE HANGING HEART T-LIGHT HOLDER,REGENCY CAKESTAND 3 TIER,ASSORTED COLOUR BIRD ORNAMENT,PAPER CHAIN KIT 50'S CHRISTMAS 
17555,JUMBO BAG RED RETROSPOT,JUMBO BAG PINK POLKADOT,HAND WARMER OWL DESIGN,LUNCH BAG SUKI  DESIGN ,ALARM CLOCK BAKELIKE GREEN
17556,PINK REGENCY TEACUP AND SAUCER,GREEN REGENCY TEACUP AND SAUCER,REGENCY CAKESTAND 3 TIER,WHITE HANGING HEART T-LIGHT HOLDER,ASSORTED COLOUR BIRD ORNAMENT
17557,HOT WATER BOTTLE TEA AND SYMPATHY,REGENCY CAKESTAND 3 TIER,WHITE HANGING HEART T-LIGHT HOLDER,ASSORTED COLOUR BIRD ORNAMENT,PAPER CHAIN KIT 50'S CHRISTMAS 
17558,HEART OF WICKER SMALL,REGENCY CAKESTAND 3 TIER,ASSORTED COLOUR BIRD ORNAMENT,PARTY BUNTING,VINTAGE UNION JACK BUNTING
17559,WHITE HANGING HEART T-LIGHT HOLDER,REGENCY CAKESTAND 3 TIER,ASSORTED COLOUR BIRD ORNAMENT,PARTY BUNTING,VINTAGE UNION JACK BUNTING
17560,PACK OF 72 RETROSPOT CAKE CASES,HEART OF WICKER LARGE,WHITE HANGING HEART T-LIGHT HOLDER,PICNIC BASKET WICKER SMALL,JUMBO BAG RED WHITE SPOTTY 
17561,WHITE HANGING HEART T-LIGHT HOLDER,LOVE BUILDING BLOCK WORD,WOODEN FRAME ANTIQUE WHITE ,60 TEATIME FAIRY CAKE CASES,PACK OF 72 RETROSPOT CAKE CASES
17562,LUNCH BAG WOODLAND,LUNCH BAG PINK POLKADOT,LUNCH BAG SUKI  DESIGN ,LUNCH BAG SPACEBOY DESIGN ,LUNCH BAG RED RETROSPOT
17563,60 TEATIME FAIRY CAKE CASES,PACK OF 72 RETROSPOT CAKE CASES,REGENCY CAKESTAND 3 TIER,ASSORTED COLOUR BIRD ORNAMENT,PARTY BUNTING
17564,REGENCY CAKESTAND 3 TIER,WHITE HANGING HEART T-LIGHT HOLDER,ASSORTED COLOUR BIRD ORNAMENT,PAPER CHAIN KIT 50'S CHRISTMAS ,BAKING SET 9 PIECE RETROSPOT 
17565,GIN + TONIC DIET METAL SIGN,LOVE BUILDING BLOCK WORD,REGENCY CAKESTAND 3 TIER,ASSORTED COLOUR BIRD ORNAMENT,PARTY BUNTING
17566,GIN + TONIC DIET METAL SIGN,PINK REGENCY TEACUP AND SAUCER,ROSES REGENCY TEACUP AND SAUCER ,60 TEATIME FAIRY CAKE CASES,PACK OF 72 RETROSPOT CAKE CASES
17567,WHITE HANGING HEART T-LIGHT HOLDER,STRAWBERRY CERAMIC TRINKET BOX,PINK BLUE FELT CRAFT TRINKET BOX,LUNCH BAG WOODLAND,LUNCH BAG PINK POLKADOT
17568,PACK OF 60 DINOSAUR CAKE CASES,72 SWEETHEART FAIRY CAKE CASES,PACK OF 60 PINK PAISLEY CAKE CASES,PACK OF 72 RETROSPOT CAKE CASES,STRAWBERRY CERAMIC TRINKET BOX
17569,WHITE HANGING HEART T-LIGHT HOLDER,ALARM CLOCK BAKELIKE GREEN,HOME BUILDING BLOCK WORD,REGENCY CAKESTAND 3 TIER,PARTY BUNTING
17571,JUMBO BAG RED RETROSPOT,60 TEATIME FAIRY CAKE CASES,PACK OF 72 RETROSPOT CAKE CASES,HEART OF WICKER LARGE,WHITE HANGING HEART T-LIGHT HOLDER
17572,REGENCY CAKESTAND 3 TIER,WHITE HANGING HEART T-LIGHT HOLDER,PICNIC BASKET WICKER SMALL,PARTY BUNTING,JUMBO BAG RED WHITE SPOTTY 
17573,ROSES REGENCY TEACUP AND SAUCER ,REGENCY CAKESTAND 3 TIER,WHITE HANGING HEART T-LIGHT HOLDER,PAPER CHAIN KIT 50'S CHRISTMAS ,METAL SIGN TAKE IT OR LEAVE IT 
17574,GIN + TONIC DIET METAL SIGN,JUMBO BAG SCANDINAVIAN PAISLEY,JUMBO BAG RED RETROSPOT,WHITE HANGING HEART T-LIGHT HOLDER,REGENCY CAKESTAND 3 TIER
17575,WHITE HANGING HEART T-LIGHT HOLDER,REGENCY CAKESTAND 3 TIER,ASSORTED COLOUR BIRD ORNAMENT,PARTY BUNTING,BAKING SET 9 PIECE RETROSPOT 
17576,PACK OF 72 RETROSPOT CAKE CASES,LUNCH BAG PINK POLKADOT,LUNCH BAG SUKI  DESIGN ,LUNCH BAG SPACEBOY DESIGN ,LUNCH BAG  BLACK SKULL.
17577,LUNCH BAG WOODLAND,LUNCH BAG PINK POLKADOT,LUNCH BAG SUKI  DESIGN ,LUNCH BAG SPACEBOY DESIGN ,LUNCH BAG  BLACK SKULL.
17578,WHITE HANGING HEART T-LIGHT HOLDER,LUNCH BAG WOODLAND,LUNCH BAG PINK POLKADOT,LUNCH BAG SUKI  DESIGN ,LUNCH BAG SPACEBOY DESIGN 
17579,WHITE HANGING HEART T-LIGHT HOLDER,PINK REGENCY TEACUP AND SAUCER,WOODEN PICTURE FRAME WHITE FINISH,REGENCY CAKESTAND 3 TIER,HEART OF WICKER LARGE
17580,PINK REGENCY TEACUP AND SAUCER,REGENCY CAKESTAND 3 TIER,CHOCOLATE HOT WATER BOTTLE,PICNIC BASKET WICKER SMALL,PARTY BUNTING
17581,JUMBO BAG RED RETROSPOT,LUNCH BAG SUKI  DESIGN ,JUMBO BAG PINK POLKADOT,PACK OF 72 RETROSPOT CAKE CASES,LUNCH BAG PINK POLKADOT
17582,PAPER CHAIN KIT VINTAGE CHRISTMAS,VINTAGE SNAP CARDS,PICNIC BASKET WICKER SMALL,PARTY BUNTING,JUMBO BAG RED WHITE SPOTTY 
17583,JUMBO BAG PINK POLKADOT,JUMBO STORAGE BAG SUKI,JUMBO BAG RED RETROSPOT,WHITE HANGING HEART T-LIGHT HOLDER,REGENCY CAKESTAND 3 TIER
17584,"PAPER CRAFT , LITTLE BIRDIE",JUMBO BAG RED WHITE SPOTTY ,ASSORTED COLOUR BIRD ORNAMENT,MEDIUM CERAMIC TOP STORAGE JAR,PARTY BUNTING
17585,WHITE HANGING HEART T-LIGHT HOLDER,PACK OF 72 RETROSPOT CAKE CASES,JUMBO BAG PINK POLKADOT,JUMBO STORAGE BAG SUKI,JUMBO BAG RED RETROSPOT
17586,WHITE HANGING HEART T-LIGHT HOLDER,REGENCY CAKESTAND 3 TIER,ASSORTED COLOUR BIRD ORNAMENT,PARTY BUNTING,VINTAGE UNION JACK BUNTING
17587,WHITE HANGING HEART T-LIGHT HOLDER,PARTY BUNTING,VINTAGE UNION JACK BUNTING,BAKING SET 9 PIECE RETROSPOT ,PAPER CHAIN KIT 50'S CHRISTMAS 
17588,WHITE HANGING HEART T-LIGHT HOLDER,PICNIC BASKET WICKER SMALL,REGENCY CAKESTAND 3 TIER,PARTY BUNTING,JUMBO BAG RED WHITE SPOTTY 
17589,PACK OF 72 RETROSPOT CAKE CASES,LUNCH BAG PINK POLKADOT,LUNCH BAG SUKI  DESIGN ,LUNCH BAG SPACEBOY DESIGN ,LUNCH BAG RED RETROSPOT
17590,LUNCH BAG CARS BLUE,LUNCH BAG SPACEBOY DESIGN ,LUNCH BAG PINK POLKADOT,LUNCH BAG SUKI  DESIGN ,LUNCH BAG  BLACK SKULL.
17591,WOODEN PICTURE FRAME WHITE FINISH,WHITE HANGING HEART T-LIGHT HOLDER,LUNCH BAG CARS BLUE,LUNCH BAG SPACEBOY DESIGN ,LUNCH BAG PINK POLKADOT
17592,WHITE HANGING HEART T-LIGHT HOLDER,REGENCY CAKESTAND 3 TIER,ASSORTED COLOUR BIRD ORNAMENT,PARTY BUNTING,VINTAGE UNION JACK BUNTING
17593,WHITE HANGING HEART T-LIGHT HOLDER,ASSORTED COLOUR BIRD ORNAMENT,WOOD S/3 CABINET ANT WHITE FINISH,REGENCY CAKESTAND 3 TIER,"PAPER CRAFT , LITTLE BIRDIE"
17594,JUMBO BAG RED RETROSPOT,LUNCH BAG SUKI  DESIGN ,JUMBO BAG PINK POLKADOT,LUNCH BAG PINK POLKADOT,LUNCH BAG SPACEBOY DESIGN 
17595,REGENCY CAKESTAND 3 TIER,WHITE HANGING HEART T-LIGHT HOLDER,ASSORTED COLOUR BIRD ORNAMENT,PAPER CHAIN KIT 50'S CHRISTMAS ,BAKING SET 9 PIECE RETROSPOT 
17596,PACK OF 72 RETROSPOT CAKE CASES,HAND WARMER OWL DESIGN,PACK OF 60 DINOSAUR CAKE CASES,PACK OF 60 PINK PAISLEY CAKE CASES,ALARM CLOCK BAKELIKE GREEN
17597,LOVE BUILDING BLOCK WORD,WHITE HANGING HEART T-LIGHT HOLDER,REGENCY CAKESTAND 3 TIER,JUMBO BAG RED WHITE SPOTTY ,FAIRY CAKE FLANNEL ASSORTED COLOUR
17598,HAND WARMER OWL DESIGN,WHITE HANGING HEART T-LIGHT HOLDER,REGENCY CAKESTAND 3 TIER,ASSORTED COLOUR BIRD ORNAMENT,PARTY BUNTING
17599,WHITE HANGING HEART T-LIGHT HOLDER,REGENCY CAKESTAND 3 TIER,ASSORTED COLOUR BIRD ORNAMENT,PARTY BUNTING,VINTAGE UNION JACK BUNTING
17600,REGENCY CAKESTAND 3 TIER,WHITE HANGING HEART T-LIGHT HOLDER,ASSORTED COLOUR BIRD ORNAMENT,PAPER CHAIN KIT 50'S CHRISTMAS ,BAKING SET 9 PIECE RETROSPOT 
17601,WHITE HANGING HEART T-LIGHT HOLDER,PACK OF 72 RETROSPOT CAKE CASES,PAPER CHAIN KIT VINTAGE CHRISTMAS,REGENCY CAKESTAND 3 TIER,ASSORTED COLOUR BIRD ORNAMENT
17602,PACK OF 72 RETROSPOT CAKE CASES,LUNCH BAG WOODLAND,LUNCH BAG PINK POLKADOT,LUNCH BAG SUKI  DESIGN ,LUNCH BAG SPACEBOY DESIGN 
17603,PICNIC BASKET WICKER SMALL,REGENCY CAKESTAND 3 TIER,PARTY BUNTING,JUMBO BAG RED WHITE SPOTTY ,ASSORTED COLOUR BIRD ORNAMENT
17604,HEART OF WICKER LARGE,HAND WARMER SCOTTY DOG DESIGN,HAND WARMER BIRD DESIGN,PICNIC BASKET WICKER SMALL,REGENCY CAKESTAND 3 TIER
17605,WHITE HANGING HEART T-LIGHT HOLDER,REGENCY CAKESTAND 3 TIER,ASSORTED COLOUR BIRD ORNAMENT,PARTY BUNTING,BAKING SET 9 PIECE RETROSPOT 
17606,WHITE HANGING HEART T-LIGHT HOLDER,REGENCY CAKESTAND 3 TIER,ASSORTED COLOUR BIRD ORNAMENT,PARTY BUNTING,VINTAGE UNION JACK BUNTING
17607,WHITE HANGING HEART T-LIGHT HOLDER,ASSORTED COLOUR BIRD ORNAMENT,PARTY BUNTING,VINTAGE UNION JACK BUNTING,BAKING SET 9 PIECE RETROSPOT 
17608,JUMBO BAG RED RETROSPOT,WHITE HANGING HEART T-LIGHT HOLDER,WOODEN PICTURE FRAME WHITE FINISH,HEART OF WICKER LARGE,JUMBO BAG PINK POLKADOT
17609,JUMBO BAG RED RETROSPOT,LUNCH BAG SUKI  DESIGN ,JUMBO BAG PINK POLKADOT,LUNCH BAG PINK POLKADOT,LUNCH BAG SPACEBOY DESIGN 
17610,LUNCH BAG CARS BLUE,LUNCH BAG SPACEBOY DESIGN ,LUNCH BAG PINK POLKADOT,LUNCH BAG SUKI  DESIGN ,LUNCH BAG RED RETROSPOT
17611,JUMBO BAG RED RETROSPOT,PACK OF 72 RETROSPOT CAKE CASES,LUNCH BAG SUKI  DESIGN ,JUMBO BAG PINK POLKADOT,60 TEATIME FAIRY CAKE CASES
17612,JUMBO BAG RED RETROSPOT,LUNCH BAG SUKI  DESIGN ,LUNCH BAG SPACEBOY DESIGN ,LUNCH BAG PINK POLKADOT,LUNCH BAG RED RETROSPOT
17613,JUMBO BAG RED RETROSPOT,JUMBO BAG PINK POLKADOT,LUNCH BAG SUKI  DESIGN ,LUNCH BAG PINK POLKADOT,LUNCH BAG WOODLAND
17614,WOODEN PICTURE FRAME WHITE FINISH,WHITE HANGING HEART T-LIGHT HOLDER,REGENCY CAKESTAND 3 TIER,ASSORTED COLOUR BIRD ORNAMENT,PAPER CHAIN KIT 50'S CHRISTMAS 
17615,PICNIC BASKET WICKER SMALL,REGENCY CAKESTAND 3 TIER,PARTY BUNTING,JUMBO BAG RED WHITE SPOTTY ,FAIRY CAKE FLANNEL ASSORTED COLOUR
17616,PICNIC BASKET WICKER SMALL,REGENCY CAKESTAND 3 TIER,PARTY BUNTING,JUMBO BAG RED WHITE SPOTTY ,ASSORTED COLOUR BIRD ORNAMENT
17617,WHITE HANGING HEART T-LIGHT HOLDER,REGENCY CAKESTAND 3 TIER,ASSORTED COLOUR BIRD ORNAMENT,VINTAGE UNION JACK BUNTING,BAKING SET 9 PIECE RETROSPOT 
17618,PACK OF 60 DINOSAUR CAKE CASES,72 SWEETHEART FAIRY CAKE CASES,PACK OF 60 PINK PAISLEY CAKE CASES,PACK OF 72 RETROSPOT CAKE CASES,CHOCOLATE HOT WATER BOTTLE
17619,PINK REGENCY TEACUP AND SAUCER,GIN + TONIC DIET METAL SIGN,REGENCY CAKESTAND 3 TIER,PARTY BUNTING,VINTAGE UNION JACK BUNTING
17620,WHITE HANGING HEART T-LIGHT HOLDER,REGENCY CAKESTAND 3 TIER,ASSORTED COLOUR BIRD ORNAMENT,PARTY BUNTING,VINTAGE UNION JACK BUNTING
17621,ALARM CLOCK BAKELIKE GREEN,PINK CREAM FELT CRAFT TRINKET BOX ,WHITE HANGING HEART T-LIGHT HOLDER,"PAPER CRAFT , LITTLE BIRDIE",JUMBO BAG RED WHITE SPOTTY 
17622,WHITE HANGING HEART T-LIGHT HOLDER,REGENCY CAKESTAND 3 TIER,ASSORTED COLOUR BIRD ORNAMENT,PARTY BUNTING,BAKING SET 9 PIECE RETROSPOT 
17623,GIN + TONIC DIET METAL SIGN,HOME BUILDING BLOCK WORD,PINK BLUE FELT CRAFT TRINKET BOX,PICNIC BASKET WICKER SMALL,REGENCY CAKESTAND 3 TIER
17624,WOOD 2 DRAWER CABINET WHITE FINISH,CHOCOLATE HOT WATER BOTTLE,HAND WARMER SCOTTY DOG DESIGN,REGENCY CAKESTAND 3 TIER,PAPER CHAIN KIT 50'S CHRISTMAS 
17625,PACK OF 72 RETROSPOT CAKE CASES,72 SWEETHEART FAIRY CAKE CASES,PAPER CHAIN KIT VINTAGE CHRISTMAS,REGENCY CAKESTAND 3 TIER,"PAPER CRAFT , LITTLE BIRDIE"
17626,60 TEATIME FAIRY CAKE CASES,PACK OF 72 RETROSPOT CAKE CASES,PINK BLUE FELT CRAFT TRINKET BOX,WHITE HANGING HEART T-LIGHT HOLDER,REGENCY CAKESTAND 3 TIER
17627,WHITE HANGING HEART T-LIGHT HOLDER,REGENCY CAKESTAND 3 TIER,ASSORTED COLOUR BIRD ORNAMENT,PARTY BUNTING,VINTAGE UNION JACK BUNTING
17628,PACK OF 72 RETROSPOT CAKE CASES,60 TEATIME FAIRY CAKE CASES,WHITE HANGING HEART T-LIGHT HOLDER,REGENCY CAKESTAND 3 TIER,ASSORTED COLOUR BIRD ORNAMENT
17629,ALARM CLOCK BAKELIKE RED ,PAPER CHAIN KIT VINTAGE CHRISTMAS,JUMBO BAG STRAWBERRY,JUMBO  BAG BAROQUE BLACK WHITE,JUMBO BAG PINK POLKADOT
17630,WHITE HANGING HEART T-LIGHT HOLDER,REGENCY CAKESTAND 3 TIER,ASSORTED COLOUR BIRD ORNAMENT,PARTY BUNTING,VINTAGE UNION JACK BUNTING
17631,HAND WARMER SCOTTY DOG DESIGN,HAND WARMER BIRD DESIGN,ALARM CLOCK BAKELIKE RED ,LOVE BUILDING BLOCK WORD,WHITE HANGING HEART T-LIGHT HOLDER
17633,WHITE HANGING HEART T-LIGHT HOLDER,JUMBO BAG PINK POLKADOT,JUMBO STORAGE BAG SUKI,JUMBO BAG RED RETROSPOT,LOVE BUILDING BLOCK WORD
17634,PACK OF 60 DINOSAUR CAKE CASES,72 SWEETHEART FAIRY CAKE CASES,PACK OF 60 PINK PAISLEY CAKE CASES,PACK OF 72 RETROSPOT CAKE CASES,"PAPER CRAFT , LITTLE BIRDIE"
17635,LUNCH BAG SUKI  DESIGN ,LUNCH BAG WOODLAND,LUNCH BAG PINK POLKADOT,LUNCH BAG SPACEBOY DESIGN ,LUNCH BAG RED RETROSPOT
17636,WHITE HANGING HEART T-LIGHT HOLDER,LUNCH BAG WOODLAND,LUNCH BAG PINK POLKADOT,LUNCH BAG SUKI  DESIGN ,LUNCH BAG SPACEBOY DESIGN 
17637,GIN + TONIC DIET METAL SIGN,REGENCY CAKESTAND 3 TIER,WOODEN FRAME ANTIQUE WHITE ,WHITE HANGING HEART T-LIGHT HOLDER,PAPER CHAIN KIT VINTAGE CHRISTMAS
17638,WHITE HANGING HEART T-LIGHT HOLDER,REGENCY CAKESTAND 3 TIER,ASSORTED COLOUR BIRD ORNAMENT,PARTY BUNTING,VINTAGE UNION JACK BUNTING
17639,HEART OF WICKER LARGE,HOME BUILDING BLOCK WORD,STRAWBERRY CERAMIC TRINKET BOX,PICNIC BASKET WICKER SMALL,REGENCY CAKESTAND 3 TIER
17640,WOODEN PICTURE FRAME WHITE FINISH,TOILET METAL SIGN,PICNIC BASKET WICKER SMALL,REGENCY CAKESTAND 3 TIER,PARTY BUNTING
17642,PACK OF 72 RETROSPOT CAKE CASES,JUMBO BAG RED RETROSPOT,60 TEATIME FAIRY CAKE CASES,JUMBO BAG SCANDINAVIAN PAISLEY,JUMBO BAG PINK POLKADOT
17643,LUNCH BAG WOODLAND,LUNCH BAG PINK POLKADOT,LUNCH BAG SUKI  DESIGN ,LUNCH BAG SPACEBOY DESIGN ,LUNCH BAG RED RETROSPOT
17644,JUMBO BAG RED RETROSPOT,LOVE BUILDING BLOCK WORD,LUNCH BAG WOODLAND,LUNCH BAG PINK POLKADOT,LUNCH BAG SUKI  DESIGN 
17646,WHITE HANGING HEART T-LIGHT HOLDER,PICNIC BASKET WICKER SMALL,PARTY BUNTING,JUMBO BAG RED WHITE SPOTTY ,ASSORTED COLOUR BIRD ORNAMENT
17647,REGENCY CAKESTAND 3 TIER,WHITE HANGING HEART T-LIGHT HOLDER,ASSORTED COLOUR BIRD ORNAMENT,PAPER CHAIN KIT 50'S CHRISTMAS ,BAKING SET 9 PIECE RETROSPOT 
17648,WHITE HANGING HEART T-LIGHT HOLDER,LOVE BUILDING BLOCK WORD,WOODEN FRAME ANTIQUE WHITE ,ASSORTED COLOUR BIRD ORNAMENT,VINTAGE SNAP CARDS
17649,JUMBO BAG PINK POLKADOT,JUMBO BAG RED RETROSPOT,LUNCH BAG SUKI  DESIGN ,JUMBO SHOPPER VINTAGE RED PAISLEY,PINK BLUE FELT CRAFT TRINKET BOX
17650,60 TEATIME FAIRY CAKE CASES,PACK OF 72 RETROSPOT CAKE CASES,REGENCY CAKESTAND 3 TIER,WHITE HANGING HEART T-LIGHT HOLDER,ASSORTED COLOUR BIRD ORNAMENT
17651,JUMBO BAG RED RETROSPOT,JUMBO BAG PINK POLKADOT,LUNCH BAG SUKI  DESIGN ,PACK OF 72 RETROSPOT CAKE CASES,LUNCH BAG SPACEBOY DESIGN 
17652,LUNCH BAG PINK POLKADOT,LUNCH BAG WOODLAND,LUNCH BAG SUKI  DESIGN ,LUNCH BAG SPACEBOY DESIGN ,LUNCH BAG RED RETROSPOT
17653,WHITE HANGING HEART T-LIGHT HOLDER,PAPER CHAIN KIT 50'S CHRISTMAS ,METAL SIGN TAKE IT OR LEAVE IT ,RABBIT NIGHT LIGHT,JUMBO BAG RED WHITE SPOTTY 
17654,HEART OF WICKER LARGE,WHITE HANGING HEART T-LIGHT HOLDER,REGENCY CAKESTAND 3 TIER,ASSORTED COLOUR BIRD ORNAMENT,PARTY BUNTING
17655,PAPER CHAIN KIT 50'S CHRISTMAS ,HEART OF WICKER LARGE,REGENCY CAKESTAND 3 TIER,"PAPER CRAFT , LITTLE BIRDIE",JUMBO BAG RED WHITE SPOTTY 
17656,WHITE HANGING HEART T-LIGHT HOLDER,WOOD 2 DRAWER CABINET WHITE FINISH,PICNIC BASKET WICKER SMALL,REGENCY CAKESTAND 3 TIER,PARTY BUNTING
17657,REGENCY CAKESTAND 3 TIER,ASSORTED COLOUR BIRD ORNAMENT,PARTY BUNTING,VINTAGE UNION JACK BUNTING,BAKING SET 9 PIECE RETROSPOT 
17658,WHITE HANGING HEART T-LIGHT HOLDER,ASSORTED COLOUR BIRD ORNAMENT,PAPER CHAIN KIT 50'S CHRISTMAS ,BAKING SET 9 PIECE RETROSPOT ,METAL SIGN TAKE IT OR LEAVE IT 
17659,LUNCH BAG PINK POLKADOT,LUNCH BAG WOODLAND,LUNCH BAG SUKI  DESIGN ,LUNCH BAG CARS BLUE,LUNCH BAG SPACEBOY DESIGN 
17660,HEART OF WICKER LARGE,WHITE HANGING HEART T-LIGHT HOLDER,REGENCY CAKESTAND 3 TIER,ASSORTED COLOUR BIRD ORNAMENT,PARTY BUNTING
17662,WHITE HANGING HEART T-LIGHT HOLDER,REGENCY CAKESTAND 3 TIER,ASSORTED COLOUR BIRD ORNAMENT,PARTY BUNTING,VINTAGE UNION JACK BUNTING
17663,60 TEATIME FAIRY CAKE CASES,PACK OF 72 RETROSPOT CAKE CASES,LOVE BUILDING BLOCK WORD,HEART OF WICKER SMALL,"PAPER CRAFT , LITTLE BIRDIE"
17664,PACK OF 72 RETROSPOT CAKE CASES,60 TEATIME FAIRY CAKE CASES,REGENCY CAKESTAND 3 TIER,WHITE HANGING HEART T-LIGHT HOLDER,ASSORTED COLOUR BIRD ORNAMENT
17665,60 TEATIME FAIRY CAKE CASES,PACK OF 72 RETROSPOT CAKE CASES,WHITE HANGING HEART T-LIGHT HOLDER,REGENCY CAKESTAND 3 TIER,ASSORTED COLOUR BIRD ORNAMENT
17666,GIN + TONIC DIET METAL SIGN,ASSORTED COLOUR BIRD ORNAMENT,PAPER CHAIN KIT 50'S CHRISTMAS ,BAKING SET 9 PIECE RETROSPOT ,METAL SIGN TAKE IT OR LEAVE IT 
17667,PACK OF 72 RETROSPOT CAKE CASES,72 SWEETHEART FAIRY CAKE CASES,PACK OF 60 PINK PAISLEY CAKE CASES,JUMBO BAG PINK POLKADOT,JUMBO STORAGE BAG SUKI
17668,WHITE HANGING HEART T-LIGHT HOLDER,ASSORTED COLOUR BIRD ORNAMENT,PAPER CHAIN KIT 50'S CHRISTMAS ,BAKING SET 9 PIECE RETROSPOT ,METAL SIGN TAKE IT OR LEAVE IT 
17669,JUMBO BAG RED RETROSPOT,JUMBO BAG PINK POLKADOT,LUNCH BAG SUKI  DESIGN ,LUNCH BAG PINK POLKADOT,LUNCH BAG WOODLAND
17670,WHITE HANGING HEART T-LIGHT HOLDER,REGENCY CAKESTAND 3 TIER,ASSORTED COLOUR BIRD ORNAMENT,PARTY BUNTING,VINTAGE UNION JACK BUNTING
17671,JUMBO BAG PINK POLKADOT,JUMBO STORAGE BAG SUKI,JUMBO BAG RED RETROSPOT,REGENCY CAKESTAND 3 TIER,WHITE HANGING HEART T-LIGHT HOLDER
17672,PACK OF 72 RETROSPOT CAKE CASES,HOT WATER BOTTLE TEA AND SYMPATHY,PAPER CHAIN KIT 50'S CHRISTMAS ,JUMBO BAG RED WHITE SPOTTY ,ASSORTED COLOUR BIRD ORNAMENT
17673,REGENCY CAKESTAND 3 TIER,WHITE HANGING HEART T-LIGHT HOLDER,"PAPER CRAFT , LITTLE BIRDIE",JUMBO BAG RED WHITE SPOTTY ,ASSORTED COLOUR BIRD ORNAMENT
17674,REGENCY CAKESTAND 3 TIER,WHITE HANGING HEART T-LIGHT HOLDER,ASSORTED COLOUR BIRD ORNAMENT,PAPER CHAIN KIT 50'S CHRISTMAS ,BAKING SET 9 PIECE RETROSPOT 
17675,JUMBO BAG RED RETROSPOT,LUNCH BAG SUKI  DESIGN ,LUNCH BAG PINK POLKADOT,LUNCH BAG SPACEBOY DESIGN ,LUNCH BAG RED RETROSPOT
17676,LUNCH BAG CARS BLUE,LUNCH BAG SPACEBOY DESIGN ,LUNCH BAG PINK POLKADOT,LUNCH BAG SUKI  DESIGN ,LUNCH BAG RED RETROSPOT
17677,JUMBO BAG RED RETROSPOT,PACK OF 72 RETROSPOT CAKE CASES,LUNCH BAG SUKI  DESIGN ,JUMBO BAG PINK POLKADOT,LUNCH BAG PINK POLKADOT
17678,VINTAGE HEADS AND TAILS CARD GAME ,WHITE HANGING HEART T-LIGHT HOLDER,REGENCY CAKESTAND 3 TIER,ASSORTED COLOUR BIRD ORNAMENT,PARTY BUNTING
17679,WHITE HANGING HEART T-LIGHT HOLDER,PICNIC BASKET WICKER SMALL,PARTY BUNTING,JUMBO BAG RED WHITE SPOTTY ,ASSORTED COLOUR BIRD ORNAMENT
17680,LOVE BUILDING BLOCK WORD,WHITE HANGING HEART T-LIGHT HOLDER,REGENCY CAKESTAND 3 TIER,ASSORTED COLOUR BIRD ORNAMENT,PAPER CHAIN KIT 50'S CHRISTMAS 
17681,LOVE BUILDING BLOCK WORD,PICNIC BASKET WICKER SMALL,REGENCY CAKESTAND 3 TIER,PARTY BUNTING,JUMBO BAG RED WHITE SPOTTY 
17682,LUNCH BAG SPACEBOY DESIGN ,LUNCH BAG PINK POLKADOT,LUNCH BAG SUKI  DESIGN ,LUNCH BAG RED RETROSPOT,PINK REGENCY TEACUP AND SAUCER
17683,VINTAGE HEADS AND TAILS CARD GAME ,WHITE HANGING HEART T-LIGHT HOLDER,PICNIC BASKET WICKER SMALL,REGENCY CAKESTAND 3 TIER,PARTY BUNTING
17684,HEART OF WICKER LARGE,WHITE HANGING HEART T-LIGHT HOLDER,REGENCY CAKESTAND 3 TIER,ASSORTED COLOUR BIRD ORNAMENT,PAPER CHAIN KIT 50'S CHRISTMAS 
17685,LUNCH BAG SPACEBOY DESIGN ,LUNCH BAG PINK POLKADOT,LUNCH BAG SUKI  DESIGN ,LUNCH BAG RED RETROSPOT,PAPER CHAIN KIT VINTAGE CHRISTMAS
17686,JUMBO BAG RED RETROSPOT,JUMBO BAG PINK POLKADOT,LUNCH BAG SUKI  DESIGN ,LUNCH BAG PINK POLKADOT,LUNCH BAG WOODLAND
17687,WHITE HANGING HEART T-LIGHT HOLDER,REGENCY CAKESTAND 3 TIER,ASSORTED COLOUR BIRD ORNAMENT,VINTAGE UNION JACK BUNTING,BAKING SET 9 PIECE RETROSPOT 
17688,WHITE HANGING HEART T-LIGHT HOLDER,REGENCY CAKESTAND 3 TIER,ASSORTED COLOUR BIRD ORNAMENT,PARTY BUNTING,VINTAGE UNION JACK BUNTING
17689,LUNCH BAG PINK POLKADOT,LUNCH BAG SUKI  DESIGN ,LUNCH BAG SPACEBOY DESIGN ,LUNCH BAG RED RETROSPOT,WHITE HANGING HEART T-LIGHT HOLDER
17690,WHITE HANGING HEART T-LIGHT HOLDER,60 TEATIME FAIRY CAKE CASES,PACK OF 72 RETROSPOT CAKE CASES,JUMBO BAG RED RETROSPOT,WOODEN FRAME ANTIQUE WHITE 
17691,WOOD 2 DRAWER CABINET WHITE FINISH,WHITE HANGING HEART T-LIGHT HOLDER,PICNIC BASKET WICKER SMALL,REGENCY CAKESTAND 3 TIER,PARTY BUNTING
17692,WHITE HANGING HEART T-LIGHT HOLDER,PICNIC BASKET WICKER SMALL,REGENCY CAKESTAND 3 TIER,PARTY BUNTING,JUMBO BAG RED WHITE SPOTTY 
17693,WHITE HANGING HEART T-LIGHT HOLDER,REGENCY CAKESTAND 3 TIER,ASSORTED COLOUR BIRD ORNAMENT,PARTY BUNTING,VINTAGE UNION JACK BUNTING
17694,WHITE HANGING HEART T-LIGHT HOLDER,PICNIC BASKET WICKER SMALL,REGENCY CAKESTAND 3 TIER,JUMBO BAG RED WHITE SPOTTY ,ASSORTED COLOUR BIRD ORNAMENT
17695,PACK OF 72 RETROSPOT CAKE CASES,GIN + TONIC DIET METAL SIGN,WHITE HANGING HEART T-LIGHT HOLDER,PICNIC BASKET WICKER SMALL,REGENCY CAKESTAND 3 TIER
17696,WHITE HANGING HEART T-LIGHT HOLDER,REGENCY CAKESTAND 3 TIER,"PAPER CRAFT , LITTLE BIRDIE",JUMBO BAG RED WHITE SPOTTY ,ASSORTED COLOUR BIRD ORNAMENT
17697,WHITE HANGING HEART T-LIGHT HOLDER,REGENCY CAKESTAND 3 TIER,ASSORTED COLOUR BIRD ORNAMENT,PARTY BUNTING,VINTAGE UNION JACK BUNTING
17698,WHITE HANGING HEART T-LIGHT HOLDER,REGENCY CAKESTAND 3 TIER,ASSORTED COLOUR BIRD ORNAMENT,PARTY BUNTING,VINTAGE UNION JACK BUNTING
17699,REGENCY CAKESTAND 3 TIER,ASSORTED COLOUR BIRD ORNAMENT,PARTY BUNTING,VINTAGE UNION JACK BUNTING,BAKING SET 9 PIECE RETROSPOT 
17700,LOVE BUILDING BLOCK WORD,WOOD S/3 CABINET ANT WHITE FINISH,HEART OF WICKER LARGE,GIN + TONIC DIET METAL SIGN,"PAPER CRAFT , LITTLE BIRDIE"
17701,LUNCH BAG PINK POLKADOT,LUNCH BAG WOODLAND,LUNCH BAG SUKI  DESIGN ,LUNCH BAG CARS BLUE,LUNCH BAG SPACEBOY DESIGN 
17702,LUNCH BAG SPACEBOY DESIGN ,LUNCH BAG PINK POLKADOT,LUNCH BAG SUKI  DESIGN ,LUNCH BAG RED RETROSPOT,JUMBO BAG PINK POLKADOT
17703,REGENCY CAKESTAND 3 TIER,WHITE HANGING HEART T-LIGHT HOLDER,ASSORTED COLOUR BIRD ORNAMENT,BAKING SET 9 PIECE RETROSPOT ,METAL SIGN TAKE IT OR LEAVE IT 
17704,HEART OF WICKER SMALL,PICNIC BASKET WICKER SMALL,REGENCY CAKESTAND 3 TIER,JUMBO BAG RED WHITE SPOTTY ,ASSORTED COLOUR BIRD ORNAMENT
17705,LUNCH BAG PINK POLKADOT,LUNCH BAG SUKI  DESIGN ,LUNCH BAG SPACEBOY DESIGN ,LUNCH BAG RED RETROSPOT,JUMBO BAG RED RETROSPOT
17706,JUMBO BAG RED RETROSPOT,LUNCH BAG WOODLAND,LUNCH BAG PINK POLKADOT,LUNCH BAG SUKI  DESIGN ,LUNCH BAG SPACEBOY DESIGN 
17707,PINK REGENCY TEACUP AND SAUCER,GREEN REGENCY TEACUP AND SAUCER,REGENCY CAKESTAND 3 TIER,WHITE HANGING HEART T-LIGHT HOLDER,PICNIC BASKET WICKER SMALL
17708,LOVE BUILDING BLOCK WORD,WHITE HANGING HEART T-LIGHT HOLDER,PICNIC BASKET WICKER SMALL,REGENCY CAKESTAND 3 TIER,PARTY BUNTING
17709,WHITE HANGING HEART T-LIGHT HOLDER,PICNIC BASKET WICKER SMALL,JUMBO BAG RED WHITE SPOTTY ,ASSORTED COLOUR BIRD ORNAMENT,FAIRY CAKE FLANNEL ASSORTED COLOUR
17710,WHITE HANGING HEART T-LIGHT HOLDER,REGENCY CAKESTAND 3 TIER,ASSORTED COLOUR BIRD ORNAMENT,PARTY BUNTING,VINTAGE UNION JACK BUNTING
17711,REGENCY CAKESTAND 3 TIER,WHITE HANGING HEART T-LIGHT HOLDER,ASSORTED COLOUR BIRD ORNAMENT,PAPER CHAIN KIT 50'S CHRISTMAS ,METAL SIGN TAKE IT OR LEAVE IT 
17712,HEART OF WICKER LARGE,WHITE HANGING HEART T-LIGHT HOLDER,CHOCOLATE HOT WATER BOTTLE,REGENCY CAKESTAND 3 TIER,ASSORTED COLOUR BIRD ORNAMENT
17713,WHITE HANGING HEART T-LIGHT HOLDER,PICNIC BASKET WICKER SMALL,REGENCY CAKESTAND 3 TIER,PARTY BUNTING,JUMBO BAG RED WHITE SPOTTY 
17714,WHITE HANGING HEART T-LIGHT HOLDER,HOME BUILDING BLOCK WORD,PICNIC BASKET WICKER SMALL,REGENCY CAKESTAND 3 TIER,PARTY BUNTING
17715,WHITE HANGING HEART T-LIGHT HOLDER,REGENCY CAKESTAND 3 TIER,ASSORTED COLOUR BIRD ORNAMENT,PARTY BUNTING,VINTAGE UNION JACK BUNTING
17716,PACK OF 72 RETROSPOT CAKE CASES,PACK OF 60 PINK PAISLEY CAKE CASES,LUNCH BAG PINK POLKADOT,LUNCH BAG WOODLAND,LUNCH BAG SUKI  DESIGN 
17717,WHITE HANGING HEART T-LIGHT HOLDER,REGENCY CAKESTAND 3 TIER,PARTY BUNTING,VINTAGE UNION JACK BUNTING,BAKING SET 9 PIECE RETROSPOT 
17718,WHITE HANGING HEART T-LIGHT HOLDER,ASSORTED COLOUR BIRD ORNAMENT,PARTY BUNTING,VINTAGE UNION JACK BUNTING,GRAND CHOCOLATECANDLE
17719,REGENCY CAKESTAND 3 TIER,WHITE HANGING HEART T-LIGHT HOLDER,"PAPER CRAFT , LITTLE BIRDIE",JUMBO BAG RED WHITE SPOTTY ,ASSORTED COLOUR BIRD ORNAMENT
17720,PAPER CHAIN KIT VINTAGE CHRISTMAS,HOT WATER BOTTLE TEA AND SYMPATHY,GIN + TONIC DIET METAL SIGN,WHITE HANGING HEART T-LIGHT HOLDER,"PAPER CRAFT , LITTLE BIRDIE"
17721,TOILET METAL SIGN,WHITE HANGING HEART T-LIGHT HOLDER,REGENCY CAKESTAND 3 TIER,ASSORTED COLOUR BIRD ORNAMENT,PARTY BUNTING
17722,CHOCOLATE HOT WATER BOTTLE,WHITE HANGING HEART T-LIGHT HOLDER,PICNIC BASKET WICKER SMALL,JUMBO BAG RED WHITE SPOTTY ,ASSORTED COLOUR BIRD ORNAMENT
17723,WHITE HANGING HEART T-LIGHT HOLDER,PICNIC BASKET WICKER SMALL,REGENCY CAKESTAND 3 TIER,JUMBO BAG RED WHITE SPOTTY ,ASSORTED COLOUR BIRD ORNAMENT
17724,WHITE HANGING HEART T-LIGHT HOLDER,PICNIC BASKET WICKER SMALL,PARTY BUNTING,JUMBO BAG RED WHITE SPOTTY ,ASSORTED COLOUR BIRD ORNAMENT
17725,GIN + TONIC DIET METAL SIGN,WHITE HANGING HEART T-LIGHT HOLDER,REGENCY CAKESTAND 3 TIER,"PAPER CRAFT , LITTLE BIRDIE",JUMBO BAG RED WHITE SPOTTY 
17726,LOVE BUILDING BLOCK WORD,WHITE HANGING HEART T-LIGHT HOLDER,PICNIC BASKET WICKER SMALL,REGENCY CAKESTAND 3 TIER,PARTY BUNTING
17727,JUMBO BAG RED RETROSPOT,60 TEATIME FAIRY CAKE CASES,PACK OF 72 RETROSPOT CAKE CASES,WOODEN FRAME ANTIQUE WHITE ,WHITE HANGING HEART T-LIGHT HOLDER
17728,JUMBO BAG RED RETROSPOT,LUNCH BAG PINK POLKADOT,LUNCH BAG WOODLAND,LUNCH BAG SUKI  DESIGN ,LUNCH BAG CARS BLUE
17729,BATHROOM METAL SIGN,REGENCY CAKESTAND 3 TIER,ASSORTED COLOUR BIRD ORNAMENT,PARTY BUNTING,VINTAGE UNION JACK BUNTING
17730,PACK OF 72 RETROSPOT CAKE CASES,SWEETHEART CERAMIC TRINKET BOX,PACK OF 60 DINOSAUR CAKE CASES,PACK OF 60 PINK PAISLEY CAKE CASES,PAPER CHAIN KIT VINTAGE CHRISTMAS
17731,WHITE HANGING HEART T-LIGHT HOLDER,PICNIC BASKET WICKER SMALL,JUMBO BAG RED WHITE SPOTTY ,FAIRY CAKE FLANNEL ASSORTED COLOUR,GIN + TONIC DIET METAL SIGN
17732,LUNCH BAG SUKI  DESIGN ,JUMBO BAG RED RETROSPOT,LUNCH BAG SPACEBOY DESIGN ,LUNCH BAG PINK POLKADOT,LUNCH BAG RED RETROSPOT
17733,WHITE HANGING HEART T-LIGHT HOLDER,WOODEN PICTURE FRAME WHITE FINISH,HAND WARMER SCOTTY DOG DESIGN,HAND WARMER BIRD DESIGN,VINTAGE SNAP CARDS
17734,WHITE HANGING HEART T-LIGHT HOLDER,PICNIC BASKET WICKER SMALL,REGENCY CAKESTAND 3 TIER,JUMBO BAG RED WHITE SPOTTY ,ASSORTED COLOUR BIRD ORNAMENT
17735,JUMBO BAG RED RETROSPOT,PACK OF 72 RETROSPOT CAKE CASES,LUNCH BAG SUKI  DESIGN ,LUNCH BAG PINK POLKADOT,LUNCH BAG SPACEBOY DESIGN 
17736,WOOD 2 DRAWER CABINET WHITE FINISH,HOME BUILDING BLOCK WORD,WHITE HANGING HEART T-LIGHT HOLDER,ASSORTED COLOUR BIRD ORNAMENT,PAPER CHAIN KIT 50'S CHRISTMAS 
17737,HEART OF WICKER SMALL,WHITE HANGING HEART T-LIGHT HOLDER,REGENCY CAKESTAND 3 TIER,ASSORTED COLOUR BIRD ORNAMENT,PAPER CHAIN KIT 50'S CHRISTMAS 
17738,PACK OF 72 RETROSPOT CAKE CASES,SWEETHEART CERAMIC TRINKET BOX,72 SWEETHEART FAIRY CAKE CASES,PACK OF 60 PINK PAISLEY CAKE CASES,LUNCH BAG WOODLAND
17739,LUNCH BAG PINK POLKADOT,LUNCH BAG SUKI  DESIGN ,LUNCH BAG SPACEBOY DESIGN ,LUNCH BAG RED RETROSPOT,GIN + TONIC DIET METAL SIGN
17740,WHITE HANGING HEART T-LIGHT HOLDER,PICNIC BASKET WICKER SMALL,REGENCY CAKESTAND 3 TIER,PARTY BUNTING,JUMBO BAG RED WHITE SPOTTY 
17741,WHITE HANGING HEART T-LIGHT HOLDER,REGENCY CAKESTAND 3 TIER,ASSORTED COLOUR BIRD ORNAMENT,PARTY BUNTING,VINTAGE UNION JACK BUNTING
17742,PINK REGENCY TEACUP AND SAUCER,REGENCY CAKESTAND 3 TIER,PICNIC BASKET WICKER SMALL,PARTY BUNTING,JUMBO BAG RED WHITE SPOTTY 
17743,WHITE HANGING HEART T-LIGHT HOLDER,REGENCY CAKESTAND 3 TIER,ASSORTED COLOUR BIRD ORNAMENT,PARTY BUNTING,VINTAGE UNION JACK BUNTING
17744,STRAWBERRY CERAMIC TRINKET BOX,REGENCY CAKESTAND 3 TIER,WHITE HANGING HEART T-LIGHT HOLDER,"PAPER CRAFT , LITTLE BIRDIE",JUMBO BAG RED WHITE SPOTTY 
17745,WHITE HANGING HEART T-LIGHT HOLDER,ASSORTED COLOUR BIRD ORNAMENT,PARTY BUNTING,BAKING SET 9 PIECE RETROSPOT ,PAPER CHAIN KIT 50'S CHRISTMAS 
17746,WHITE HANGING HEART T-LIGHT HOLDER,PICNIC BASKET WICKER SMALL,PARTY BUNTING,JUMBO BAG RED WHITE SPOTTY ,ASSORTED COLOUR BIRD ORNAMENT
17747,WHITE HANGING HEART T-LIGHT HOLDER,REGENCY CAKESTAND 3 TIER,ASSORTED COLOUR BIRD ORNAMENT,PARTY BUNTING,VINTAGE UNION JACK BUNTING
17748,PINK BLUE FELT CRAFT TRINKET BOX,STRAWBERRY CERAMIC TRINKET BOX,WHITE HANGING HEART T-LIGHT HOLDER,ASSORTED COLOUR BIRD ORNAMENT,PARTY BUNTING
17749,HOT WATER BOTTLE TEA AND SYMPATHY,HOME BUILDING BLOCK WORD,WHITE HANGING HEART T-LIGHT HOLDER,PICNIC BASKET WICKER SMALL,JUMBO BAG RED WHITE SPOTTY 
17750,REGENCY CAKESTAND 3 TIER,WHITE HANGING HEART T-LIGHT HOLDER,"PAPER CRAFT , LITTLE BIRDIE",JUMBO BAG RED WHITE SPOTTY ,ASSORTED COLOUR BIRD ORNAMENT
17751,WHITE HANGING HEART T-LIGHT HOLDER,REGENCY CAKESTAND 3 TIER,ASSORTED COLOUR BIRD ORNAMENT,VINTAGE UNION JACK BUNTING,BAKING SET 9 PIECE RETROSPOT 
17752,WHITE HANGING HEART T-LIGHT HOLDER,REGENCY CAKESTAND 3 TIER,ASSORTED COLOUR BIRD ORNAMENT,PARTY BUNTING,VINTAGE UNION JACK BUNTING
17753,WHITE HANGING HEART T-LIGHT HOLDER,REGENCY CAKESTAND 3 TIER,ASSORTED COLOUR BIRD ORNAMENT,PARTY BUNTING,VINTAGE UNION JACK BUNTING
17754,WHITE HANGING HEART T-LIGHT HOLDER,REGENCY CAKESTAND 3 TIER,"PAPER CRAFT , LITTLE BIRDIE",ASSORTED COLOUR BIRD ORNAMENT,MEDIUM CERAMIC TOP STORAGE JAR
17756,PACK OF 72 RETROSPOT CAKE CASES,LUNCH BAG WOODLAND,LUNCH BAG PINK POLKADOT,LUNCH BAG SUKI  DESIGN ,LUNCH BAG SPACEBOY DESIGN 
17757,PINK 3 PIECE MINI DOTS CUTLERY SET,LOVE BUILDING BLOCK WORD,WHITE HANGING HEART T-LIGHT HOLDER,JUMBO BAG PINK POLKADOT,JUMBO STORAGE BAG SUKI
17758,JUMBO BAG RED RETROSPOT,JUMBO BAG PINK POLKADOT,LUNCH BAG SUKI  DESIGN ,LUNCH BAG WOODLAND,LUNCH BAG PINK POLKADOT
17759,WHITE HANGING HEART T-LIGHT HOLDER,ASSORTED COLOUR BIRD ORNAMENT,BAKING SET 9 PIECE RETROSPOT ,METAL SIGN TAKE IT OR LEAVE IT ,RABBIT NIGHT LIGHT
17760,VINTAGE HEADS AND TAILS CARD GAME ,REGENCY CAKESTAND 3 TIER,WHITE HANGING HEART T-LIGHT HOLDER,ASSORTED COLOUR BIRD ORNAMENT,PAPER CHAIN KIT 50'S CHRISTMAS 
17761,HEART OF WICKER LARGE,WHITE HANGING HEART T-LIGHT HOLDER,ASSORTED COLOUR BIRD ORNAMENT,PAPER CHAIN KIT 50'S CHRISTMAS ,BAKING SET 9 PIECE RETROSPOT 
17762,LUNCH BAG PINK POLKADOT,LUNCH BAG WOODLAND,LUNCH BAG SUKI  DESIGN ,LUNCH BAG CARS BLUE,LUNCH BAG SPACEBOY DESIGN 
17763,HOT WATER BOTTLE TEA AND SYMPATHY,JUMBO BAG STRAWBERRY,JUMBO  BAG BAROQUE BLACK WHITE,JUMBO BAG PINK POLKADOT,JUMBO SHOPPER VINTAGE RED PAISLEY
17764,HAND WARMER OWL DESIGN,ALARM CLOCK BAKELIKE GREEN,WHITE HANGING HEART T-LIGHT HOLDER,PICNIC BASKET WICKER SMALL,REGENCY CAKESTAND 3 TIER
17765,LUNCH BAG PINK POLKADOT,LUNCH BAG WOODLAND,LUNCH BAG SUKI  DESIGN ,LUNCH BAG CARS BLUE,LUNCH BAG SPACEBOY DESIGN 
17766,ASSORTED COLOUR BIRD ORNAMENT,WHITE HANGING HEART T-LIGHT HOLDER,REGENCY CAKESTAND 3 TIER,PARTY BUNTING,VINTAGE UNION JACK BUNTING
17767,REGENCY CAKESTAND 3 TIER,ASSORTED COLOUR BIRD ORNAMENT,PAPER CHAIN KIT 50'S CHRISTMAS ,BAKING SET 9 PIECE RETROSPOT ,METAL SIGN TAKE IT OR LEAVE IT 
17768,JUMBO BAG RED RETROSPOT,WHITE HANGING HEART T-LIGHT HOLDER,PACK OF 72 RETROSPOT CAKE CASES,60 TEATIME FAIRY CAKE CASES,HOT WATER BOTTLE TEA AND SYMPATHY
17769,PACK OF 72 RETROSPOT CAKE CASES,JUMBO BAG RED RETROSPOT,LUNCH BAG PINK POLKADOT,LUNCH BAG SUKI  DESIGN ,LUNCH BAG SPACEBOY DESIGN 
17770,WHITE HANGING HEART T-LIGHT HOLDER,PICNIC BASKET WICKER SMALL,REGENCY CAKESTAND 3 TIER,PARTY BUNTING,JUMBO BAG RED WHITE SPOTTY 
17771,ALARM CLOCK BAKELIKE RED ,REGENCY CAKESTAND 3 TIER,WHITE HANGING HEART T-LIGHT HOLDER,ASSORTED COLOUR BIRD ORNAMENT,BAKING SET 9 PIECE RETROSPOT 
17772,ALARM CLOCK BAKELIKE RED ,PAPER CHAIN KIT VINTAGE CHRISTMAS,JUMBO BAG STRAWBERRY,JUMBO  BAG BAROQUE BLACK WHITE,JUMBO BAG PINK POLKADOT
17773,LUNCH BAG PINK POLKADOT,LUNCH BAG SUKI  DESIGN ,LUNCH BAG SPACEBOY DESIGN ,LUNCH BAG  BLACK SKULL.,LUNCH BAG RED RETROSPOT
17774,60 TEATIME FAIRY CAKE CASES,PACK OF 72 RETROSPOT CAKE CASES,ROSES REGENCY TEACUP AND SAUCER ,ALARM CLOCK BAKELIKE RED ,WOODEN FRAME ANTIQUE WHITE 
17775,WHITE HANGING HEART T-LIGHT HOLDER,REGENCY CAKESTAND 3 TIER,ASSORTED COLOUR BIRD ORNAMENT,PARTY BUNTING,VINTAGE UNION JACK BUNTING
17776,PACK OF 72 RETROSPOT CAKE CASES,JUMBO BAG RED RETROSPOT,LUNCH BAG PINK POLKADOT,LUNCH BAG WOODLAND,LUNCH BAG SUKI  DESIGN 
17777,JUMBO BAG PINK POLKADOT,JUMBO STORAGE BAG SUKI,JUMBO BAG RED RETROSPOT,REGENCY CAKESTAND 3 TIER,ASSORTED COLOUR BIRD ORNAMENT
17778,WHITE HANGING HEART T-LIGHT HOLDER,REGENCY CAKESTAND 3 TIER,ASSORTED COLOUR BIRD ORNAMENT,PARTY BUNTING,VINTAGE UNION JACK BUNTING
17779,LUNCH BAG WOODLAND,LUNCH BAG PINK POLKADOT,LUNCH BAG SUKI  DESIGN ,LUNCH BAG SPACEBOY DESIGN ,LUNCH BAG  BLACK SKULL.
17780,WHITE HANGING HEART T-LIGHT HOLDER,WOODEN PICTURE FRAME WHITE FINISH,WOOD S/3 CABINET ANT WHITE FINISH,HOME BUILDING BLOCK WORD,REGENCY CAKESTAND 3 TIER
17781,WHITE HANGING HEART T-LIGHT HOLDER,ASSORTED COLOUR BIRD ORNAMENT,PARTY BUNTING,VINTAGE UNION JACK BUNTING,BAKING SET 9 PIECE RETROSPOT 
17782,REGENCY CAKESTAND 3 TIER,PARTY BUNTING,VINTAGE UNION JACK BUNTING,BAKING SET 9 PIECE RETROSPOT ,GRAND CHOCOLATECANDLE
17783,ALARM CLOCK BAKELIKE RED ,VINTAGE SNAP CARDS,REGENCY CAKESTAND 3 TIER,WHITE HANGING HEART T-LIGHT HOLDER,ASSORTED COLOUR BIRD ORNAMENT
17784,WHITE HANGING HEART T-LIGHT HOLDER,REGENCY CAKESTAND 3 TIER,ASSORTED COLOUR BIRD ORNAMENT,PARTY BUNTING,VINTAGE UNION JACK BUNTING
17785,BLUE 3 PIECE MINI DOTS CUTLERY SET,HEART OF WICKER SMALL,WHITE HANGING HEART T-LIGHT HOLDER,JUMBO BAG PINK POLKADOT,JUMBO STORAGE BAG SUKI
17786,HEART OF WICKER LARGE,HAND WARMER BIRD DESIGN,JUMBO BAG PINK VINTAGE PAISLEY,JUMBO BAG RED RETROSPOT,PINK CREAM FELT CRAFT TRINKET BOX 
17787,WOODEN FRAME ANTIQUE WHITE ,PINK 3 PIECE MINI DOTS CUTLERY SET,HOME BUILDING BLOCK WORD,HEART OF WICKER LARGE,PICNIC BASKET WICKER SMALL
17788,REGENCY CAKESTAND 3 TIER,WHITE HANGING HEART T-LIGHT HOLDER,ASSORTED COLOUR BIRD ORNAMENT,PAPER CHAIN KIT 50'S CHRISTMAS ,BAKING SET 9 PIECE RETROSPOT 
17789,ASSORTED COLOUR BIRD ORNAMENT,PARTY BUNTING,BAKING SET 9 PIECE RETROSPOT ,GRAND CHOCOLATECANDLE,PAPER CHAIN KIT 50'S CHRISTMAS 
17790,HOT WATER BOTTLE TEA AND SYMPATHY,REGENCY CAKESTAND 3 TIER,"PAPER CRAFT , LITTLE BIRDIE",JUMBO BAG RED WHITE SPOTTY ,MEDIUM CERAMIC TOP STORAGE JAR
17791,REGENCY CAKESTAND 3 TIER,WHITE HANGING HEART T-LIGHT HOLDER,ASSORTED COLOUR BIRD ORNAMENT,PAPER CHAIN KIT 50'S CHRISTMAS ,METAL SIGN TAKE IT OR LEAVE IT 
17792,LUNCH BAG WOODLAND,LUNCH BAG PINK POLKADOT,LUNCH BAG SUKI  DESIGN ,LUNCH BAG SPACEBOY DESIGN ,LUNCH BAG RED RETROSPOT
17793,HOME BUILDING BLOCK WORD,ASSORTED COLOUR BIRD ORNAMENT,PAPER CHAIN KIT 50'S CHRISTMAS ,METAL SIGN TAKE IT OR LEAVE IT ,RABBIT NIGHT LIGHT
17794,WHITE HANGING HEART T-LIGHT HOLDER,REGENCY CAKESTAND 3 TIER,ASSORTED COLOUR BIRD ORNAMENT,PARTY BUNTING,VINTAGE UNION JACK BUNTING
17795,WHITE HANGING HEART T-LIGHT HOLDER,REGENCY CAKESTAND 3 TIER,ASSORTED COLOUR BIRD ORNAMENT,PARTY BUNTING,VINTAGE UNION JACK BUNTING
17796,WHITE HANGING HEART T-LIGHT HOLDER,SWEETHEART CERAMIC TRINKET BOX,HAND WARMER OWL DESIGN,60 TEATIME FAIRY CAKE CASES,PACK OF 72 RETROSPOT CAKE CASES
17797,HAND WARMER SCOTTY DOG DESIGN,HAND WARMER BIRD DESIGN,HOME BUILDING BLOCK WORD,REGENCY CAKESTAND 3 TIER,"PAPER CRAFT , LITTLE BIRDIE"
17798,JUMBO STORAGE BAG SUKI,JUMBO BAG PINK POLKADOT,JUMBO BAG RED RETROSPOT,WHITE HANGING HEART T-LIGHT HOLDER,REGENCY CAKESTAND 3 TIER
17799,JUMBO BAG RED RETROSPOT,PACK OF 72 RETROSPOT CAKE CASES,LUNCH BAG SUKI  DESIGN ,JUMBO BAG PINK POLKADOT,LUNCH BAG PINK POLKADOT
17800,LUNCH BAG WOODLAND,LUNCH BAG PINK POLKADOT,LUNCH BAG SUKI  DESIGN ,LUNCH BAG SPACEBOY DESIGN ,LUNCH BAG RED RETROSPOT
17801,PICNIC BASKET WICKER SMALL,REGENCY CAKESTAND 3 TIER,PARTY BUNTING,JUMBO BAG RED WHITE SPOTTY ,ASSORTED COLOUR BIRD ORNAMENT
17802,JUMBO BAG RED RETROSPOT,PACK OF 72 RETROSPOT CAKE CASES,JUMBO BAG PINK POLKADOT,LUNCH BAG SUKI  DESIGN ,LUNCH BAG SPACEBOY DESIGN 
17803,JUMBO BAG PINK POLKADOT,JUMBO BAG RED RETROSPOT,JUMBO BAG STRAWBERRY,JUMBO  BAG BAROQUE BLACK WHITE,LUNCH BAG SUKI  DESIGN 
17804,WHITE HANGING HEART T-LIGHT HOLDER,REGENCY CAKESTAND 3 TIER,ASSORTED COLOUR BIRD ORNAMENT,PARTY BUNTING,VINTAGE UNION JACK BUNTING
17805,REGENCY CAKESTAND 3 TIER,WHITE HANGING HEART T-LIGHT HOLDER,ASSORTED COLOUR BIRD ORNAMENT,PAPER CHAIN KIT 50'S CHRISTMAS ,BAKING SET 9 PIECE RETROSPOT 
17806,REGENCY CAKESTAND 3 TIER,WHITE HANGING HEART T-LIGHT HOLDER,ASSORTED COLOUR BIRD ORNAMENT,PAPER CHAIN KIT 50'S CHRISTMAS ,BAKING SET 9 PIECE RETROSPOT 
17807,PACK OF 72 RETROSPOT CAKE CASES,HAND WARMER OWL DESIGN,PACK OF 60 DINOSAUR CAKE CASES,72 SWEETHEART FAIRY CAKE CASES,GIN + TONIC DIET METAL SIGN
17808,LOVE BUILDING BLOCK WORD,WHITE HANGING HEART T-LIGHT HOLDER,PARTY BUNTING,VINTAGE UNION JACK BUNTING,BAKING SET 9 PIECE RETROSPOT 
17809,PAPER CHAIN KIT 50'S CHRISTMAS ,REGENCY CAKESTAND 3 TIER,WHITE HANGING HEART T-LIGHT HOLDER,"PAPER CRAFT , LITTLE BIRDIE",JUMBO BAG RED WHITE SPOTTY 
17810,WOOD S/3 CABINET ANT WHITE FINISH,REGENCY CAKESTAND 3 TIER,ASSORTED COLOUR BIRD ORNAMENT,PARTY BUNTING,VINTAGE UNION JACK BUNTING
17811,PACK OF 72 RETROSPOT CAKE CASES,LUNCH BAG SUKI  DESIGN ,JUMBO BAG RED RETROSPOT,LUNCH BAG WOODLAND,LUNCH BAG PINK POLKADOT
17812,60 TEATIME FAIRY CAKE CASES,PACK OF 72 RETROSPOT CAKE CASES,BATHROOM METAL SIGN,WHITE HANGING HEART T-LIGHT HOLDER,ASSORTED COLOUR BIRD ORNAMENT
17813,WHITE HANGING HEART T-LIGHT HOLDER,60 TEATIME FAIRY CAKE CASES,PACK OF 72 RETROSPOT CAKE CASES,ALARM CLOCK BAKELIKE RED ,WOODEN FRAME ANTIQUE WHITE 
17814,JUMBO BAG RED RETROSPOT,60 TEATIME FAIRY CAKE CASES,PACK OF 72 RETROSPOT CAKE CASES,CHOCOLATE HOT WATER BOTTLE,PICNIC BASKET WICKER SMALL
17815,WHITE HANGING HEART T-LIGHT HOLDER,REGENCY CAKESTAND 3 TIER,ASSORTED COLOUR BIRD ORNAMENT,PARTY BUNTING,VINTAGE UNION JACK BUNTING
17816,LUNCH BAG CARS BLUE,LUNCH BAG SPACEBOY DESIGN ,LUNCH BAG PINK POLKADOT,LUNCH BAG SUKI  DESIGN ,LUNCH BAG RED RETROSPOT
17817,WHITE HANGING HEART T-LIGHT HOLDER,60 TEATIME FAIRY CAKE CASES,PACK OF 72 RETROSPOT CAKE CASES,ALARM CLOCK BAKELIKE GREEN,HEART OF WICKER LARGE
17818,60 TEATIME FAIRY CAKE CASES,PACK OF 72 RETROSPOT CAKE CASES,JUMBO BAG STRAWBERRY,JUMBO  BAG BAROQUE BLACK WHITE,JUMBO BAG PINK POLKADOT
17819,PAPER CHAIN KIT 50'S CHRISTMAS ,PACK OF 72 RETROSPOT CAKE CASES,HAND WARMER BIRD DESIGN,TOILET METAL SIGN,WHITE HANGING HEART T-LIGHT HOLDER
17820,60 TEATIME FAIRY CAKE CASES,PACK OF 72 RETROSPOT CAKE CASES,HEART OF WICKER SMALL,VINTAGE HEADS AND TAILS CARD GAME ,REGENCY CAKESTAND 3 TIER
17821,ALARM CLOCK BAKELIKE GREEN,HAND WARMER SCOTTY DOG DESIGN,WHITE HANGING HEART T-LIGHT HOLDER,REGENCY CAKESTAND 3 TIER,ASSORTED COLOUR BIRD ORNAMENT
17822,JUMBO STORAGE BAG SUKI,JUMBO BAG PINK POLKADOT,JUMBO BAG RED RETROSPOT,REGENCY CAKESTAND 3 TIER,PARTY BUNTING
17823,PACK OF 72 RETROSPOT CAKE CASES,60 TEATIME FAIRY CAKE CASES,WOODEN FRAME ANTIQUE WHITE ,WHITE HANGING HEART T-LIGHT HOLDER,HOT WATER BOTTLE TEA AND SYMPATHY
17824,VINTAGE HEADS AND TAILS CARD GAME ,REGENCY CAKESTAND 3 TIER,WHITE HANGING HEART T-LIGHT HOLDER,ASSORTED COLOUR BIRD ORNAMENT,PAPER CHAIN KIT 50'S CHRISTMAS 
17825,VINTAGE HEADS AND TAILS CARD GAME ,WHITE HANGING HEART T-LIGHT HOLDER,PICNIC BASKET WICKER SMALL,REGENCY CAKESTAND 3 TIER,PARTY BUNTING
17826,JUMBO BAG RED RETROSPOT,JUMBO BAG SCANDINAVIAN PAISLEY,HAND WARMER BIRD DESIGN,HOT WATER BOTTLE TEA AND SYMPATHY,JUMBO BAG PINK POLKADOT
17827,60 TEATIME FAIRY CAKE CASES,PACK OF 72 RETROSPOT CAKE CASES,PAPER CHAIN KIT VINTAGE CHRISTMAS,HOT WATER BOTTLE TEA AND SYMPATHY,GIN + TONIC DIET METAL SIGN
17828,REGENCY CAKESTAND 3 TIER,ASSORTED COLOUR BIRD ORNAMENT,PAPER CHAIN KIT 50'S CHRISTMAS ,BAKING SET 9 PIECE RETROSPOT ,METAL SIGN TAKE IT OR LEAVE IT 
17829,BLUE 3 PIECE MINI DOTS CUTLERY SET,WHITE HANGING HEART T-LIGHT HOLDER,PICNIC BASKET WICKER SMALL,REGENCY CAKESTAND 3 TIER,JUMBO BAG RED WHITE SPOTTY 
17830,REGENCY CAKESTAND 3 TIER,ASSORTED COLOUR BIRD ORNAMENT,PAPER CHAIN KIT 50'S CHRISTMAS ,BAKING SET 9 PIECE RETROSPOT ,METAL SIGN TAKE IT OR LEAVE IT 
17831,ROSES REGENCY TEACUP AND SAUCER ,WHITE HANGING HEART T-LIGHT HOLDER,REGENCY CAKESTAND 3 TIER,ASSORTED COLOUR BIRD ORNAMENT,PARTY BUNTING
17832,WHITE HANGING HEART T-LIGHT HOLDER,REGENCY CAKESTAND 3 TIER,ASSORTED COLOUR BIRD ORNAMENT,VINTAGE UNION JACK BUNTING,PAPER CHAIN KIT 50'S CHRISTMAS 
17833,TOILET METAL SIGN,WHITE HANGING HEART T-LIGHT HOLDER,REGENCY CAKESTAND 3 TIER,ASSORTED COLOUR BIRD ORNAMENT,PARTY BUNTING
17834,SWEETHEART CERAMIC TRINKET BOX,WHITE HANGING HEART T-LIGHT HOLDER,REGENCY CAKESTAND 3 TIER,ASSORTED COLOUR BIRD ORNAMENT,PARTY BUNTING
17835,JUMBO BAG RED RETROSPOT,JUMBO STORAGE BAG SUKI,JUMBO BAG PINK POLKADOT,PAPER CHAIN KIT VINTAGE CHRISTMAS,REGENCY CAKESTAND 3 TIER
17836,WHITE HANGING HEART T-LIGHT HOLDER,REGENCY CAKESTAND 3 TIER,ASSORTED COLOUR BIRD ORNAMENT,PARTY BUNTING,VINTAGE UNION JACK BUNTING
17837,LOVE BUILDING BLOCK WORD,HAND WARMER SCOTTY DOG DESIGN,HAND WARMER BIRD DESIGN,PICNIC BASKET WICKER SMALL,REGENCY CAKESTAND 3 TIER
17838,PACK OF 72 RETROSPOT CAKE CASES,PACK OF 60 PINK PAISLEY CAKE CASES,REGENCY CAKESTAND 3 TIER,WHITE HANGING HEART T-LIGHT HOLDER,"PAPER CRAFT , LITTLE BIRDIE"
17839,PAPER CHAIN KIT 50'S CHRISTMAS ,JUMBO BAG STRAWBERRY,JUMBO  BAG BAROQUE BLACK WHITE,JUMBO BAG PINK POLKADOT,JUMBO SHOPPER VINTAGE RED PAISLEY
17840,60 TEATIME FAIRY CAKE CASES,PACK OF 72 RETROSPOT CAKE CASES,JUMBO BAG SCANDINAVIAN PAISLEY,JUMBO BAG RED RETROSPOT,CHOCOLATE HOT WATER BOTTLE
17841,JUMBO BAG RED RETROSPOT,PACK OF 72 RETROSPOT CAKE CASES,JUMBO BAG PINK POLKADOT,LUNCH BAG SUKI  DESIGN ,LUNCH BAG PINK POLKADOT
17842,REGENCY CAKESTAND 3 TIER,ASSORTED COLOUR BIRD ORNAMENT,PARTY BUNTING,VINTAGE UNION JACK BUNTING,BAKING SET 9 PIECE RETROSPOT 
17843,PINK CREAM FELT CRAFT TRINKET BOX ,WHITE HANGING HEART T-LIGHT HOLDER,REGENCY CAKESTAND 3 TIER,ASSORTED COLOUR BIRD ORNAMENT,PARTY BUNTING
17844,WHITE HANGING HEART T-LIGHT HOLDER,REGENCY CAKESTAND 3 TIER,ASSORTED COLOUR BIRD ORNAMENT,PARTY BUNTING,VINTAGE UNION JACK BUNTING
17845,HEART OF WICKER SMALL,WHITE HANGING HEART T-LIGHT HOLDER,PICNIC BASKET WICKER SMALL,PARTY BUNTING,JUMBO BAG RED WHITE SPOTTY 
17847,WHITE HANGING HEART T-LIGHT HOLDER,REGENCY CAKESTAND 3 TIER,ASSORTED COLOUR BIRD ORNAMENT,PARTY BUNTING,VINTAGE UNION JACK BUNTING
17848,WOODEN PICTURE FRAME WHITE FINISH,HEART OF WICKER SMALL,"PAPER CRAFT , LITTLE BIRDIE",JUMBO BAG RED WHITE SPOTTY ,MEDIUM CERAMIC TOP STORAGE JAR
17849,WHITE HANGING HEART T-LIGHT HOLDER,PICNIC BASKET WICKER SMALL,REGENCY CAKESTAND 3 TIER,PARTY BUNTING,JUMBO BAG RED WHITE SPOTTY 
17850,JUMBO STORAGE BAG SUKI,JUMBO BAG PINK POLKADOT,JUMBO BAG RED RETROSPOT,LUNCH BAG PINK POLKADOT,LUNCH BAG WOODLAND
17851,WHITE HANGING HEART T-LIGHT HOLDER,LOVE BUILDING BLOCK WORD,ALARM CLOCK BAKELIKE RED ,LUNCH BAG PINK POLKADOT,LUNCH BAG WOODLAND
17852,HAND WARMER OWL DESIGN,REGENCY CAKESTAND 3 TIER,ASSORTED COLOUR BIRD ORNAMENT,PAPER CHAIN KIT 50'S CHRISTMAS ,BAKING SET 9 PIECE RETROSPOT 
17853,WHITE HANGING HEART T-LIGHT HOLDER,SWEETHEART CERAMIC TRINKET BOX,PICNIC BASKET WICKER SMALL,PARTY BUNTING,JUMBO BAG RED WHITE SPOTTY 
17854,60 TEATIME FAIRY CAKE CASES,PACK OF 72 RETROSPOT CAKE CASES,PICNIC BASKET WICKER SMALL,REGENCY CAKESTAND 3 TIER,JUMBO BAG RED WHITE SPOTTY 
17855,PAPER CHAIN KIT 50'S CHRISTMAS ,WHITE HANGING HEART T-LIGHT HOLDER,REGENCY CAKESTAND 3 TIER,ASSORTED COLOUR BIRD ORNAMENT,PARTY BUNTING
17856,REGENCY CAKESTAND 3 TIER,WHITE HANGING HEART T-LIGHT HOLDER,ASSORTED COLOUR BIRD ORNAMENT,PAPER CHAIN KIT 50'S CHRISTMAS ,BAKING SET 9 PIECE RETROSPOT 
17857,REGENCY CAKESTAND 3 TIER,WHITE HANGING HEART T-LIGHT HOLDER,"PAPER CRAFT , LITTLE BIRDIE",JUMBO BAG RED WHITE SPOTTY ,ASSORTED COLOUR BIRD ORNAMENT
17858,WHITE HANGING HEART T-LIGHT HOLDER,GIN + TONIC DIET METAL SIGN,HEART OF WICKER SMALL,"PAPER CRAFT , LITTLE BIRDIE",JUMBO BAG RED WHITE SPOTTY 
17859,WHITE HANGING HEART T-LIGHT HOLDER,REGENCY CAKESTAND 3 TIER,ASSORTED COLOUR BIRD ORNAMENT,PARTY BUNTING,VINTAGE UNION JACK BUNTING
17860,JUMBO BAG RED RETROSPOT,JUMBO BAG PINK POLKADOT,HAND WARMER OWL DESIGN,LUNCH BAG SUKI  DESIGN ,HOT WATER BOTTLE TEA AND SYMPATHY
17861,LUNCH BAG PINK POLKADOT,LUNCH BAG SUKI  DESIGN ,LUNCH BAG SPACEBOY DESIGN ,LUNCH BAG RED RETROSPOT,PACK OF 72 RETROSPOT CAKE CASES
17862,JUMBO BAG RED RETROSPOT,LUNCH BAG SUKI  DESIGN ,PINK REGENCY TEACUP AND SAUCER,LUNCH BAG PINK POLKADOT,LUNCH BAG WOODLAND
17863,LUNCH BAG CARS BLUE,LUNCH BAG SPACEBOY DESIGN ,LUNCH BAG PINK POLKADOT,LUNCH BAG SUKI  DESIGN ,LUNCH BAG  BLACK SKULL.
17864,PACK OF 72 RETROSPOT CAKE CASES,60 TEATIME FAIRY CAKE CASES,HAND WARMER OWL DESIGN,JUMBO BAG RED RETROSPOT,PAPER CHAIN KIT 50'S CHRISTMAS 
17865,PACK OF 72 RETROSPOT CAKE CASES,WHITE HANGING HEART T-LIGHT HOLDER,VINTAGE HEADS AND TAILS CARD GAME ,"PAPER CRAFT , LITTLE BIRDIE",JUMBO BAG RED WHITE SPOTTY 
17866,WHITE HANGING HEART T-LIGHT HOLDER,HOT WATER BOTTLE TEA AND SYMPATHY,PICNIC BASKET WICKER SMALL,REGENCY CAKESTAND 3 TIER,PARTY BUNTING
17867,HAND WARMER OWL DESIGN,JUMBO BAG PINK POLKADOT,JUMBO STORAGE BAG SUKI,JUMBO BAG RED RETROSPOT,REGENCY CAKESTAND 3 TIER
17868,LOVE BUILDING BLOCK WORD,WHITE HANGING HEART T-LIGHT HOLDER,JUMBO STORAGE BAG SUKI,JUMBO BAG PINK POLKADOT,JUMBO BAG RED RETROSPOT
17869,ALARM CLOCK BAKELIKE GREEN,WHITE HANGING HEART T-LIGHT HOLDER,PICNIC BASKET WICKER SMALL,REGENCY CAKESTAND 3 TIER,JUMBO BAG RED WHITE SPOTTY 
17870,PACK OF 72 RETROSPOT CAKE CASES,ALARM CLOCK BAKELIKE RED ,PACK OF 60 DINOSAUR CAKE CASES,72 SWEETHEART FAIRY CAKE CASES,PACK OF 60 PINK PAISLEY CAKE CASES
17871,PINK 3 PIECE MINI DOTS CUTLERY SET,WHITE HANGING HEART T-LIGHT HOLDER,PICNIC BASKET WICKER SMALL,REGENCY CAKESTAND 3 TIER,PARTY BUNTING
17872,WHITE HANGING HEART T-LIGHT HOLDER,REGENCY CAKESTAND 3 TIER,ASSORTED COLOUR BIRD ORNAMENT,PARTY BUNTING,VINTAGE UNION JACK BUNTING
17873,GIN + TONIC DIET METAL SIGN,REGENCY CAKESTAND 3 TIER,"PAPER CRAFT , LITTLE BIRDIE",JUMBO BAG RED WHITE SPOTTY ,ASSORTED COLOUR BIRD ORNAMENT
17874,JUMBO BAG PINK POLKADOT,JUMBO STORAGE BAG SUKI,JUMBO BAG RED RETROSPOT,WHITE HANGING HEART T-LIGHT HOLDER,PICNIC BASKET WICKER SMALL
17875,WHITE HANGING HEART T-LIGHT HOLDER,REGENCY CAKESTAND 3 TIER,ASSORTED COLOUR BIRD ORNAMENT,PARTY BUNTING,VINTAGE UNION JACK BUNTING
17876,WHITE HANGING HEART T-LIGHT HOLDER,PICNIC BASKET WICKER SMALL,REGENCY CAKESTAND 3 TIER,PARTY BUNTING,JUMBO BAG RED WHITE SPOTTY 
17877,WHITE HANGING HEART T-LIGHT HOLDER,REGENCY CAKESTAND 3 TIER,ASSORTED COLOUR BIRD ORNAMENT,PARTY BUNTING,VINTAGE UNION JACK BUNTING
17878,HEART OF WICKER LARGE,WHITE HANGING HEART T-LIGHT HOLDER,REGENCY CAKESTAND 3 TIER,ASSORTED COLOUR BIRD ORNAMENT,BAKING SET 9 PIECE RETROSPOT 
17879,WHITE HANGING HEART T-LIGHT HOLDER,REGENCY CAKESTAND 3 TIER,ASSORTED COLOUR BIRD ORNAMENT,PARTY BUNTING,VINTAGE UNION JACK BUNTING
17880,WHITE HANGING HEART T-LIGHT HOLDER,PICNIC BASKET WICKER SMALL,REGENCY CAKESTAND 3 TIER,PARTY BUNTING,JUMBO BAG RED WHITE SPOTTY 
17881,WHITE HANGING HEART T-LIGHT HOLDER,REGENCY CAKESTAND 3 TIER,ASSORTED COLOUR BIRD ORNAMENT,PARTY BUNTING,VINTAGE UNION JACK BUNTING
17882,JUMBO BAG PINK POLKADOT,JUMBO STORAGE BAG SUKI,JUMBO BAG RED RETROSPOT,WHITE HANGING HEART T-LIGHT HOLDER,REGENCY CAKESTAND 3 TIER
17883,PINK REGENCY TEACUP AND SAUCER,WOODEN FRAME ANTIQUE WHITE ,WHITE HANGING HEART T-LIGHT HOLDER,PAPER CHAIN KIT VINTAGE CHRISTMAS,JUMBO BAG PINK VINTAGE PAISLEY
17884,PACK OF 72 RETROSPOT CAKE CASES,LUNCH BAG CARS BLUE,LUNCH BAG SPACEBOY DESIGN ,LUNCH BAG PINK POLKADOT,LUNCH BAG SUKI  DESIGN 
17885,JUMBO BAG PINK POLKADOT,JUMBO STORAGE BAG SUKI,JUMBO BAG RED RETROSPOT,ALARM CLOCK BAKELIKE RED ,REGENCY CAKESTAND 3 TIER
17886,PACK OF 72 RETROSPOT CAKE CASES,WHITE HANGING HEART T-LIGHT HOLDER,PICNIC BASKET WICKER SMALL,PARTY BUNTING,JUMBO BAG RED WHITE SPOTTY 
17887,WHITE HANGING HEART T-LIGHT HOLDER,REGENCY CAKESTAND 3 TIER,ASSORTED COLOUR BIRD ORNAMENT,PARTY BUNTING,VINTAGE UNION JACK BUNTING
17888,WHITE HANGING HEART T-LIGHT HOLDER,JUMBO BAG PINK POLKADOT,JUMBO STORAGE BAG SUKI,JUMBO BAG RED RETROSPOT,HAND WARMER SCOTTY DOG DESIGN
17889,JUMBO BAG SCANDINAVIAN PAISLEY,JUMBO BAG RED RETROSPOT,HAND WARMER BIRD DESIGN,WHITE HANGING HEART T-LIGHT HOLDER,PICNIC BASKET WICKER SMALL
17890,WHITE HANGING HEART T-LIGHT HOLDER,LOVE BUILDING BLOCK WORD,ALARM CLOCK BAKELIKE GREEN,HEART OF WICKER SMALL,REGENCY CAKESTAND 3 TIER
17891,WHITE HANGING HEART T-LIGHT HOLDER,REGENCY CAKESTAND 3 TIER,ASSORTED COLOUR BIRD ORNAMENT,PARTY BUNTING,VINTAGE UNION JACK BUNTING
17892,PINK BLUE FELT CRAFT TRINKET BOX,REGENCY CAKESTAND 3 TIER,WHITE HANGING HEART T-LIGHT HOLDER,ASSORTED COLOUR BIRD ORNAMENT,PAPER CHAIN KIT 50'S CHRISTMAS 
17893,WHITE HANGING HEART T-LIGHT HOLDER,REGENCY CAKESTAND 3 TIER,ASSORTED COLOUR BIRD ORNAMENT,PARTY BUNTING,VINTAGE UNION JACK BUNTING
17894,SWEETHEART CERAMIC TRINKET BOX,LOVE BUILDING BLOCK WORD,HAND WARMER OWL DESIGN,60 TEATIME FAIRY CAKE CASES,PACK OF 72 RETROSPOT CAKE CASES
17895,WHITE HANGING HEART T-LIGHT HOLDER,REGENCY CAKESTAND 3 TIER,ASSORTED COLOUR BIRD ORNAMENT,PARTY BUNTING,VINTAGE UNION JACK BUNTING
17896,REGENCY CAKESTAND 3 TIER,WHITE HANGING HEART T-LIGHT HOLDER,ASSORTED COLOUR BIRD ORNAMENT,PAPER CHAIN KIT 50'S CHRISTMAS ,BAKING SET 9 PIECE RETROSPOT 
17897,JUMBO BAG RED RETROSPOT,JUMBO STORAGE BAG SUKI,JUMBO BAG PINK POLKADOT,LUNCH BAG PINK POLKADOT,LUNCH BAG WOODLAND
17898,REGENCY CAKESTAND 3 TIER,WHITE HANGING HEART T-LIGHT HOLDER,ASSORTED COLOUR BIRD ORNAMENT,PAPER CHAIN KIT 50'S CHRISTMAS ,BAKING SET 9 PIECE RETROSPOT 
17899,JUMBO BAG STRAWBERRY,JUMBO  BAG BAROQUE BLACK WHITE,JUMBO BAG PINK POLKADOT,JUMBO SHOPPER VINTAGE RED PAISLEY,JUMBO BAG RED RETROSPOT
17900,WHITE HANGING HEART T-LIGHT HOLDER,REGENCY CAKESTAND 3 TIER,ASSORTED COLOUR BIRD ORNAMENT,PARTY BUNTING,VINTAGE UNION JACK BUNTING
17901,REGENCY CAKESTAND 3 TIER,WHITE HANGING HEART T-LIGHT HOLDER,ASSORTED COLOUR BIRD ORNAMENT,PAPER CHAIN KIT 50'S CHRISTMAS ,BAKING SET 9 PIECE RETROSPOT 
17902,WHITE HANGING HEART T-LIGHT HOLDER,REGENCY CAKESTAND 3 TIER,ASSORTED COLOUR BIRD ORNAMENT,PARTY BUNTING,VINTAGE UNION JACK BUNTING
17903,LUNCH BAG WOODLAND,LUNCH BAG PINK POLKADOT,LUNCH BAG SUKI  DESIGN ,LUNCH BAG SPACEBOY DESIGN ,LUNCH BAG  BLACK SKULL.
17904,PAPER CHAIN KIT VINTAGE CHRISTMAS,REGENCY CAKESTAND 3 TIER,WHITE HANGING HEART T-LIGHT HOLDER,ASSORTED COLOUR BIRD ORNAMENT,BAKING SET 9 PIECE RETROSPOT 
17905,JUMBO BAG PINK POLKADOT,JUMBO BAG RED RETROSPOT,WOODEN FRAME ANTIQUE WHITE ,WHITE HANGING HEART T-LIGHT HOLDER,JUMBO BAG STRAWBERRY
17906,WHITE HANGING HEART T-LIGHT HOLDER,REGENCY CAKESTAND 3 TIER,ASSORTED COLOUR BIRD ORNAMENT,PARTY BUNTING,VINTAGE UNION JACK BUNTING
17907,WHITE HANGING HEART T-LIGHT HOLDER,REGENCY CAKESTAND 3 TIER,ASSORTED COLOUR BIRD ORNAMENT,VINTAGE UNION JACK BUNTING,BAKING SET 9 PIECE RETROSPOT 
17908,JUMBO BAG RED RETROSPOT,JUMBO BAG PINK POLKADOT,HAND WARMER OWL DESIGN,HOT WATER BOTTLE TEA AND SYMPATHY,HOME BUILDING BLOCK WORD
17909,WHITE HANGING HEART T-LIGHT HOLDER,REGENCY CAKESTAND 3 TIER,ASSORTED COLOUR BIRD ORNAMENT,PARTY BUNTING,VINTAGE UNION JACK BUNTING
17910,SWEETHEART CERAMIC TRINKET BOX,CHOCOLATE HOT WATER BOTTLE,PINK 3 PIECE MINI DOTS CUTLERY SET,WHITE HANGING HEART T-LIGHT HOLDER,REGENCY CAKESTAND 3 TIER
17911,PINK 3 PIECE MINI DOTS CUTLERY SET,REGENCY CAKESTAND 3 TIER,WHITE HANGING HEART T-LIGHT HOLDER,PAPER CHAIN KIT 50'S CHRISTMAS ,BAKING SET 9 PIECE RETROSPOT 
17912,PINK REGENCY TEACUP AND SAUCER,ROSES REGENCY TEACUP AND SAUCER ,LOVE BUILDING BLOCK WORD,WHITE HANGING HEART T-LIGHT HOLDER,PARTY BUNTING
17913,LUNCH BAG SPACEBOY DESIGN ,LUNCH BAG PINK POLKADOT,LUNCH BAG SUKI  DESIGN ,LUNCH BAG  BLACK SKULL.,LUNCH BAG RED RETROSPOT
17914,HEART OF WICKER SMALL,WHITE HANGING HEART T-LIGHT HOLDER,REGENCY CAKESTAND 3 TIER,ASSORTED COLOUR BIRD ORNAMENT,PAPER CHAIN KIT 50'S CHRISTMAS 
17915,REGENCY CAKESTAND 3 TIER,ASSORTED COLOUR BIRD ORNAMENT,PARTY BUNTING,VINTAGE UNION JACK BUNTING,BAKING SET 9 PIECE RETROSPOT 
17916,LUNCH BAG WOODLAND,LUNCH BAG PINK POLKADOT,LUNCH BAG SUKI  DESIGN ,LUNCH BAG SPACEBOY DESIGN ,LUNCH BAG  BLACK SKULL.
17917,JUMBO BAG RED RETROSPOT,ALARM CLOCK BAKELIKE RED ,LUNCH BAG PINK POLKADOT,LUNCH BAG WOODLAND,LUNCH BAG SUKI  DESIGN 
17918,WHITE HANGING HEART T-LIGHT HOLDER,REGENCY CAKESTAND 3 TIER,ASSORTED COLOUR BIRD ORNAMENT,PARTY BUNTING,VINTAGE UNION JACK BUNTING
17919,WHITE HANGING HEART T-LIGHT HOLDER,PICNIC BASKET WICKER SMALL,REGENCY CAKESTAND 3 TIER,PARTY BUNTING,JUMBO BAG RED WHITE SPOTTY 
17920,JUMBO BAG RED RETROSPOT,LUNCH BAG SUKI  DESIGN ,JUMBO BAG PINK POLKADOT,PACK OF 72 RETROSPOT CAKE CASES,LUNCH BAG PINK POLKADOT
17921,JUMBO BAG RED RETROSPOT,LUNCH BAG SUKI  DESIGN ,JUMBO BAG PINK POLKADOT,LUNCH BAG PINK POLKADOT,LUNCH BAG WOODLAND
17922,WHITE HANGING HEART T-LIGHT HOLDER,REGENCY CAKESTAND 3 TIER,ASSORTED COLOUR BIRD ORNAMENT,PARTY BUNTING,VINTAGE UNION JACK BUNTING
17923,WHITE HANGING HEART T-LIGHT HOLDER,REGENCY CAKESTAND 3 TIER,ASSORTED COLOUR BIRD ORNAMENT,VINTAGE UNION JACK BUNTING,BAKING SET 9 PIECE RETROSPOT 
17924,REGENCY CAKESTAND 3 TIER,WHITE HANGING HEART T-LIGHT HOLDER,"PAPER CRAFT , LITTLE BIRDIE",JUMBO BAG RED WHITE SPOTTY ,ASSORTED COLOUR BIRD ORNAMENT
17925,WHITE HANGING HEART T-LIGHT HOLDER,REGENCY CAKESTAND 3 TIER,ASSORTED COLOUR BIRD ORNAMENT,PARTY BUNTING,VINTAGE UNION JACK BUNTING
17926,WHITE HANGING HEART T-LIGHT HOLDER,REGENCY CAKESTAND 3 TIER,JUMBO BAG RED WHITE SPOTTY ,ASSORTED COLOUR BIRD ORNAMENT,FAIRY CAKE FLANNEL ASSORTED COLOUR
17927,PINK CREAM FELT CRAFT TRINKET BOX ,WHITE HANGING HEART T-LIGHT HOLDER,REGENCY CAKESTAND 3 TIER,ASSORTED COLOUR BIRD ORNAMENT,PARTY BUNTING
17928,JUMBO BAG RED RETROSPOT,LUNCH BAG PINK POLKADOT,LUNCH BAG WOODLAND,LUNCH BAG SUKI  DESIGN ,LUNCH BAG CARS BLUE
17929,WHITE HANGING HEART T-LIGHT HOLDER,REGENCY CAKESTAND 3 TIER,"PAPER CRAFT , LITTLE BIRDIE",JUMBO BAG RED WHITE SPOTTY ,ASSORTED COLOUR BIRD ORNAMENT
17930,REGENCY CAKESTAND 3 TIER,WHITE HANGING HEART T-LIGHT HOLDER,"PAPER CRAFT , LITTLE BIRDIE",JUMBO BAG RED WHITE SPOTTY ,ASSORTED COLOUR BIRD ORNAMENT
17931,JUMBO BAG RED RETROSPOT,PACK OF 72 RETROSPOT CAKE CASES,WOODEN PICTURE FRAME WHITE FINISH,ALARM CLOCK BAKELIKE RED ,LUNCH BAG PINK POLKADOT
17932,60 TEATIME FAIRY CAKE CASES,PACK OF 72 RETROSPOT CAKE CASES,WOODEN FRAME ANTIQUE WHITE ,WHITE HANGING HEART T-LIGHT HOLDER,ALARM CLOCK BAKELIKE GREEN
17933,WHITE HANGING HEART T-LIGHT HOLDER,REGENCY CAKESTAND 3 TIER,ASSORTED COLOUR BIRD ORNAMENT,PARTY BUNTING,VINTAGE UNION JACK BUNTING
17934,REGENCY CAKESTAND 3 TIER,HAND WARMER OWL DESIGN,WHITE HANGING HEART T-LIGHT HOLDER,ASSORTED COLOUR BIRD ORNAMENT,PAPER CHAIN KIT 50'S CHRISTMAS 
17935,JUMBO BAG RED RETROSPOT,JUMBO BAG PINK POLKADOT,JUMBO BAG STRAWBERRY,JUMBO SHOPPER VINTAGE RED PAISLEY,LUNCH BAG SUKI  DESIGN 
17936,LUNCH BAG PINK POLKADOT,LUNCH BAG SUKI  DESIGN ,LUNCH BAG SPACEBOY DESIGN ,LUNCH BAG  BLACK SKULL.,LUNCH BAG RED RETROSPOT
17937,VINTAGE SNAP CARDS,REGENCY CAKESTAND 3 TIER,WHITE HANGING HEART T-LIGHT HOLDER,"PAPER CRAFT , LITTLE BIRDIE",JUMBO BAG RED WHITE SPOTTY 
17938,WHITE HANGING HEART T-LIGHT HOLDER,CHOCOLATE HOT WATER BOTTLE,REGENCY CAKESTAND 3 TIER,ASSORTED COLOUR BIRD ORNAMENT,PARTY BUNTING
17939,WHITE HANGING HEART T-LIGHT HOLDER,REGENCY CAKESTAND 3 TIER,ASSORTED COLOUR BIRD ORNAMENT,PARTY BUNTING,VINTAGE UNION JACK BUNTING
17940,REGENCY CAKESTAND 3 TIER,WHITE HANGING HEART T-LIGHT HOLDER,"PAPER CRAFT , LITTLE BIRDIE",JUMBO BAG RED WHITE SPOTTY ,ASSORTED COLOUR BIRD ORNAMENT
17941,WHITE HANGING HEART T-LIGHT HOLDER,PICNIC BASKET WICKER SMALL,REGENCY CAKESTAND 3 TIER,PARTY BUNTING,JUMBO BAG RED WHITE SPOTTY 
17942,REGENCY CAKESTAND 3 TIER,WHITE HANGING HEART T-LIGHT HOLDER,ASSORTED COLOUR BIRD ORNAMENT,PAPER CHAIN KIT 50'S CHRISTMAS ,BAKING SET 9 PIECE RETROSPOT 
17944,PAPER CHAIN KIT 50'S CHRISTMAS ,WHITE HANGING HEART T-LIGHT HOLDER,REGENCY CAKESTAND 3 TIER,ASSORTED COLOUR BIRD ORNAMENT,PARTY BUNTING
17945,PACK OF 72 RETROSPOT CAKE CASES,JUMBO BAG RED RETROSPOT,60 TEATIME FAIRY CAKE CASES,JUMBO BAG STRAWBERRY,JUMBO  BAG BAROQUE BLACK WHITE
17946,JUMBO STORAGE BAG SUKI,JUMBO BAG PINK POLKADOT,JUMBO BAG RED RETROSPOT,WHITE HANGING HEART T-LIGHT HOLDER,REGENCY CAKESTAND 3 TIER
17947,REGENCY CAKESTAND 3 TIER,WHITE HANGING HEART T-LIGHT HOLDER,ASSORTED COLOUR BIRD ORNAMENT,PAPER CHAIN KIT 50'S CHRISTMAS ,BAKING SET 9 PIECE RETROSPOT 
17948,WHITE HANGING HEART T-LIGHT HOLDER,REGENCY CAKESTAND 3 TIER,ASSORTED COLOUR BIRD ORNAMENT,PARTY BUNTING,VINTAGE UNION JACK BUNTING
17949,PAPER CHAIN KIT VINTAGE CHRISTMAS,PINK CREAM FELT CRAFT TRINKET BOX ,WHITE HANGING HEART T-LIGHT HOLDER,"PAPER CRAFT , LITTLE BIRDIE",JUMBO BAG RED WHITE SPOTTY 
17950,WHITE HANGING HEART T-LIGHT HOLDER,PICNIC BASKET WICKER SMALL,PARTY BUNTING,JUMBO BAG RED WHITE SPOTTY ,ASSORTED COLOUR BIRD ORNAMENT
17951,HAND WARMER BIRD DESIGN,REGENCY CAKESTAND 3 TIER,WHITE HANGING HEART T-LIGHT HOLDER,ASSORTED COLOUR BIRD ORNAMENT,PAPER CHAIN KIT 50'S CHRISTMAS 
17952,JUMBO BAG PINK POLKADOT,JUMBO STORAGE BAG SUKI,JUMBO BAG RED RETROSPOT,STRAWBERRY CERAMIC TRINKET BOX,WHITE HANGING HEART T-LIGHT HOLDER
17953,WHITE HANGING HEART T-LIGHT HOLDER,REGENCY CAKESTAND 3 TIER,ASSORTED COLOUR BIRD ORNAMENT,PARTY BUNTING,BAKING SET 9 PIECE RETROSPOT 
17954,JUMBO BAG RED RETROSPOT,PACK OF 72 RETROSPOT CAKE CASES,LUNCH BAG SUKI  DESIGN ,LUNCH BAG PINK POLKADOT,LUNCH BAG SPACEBOY DESIGN 
17955,WHITE HANGING HEART T-LIGHT HOLDER,PICNIC BASKET WICKER SMALL,REGENCY CAKESTAND 3 TIER,PARTY BUNTING,JUMBO BAG RED WHITE SPOTTY 
17956,WHITE HANGING HEART T-LIGHT HOLDER,REGENCY CAKESTAND 3 TIER,ASSORTED COLOUR BIRD ORNAMENT,PARTY BUNTING,VINTAGE UNION JACK BUNTING
17957,PACK OF 72 RETROSPOT CAKE CASES,WHITE HANGING HEART T-LIGHT HOLDER,REGENCY CAKESTAND 3 TIER,ASSORTED COLOUR BIRD ORNAMENT,PARTY BUNTING
17958,JUMBO BAG RED RETROSPOT,JUMBO BAG STRAWBERRY,JUMBO  BAG BAROQUE BLACK WHITE,JUMBO BAG PINK POLKADOT,JUMBO SHOPPER VINTAGE RED PAISLEY
17959,WHITE HANGING HEART T-LIGHT HOLDER,REGENCY CAKESTAND 3 TIER,ASSORTED COLOUR BIRD ORNAMENT,PARTY BUNTING,VINTAGE UNION JACK BUNTING
17960,WHITE HANGING HEART T-LIGHT HOLDER,REGENCY CAKESTAND 3 TIER,ASSORTED COLOUR BIRD ORNAMENT,PARTY BUNTING,VINTAGE UNION JACK BUNTING
17961,JUMBO BAG RED RETROSPOT,JUMBO BAG PINK POLKADOT,JUMBO STORAGE BAG SUKI,LUNCH BAG WOODLAND,LUNCH BAG PINK POLKADOT
17962,WOOD S/3 CABINET ANT WHITE FINISH,HOT WATER BOTTLE TEA AND SYMPATHY,PINK CREAM FELT CRAFT TRINKET BOX ,VINTAGE HEADS AND TAILS CARD GAME ,PICNIC BASKET WICKER SMALL
17963,PACK OF 72 RETROSPOT CAKE CASES,LUNCH BAG PINK POLKADOT,LUNCH BAG WOODLAND,LUNCH BAG SUKI  DESIGN ,LUNCH BAG CARS BLUE
17964,HAND WARMER OWL DESIGN,REGENCY CAKESTAND 3 TIER,WHITE HANGING HEART T-LIGHT HOLDER,ASSORTED COLOUR BIRD ORNAMENT,PAPER CHAIN KIT 50'S CHRISTMAS 
17965,PACK OF 72 RETROSPOT CAKE CASES,60 TEATIME FAIRY CAKE CASES,LOVE BUILDING BLOCK WORD,"PAPER CRAFT , LITTLE BIRDIE",JUMBO BAG RED WHITE SPOTTY 
17966,HOME BUILDING BLOCK WORD,WHITE HANGING HEART T-LIGHT HOLDER,PINK BLUE FELT CRAFT TRINKET BOX,VINTAGE SNAP CARDS,REGENCY CAKESTAND 3 TIER
17967,SWEETHEART CERAMIC TRINKET BOX,LUNCH BAG PINK POLKADOT,LUNCH BAG WOODLAND,LUNCH BAG SUKI  DESIGN ,LUNCH BAG CARS BLUE
17968,JUMBO STORAGE BAG SUKI,JUMBO BAG PINK POLKADOT,JUMBO BAG RED RETROSPOT,LUNCH BAG PINK POLKADOT,LUNCH BAG WOODLAND
17969,JUMBO BAG RED RETROSPOT,JUMBO BAG PINK POLKADOT,JUMBO  BAG BAROQUE BLACK WHITE,LUNCH BAG SUKI  DESIGN ,WHITE HANGING HEART T-LIGHT HOLDER
17970,WHITE HANGING HEART T-LIGHT HOLDER,REGENCY CAKESTAND 3 TIER,ASSORTED COLOUR BIRD ORNAMENT,PARTY BUNTING,VINTAGE UNION JACK BUNTING
17971,GIN + TONIC DIET METAL SIGN,REGENCY CAKESTAND 3 TIER,ASSORTED COLOUR BIRD ORNAMENT,PARTY BUNTING,VINTAGE UNION JACK BUNTING
17972,WHITE HANGING HEART T-LIGHT HOLDER,REGENCY CAKESTAND 3 TIER,ASSORTED COLOUR BIRD ORNAMENT,VINTAGE UNION JACK BUNTING,BAKING SET 9 PIECE RETROSPOT 
17973,REGENCY CAKESTAND 3 TIER,WHITE HANGING HEART T-LIGHT HOLDER,ASSORTED COLOUR BIRD ORNAMENT,PAPER CHAIN KIT 50'S CHRISTMAS ,BAKING SET 9 PIECE RETROSPOT 
17974,JUMBO BAG RED RETROSPOT,PACK OF 72 RETROSPOT CAKE CASES,LUNCH BAG SUKI  DESIGN ,JUMBO BAG PINK POLKADOT,BLUE 3 PIECE MINI DOTS CUTLERY SET
17975,PACK OF 72 RETROSPOT CAKE CASES,WOODEN FRAME ANTIQUE WHITE ,PACK OF 60 DINOSAUR CAKE CASES,BATHROOM METAL SIGN,REGENCY CAKESTAND 3 TIER
17976,HAND WARMER OWL DESIGN,REGENCY CAKESTAND 3 TIER,PARTY BUNTING,VINTAGE UNION JACK BUNTING,BAKING SET 9 PIECE RETROSPOT 
17977,HAND WARMER OWL DESIGN,REGENCY CAKESTAND 3 TIER,ASSORTED COLOUR BIRD ORNAMENT,PAPER CHAIN KIT 50'S CHRISTMAS ,BAKING SET 9 PIECE RETROSPOT 
17978,JUMBO BAG RED RETROSPOT,JUMBO STORAGE BAG SUKI,JUMBO BAG PINK POLKADOT,PICNIC BASKET WICKER SMALL,REGENCY CAKESTAND 3 TIER
17979,WHITE HANGING HEART T-LIGHT HOLDER,JUMBO BAG RED RETROSPOT,PACK OF 72 RETROSPOT CAKE CASES,JUMBO STORAGE BAG SUKI,JUMBO BAG PINK POLKADOT
17980,WHITE HANGING HEART T-LIGHT HOLDER,PINK REGENCY TEACUP AND SAUCER,REGENCY CAKESTAND 3 TIER,ALARM CLOCK BAKELIKE GREEN,HEART OF WICKER SMALL
17981,WHITE HANGING HEART T-LIGHT HOLDER,REGENCY CAKESTAND 3 TIER,ASSORTED COLOUR BIRD ORNAMENT,PARTY BUNTING,VINTAGE UNION JACK BUNTING
17982,JUMBO BAG PINK POLKADOT,JUMBO STORAGE BAG SUKI,JUMBO BAG RED RETROSPOT,WHITE HANGING HEART T-LIGHT HOLDER,REGENCY CAKESTAND 3 TIER
17983,HAND WARMER BIRD DESIGN,WHITE HANGING HEART T-LIGHT HOLDER,REGENCY CAKESTAND 3 TIER,ASSORTED COLOUR BIRD ORNAMENT,PARTY BUNTING
17984,WOODEN FRAME ANTIQUE WHITE ,PAPER CHAIN KIT VINTAGE CHRISTMAS,CHOCOLATE HOT WATER BOTTLE,HEART OF WICKER SMALL,VINTAGE HEADS AND TAILS CARD GAME 
17985,HOME BUILDING BLOCK WORD,WHITE HANGING HEART T-LIGHT HOLDER,REGENCY CAKESTAND 3 TIER,ASSORTED COLOUR BIRD ORNAMENT,PAPER CHAIN KIT 50'S CHRISTMAS 
17986,JUMBO BAG PINK VINTAGE PAISLEY,JUMBO BAG RED RETROSPOT,WHITE HANGING HEART T-LIGHT HOLDER,REGENCY CAKESTAND 3 TIER,ASSORTED COLOUR BIRD ORNAMENT
17987,LUNCH BAG CARS BLUE,LUNCH BAG SPACEBOY DESIGN ,LUNCH BAG PINK POLKADOT,LUNCH BAG SUKI  DESIGN ,LUNCH BAG  BLACK SKULL.
17988,WOOD S/3 CABINET ANT WHITE FINISH,REGENCY CAKESTAND 3 TIER,WHITE HANGING HEART T-LIGHT HOLDER,ASSORTED COLOUR BIRD ORNAMENT,PAPER CHAIN KIT 50'S CHRISTMAS 
17989,WHITE HANGING HEART T-LIGHT HOLDER,REGENCY CAKESTAND 3 TIER,ASSORTED COLOUR BIRD ORNAMENT,PARTY BUNTING,VINTAGE UNION JACK BUNTING
17990,PICNIC BASKET WICKER SMALL,REGENCY CAKESTAND 3 TIER,PARTY BUNTING,JUMBO BAG RED WHITE SPOTTY ,ASSORTED COLOUR BIRD ORNAMENT
17991,ROSES REGENCY TEACUP AND SAUCER ,HEART OF WICKER LARGE,WHITE HANGING HEART T-LIGHT HOLDER,ASSORTED COLOUR BIRD ORNAMENT,PARTY BUNTING
17992,HAND WARMER OWL DESIGN,PAPER CHAIN KIT 50'S CHRISTMAS ,WHITE HANGING HEART T-LIGHT HOLDER,REGENCY CAKESTAND 3 TIER,ASSORTED COLOUR BIRD ORNAMENT
17993,PACK OF 72 RETROSPOT CAKE CASES,60 TEATIME FAIRY CAKE CASES,WHITE HANGING HEART T-LIGHT HOLDER,REGENCY CAKESTAND 3 TIER,ASSORTED COLOUR BIRD ORNAMENT
17994,LUNCH BAG SPACEBOY DESIGN ,LUNCH BAG PINK POLKADOT,LUNCH BAG SUKI  DESIGN ,LUNCH BAG  BLACK SKULL.,LUNCH BAG RED RETROSPOT
17995,LUNCH BAG WOODLAND,LUNCH BAG PINK POLKADOT,LUNCH BAG SUKI  DESIGN ,LUNCH BAG SPACEBOY DESIGN ,LUNCH BAG  BLACK SKULL.
17996,PAPER CHAIN KIT VINTAGE CHRISTMAS,ASSORTED COLOUR BIRD ORNAMENT,PARTY BUNTING,BAKING SET 9 PIECE RETROSPOT ,GRAND CHOCOLATECANDLE
17997,JUMBO BAG RED RETROSPOT,PACK OF 72 RETROSPOT CAKE CASES,JUMBO BAG PINK POLKADOT,PACK OF 60 DINOSAUR CAKE CASES,JUMBO  BAG BAROQUE BLACK WHITE
17998,JUMBO BAG SCANDINAVIAN PAISLEY,JUMBO BAG RED RETROSPOT,VINTAGE SNAP CARDS,HOME BUILDING BLOCK WORD,WHITE HANGING HEART T-LIGHT HOLDER
17999,WHITE HANGING HEART T-LIGHT HOLDER,LUNCH BAG PINK POLKADOT,LUNCH BAG WOODLAND,LUNCH BAG SUKI  DESIGN ,LUNCH BAG CARS BLUE
18000,WHITE HANGING HEART T-LIGHT HOLDER,REGENCY CAKESTAND 3 TIER,ASSORTED COLOUR BIRD ORNAMENT,PARTY BUNTING,VINTAGE UNION JACK BUNTING
18001,PAPER CHAIN KIT VINTAGE CHRISTMAS,PINK CREAM FELT CRAFT TRINKET BOX ,HAND WARMER SCOTTY DOG DESIGN,HAND WARMER BIRD DESIGN,REGENCY CAKESTAND 3 TIER
18002,JUMBO BAG PINK POLKADOT,JUMBO STORAGE BAG SUKI,JUMBO BAG RED RETROSPOT,WHITE HANGING HEART T-LIGHT HOLDER,REGENCY CAKESTAND 3 TIER
18003,PACK OF 72 RETROSPOT CAKE CASES,WHITE HANGING HEART T-LIGHT HOLDER,REGENCY CAKESTAND 3 TIER,ASSORTED COLOUR BIRD ORNAMENT,PARTY BUNTING
18004,JUMBO STORAGE BAG SUKI,JUMBO BAG PINK POLKADOT,JUMBO BAG RED RETROSPOT,PAPER CHAIN KIT VINTAGE CHRISTMAS,WHITE HANGING HEART T-LIGHT HOLDER
18005,CHOCOLATE HOT WATER BOTTLE,VINTAGE HEADS AND TAILS CARD GAME ,WHITE HANGING HEART T-LIGHT HOLDER,ASSORTED COLOUR BIRD ORNAMENT,PAPER CHAIN KIT 50'S CHRISTMAS 
18006,VINTAGE HEADS AND TAILS CARD GAME ,HOME BUILDING BLOCK WORD,HAND WARMER OWL DESIGN,REGENCY CAKESTAND 3 TIER,ASSORTED COLOUR BIRD ORNAMENT
18007,JUMBO BAG RED RETROSPOT,LUNCH BAG SUKI  DESIGN ,JUMBO BAG STRAWBERRY,JUMBO  BAG BAROQUE BLACK WHITE,JUMBO BAG PINK POLKADOT
18008,"PAPER CRAFT , LITTLE BIRDIE",JUMBO BAG RED WHITE SPOTTY ,ASSORTED COLOUR BIRD ORNAMENT,MEDIUM CERAMIC TOP STORAGE JAR,PARTY BUNTING
18009,WOOD 2 DRAWER CABINET WHITE FINISH,PICNIC BASKET WICKER SMALL,JUMBO BAG RED WHITE SPOTTY ,ASSORTED COLOUR BIRD ORNAMENT,FAIRY CAKE FLANNEL ASSORTED COLOUR
18010,WHITE HANGING HEART T-LIGHT HOLDER,REGENCY CAKESTAND 3 TIER,ASSORTED COLOUR BIRD ORNAMENT,PARTY BUNTING,VINTAGE UNION JACK BUNTING
18011,LUNCH BAG CARS BLUE,LUNCH BAG SPACEBOY DESIGN ,LUNCH BAG PINK POLKADOT,LUNCH BAG SUKI  DESIGN ,LUNCH BAG  BLACK SKULL.
18012,WHITE HANGING HEART T-LIGHT HOLDER,REGENCY CAKESTAND 3 TIER,ASSORTED COLOUR BIRD ORNAMENT,PARTY BUNTING,VINTAGE UNION JACK BUNTING
18013,PINK BLUE FELT CRAFT TRINKET BOX,WHITE HANGING HEART T-LIGHT HOLDER,REGENCY CAKESTAND 3 TIER,ASSORTED COLOUR BIRD ORNAMENT,PARTY BUNTING
18014,JUMBO BAG STRAWBERRY,JUMBO  BAG BAROQUE BLACK WHITE,JUMBO BAG PINK POLKADOT,JUMBO SHOPPER VINTAGE RED PAISLEY,JUMBO BAG RED RETROSPOT
18015,PAPER CHAIN KIT 50'S CHRISTMAS ,REGENCY CAKESTAND 3 TIER,WHITE HANGING HEART T-LIGHT HOLDER,ASSORTED COLOUR BIRD ORNAMENT,BAKING SET 9 PIECE RETROSPOT 
18016,WHITE HANGING HEART T-LIGHT HOLDER,LUNCH BAG PINK POLKADOT,LUNCH BAG WOODLAND,LUNCH BAG SUKI  DESIGN ,LUNCH BAG SPACEBOY DESIGN 
18017,WHITE HANGING HEART T-LIGHT HOLDER,PICNIC BASKET WICKER SMALL,REGENCY CAKESTAND 3 TIER,PARTY BUNTING,ASSORTED COLOUR BIRD ORNAMENT
18018,LUNCH BAG CARS BLUE,LUNCH BAG SPACEBOY DESIGN ,LUNCH BAG PINK POLKADOT,LUNCH BAG SUKI  DESIGN ,LUNCH BAG  BLACK SKULL.
18019,ALARM CLOCK BAKELIKE RED ,WHITE HANGING HEART T-LIGHT HOLDER,REGENCY CAKESTAND 3 TIER,ASSORTED COLOUR BIRD ORNAMENT,VINTAGE UNION JACK BUNTING
18020,WHITE HANGING HEART T-LIGHT HOLDER,REGENCY CAKESTAND 3 TIER,ASSORTED COLOUR BIRD ORNAMENT,PARTY BUNTING,VINTAGE UNION JACK BUNTING
18021,WHITE HANGING HEART T-LIGHT HOLDER,REGENCY CAKESTAND 3 TIER,ASSORTED COLOUR BIRD ORNAMENT,PARTY BUNTING,VINTAGE UNION JACK BUNTING
18022,BLUE 3 PIECE MINI DOTS CUTLERY SET,60 TEATIME FAIRY CAKE CASES,PACK OF 72 RETROSPOT CAKE CASES,JUMBO BAG PINK POLKADOT,JUMBO STORAGE BAG SUKI
18024,WHITE HANGING HEART T-LIGHT HOLDER,REGENCY CAKESTAND 3 TIER,ASSORTED COLOUR BIRD ORNAMENT,PARTY BUNTING,BAKING SET 9 PIECE RETROSPOT 
18025,VINTAGE SNAP CARDS,WHITE HANGING HEART T-LIGHT HOLDER,PICNIC BASKET WICKER SMALL,REGENCY CAKESTAND 3 TIER,PARTY BUNTING
18026,WHITE HANGING HEART T-LIGHT HOLDER,PICNIC BASKET WICKER SMALL,PARTY BUNTING,JUMBO BAG RED WHITE SPOTTY ,ASSORTED COLOUR BIRD ORNAMENT
18027,HAND WARMER OWL DESIGN,CHOCOLATE HOT WATER BOTTLE,WHITE HANGING HEART T-LIGHT HOLDER,REGENCY CAKESTAND 3 TIER,ASSORTED COLOUR BIRD ORNAMENT
18028,WHITE HANGING HEART T-LIGHT HOLDER,REGENCY CAKESTAND 3 TIER,ASSORTED COLOUR BIRD ORNAMENT,PARTY BUNTING,VINTAGE UNION JACK BUNTING
18029,WHITE HANGING HEART T-LIGHT HOLDER,REGENCY CAKESTAND 3 TIER,ASSORTED COLOUR BIRD ORNAMENT,PARTY BUNTING,VINTAGE UNION JACK BUNTING
18030,HEART OF WICKER LARGE,WHITE HANGING HEART T-LIGHT HOLDER,REGENCY CAKESTAND 3 TIER,ASSORTED COLOUR BIRD ORNAMENT,PAPER CHAIN KIT 50'S CHRISTMAS 
18031,HAND WARMER SCOTTY DOG DESIGN,HAND WARMER BIRD DESIGN,PAPER CHAIN KIT VINTAGE CHRISTMAS,WHITE HANGING HEART T-LIGHT HOLDER,REGENCY CAKESTAND 3 TIER
18032,WHITE HANGING HEART T-LIGHT HOLDER,REGENCY CAKESTAND 3 TIER,ASSORTED COLOUR BIRD ORNAMENT,PARTY BUNTING,VINTAGE UNION JACK BUNTING
18033,LUNCH BAG WOODLAND,LUNCH BAG PINK POLKADOT,LUNCH BAG SUKI  DESIGN ,LUNCH BAG SPACEBOY DESIGN ,LUNCH BAG  BLACK SKULL.
18034,PACK OF 72 RETROSPOT CAKE CASES,LUNCH BAG PINK POLKADOT,LUNCH BAG WOODLAND,LUNCH BAG SUKI  DESIGN ,LUNCH BAG CARS BLUE
18035,ALARM CLOCK BAKELIKE GREEN,REGENCY CAKESTAND 3 TIER,WHITE HANGING HEART T-LIGHT HOLDER,ASSORTED COLOUR BIRD ORNAMENT,PAPER CHAIN KIT 50'S CHRISTMAS 
18036,JUMBO BAG RED RETROSPOT,JUMBO BAG PINK POLKADOT,LUNCH BAG SUKI  DESIGN ,LUNCH BAG SPACEBOY DESIGN ,LUNCH BAG PINK POLKADOT
18037,JUMBO BAG STRAWBERRY,JUMBO  BAG BAROQUE BLACK WHITE,JUMBO BAG PINK POLKADOT,JUMBO SHOPPER VINTAGE RED PAISLEY,JUMBO BAG RED RETROSPOT
18038,WHITE HANGING HEART T-LIGHT HOLDER,REGENCY CAKESTAND 3 TIER,ASSORTED COLOUR BIRD ORNAMENT,PARTY BUNTING,VINTAGE UNION JACK BUNTING
18039,JUMBO BAG RED RETROSPOT,JUMBO STORAGE BAG SUKI,JUMBO BAG PINK POLKADOT,LUNCH BAG CARS BLUE,LUNCH BAG SPACEBOY DESIGN 
18040,REGENCY CAKESTAND 3 TIER,WHITE HANGING HEART T-LIGHT HOLDER,ASSORTED COLOUR BIRD ORNAMENT,PAPER CHAIN KIT 50'S CHRISTMAS ,BAKING SET 9 PIECE RETROSPOT 
18041,HAND WARMER OWL DESIGN,PACK OF 72 RETROSPOT CAKE CASES,WHITE HANGING HEART T-LIGHT HOLDER,JUMBO BAG RED RETROSPOT,LUNCH BAG CARS BLUE
18042,HOT WATER BOTTLE TEA AND SYMPATHY,WHITE HANGING HEART T-LIGHT HOLDER,REGENCY CAKESTAND 3 TIER,ASSORTED COLOUR BIRD ORNAMENT,PAPER CHAIN KIT 50'S CHRISTMAS 
18043,LUNCH BAG CARS BLUE,LUNCH BAG SPACEBOY DESIGN ,LUNCH BAG PINK POLKADOT,LUNCH BAG SUKI  DESIGN ,LUNCH BAG  BLACK SKULL.
18044,HOME BUILDING BLOCK WORD,WHITE HANGING HEART T-LIGHT HOLDER,"PAPER CRAFT , LITTLE BIRDIE",JUMBO BAG RED WHITE SPOTTY ,MEDIUM CERAMIC TOP STORAGE JAR
18045,CHOCOLATE HOT WATER BOTTLE,LUNCH BAG PINK POLKADOT,LUNCH BAG WOODLAND,LUNCH BAG SUKI  DESIGN ,LUNCH BAG CARS BLUE
18046,WOODEN PICTURE FRAME WHITE FINISH,REGENCY CAKESTAND 3 TIER,ASSORTED COLOUR BIRD ORNAMENT,PARTY BUNTING,VINTAGE UNION JACK BUNTING
18047,WHITE HANGING HEART T-LIGHT HOLDER,REGENCY CAKESTAND 3 TIER,ASSORTED COLOUR BIRD ORNAMENT,PARTY BUNTING,VINTAGE UNION JACK BUNTING
18048,WHITE HANGING HEART T-LIGHT HOLDER,HEART OF WICKER LARGE,LOVE BUILDING BLOCK WORD,PARTY BUNTING,VINTAGE UNION JACK BUNTING
18049,PAPER CHAIN KIT VINTAGE CHRISTMAS,ASSORTED COLOUR BIRD ORNAMENT,PARTY BUNTING,VINTAGE UNION JACK BUNTING,BAKING SET 9 PIECE RETROSPOT 
18050,REGENCY CAKESTAND 3 TIER,ASSORTED COLOUR BIRD ORNAMENT,PARTY BUNTING,VINTAGE UNION JACK BUNTING,BAKING SET 9 PIECE RETROSPOT 
18051,JUMBO BAG STRAWBERRY,JUMBO  BAG BAROQUE BLACK WHITE,JUMBO BAG PINK POLKADOT,JUMBO SHOPPER VINTAGE RED PAISLEY,JUMBO BAG RED RETROSPOT
18052,WHITE HANGING HEART T-LIGHT HOLDER,PICNIC BASKET WICKER SMALL,REGENCY CAKESTAND 3 TIER,PARTY BUNTING,JUMBO BAG RED WHITE SPOTTY 
18053,REGENCY CAKESTAND 3 TIER,ASSORTED COLOUR BIRD ORNAMENT,PAPER CHAIN KIT 50'S CHRISTMAS ,METAL SIGN TAKE IT OR LEAVE IT ,RABBIT NIGHT LIGHT
18054,CHOCOLATE HOT WATER BOTTLE,WHITE HANGING HEART T-LIGHT HOLDER,REGENCY CAKESTAND 3 TIER,ASSORTED COLOUR BIRD ORNAMENT,PARTY BUNTING
18055,BLUE 3 PIECE MINI DOTS CUTLERY SET,LUNCH BAG WOODLAND,LUNCH BAG PINK POLKADOT,LUNCH BAG SUKI  DESIGN ,LUNCH BAG SPACEBOY DESIGN 
18056,WHITE HANGING HEART T-LIGHT HOLDER,REGENCY CAKESTAND 3 TIER,ASSORTED COLOUR BIRD ORNAMENT,PARTY BUNTING,BAKING SET 9 PIECE RETROSPOT 
18057,PACK OF 72 RETROSPOT CAKE CASES,JUMBO BAG RED RETROSPOT,PACK OF 60 DINOSAUR CAKE CASES,PACK OF 60 PINK PAISLEY CAKE CASES,JUMBO BAG STRAWBERRY
18058,REGENCY CAKESTAND 3 TIER,ASSORTED COLOUR BIRD ORNAMENT,PAPER CHAIN KIT 50'S CHRISTMAS ,BAKING SET 9 PIECE RETROSPOT ,METAL SIGN TAKE IT OR LEAVE IT 
18059,60 TEATIME FAIRY CAKE CASES,PACK OF 72 RETROSPOT CAKE CASES,REGENCY CAKESTAND 3 TIER,WHITE HANGING HEART T-LIGHT HOLDER,ASSORTED COLOUR BIRD ORNAMENT
18060,PACK OF 60 DINOSAUR CAKE CASES,72 SWEETHEART FAIRY CAKE CASES,PACK OF 60 PINK PAISLEY CAKE CASES,PACK OF 72 RETROSPOT CAKE CASES,PICNIC BASKET WICKER SMALL
18061,REGENCY CAKESTAND 3 TIER,WHITE HANGING HEART T-LIGHT HOLDER,"PAPER CRAFT , LITTLE BIRDIE",JUMBO BAG RED WHITE SPOTTY ,MEDIUM CERAMIC TOP STORAGE JAR
18062,WHITE HANGING HEART T-LIGHT HOLDER,PICNIC BASKET WICKER SMALL,REGENCY CAKESTAND 3 TIER,PARTY BUNTING,JUMBO BAG RED WHITE SPOTTY 
18063,HAND WARMER OWL DESIGN,WHITE HANGING HEART T-LIGHT HOLDER,REGENCY CAKESTAND 3 TIER,ASSORTED COLOUR BIRD ORNAMENT,PARTY BUNTING
18064,JUMBO BAG RED RETROSPOT,PAPER CHAIN KIT 50'S CHRISTMAS ,JUMBO BAG SCANDINAVIAN PAISLEY,JUMBO STORAGE BAG SUKI,JUMBO BAG PINK POLKADOT
18065,HAND WARMER OWL DESIGN,GIN + TONIC DIET METAL SIGN,PAPER CHAIN KIT VINTAGE CHRISTMAS,BATHROOM METAL SIGN,HEART OF WICKER LARGE
18066,PACK OF 72 RETROSPOT CAKE CASES,PACK OF 60 DINOSAUR CAKE CASES,72 SWEETHEART FAIRY CAKE CASES,PAPER CHAIN KIT VINTAGE CHRISTMAS,WHITE HANGING HEART T-LIGHT HOLDER
18067,REGENCY CAKESTAND 3 TIER,WHITE HANGING HEART T-LIGHT HOLDER,ASSORTED COLOUR BIRD ORNAMENT,PAPER CHAIN KIT 50'S CHRISTMAS ,BAKING SET 9 PIECE RETROSPOT 
18068,WHITE HANGING HEART T-LIGHT HOLDER,REGENCY CAKESTAND 3 TIER,ASSORTED COLOUR BIRD ORNAMENT,PARTY BUNTING,VINTAGE UNION JACK BUNTING
18069,JUMBO BAG RED RETROSPOT,LUNCH BAG PINK POLKADOT,LUNCH BAG SUKI  DESIGN ,LUNCH BAG SPACEBOY DESIGN ,LUNCH BAG RED RETROSPOT
18070,WHITE HANGING HEART T-LIGHT HOLDER,REGENCY CAKESTAND 3 TIER,ASSORTED COLOUR BIRD ORNAMENT,PARTY BUNTING,VINTAGE UNION JACK BUNTING
18071,PINK REGENCY TEACUP AND SAUCER,HEART OF WICKER SMALL,WHITE HANGING HEART T-LIGHT HOLDER,PICNIC BASKET WICKER SMALL,PARTY BUNTING
18072,WHITE HANGING HEART T-LIGHT HOLDER,REGENCY CAKESTAND 3 TIER,ASSORTED COLOUR BIRD ORNAMENT,PARTY BUNTING,VINTAGE UNION JACK BUNTING
18073,REGENCY CAKESTAND 3 TIER,WHITE HANGING HEART T-LIGHT HOLDER,PICNIC BASKET WICKER SMALL,PARTY BUNTING,JUMBO BAG RED WHITE SPOTTY 
18074,PICNIC BASKET WICKER SMALL,REGENCY CAKESTAND 3 TIER,PARTY BUNTING,JUMBO BAG RED WHITE SPOTTY ,ASSORTED COLOUR BIRD ORNAMENT
18075,WOODEN FRAME ANTIQUE WHITE ,60 TEATIME FAIRY CAKE CASES,PACK OF 72 RETROSPOT CAKE CASES,GIN + TONIC DIET METAL SIGN,"PAPER CRAFT , LITTLE BIRDIE"
18076,WHITE HANGING HEART T-LIGHT HOLDER,REGENCY CAKESTAND 3 TIER,ASSORTED COLOUR BIRD ORNAMENT,PARTY BUNTING,VINTAGE UNION JACK BUNTING
18077,REGENCY CAKESTAND 3 TIER,WHITE HANGING HEART T-LIGHT HOLDER,"PAPER CRAFT , LITTLE BIRDIE",JUMBO BAG RED WHITE SPOTTY ,ASSORTED COLOUR BIRD ORNAMENT
18078,PINK REGENCY TEACUP AND SAUCER,GREEN REGENCY TEACUP AND SAUCER,REGENCY CAKESTAND 3 TIER,PAPER CHAIN KIT VINTAGE CHRISTMAS,WHITE HANGING HEART T-LIGHT HOLDER
18079,PACK OF 72 RETROSPOT CAKE CASES,72 SWEETHEART FAIRY CAKE CASES,WHITE HANGING HEART T-LIGHT HOLDER,PICNIC BASKET WICKER SMALL,REGENCY CAKESTAND 3 TIER
18080,REGENCY CAKESTAND 3 TIER,WHITE HANGING HEART T-LIGHT HOLDER,ASSORTED COLOUR BIRD ORNAMENT,PAPER CHAIN KIT 50'S CHRISTMAS ,BAKING SET 9 PIECE RETROSPOT 
18081,WHITE HANGING HEART T-LIGHT HOLDER,ASSORTED COLOUR BIRD ORNAMENT,PAPER CHAIN KIT 50'S CHRISTMAS ,BAKING SET 9 PIECE RETROSPOT ,METAL SIGN TAKE IT OR LEAVE IT 
18082,PAPER CHAIN KIT 50'S CHRISTMAS ,REGENCY CAKESTAND 3 TIER,WHITE HANGING HEART T-LIGHT HOLDER,ASSORTED COLOUR BIRD ORNAMENT,METAL SIGN TAKE IT OR LEAVE IT 
18083,HAND WARMER SCOTTY DOG DESIGN,WHITE HANGING HEART T-LIGHT HOLDER,REGENCY CAKESTAND 3 TIER,ASSORTED COLOUR BIRD ORNAMENT,PARTY BUNTING
18084,PINK REGENCY TEACUP AND SAUCER,WHITE HANGING HEART T-LIGHT HOLDER,PAPER CHAIN KIT 50'S CHRISTMAS ,BAKING SET 9 PIECE RETROSPOT ,METAL SIGN TAKE IT OR LEAVE IT 
18085,HAND WARMER OWL DESIGN,WHITE HANGING HEART T-LIGHT HOLDER,PICNIC BASKET WICKER SMALL,REGENCY CAKESTAND 3 TIER,PARTY BUNTING
18086,LUNCH BAG PINK POLKADOT,LUNCH BAG WOODLAND,LUNCH BAG SUKI  DESIGN ,LUNCH BAG CARS BLUE,LUNCH BAG SPACEBOY DESIGN 
18087,SWEETHEART CERAMIC TRINKET BOX,PAPER CHAIN KIT VINTAGE CHRISTMAS,"PAPER CRAFT , LITTLE BIRDIE",JUMBO BAG RED WHITE SPOTTY ,ASSORTED COLOUR BIRD ORNAMENT
18088,JUMBO BAG RED RETROSPOT,JUMBO BAG PINK POLKADOT,JUMBO STORAGE BAG SUKI,WHITE HANGING HEART T-LIGHT HOLDER,REGENCY CAKESTAND 3 TIER
18089,WHITE HANGING HEART T-LIGHT HOLDER,ASSORTED COLOUR BIRD ORNAMENT,PARTY BUNTING,VINTAGE UNION JACK BUNTING,BAKING SET 9 PIECE RETROSPOT 
18090,PACK OF 72 RETROSPOT CAKE CASES,72 SWEETHEART FAIRY CAKE CASES,PACK OF 60 PINK PAISLEY CAKE CASES,PAPER CHAIN KIT VINTAGE CHRISTMAS,WHITE HANGING HEART T-LIGHT HOLDER
18091,PACK OF 72 RETROSPOT CAKE CASES,PACK OF 60 DINOSAUR CAKE CASES,72 SWEETHEART FAIRY CAKE CASES,WHITE HANGING HEART T-LIGHT HOLDER,REGENCY CAKESTAND 3 TIER
18092,WHITE HANGING HEART T-LIGHT HOLDER,"PAPER CRAFT , LITTLE BIRDIE",JUMBO BAG RED WHITE SPOTTY ,ASSORTED COLOUR BIRD ORNAMENT,MEDIUM CERAMIC TOP STORAGE JAR
18093,WHITE HANGING HEART T-LIGHT HOLDER,PICNIC BASKET WICKER SMALL,REGENCY CAKESTAND 3 TIER,PARTY BUNTING,JUMBO BAG RED WHITE SPOTTY 
18094,WHITE HANGING HEART T-LIGHT HOLDER,REGENCY CAKESTAND 3 TIER,"PAPER CRAFT , LITTLE BIRDIE",ASSORTED COLOUR BIRD ORNAMENT,MEDIUM CERAMIC TOP STORAGE JAR
18095,WHITE HANGING HEART T-LIGHT HOLDER,PICNIC BASKET WICKER SMALL,REGENCY CAKESTAND 3 TIER,PARTY BUNTING,JUMBO BAG RED WHITE SPOTTY 
18096,JUMBO BAG RED RETROSPOT,JUMBO BAG PINK POLKADOT,LUNCH BAG SUKI  DESIGN ,WHITE HANGING HEART T-LIGHT HOLDER,PACK OF 72 RETROSPOT CAKE CASES
18097,WHITE HANGING HEART T-LIGHT HOLDER,PACK OF 60 DINOSAUR CAKE CASES,72 SWEETHEART FAIRY CAKE CASES,PACK OF 60 PINK PAISLEY CAKE CASES,PACK OF 72 RETROSPOT CAKE CASES
18098,HAND WARMER OWL DESIGN,PINK 3 PIECE MINI DOTS CUTLERY SET,PAPER CHAIN KIT VINTAGE CHRISTMAS,REGENCY CAKESTAND 3 TIER,ASSORTED COLOUR BIRD ORNAMENT
18099,WHITE HANGING HEART T-LIGHT HOLDER,REGENCY CAKESTAND 3 TIER,ASSORTED COLOUR BIRD ORNAMENT,PARTY BUNTING,VINTAGE UNION JACK BUNTING
18100,WOODEN PICTURE FRAME WHITE FINISH,WHITE HANGING HEART T-LIGHT HOLDER,PACK OF 60 DINOSAUR CAKE CASES,72 SWEETHEART FAIRY CAKE CASES,PACK OF 60 PINK PAISLEY CAKE CASES
18101,HAND WARMER OWL DESIGN,REGENCY CAKESTAND 3 TIER,ASSORTED COLOUR BIRD ORNAMENT,PAPER CHAIN KIT 50'S CHRISTMAS ,BAKING SET 9 PIECE RETROSPOT 
18102,JUMBO BAG RED RETROSPOT,LUNCH BAG SUKI  DESIGN ,LUNCH BAG WOODLAND,LUNCH BAG PINK POLKADOT,LUNCH BAG SPACEBOY DESIGN 
18103,WHITE HANGING HEART T-LIGHT HOLDER,REGENCY CAKESTAND 3 TIER,ASSORTED COLOUR BIRD ORNAMENT,PARTY BUNTING,VINTAGE UNION JACK BUNTING
18104,REGENCY CAKESTAND 3 TIER,WHITE HANGING HEART T-LIGHT HOLDER,ASSORTED COLOUR BIRD ORNAMENT,PAPER CHAIN KIT 50'S CHRISTMAS ,BAKING SET 9 PIECE RETROSPOT 
18105,WHITE HANGING HEART T-LIGHT HOLDER,REGENCY CAKESTAND 3 TIER,ASSORTED COLOUR BIRD ORNAMENT,PARTY BUNTING,VINTAGE UNION JACK BUNTING
18106,ALARM CLOCK BAKELIKE RED ,JUMBO BAG STRAWBERRY,JUMBO  BAG BAROQUE BLACK WHITE,JUMBO BAG PINK POLKADOT,JUMBO SHOPPER VINTAGE RED PAISLEY
18107,WHITE HANGING HEART T-LIGHT HOLDER,PAPER CHAIN KIT VINTAGE CHRISTMAS,REGENCY CAKESTAND 3 TIER,ASSORTED COLOUR BIRD ORNAMENT,PARTY BUNTING
18108,WHITE HANGING HEART T-LIGHT HOLDER,WOODEN PICTURE FRAME WHITE FINISH,PICNIC BASKET WICKER SMALL,REGENCY CAKESTAND 3 TIER,PARTY BUNTING
18109,LUNCH BAG PINK POLKADOT,LUNCH BAG WOODLAND,LUNCH BAG SUKI  DESIGN ,LUNCH BAG CARS BLUE,LUNCH BAG SPACEBOY DESIGN 
18110,HAND WARMER OWL DESIGN,BLUE 3 PIECE MINI DOTS CUTLERY SET,PINK CREAM FELT CRAFT TRINKET BOX ,REGENCY CAKESTAND 3 TIER,WHITE HANGING HEART T-LIGHT HOLDER
18111,WHITE HANGING HEART T-LIGHT HOLDER,ASSORTED COLOUR BIRD ORNAMENT,PARTY BUNTING,VINTAGE UNION JACK BUNTING,BAKING SET 9 PIECE RETROSPOT 
18112,REGENCY CAKESTAND 3 TIER,WHITE HANGING HEART T-LIGHT HOLDER,ASSORTED COLOUR BIRD ORNAMENT,PAPER CHAIN KIT 50'S CHRISTMAS ,BAKING SET 9 PIECE RETROSPOT 
18113,WHITE HANGING HEART T-LIGHT HOLDER,REGENCY CAKESTAND 3 TIER,ASSORTED COLOUR BIRD ORNAMENT,PARTY BUNTING,VINTAGE UNION JACK BUNTING
18114,WHITE HANGING HEART T-LIGHT HOLDER,REGENCY CAKESTAND 3 TIER,ASSORTED COLOUR BIRD ORNAMENT,PARTY BUNTING,VINTAGE UNION JACK BUNTING
18115,LUNCH BAG PINK POLKADOT,LUNCH BAG WOODLAND,LUNCH BAG SUKI  DESIGN ,LUNCH BAG CARS BLUE,LUNCH BAG SPACEBOY DESIGN 
18116,PACK OF 72 RETROSPOT CAKE CASES,CHOCOLATE HOT WATER BOTTLE,TOILET METAL SIGN,PINK CREAM FELT CRAFT TRINKET BOX ,PICNIC BASKET WICKER SMALL
18117,REGENCY CAKESTAND 3 TIER,WHITE HANGING HEART T-LIGHT HOLDER,ASSORTED COLOUR BIRD ORNAMENT,PAPER CHAIN KIT 50'S CHRISTMAS ,BAKING SET 9 PIECE RETROSPOT 
18118,JUMBO BAG RED RETROSPOT,PACK OF 72 RETROSPOT CAKE CASES,JUMBO BAG PINK POLKADOT,GIN + TONIC DIET METAL SIGN,LUNCH BAG SUKI  DESIGN 
18119,ALARM CLOCK BAKELIKE GREEN,WHITE HANGING HEART T-LIGHT HOLDER,REGENCY CAKESTAND 3 TIER,ASSORTED COLOUR BIRD ORNAMENT,PARTY BUNTING
18120,WOODEN FRAME ANTIQUE WHITE ,WHITE HANGING HEART T-LIGHT HOLDER,REGENCY CAKESTAND 3 TIER,ASSORTED COLOUR BIRD ORNAMENT,PARTY BUNTING
18121,HOME BUILDING BLOCK WORD,WHITE HANGING HEART T-LIGHT HOLDER,REGENCY CAKESTAND 3 TIER,PARTY BUNTING,VINTAGE UNION JACK BUNTING
18122,LUNCH BAG PINK POLKADOT,LUNCH BAG WOODLAND,LUNCH BAG SUKI  DESIGN ,LUNCH BAG SPACEBOY DESIGN ,LUNCH BAG RED RETROSPOT
18123,JUMBO STORAGE BAG SUKI,JUMBO BAG PINK POLKADOT,JUMBO BAG RED RETROSPOT,WOODEN FRAME ANTIQUE WHITE ,WOOD S/3 CABINET ANT WHITE FINISH
18124,JUMBO BAG PINK POLKADOT,JUMBO STORAGE BAG SUKI,JUMBO BAG RED RETROSPOT,WHITE HANGING HEART T-LIGHT HOLDER,REGENCY CAKESTAND 3 TIER
18125,PACK OF 72 RETROSPOT CAKE CASES,PACK OF 60 PINK PAISLEY CAKE CASES,HOT WATER BOTTLE TEA AND SYMPATHY,PINK BLUE FELT CRAFT TRINKET BOX,LUNCH BAG WOODLAND
18126,REGENCY CAKESTAND 3 TIER,ASSORTED COLOUR BIRD ORNAMENT,PARTY BUNTING,VINTAGE UNION JACK BUNTING,BAKING SET 9 PIECE RETROSPOT 
18127,HEART OF WICKER SMALL,PAPER CHAIN KIT 50'S CHRISTMAS ,BAKING SET 9 PIECE RETROSPOT ,METAL SIGN TAKE IT OR LEAVE IT ,RABBIT NIGHT LIGHT
18128,REGENCY CAKESTAND 3 TIER,ASSORTED COLOUR BIRD ORNAMENT,PARTY BUNTING,VINTAGE UNION JACK BUNTING,BAKING SET 9 PIECE RETROSPOT 
18129,WHITE HANGING HEART T-LIGHT HOLDER,REGENCY CAKESTAND 3 TIER,ASSORTED COLOUR BIRD ORNAMENT,PARTY BUNTING,VINTAGE UNION JACK BUNTING
18130,HAND WARMER OWL DESIGN,PACK OF 60 DINOSAUR CAKE CASES,72 SWEETHEART FAIRY CAKE CASES,PACK OF 60 PINK PAISLEY CAKE CASES,PACK OF 72 RETROSPOT CAKE CASES
18131,60 TEATIME FAIRY CAKE CASES,PACK OF 72 RETROSPOT CAKE CASES,WHITE HANGING HEART T-LIGHT HOLDER,REGENCY CAKESTAND 3 TIER,ASSORTED COLOUR BIRD ORNAMENT
18132,JUMBO BAG RED RETROSPOT,JUMBO BAG STRAWBERRY,JUMBO  BAG BAROQUE BLACK WHITE,JUMBO BAG PINK POLKADOT,JUMBO SHOPPER VINTAGE RED PAISLEY
18133,WHITE HANGING HEART T-LIGHT HOLDER,REGENCY CAKESTAND 3 TIER,ASSORTED COLOUR BIRD ORNAMENT,PARTY BUNTING,VINTAGE UNION JACK BUNTING
18134,WHITE HANGING HEART T-LIGHT HOLDER,REGENCY CAKESTAND 3 TIER,ASSORTED COLOUR BIRD ORNAMENT,PARTY BUNTING,VINTAGE UNION JACK BUNTING
18135,HEART OF WICKER LARGE,PICNIC BASKET WICKER SMALL,PARTY BUNTING,JUMBO BAG RED WHITE SPOTTY ,ASSORTED COLOUR BIRD ORNAMENT
18136,PACK OF 72 RETROSPOT CAKE CASES,PACK OF 60 DINOSAUR CAKE CASES,72 SWEETHEART FAIRY CAKE CASES,PINK BLUE FELT CRAFT TRINKET BOX,PINK REGENCY TEACUP AND SAUCER
18137,PAPER CHAIN KIT VINTAGE CHRISTMAS,WHITE HANGING HEART T-LIGHT HOLDER,ASSORTED COLOUR BIRD ORNAMENT,PARTY BUNTING,VINTAGE UNION JACK BUNTING
18138,WHITE HANGING HEART T-LIGHT HOLDER,ASSORTED COLOUR BIRD ORNAMENT,BAKING SET 9 PIECE RETROSPOT ,GRAND CHOCOLATECANDLE,PAPER CHAIN KIT 50'S CHRISTMAS 
18139,PACK OF 72 RETROSPOT CAKE CASES,72 SWEETHEART FAIRY CAKE CASES,REGENCY CAKESTAND 3 TIER,WHITE HANGING HEART T-LIGHT HOLDER,"PAPER CRAFT , LITTLE BIRDIE"
18140,JUMBO BAG PINK POLKADOT,JUMBO STORAGE BAG SUKI,JUMBO BAG RED RETROSPOT,WHITE HANGING HEART T-LIGHT HOLDER,REGENCY CAKESTAND 3 TIER
18141,LOVE BUILDING BLOCK WORD,PINK BLUE FELT CRAFT TRINKET BOX,REGENCY CAKESTAND 3 TIER,PARTY BUNTING,PAPER CHAIN KIT 50'S CHRISTMAS 
18142,WHITE HANGING HEART T-LIGHT HOLDER,PICNIC BASKET WICKER SMALL,REGENCY CAKESTAND 3 TIER,PARTY BUNTING,JUMBO BAG RED WHITE SPOTTY 
18143,LUNCH BAG WOODLAND,LUNCH BAG PINK POLKADOT,LUNCH BAG SUKI  DESIGN ,LUNCH BAG SPACEBOY DESIGN ,LUNCH BAG  BLACK SKULL.
18144,REGENCY CAKESTAND 3 TIER,"PAPER CRAFT , LITTLE BIRDIE",MEDIUM CERAMIC TOP STORAGE JAR,CHILLI LIGHTS,PAPER CHAIN KIT 50'S CHRISTMAS 
18145,PACK OF 72 RETROSPOT CAKE CASES,JUMBO BAG RED RETROSPOT,LUNCH BAG CARS BLUE,LUNCH BAG SPACEBOY DESIGN ,LUNCH BAG PINK POLKADOT
18146,PACK OF 72 RETROSPOT CAKE CASES,72 SWEETHEART FAIRY CAKE CASES,PACK OF 60 PINK PAISLEY CAKE CASES,PINK REGENCY TEACUP AND SAUCER,GREEN REGENCY TEACUP AND SAUCER
18147,REGENCY CAKESTAND 3 TIER,WHITE HANGING HEART T-LIGHT HOLDER,ASSORTED COLOUR BIRD ORNAMENT,PAPER CHAIN KIT 50'S CHRISTMAS ,BAKING SET 9 PIECE RETROSPOT 
18148,WHITE HANGING HEART T-LIGHT HOLDER,ASSORTED COLOUR BIRD ORNAMENT,REGENCY CAKESTAND 3 TIER,PARTY BUNTING,VINTAGE UNION JACK BUNTING
18149,JUMBO BAG RED RETROSPOT,LUNCH BAG PINK POLKADOT,LUNCH BAG SUKI  DESIGN ,LUNCH BAG SPACEBOY DESIGN ,LUNCH BAG  BLACK SKULL.
18150,REGENCY CAKESTAND 3 TIER,WHITE HANGING HEART T-LIGHT HOLDER,ASSORTED COLOUR BIRD ORNAMENT,PAPER CHAIN KIT 50'S CHRISTMAS ,BAKING SET 9 PIECE RETROSPOT 
18151,PACK OF 72 RETROSPOT CAKE CASES,LUNCH BAG PINK POLKADOT,LUNCH BAG WOODLAND,LUNCH BAG SUKI  DESIGN ,LUNCH BAG CARS BLUE
18152,WHITE HANGING HEART T-LIGHT HOLDER,REGENCY CAKESTAND 3 TIER,PARTY BUNTING,VINTAGE UNION JACK BUNTING,BAKING SET 9 PIECE RETROSPOT 
18153,ASSORTED COLOUR BIRD ORNAMENT,TOILET METAL SIGN,PINK CREAM FELT CRAFT TRINKET BOX ,WHITE HANGING HEART T-LIGHT HOLDER,REGENCY CAKESTAND 3 TIER
18154,JUMBO BAG SCANDINAVIAN PAISLEY,JUMBO BAG RED RETROSPOT,HEART OF WICKER LARGE,WHITE HANGING HEART T-LIGHT HOLDER,REGENCY CAKESTAND 3 TIER
18155,HEART OF WICKER LARGE,WHITE HANGING HEART T-LIGHT HOLDER,REGENCY CAKESTAND 3 TIER,ASSORTED COLOUR BIRD ORNAMENT,PAPER CHAIN KIT 50'S CHRISTMAS 
18156,PINK BLUE FELT CRAFT TRINKET BOX,REGENCY CAKESTAND 3 TIER,WHITE HANGING HEART T-LIGHT HOLDER,ASSORTED COLOUR BIRD ORNAMENT,PAPER CHAIN KIT 50'S CHRISTMAS 
18157,JUMBO BAG STRAWBERRY,JUMBO  BAG BAROQUE BLACK WHITE,JUMBO BAG PINK POLKADOT,JUMBO SHOPPER VINTAGE RED PAISLEY,JUMBO BAG RED RETROSPOT
18158,LUNCH BAG WOODLAND,LUNCH BAG PINK POLKADOT,LUNCH BAG SUKI  DESIGN ,LUNCH BAG SPACEBOY DESIGN ,LUNCH BAG  BLACK SKULL.
18159,WHITE HANGING HEART T-LIGHT HOLDER,ASSORTED COLOUR BIRD ORNAMENT,PARTY BUNTING,VINTAGE UNION JACK BUNTING,BAKING SET 9 PIECE RETROSPOT 
18160,WHITE HANGING HEART T-LIGHT HOLDER,WOODEN PICTURE FRAME WHITE FINISH,HAND WARMER SCOTTY DOG DESIGN,HAND WARMER BIRD DESIGN,ASSORTED COLOUR BIRD ORNAMENT
18161,LUNCH BAG WOODLAND,LUNCH BAG PINK POLKADOT,LUNCH BAG SUKI  DESIGN ,LUNCH BAG SPACEBOY DESIGN ,LUNCH BAG  BLACK SKULL.
18162,LUNCH BAG CARS BLUE,LUNCH BAG SPACEBOY DESIGN ,LUNCH BAG PINK POLKADOT,LUNCH BAG SUKI  DESIGN ,LUNCH BAG RED RETROSPOT
18163,WHITE HANGING HEART T-LIGHT HOLDER,REGENCY CAKESTAND 3 TIER,ASSORTED COLOUR BIRD ORNAMENT,VINTAGE UNION JACK BUNTING,BAKING SET 9 PIECE RETROSPOT 
18164,GIN + TONIC DIET METAL SIGN,WHITE HANGING HEART T-LIGHT HOLDER,PAPER CHAIN KIT 50'S CHRISTMAS ,BAKING SET 9 PIECE RETROSPOT ,METAL SIGN TAKE IT OR LEAVE IT 
18165,WHITE HANGING HEART T-LIGHT HOLDER,REGENCY CAKESTAND 3 TIER,ASSORTED COLOUR BIRD ORNAMENT,VINTAGE UNION JACK BUNTING,BAKING SET 9 PIECE RETROSPOT 
18166,VINTAGE SNAP CARDS,WHITE HANGING HEART T-LIGHT HOLDER,REGENCY CAKESTAND 3 TIER,ASSORTED COLOUR BIRD ORNAMENT,PARTY BUNTING
18167,PINK CREAM FELT CRAFT TRINKET BOX ,REGENCY CAKESTAND 3 TIER,ASSORTED COLOUR BIRD ORNAMENT,PAPER CHAIN KIT 50'S CHRISTMAS ,BAKING SET 9 PIECE RETROSPOT 
18168,JUMBO STORAGE BAG SUKI,JUMBO BAG PINK POLKADOT,JUMBO BAG RED RETROSPOT,LUNCH BAG PINK POLKADOT,LUNCH BAG WOODLAND
18169,GIN + TONIC DIET METAL SIGN,HEART OF WICKER SMALL,WHITE HANGING HEART T-LIGHT HOLDER,TOILET METAL SIGN,ASSORTED COLOUR BIRD ORNAMENT
18170,GIN + TONIC DIET METAL SIGN,HOT WATER BOTTLE TEA AND SYMPATHY,REGENCY CAKESTAND 3 TIER,"PAPER CRAFT , LITTLE BIRDIE",JUMBO BAG RED WHITE SPOTTY 
18171,PICNIC BASKET WICKER SMALL,REGENCY CAKESTAND 3 TIER,JUMBO BAG RED WHITE SPOTTY ,FAIRY CAKE FLANNEL ASSORTED COLOUR,GIN + TONIC DIET METAL SIGN
18172,LOVE BUILDING BLOCK WORD,HAND WARMER BIRD DESIGN,REGENCY CAKESTAND 3 TIER,"PAPER CRAFT , LITTLE BIRDIE",JUMBO BAG RED WHITE SPOTTY 
18173,WHITE HANGING HEART T-LIGHT HOLDER,PICNIC BASKET WICKER SMALL,REGENCY CAKESTAND 3 TIER,JUMBO BAG RED WHITE SPOTTY ,ASSORTED COLOUR BIRD ORNAMENT
18174,REGENCY CAKESTAND 3 TIER,WHITE HANGING HEART T-LIGHT HOLDER,ASSORTED COLOUR BIRD ORNAMENT,PAPER CHAIN KIT 50'S CHRISTMAS ,BAKING SET 9 PIECE RETROSPOT 
18175,SWEETHEART CERAMIC TRINKET BOX,WHITE HANGING HEART T-LIGHT HOLDER,REGENCY CAKESTAND 3 TIER,ASSORTED COLOUR BIRD ORNAMENT,PARTY BUNTING
18176,60 TEATIME FAIRY CAKE CASES,PACK OF 72 RETROSPOT CAKE CASES,WHITE HANGING HEART T-LIGHT HOLDER,REGENCY CAKESTAND 3 TIER,ASSORTED COLOUR BIRD ORNAMENT
18177,JUMBO BAG RED RETROSPOT,PACK OF 72 RETROSPOT CAKE CASES,JUMBO BAG PINK POLKADOT,LUNCH BAG SUKI  DESIGN ,LUNCH BAG WOODLAND
18178,JUMBO BAG RED RETROSPOT,LUNCH BAG SUKI  DESIGN ,JUMBO BAG PINK POLKADOT,LUNCH BAG PINK POLKADOT,LUNCH BAG WOODLAND
18179,PACK OF 72 RETROSPOT CAKE CASES,JUMBO BAG RED RETROSPOT,WHITE HANGING HEART T-LIGHT HOLDER,LUNCH BAG PINK POLKADOT,LUNCH BAG WOODLAND
18180,WHITE HANGING HEART T-LIGHT HOLDER,ASSORTED COLOUR BIRD ORNAMENT,BAKING SET 9 PIECE RETROSPOT ,METAL SIGN TAKE IT OR LEAVE IT ,RABBIT NIGHT LIGHT
18181,LUNCH BAG PINK POLKADOT,LUNCH BAG WOODLAND,LUNCH BAG SUKI  DESIGN ,LUNCH BAG SPACEBOY DESIGN ,LUNCH BAG RED RETROSPOT
18182,HEART OF WICKER SMALL,WHITE HANGING HEART T-LIGHT HOLDER,BATHROOM METAL SIGN,REGENCY CAKESTAND 3 TIER,ASSORTED COLOUR BIRD ORNAMENT
18183,JUMBO BAG PINK POLKADOT,JUMBO STORAGE BAG SUKI,JUMBO BAG RED RETROSPOT,REGENCY CAKESTAND 3 TIER,ASSORTED COLOUR BIRD ORNAMENT
18184,REGENCY CAKESTAND 3 TIER,WHITE HANGING HEART T-LIGHT HOLDER,ASSORTED COLOUR BIRD ORNAMENT,PAPER CHAIN KIT 50'S CHRISTMAS ,BAKING SET 9 PIECE RETROSPOT 
18185,PACK OF 72 RETROSPOT CAKE CASES,60 TEATIME FAIRY CAKE CASES,WHITE HANGING HEART T-LIGHT HOLDER,ASSORTED COLOUR BIRD ORNAMENT,PARTY BUNTING
18186,WHITE HANGING HEART T-LIGHT HOLDER,REGENCY CAKESTAND 3 TIER,ASSORTED COLOUR BIRD ORNAMENT,PARTY BUNTING,VINTAGE UNION JACK BUNTING
18187,JUMBO BAG RED RETROSPOT,JUMBO BAG SCANDINAVIAN PAISLEY,LUNCH BAG CARS BLUE,LUNCH BAG SPACEBOY DESIGN ,LUNCH BAG PINK POLKADOT
18188,GIN + TONIC DIET METAL SIGN,JUMBO BAG SCANDINAVIAN PAISLEY,JUMBO BAG RED RETROSPOT,HOT WATER BOTTLE TEA AND SYMPATHY,PINK CREAM FELT CRAFT TRINKET BOX 
18189,PACK OF 72 RETROSPOT CAKE CASES,PACK OF 60 DINOSAUR CAKE CASES,72 SWEETHEART FAIRY CAKE CASES,PAPER CHAIN KIT VINTAGE CHRISTMAS,VINTAGE HEADS AND TAILS CARD GAME 
18190,HEART OF WICKER SMALL,PICNIC BASKET WICKER SMALL,JUMBO BAG RED WHITE SPOTTY ,ASSORTED COLOUR BIRD ORNAMENT,FAIRY CAKE FLANNEL ASSORTED COLOUR
18191,WHITE HANGING HEART T-LIGHT HOLDER,REGENCY CAKESTAND 3 TIER,ASSORTED COLOUR BIRD ORNAMENT,PARTY BUNTING,VINTAGE UNION JACK BUNTING
18192,JUMBO BAG RED RETROSPOT,LUNCH BAG WOODLAND,LUNCH BAG PINK POLKADOT,LUNCH BAG SUKI  DESIGN ,LUNCH BAG SPACEBOY DESIGN 
18193,WHITE HANGING HEART T-LIGHT HOLDER,LUNCH BAG WOODLAND,LUNCH BAG PINK POLKADOT,LUNCH BAG SUKI  DESIGN ,LUNCH BAG SPACEBOY DESIGN 
18194,HEART OF WICKER SMALL,PICNIC BASKET WICKER SMALL,REGENCY CAKESTAND 3 TIER,JUMBO BAG RED WHITE SPOTTY ,ASSORTED COLOUR BIRD ORNAMENT
18195,JUMBO BAG RED RETROSPOT,JUMBO BAG PINK POLKADOT,JUMBO STORAGE BAG SUKI,WHITE HANGING HEART T-LIGHT HOLDER,REGENCY CAKESTAND 3 TIER
18196,WOODEN FRAME ANTIQUE WHITE ,PACK OF 60 DINOSAUR CAKE CASES,72 SWEETHEART FAIRY CAKE CASES,PACK OF 60 PINK PAISLEY CAKE CASES,PACK OF 72 RETROSPOT CAKE CASES
18197,WHITE HANGING HEART T-LIGHT HOLDER,REGENCY CAKESTAND 3 TIER,ASSORTED COLOUR BIRD ORNAMENT,PARTY BUNTING,VINTAGE UNION JACK BUNTING
18198,LUNCH BAG PINK POLKADOT,LUNCH BAG WOODLAND,LUNCH BAG SUKI  DESIGN ,LUNCH BAG CARS BLUE,LUNCH BAG SPACEBOY DESIGN 
18199,WHITE HANGING HEART T-LIGHT HOLDER,REGENCY CAKESTAND 3 TIER,ASSORTED COLOUR BIRD ORNAMENT,PARTY BUNTING,VINTAGE UNION JACK BUNTING
18200,WHITE HANGING HEART T-LIGHT HOLDER,REGENCY CAKESTAND 3 TIER,ASSORTED COLOUR BIRD ORNAMENT,PARTY BUNTING,VINTAGE UNION JACK BUNTING
18201,PINK BLUE FELT CRAFT TRINKET BOX,REGENCY CAKESTAND 3 TIER,ASSORTED COLOUR BIRD ORNAMENT,VINTAGE UNION JACK BUNTING,BAKING SET 9 PIECE RETROSPOT 
18202,SWEETHEART CERAMIC TRINKET BOX,HEART OF WICKER SMALL,WHITE HANGING HEART T-LIGHT HOLDER,PICNIC BASKET WICKER SMALL,JUMBO BAG RED WHITE SPOTTY 
18203,WHITE HANGING HEART T-LIGHT HOLDER,PICNIC BASKET WICKER SMALL,REGENCY CAKESTAND 3 TIER,PARTY BUNTING,JUMBO BAG RED WHITE SPOTTY 
18204,PACK OF 72 RETROSPOT CAKE CASES,WHITE HANGING HEART T-LIGHT HOLDER,60 TEATIME FAIRY CAKE CASES,PAPER CHAIN KIT VINTAGE CHRISTMAS,CHOCOLATE HOT WATER BOTTLE
18205,HEART OF WICKER LARGE,WHITE HANGING HEART T-LIGHT HOLDER,ASSORTED COLOUR BIRD ORNAMENT,PAPER CHAIN KIT 50'S CHRISTMAS ,BAKING SET 9 PIECE RETROSPOT 
18206,WHITE HANGING HEART T-LIGHT HOLDER,REGENCY CAKESTAND 3 TIER,PARTY BUNTING,VINTAGE UNION JACK BUNTING,BAKING SET 9 PIECE RETROSPOT 
18207,WHITE HANGING HEART T-LIGHT HOLDER,WOOD 2 DRAWER CABINET WHITE FINISH,REGENCY CAKESTAND 3 TIER,PARTY BUNTING,VINTAGE UNION JACK BUNTING
18208,WHITE HANGING HEART T-LIGHT HOLDER,REGENCY CAKESTAND 3 TIER,ASSORTED COLOUR BIRD ORNAMENT,PARTY BUNTING,VINTAGE UNION JACK BUNTING
18209,REGENCY CAKESTAND 3 TIER,WHITE HANGING HEART T-LIGHT HOLDER,ASSORTED COLOUR BIRD ORNAMENT,PAPER CHAIN KIT 50'S CHRISTMAS ,BAKING SET 9 PIECE RETROSPOT 
18210,WHITE HANGING HEART T-LIGHT HOLDER,WOODEN FRAME ANTIQUE WHITE ,ALARM CLOCK BAKELIKE GREEN,HAND WARMER BIRD DESIGN,VINTAGE HEADS AND TAILS CARD GAME 
18211,WHITE HANGING HEART T-LIGHT HOLDER,WOODEN FRAME ANTIQUE WHITE ,HEART OF WICKER SMALL,HOME BUILDING BLOCK WORD,REGENCY CAKESTAND 3 TIER
18212,60 TEATIME FAIRY CAKE CASES,PACK OF 72 RETROSPOT CAKE CASES,GIN + TONIC DIET METAL SIGN,REGENCY CAKESTAND 3 TIER,ASSORTED COLOUR BIRD ORNAMENT
18213,PINK BLUE FELT CRAFT TRINKET BOX,REGENCY CAKESTAND 3 TIER,ASSORTED COLOUR BIRD ORNAMENT,PARTY BUNTING,VINTAGE UNION JACK BUNTING
18214,JUMBO BAG PINK POLKADOT,JUMBO BAG RED RETROSPOT,LUNCH BAG SUKI  DESIGN ,SWEETHEART CERAMIC TRINKET BOX,JUMBO BAG STRAWBERRY
18215,60 TEATIME FAIRY CAKE CASES,PACK OF 72 RETROSPOT CAKE CASES,HEART OF WICKER SMALL,WHITE HANGING HEART T-LIGHT HOLDER,PICNIC BASKET WICKER SMALL
18216,WOODEN PICTURE FRAME WHITE FINISH,REGENCY CAKESTAND 3 TIER,ASSORTED COLOUR BIRD ORNAMENT,PAPER CHAIN KIT 50'S CHRISTMAS ,BAKING SET 9 PIECE RETROSPOT 
18217,PACK OF 72 RETROSPOT CAKE CASES,72 SWEETHEART FAIRY CAKE CASES,PACK OF 60 PINK PAISLEY CAKE CASES,REGENCY CAKESTAND 3 TIER,WHITE HANGING HEART T-LIGHT HOLDER
18218,LUNCH BAG PINK POLKADOT,LUNCH BAG WOODLAND,LUNCH BAG SUKI  DESIGN ,LUNCH BAG CARS BLUE,LUNCH BAG SPACEBOY DESIGN 
18219,WOODEN FRAME ANTIQUE WHITE ,PINK REGENCY TEACUP AND SAUCER,ROSES REGENCY TEACUP AND SAUCER ,"PAPER CRAFT , LITTLE BIRDIE",JUMBO BAG RED WHITE SPOTTY 
18220,WHITE HANGING HEART T-LIGHT HOLDER,PICNIC BASKET WICKER SMALL,PARTY BUNTING,JUMBO BAG RED WHITE SPOTTY ,ASSORTED COLOUR BIRD ORNAMENT
18221,HEART OF WICKER LARGE,WHITE HANGING HEART T-LIGHT HOLDER,PAPER CHAIN KIT 50'S CHRISTMAS ,BAKING SET 9 PIECE RETROSPOT ,METAL SIGN TAKE IT OR LEAVE IT 
18222,REGENCY CAKESTAND 3 TIER,PARTY BUNTING,VINTAGE UNION JACK BUNTING,GRAND CHOCOLATECANDLE,PAPER CHAIN KIT 50'S CHRISTMAS 
18223,JUMBO BAG RED RETROSPOT,JUMBO BAG PINK POLKADOT,GIN + TONIC DIET METAL SIGN,LUNCH BAG SUKI  DESIGN ,WHITE HANGING HEART T-LIGHT HOLDER
18224,REGENCY CAKESTAND 3 TIER,ASSORTED COLOUR BIRD ORNAMENT,PARTY BUNTING,VINTAGE UNION JACK BUNTING,BAKING SET 9 PIECE RETROSPOT 
18225,JUMBO BAG RED RETROSPOT,PACK OF 72 RETROSPOT CAKE CASES,60 TEATIME FAIRY CAKE CASES,JUMBO BAG PINK POLKADOT,JUMBO STORAGE BAG SUKI
18226,JUMBO BAG RED RETROSPOT,LUNCH BAG SPACEBOY DESIGN ,LUNCH BAG PINK POLKADOT,LUNCH BAG SUKI  DESIGN ,LUNCH BAG RED RETROSPOT
18227,ALARM CLOCK BAKELIKE GREEN,WHITE HANGING HEART T-LIGHT HOLDER,REGENCY CAKESTAND 3 TIER,ASSORTED COLOUR BIRD ORNAMENT,PARTY BUNTING
18228,REGENCY CAKESTAND 3 TIER,WHITE HANGING HEART T-LIGHT HOLDER,PAPER CHAIN KIT 50'S CHRISTMAS ,BAKING SET 9 PIECE RETROSPOT ,METAL SIGN TAKE IT OR LEAVE IT 
18229,LUNCH BAG PINK POLKADOT,LUNCH BAG SUKI  DESIGN ,LUNCH BAG SPACEBOY DESIGN ,LUNCH BAG RED RETROSPOT,REGENCY CAKESTAND 3 TIER
18230,VINTAGE HEADS AND TAILS CARD GAME ,REGENCY CAKESTAND 3 TIER,WHITE HANGING HEART T-LIGHT HOLDER,"PAPER CRAFT , LITTLE BIRDIE",JUMBO BAG RED WHITE SPOTTY 
18231,SWEETHEART CERAMIC TRINKET BOX,WOOD 2 DRAWER CABINET WHITE FINISH,"PAPER CRAFT , LITTLE BIRDIE",JUMBO BAG RED WHITE SPOTTY ,MEDIUM CERAMIC TOP STORAGE JAR
18232,WHITE HANGING HEART T-LIGHT HOLDER,PICNIC BASKET WICKER SMALL,REGENCY CAKESTAND 3 TIER,PARTY BUNTING,JUMBO BAG RED WHITE SPOTTY 
18233,WHITE HANGING HEART T-LIGHT HOLDER,REGENCY CAKESTAND 3 TIER,ASSORTED COLOUR BIRD ORNAMENT,PARTY BUNTING,VINTAGE UNION JACK BUNTING
18234,PACK OF 72 RETROSPOT CAKE CASES,LUNCH BAG SUKI  DESIGN ,JUMBO BAG STRAWBERRY,JUMBO  BAG BAROQUE BLACK WHITE,JUMBO BAG PINK POLKADOT
18235,LUNCH BAG CARS BLUE,LUNCH BAG SPACEBOY DESIGN ,LUNCH BAG PINK POLKADOT,LUNCH BAG SUKI  DESIGN ,LUNCH BAG  BLACK SKULL.
18236,ALARM CLOCK BAKELIKE GREEN,PINK REGENCY TEACUP AND SAUCER,GREEN REGENCY TEACUP AND SAUCER,CHOCOLATE HOT WATER BOTTLE,"PAPER CRAFT , LITTLE BIRDIE"
18237,WOOD S/3 CABINET ANT WHITE FINISH,WHITE HANGING HEART T-LIGHT HOLDER,ASSORTED COLOUR BIRD ORNAMENT,PAPER CHAIN KIT 50'S CHRISTMAS ,BAKING SET 9 PIECE RETROSPOT 
18238,WHITE HANGING HEART T-LIGHT HOLDER,REGENCY CAKESTAND 3 TIER,ASSORTED COLOUR BIRD ORNAMENT,PARTY BUNTING,VINTAGE UNION JACK BUNTING
18239,PINK REGENCY TEACUP AND SAUCER,ROSES REGENCY TEACUP AND SAUCER ,PAPER CHAIN KIT 50'S CHRISTMAS ,PICNIC BASKET WICKER SMALL,PARTY BUNTING
18240,REGENCY CAKESTAND 3 TIER,WHITE HANGING HEART T-LIGHT HOLDER,ASSORTED COLOUR BIRD ORNAMENT,PAPER CHAIN KIT 50'S CHRISTMAS ,BAKING SET 9 PIECE RETROSPOT 
18241,LUNCH BAG PINK POLKADOT,LUNCH BAG WOODLAND,LUNCH BAG SUKI  DESIGN ,LUNCH BAG SPACEBOY DESIGN ,LUNCH BAG RED RETROSPOT
18242,WHITE HANGING HEART T-LIGHT HOLDER,CHOCOLATE HOT WATER BOTTLE,JUMBO BAG PINK POLKADOT,JUMBO STORAGE BAG SUKI,JUMBO BAG RED RETROSPOT
18243,WHITE HANGING HEART T-LIGHT HOLDER,REGENCY CAKESTAND 3 TIER,PARTY BUNTING,VINTAGE UNION JACK BUNTING,BAKING SET 9 PIECE RETROSPOT 
18244,PACK OF 72 RETROSPOT CAKE CASES,JUMBO BAG RED RETROSPOT,LUNCH BAG PINK POLKADOT,LUNCH BAG WOODLAND,LUNCH BAG SUKI  DESIGN 
18245,60 TEATIME FAIRY CAKE CASES,PACK OF 72 RETROSPOT CAKE CASES,HEART OF WICKER LARGE,PAPER CHAIN KIT VINTAGE CHRISTMAS,"PAPER CRAFT , LITTLE BIRDIE"
18246,REGENCY CAKESTAND 3 TIER,WHITE HANGING HEART T-LIGHT HOLDER,ASSORTED COLOUR BIRD ORNAMENT,PAPER CHAIN KIT 50'S CHRISTMAS ,BAKING SET 9 PIECE RETROSPOT 
18247,WHITE HANGING HEART T-LIGHT HOLDER,CHOCOLATE HOT WATER BOTTLE,PARTY BUNTING,JUMBO BAG RED WHITE SPOTTY ,ASSORTED COLOUR BIRD ORNAMENT
18248,60 TEATIME FAIRY CAKE CASES,PACK OF 72 RETROSPOT CAKE CASES,HEART OF WICKER LARGE,PICNIC BASKET WICKER SMALL,REGENCY CAKESTAND 3 TIER
18249,REGENCY CAKESTAND 3 TIER,WHITE HANGING HEART T-LIGHT HOLDER,ASSORTED COLOUR BIRD ORNAMENT,PAPER CHAIN KIT 50'S CHRISTMAS ,BAKING SET 9 PIECE RETROSPOT 
18250,PACK OF 60 DINOSAUR CAKE CASES,72 SWEETHEART FAIRY CAKE CASES,PACK OF 60 PINK PAISLEY CAKE CASES,PACK OF 72 RETROSPOT CAKE CASES,WHITE HANGING HEART T-LIGHT HOLDER
18251,PACK OF 72 RETROSPOT CAKE CASES,LUNCH BAG PINK POLKADOT,LUNCH BAG WOODLAND,LUNCH BAG SUKI  DESIGN ,LUNCH BAG SPACEBOY DESIGN 
18252,JUMBO BAG SCANDINAVIAN PAISLEY,JUMBO BAG RED RETROSPOT,CHOCOLATE HOT WATER BOTTLE,WHITE HANGING HEART T-LIGHT HOLDER,PICNIC BASKET WICKER SMALL
18253,WHITE HANGING HEART T-LIGHT HOLDER,REGENCY CAKESTAND 3 TIER,ASSORTED COLOUR BIRD ORNAMENT,PARTY BUNTING,VINTAGE UNION JACK BUNTING
18254,WHITE HANGING HEART T-LIGHT HOLDER,REGENCY CAKESTAND 3 TIER,ASSORTED COLOUR BIRD ORNAMENT,PARTY BUNTING,VINTAGE UNION JACK BUNTING
18255,REGENCY CAKESTAND 3 TIER,ASSORTED COLOUR BIRD ORNAMENT,PARTY BUNTING,VINTAGE UNION JACK BUNTING,BAKING SET 9 PIECE RETROSPOT 
18256,WHITE HANGING HEART T-LIGHT HOLDER,REGENCY CAKESTAND 3 TIER,ASSORTED COLOUR BIRD ORNAMENT,PARTY BUNTING,VINTAGE UNION JACK BUNTING
18257,JUMBO BAG RED RETROSPOT,JUMBO BAG PINK POLKADOT,LUNCH BAG SUKI  DESIGN ,LOVE BUILDING BLOCK WORD,HAND WARMER OWL DESIGN
18258,WHITE HANGING HEART T-LIGHT HOLDER,PARTY BUNTING,JUMBO BAG RED WHITE SPOTTY ,ASSORTED COLOUR BIRD ORNAMENT,FAIRY CAKE FLANNEL ASSORTED COLOUR
18259,HEART OF WICKER SMALL,WHITE HANGING HEART T-LIGHT HOLDER,REGENCY CAKESTAND 3 TIER,"PAPER CRAFT , LITTLE BIRDIE",JUMBO BAG RED WHITE SPOTTY 
18260,PACK OF 72 RETROSPOT CAKE CASES,PACK OF 60 DINOSAUR CAKE CASES,CHOCOLATE HOT WATER BOTTLE,"PAPER CRAFT , LITTLE BIRDIE",JUMBO BAG RED WHITE SPOTTY 
18261,PINK CREAM FELT CRAFT TRINKET BOX ,REGENCY CAKESTAND 3 TIER,WHITE HANGING HEART T-LIGHT HOLDER,ASSORTED COLOUR BIRD ORNAMENT,PAPER CHAIN KIT 50'S CHRISTMAS 
18262,PACK OF 72 RETROSPOT CAKE CASES,HEART OF WICKER SMALL,WHITE HANGING HEART T-LIGHT HOLDER,60 TEATIME FAIRY CAKE CASES,LUNCH BAG PINK POLKADOT
18263,REGENCY CAKESTAND 3 TIER,WHITE HANGING HEART T-LIGHT HOLDER,ASSORTED COLOUR BIRD ORNAMENT,PAPER CHAIN KIT 50'S CHRISTMAS ,BAKING SET 9 PIECE RETROSPOT 
18264,CHOCOLATE HOT WATER BOTTLE,VINTAGE HEADS AND TAILS CARD GAME ,WHITE HANGING HEART T-LIGHT HOLDER,ASSORTED COLOUR BIRD ORNAMENT,PARTY BUNTING
18265,HOME BUILDING BLOCK WORD,WHITE HANGING HEART T-LIGHT HOLDER,PAPER CHAIN KIT 50'S CHRISTMAS ,BAKING SET 9 PIECE RETROSPOT ,METAL SIGN TAKE IT OR LEAVE IT 
18266,WHITE HANGING HEART T-LIGHT HOLDER,REGENCY CAKESTAND 3 TIER,ASSORTED COLOUR BIRD ORNAMENT,PARTY BUNTING,VINTAGE UNION JACK BUNTING
18267,WHITE HANGING HEART T-LIGHT HOLDER,GIN + TONIC DIET METAL SIGN,REGENCY CAKESTAND 3 TIER,ASSORTED COLOUR BIRD ORNAMENT,PARTY BUNTING
18268,SWEETHEART CERAMIC TRINKET BOX,WHITE HANGING HEART T-LIGHT HOLDER,PICNIC BASKET WICKER SMALL,REGENCY CAKESTAND 3 TIER,PARTY BUNTING
18269,WHITE HANGING HEART T-LIGHT HOLDER,REGENCY CAKESTAND 3 TIER,ASSORTED COLOUR BIRD ORNAMENT,PARTY BUNTING,VINTAGE UNION JACK BUNTING
18270,REGENCY CAKESTAND 3 TIER,WHITE HANGING HEART T-LIGHT HOLDER,ASSORTED COLOUR BIRD ORNAMENT,PAPER CHAIN KIT 50'S CHRISTMAS ,BAKING SET 9 PIECE RETROSPOT 
18271,WHITE HANGING HEART T-LIGHT HOLDER,REGENCY CAKESTAND 3 TIER,ASSORTED COLOUR BIRD ORNAMENT,PARTY BUNTING,VINTAGE UNION JACK BUNTING
18272,60 TEATIME FAIRY CAKE CASES,PACK OF 72 RETROSPOT CAKE CASES,REGENCY CAKESTAND 3 TIER,WHITE HANGING HEART T-LIGHT HOLDER,"PAPER CRAFT , LITTLE BIRDIE"
18273,REGENCY CAKESTAND 3 TIER,WHITE HANGING HEART T-LIGHT HOLDER,ASSORTED COLOUR BIRD ORNAMENT,PAPER CHAIN KIT 50'S CHRISTMAS ,BAKING SET 9 PIECE RETROSPOT 
18274,STRAWBERRY CERAMIC TRINKET BOX,WHITE HANGING HEART T-LIGHT HOLDER,ASSORTED COLOUR BIRD ORNAMENT,PAPER CHAIN KIT 50'S CHRISTMAS ,BAKING SET 9 PIECE RETROSPOT 
18275,WHITE HANGING HEART T-LIGHT HOLDER,REGENCY CAKESTAND 3 TIER,ASSORTED COLOUR BIRD ORNAMENT,PARTY BUNTING,VINTAGE UNION JACK BUNTING
18276,PACK OF 72 RETROSPOT CAKE CASES,LUNCH BAG PINK POLKADOT,LUNCH BAG WOODLAND,LUNCH BAG SUKI  DESIGN ,LUNCH BAG CARS BLUE
18277,WHITE HANGING HEART T-LIGHT HOLDER,LUNCH BAG PINK POLKADOT,LUNCH BAG WOODLAND,LUNCH BAG SUKI  DESIGN ,LUNCH BAG CARS BLUE
18278,ALARM CLOCK BAKELIKE GREEN,CHOCOLATE HOT WATER BOTTLE,REGENCY CAKESTAND 3 TIER,WHITE HANGING HEART T-LIGHT HOLDER,ASSORTED COLOUR BIRD ORNAMENT
18279,WHITE HANGING HEART T-LIGHT HOLDER,REGENCY CAKESTAND 3 TIER,ASSORTED COLOUR BIRD ORNAMENT,PARTY BUNTING,VINTAGE UNION JACK BUNTING
18280,WHITE HANGING HEART T-LIGHT HOLDER,ALARM CLOCK BAKELIKE GREEN,PAPER CHAIN KIT VINTAGE CHRISTMAS,ASSORTED COLOUR BIRD ORNAMENT,PARTY BUNTING
18281,BLUE 3 PIECE MINI DOTS CUTLERY SET,WHITE HANGING HEART T-LIGHT HOLDER,REGENCY CAKESTAND 3 TIER,ASSORTED COLOUR BIRD ORNAMENT,PARTY BUNTING
18282,PINK REGENCY TEACUP AND SAUCER,GREEN REGENCY TEACUP AND SAUCER,WHITE HANGING HEART T-LIGHT HOLDER,ASSORTED COLOUR BIRD ORNAMENT,PAPER CHAIN KIT 50'S CHRISTMAS 
18283,JUMBO BAG RED RETROSPOT,PACK OF 72 RETROSPOT CAKE CASES,LUNCH BAG SUKI  DESIGN ,LUNCH BAG PINK POLKADOT,LUNCH BAG SPACEBOY DESIGN 
18284,WHITE HANGING HEART T-LIGHT HOLDER,REGENCY CAKESTAND 3 TIER,ASSORTED COLOUR BIRD ORNAMENT,PARTY BUNTING,VINTAGE UNION JACK BUNTING
18285,WHITE HANGING HEART T-LIGHT HOLDER,REGENCY CAKESTAND 3 TIER,ASSORTED COLOUR BIRD ORNAMENT,PARTY BUNTING,VINTAGE UNION JACK BUNTING
18286,JUMBO BAG RED RETROSPOT,JUMBO BAG PINK POLKADOT,LUNCH BAG SUKI  DESIGN ,JUMBO BAG STRAWBERRY,JUMBO SHOPPER VINTAGE RED PAISLEY
18287,CHOCOLATE HOT WATER BOTTLE,WHITE HANGING HEART T-LIGHT HOLDER,PICNIC BASKET WICKER SMALL,REGENCY CAKESTAND 3 TIER,PARTY BUNTING
